day_coordinate,cam_angle_deg,pitch_radius_mm,surface_x_mm,surface_y_mm,surface_radius_mm,pressure_angle_deg,pitch_curvature_radius_mm
0.000000000,0.000000000,48.733380212,40.808371228,1.092809499,40.823000806,7.851218999,13.289358415
0.126736111,0.125000000,48.747744671,40.814642843,1.139664125,40.830551119,7.546293909,15.479376793
0.253472222,0.250000000,48.761599292,40.821741437,1.195629170,40.839247092,7.307098066,18.549689536
0.380208333,0.375000000,48.775068435,40.829620188,1.260745586,40.849080334,7.133774219,23.155447473
0.506944444,0.500000000,48.788276458,40.838262053,1.335040874,40.860078091,7.026401393,30.818049989
0.633680556,0.625000000,48.801347722,40.847680309,1.418530554,40.872303771,6.984999962,46.062388985
0.760416667,0.750000000,48.814406585,40.857918868,1.511219145,40.885857182,7.009534239,91.045839910
0.887152778,0.875000000,48.827577408,40.869052380,1.613100627,40.900874514,7.099912569,3525.543785055
1.013888889,1.000000000,48.840984516,40.881178473,1.724088728,40.917517463,7.255483001,inf
1.140625000,1.125000000,48.854716404,40.893629130,1.837232203,40.934879084,7.426147382,inf
1.267361111,1.250000000,48.868758049,40.905883058,1.947936060,40.952237102,7.578788399,inf
1.394097222,1.375000000,48.883075839,40.917903625,2.056208810,40.969535410,7.713459380,inf
1.520833333,1.500000000,48.897636166,40.929656522,2.162058097,40.986720755,7.830211427,358.892135657
1.647569444,1.625000000,48.912405418,40.941109735,2.265490640,41.003742684,7.929092922,176.179963115
1.774305556,1.750000000,48.927349985,40.952233512,2.366512167,41.020553500,8.010149090,116.879444516
1.901041667,1.875000000,48.942436256,40.963000353,2.465127376,41.037108218,8.073421617,87.514019196
2.027777778,2.000000000,48.957630696,40.973393006,2.561414081,41.053377163,8.119482651,74.068206487
2.154513889,2.125000000,48.972912251,40.983619455,2.657447047,41.069685760,8.163286045,78.345915612
2.281250000,2.250000000,48.988286269,40.993784378,2.754167518,41.086199585,8.211608538,83.134675532
2.407986111,2.375000000,49.003761454,41.003893598,2.851574928,41.102928968,8.264440784,88.531107219
2.534722222,2.500000000,49.019346512,41.013953079,2.949668706,41.119884395,8.321773012,94.657789007
2.661458333,2.625000000,49.035050145,41.023968931,3.048448272,41.137076509,8.383595006,101.672598479
2.788194444,2.750000000,49.050881059,41.033947401,3.147913037,41.154516104,8.449896095,109.782401710
2.914930556,2.875000000,49.066847958,41.043894877,3.248062404,41.172214126,8.520665131,119.263648639
3.041666667,3.000000000,49.082959480,41.053813444,3.348851112,41.190173610,8.595569206,125.343150505
3.168402778,3.125000000,49.099220087,41.063647868,3.449683540,41.208293980,8.670316493,121.731549585
3.295138889,3.250000000,49.115627692,41.073377987,3.550374120,41.226539215,8.743569440,118.332083400
3.421875000,3.375000000,49.132179635,41.083001486,3.650923474,41.244905786,8.815330824,115.126678933
3.548611111,3.500000000,49.148873256,41.092516064,3.751332199,41.263390187,8.885603453,112.099253755
3.675347222,3.625000000,49.165705896,41.101919435,3.851600874,41.281988936,8.954390160,109.235449385
3.802083333,3.750000000,49.182674895,41.111209324,3.951730059,41.300698572,9.021693808,106.522406391
3.928819444,3.875000000,49.199777592,41.120383472,4.051720289,41.319515657,9.087517280,103.948573799
4.055555556,4.000000000,49.217011371,41.129441574,4.151593156,41.338440826,9.152015015,102.659518259
4.182291667,4.125000000,49.234374947,41.138397268,4.251512753,41.357503437,9.216365503,102.885958054
4.309027778,4.250000000,49.251868605,41.147253667,4.351513914,41.376710329,9.280816716,103.111908785
4.435763889,4.375000000,49.269492717,41.156010812,4.451596864,41.396061897,9.345367656,103.337352415
4.562500000,4.500000000,49.287247655,41.164668743,4.551761827,41.415558531,9.410017320,103.562270860
4.689236111,4.625000000,49.305133793,41.173227498,4.652009030,41.435200622,9.474764703,103.786645984
4.815972222,4.750000000,49.323151503,41.181687113,4.752338703,41.454988561,9.539608797,104.010459611
4.942708333,4.875000000,49.341301158,41.190047620,4.852751076,41.474922736,9.604548589,104.233693525
5.069444444,5.000000000,49.359583108,41.198308287,4.953237306,41.495001693,9.669517860,104.043157736
5.196180556,5.125000000,49.377997275,41.206465083,5.053752450,41.515216228,9.734191300,103.516678087
5.322916667,5.250000000,49.396543205,41.214516905,5.154290630,41.535564467,9.798524629,102.996653029
5.449652778,5.375000000,49.415220431,41.222463143,5.254852145,41.556045753,9.862517996,102.482986246
5.576388889,5.500000000,49.434028485,41.230303188,5.355437291,41.576659433,9.926171562,101.975583092
5.703125000,5.625000000,49.452966900,41.238036431,5.456046358,41.597404854,9.989485497,101.474350558
5.829861111,5.750000000,49.472035209,41.245662260,5.556679637,41.618281366,10.052459981,100.979197243
5.956597222,5.875000000,49.491232945,41.253180061,5.657337411,41.639288319,10.115095205,100.490033321
6.083333333,6.000000000,49.510559649,41.260589470,5.758023238,41.660425766,10.177414881,100.120620751
6.210069444,6.125000000,49.530014986,41.267890779,5.858748376,41.681695526,10.239497951,99.813543751
6.336805556,6.250000000,49.549598699,41.275083594,5.959513973,41.703097396,10.301350721,99.508907936
6.463541667,6.375000000,49.569310531,41.282167452,6.060320288,41.724630993,10.362973118,99.206697461
6.590277778,6.500000000,49.589150227,41.289141892,6.161167578,41.746295932,10.424365077,98.906896475
6.717013889,6.625000000,49.609117531,41.296006448,6.262056097,41.768091830,10.485526541,98.609489129
6.843750000,6.750000000,49.629212189,41.302760656,6.362986096,41.790018304,10.546457459,98.314459577
6.970486111,6.875000000,49.649433943,41.309404046,6.463957826,41.812074972,10.607157786,98.021791978
7.097222222,7.000000000,49.669782534,41.315936064,6.564970251,41.834261165,10.667618279,97.695204194
7.223958333,7.125000000,49.690257664,41.322356013,6.666020659,41.856575802,10.727817719,97.360628479
7.350694444,7.250000000,49.710859016,41.328663369,6.767109177,41.879018404,10.787755322,97.029137247
7.477430556,7.375000000,49.731586273,41.334857613,6.868236051,41.901588518,10.847431162,96.700701590
7.604166667,7.500000000,49.752439118,41.340938223,6.969401522,41.924285691,10.906845319,96.375292837
7.730902778,7.625000000,49.773417234,41.346904677,7.070605828,41.947109473,10.965997883,96.052882546
7.857638889,7.750000000,49.794520305,41.352756452,7.171849207,41.970059414,11.024888949,95.733442508
7.984375000,7.875000000,49.815748012,41.358493023,7.273131892,41.993135065,11.083518619,95.416944747
8.111111111,8.000000000,49.837100039,41.364113848,7.374453880,42.016335924,11.141885328,95.097916941
8.237847222,8.125000000,49.858576062,41.369618376,7.475815030,42.039661451,11.199986547,94.781110194
8.364583333,8.250000000,49.880175755,41.375006069,7.577215564,42.063111189,11.257822381,94.467267554
8.491319444,8.375000000,49.901898793,41.380276391,7.678655704,42.086684683,11.315392972,94.156360062
8.618055556,8.500000000,49.923744850,41.385428804,7.780135672,42.110381480,11.372698471,93.848359024
8.744791667,8.625000000,49.945713601,41.390462767,7.881655684,42.134201124,11.429739035,93.543236014
8.871527778,8.750000000,49.967804720,41.395377740,7.983215955,42.158143166,11.486514829,93.240962868
8.998263889,8.875000000,49.990017882,41.400173180,8.084816698,42.182207154,11.543026022,92.941511688
9.125000000,9.000000000,50.012352762,41.404848559,8.186458422,42.206392711,11.599274944,92.650719862
9.251736111,9.125000000,50.034809043,41.409403351,8.288141650,42.230699472,11.655264041,92.362678585
9.378472222,9.250000000,50.057386407,41.413837017,8.389866584,42.255127000,11.710993489,92.077280380
9.505208333,9.375000000,50.080084538,41.418149015,8.491633426,42.279674857,11.766463472,91.794500139
9.631944444,9.500000000,50.102903119,41.422338803,8.593442372,42.304342610,11.821674180,91.514312982
9.758680556,9.625000000,50.125841833,41.426405836,8.695293617,42.329129823,11.876625807,91.236694251
9.885416667,9.750000000,50.148900364,41.430349571,8.797187353,42.354036063,11.931318556,90.961619514
10.012152778,9.875000000,50.172078394,41.434169459,8.899123765,42.379060898,11.985752615,90.688568857
10.138888889,10.000000000,50.195375606,41.437864941,9.001102709,42.404203811,12.039925836,90.413385831
10.265625000,10.125000000,50.218791675,41.441435454,9.103124139,42.429464309,12.093836803,90.140757085
10.392361111,10.250000000,50.242326277,41.444880442,9.205188235,42.454841953,12.147485752,89.870657607
10.519097222,10.375000000,50.265979087,41.448199348,9.307295174,42.480336305,12.200872927,89.603062633
10.645833333,10.500000000,50.289749780,41.451391614,9.409445130,42.505946929,12.253998579,89.337947639
10.772569444,10.625000000,50.313638031,41.454456680,9.511638273,42.531673389,12.306862960,89.075288348
10.899305556,10.750000000,50.337643515,41.457393986,9.613874772,42.557515250,12.359466332,88.815060717
11.026041667,10.875000000,50.361765908,41.460202971,9.716154794,42.583472080,12.411808973,88.557379649
11.152777778,11.000000000,50.386004886,41.462883073,9.818478551,42.609543459,12.463891521,88.302612808
11.279513889,11.125000000,50.410360124,41.465433730,9.920846227,42.635728964,12.515714427,88.050196480
11.406250000,11.250000000,50.434831298,41.467854378,10.023257978,42.662028166,12.567277970,87.800107754
11.532986111,11.375000000,50.459418086,41.470144451,10.125713955,42.688440636,12.618582438,87.552323946
11.659722222,11.500000000,50.484120163,41.472303384,10.228214309,42.714965948,12.669628120,87.306822601
11.786458333,11.625000000,50.508937205,41.474330608,10.330759185,42.741603675,12.720415312,87.063581486
11.913194444,11.750000000,50.533868890,41.476225555,10.433348728,42.768353393,12.770944315,86.822578593
12.039930556,11.875000000,50.558914893,41.477987655,10.535983066,42.795214675,12.821215366,86.583280009
12.166666667,12.000000000,50.584074890,41.479616336,10.638662196,42.822187061,12.871227770,86.345079224
12.293402778,12.125000000,50.609348554,41.481111022,10.741386206,42.849270113,12.920981517,86.109076337
12.420138889,12.250000000,50.634735558,41.482471139,10.844155227,42.876463408,12.970476932,85.875249788
12.546875000,12.375000000,50.660235577,41.483696111,10.946969385,42.903766522,13.019714345,85.643578240
12.673611111,12.500000000,50.685848284,41.484785362,11.049828805,42.931179033,13.068694089,85.414040575
12.800347222,12.625000000,50.711573351,41.485738315,11.152733607,42.958700521,13.117416505,85.186615894
12.927083333,12.750000000,50.737410453,41.486554391,11.255683909,42.986330566,13.165881934,84.961283511
13.053819444,12.875000000,50.763359263,41.487233010,11.358679815,43.014068745,13.214090657,84.737671382
13.180555556,13.000000000,50.789419455,41.487773592,11.461721359,43.041914620,13.262042468,84.515643199
13.307291667,13.125000000,50.815590698,41.488175553,11.564808630,43.069867766,13.309737601,84.295658589
13.434027778,13.250000000,50.841872667,41.488438312,11.667941733,43.097927767,13.357176419,84.077697503
13.560763889,13.375000000,50.868265032,41.488561283,11.771120768,43.126094206,13.404359289,83.861740105
13.687500000,13.500000000,50.894767466,41.488543881,11.874345834,43.154366667,13.451286584,83.647766764
13.814236111,13.625000000,50.921379641,41.488385522,11.977617025,43.182744735,13.497958678,83.435758056
13.940972222,13.750000000,50.948101228,41.488085618,12.080934431,43.211227997,13.544375951,83.225694763
14.067708333,13.875000000,50.974931900,41.487643582,12.184298135,43.239816039,13.590538750,83.017408528
14.194444444,14.000000000,51.001871327,41.487058826,12.287708193,43.268508441,13.636447263,82.810902744
14.321180556,14.125000000,51.028919183,41.486330760,12.391164682,43.297304791,13.682101852,82.606289856
14.447916667,14.250000000,51.056075137,41.485458795,12.494667680,43.326204678,13.727502915,82.403551373
14.574652778,14.375000000,51.083338861,41.484442338,12.598217259,43.355207694,13.772650851,82.202668998
14.701388889,14.500000000,51.110710027,41.483280798,12.701813491,43.384313430,13.817546064,82.003624630
14.828125000,14.625000000,51.138188306,41.481973584,12.805456444,43.413521478,13.862188959,81.806400357
14.954861111,14.750000000,51.165773370,41.480520101,12.909146179,43.442831433,13.906579948,81.610978458
15.081597222,14.875000000,51.193464889,41.478919758,13.012882564,43.472242832,13.950718048,81.412976435
15.208333333,15.000000000,51.221262526,41.477171965,13.116664965,43.501755068,13.994598764,81.214405161
15.335069444,15.125000000,51.249165939,41.475276119,13.220493377,43.531367705,14.038222113,81.017677591
15.461805556,15.250000000,51.277174785,41.473231613,13.324367849,43.561080324,14.081588541,80.822775157
15.588541667,15.375000000,51.305288721,41.471037842,13.428288426,43.590892509,14.124698498,80.629679499
15.715277778,15.500000000,51.333507405,41.468694200,13.532255150,43.620803845,14.167552436,80.438372458
15.842013889,15.625000000,51.361830495,41.466200077,13.636268059,43.650813915,14.210150812,80.248836082
15.968750000,15.750000000,51.390257648,41.463554868,13.740327189,43.680922307,14.252494086,80.061052618
16.095486111,15.875000000,51.418788522,41.460757958,13.844432779,43.711128668,14.294584215,79.878823591
16.222222222,16.000000000,51.447422782,41.457808730,13.948585363,43.741432741,14.336425270,79.699502316
16.348958333,16.125000000,51.476160096,41.454706580,14.052784986,43.771834135,14.378017863,79.521814345
16.475694444,16.250000000,51.505000133,41.451450907,14.157031670,43.802332450,14.419362447,79.345743831
16.602430556,16.375000000,51.533942562,41.448041108,14.261325432,43.832927289,14.460459479,79.171275101
16.729166667,16.500000000,51.562987050,41.444476577,14.365666285,43.863618257,14.501309416,78.998392645
16.855902778,16.625000000,51.592133266,41.440756712,14.470054240,43.894404957,14.541912722,78.827081124
16.982638889,16.750000000,51.621380879,41.436880906,14.574489302,43.925286996,14.582269860,78.657325359
17.109375000,16.875000000,51.650729554,41.432848573,14.678970986,43.956263832,14.622377791,78.481610075
17.236111111,17.000000000,51.680178946,41.428659127,14.783498475,43.987334816,14.662231180,78.306336733
17.362847222,17.125000000,51.709728703,41.424311949,14.888071752,44.018499531,14.701830444,78.132687178
17.489583333,17.250000000,51.739378473,41.419806419,14.992690808,44.049757564,14.741176088,77.960645001
17.616319444,17.375000000,51.769127906,41.415141918,15.097355629,44.081108505,14.780268620,77.790193982
17.743055556,17.500000000,51.798976649,41.410317824,15.202066197,44.112551943,14.819108553,77.621318084
17.869791667,17.625000000,51.828924352,41.405333517,15.306822493,44.144087469,14.857696399,77.454001455
17.996527778,17.750000000,51.858970663,41.400188375,15.411624491,44.175714674,14.896032673,77.288228420
18.123263889,17.875000000,51.889115233,41.394881764,15.516472447,44.207433238,14.934119926,77.127685037
18.250000000,18.000000000,51.919357716,41.389413051,15.621366644,44.239242857,14.971960930,76.968710625
18.376736111,18.125000000,51.949697772,41.383781620,15.726307048,44.271143136,15.009556194,76.811185897
18.503472222,18.250000000,51.980135057,41.377986855,15.831293618,44.303133679,15.046906228,76.655096668
18.630208333,18.375000000,52.010669229,41.372028138,15.936326313,44.335214092,15.084011544,76.500428910
18.756944444,18.500000000,52.041299947,41.365904853,16.041405084,44.367383982,15.120872653,76.347168749
18.883680556,18.625000000,52.072026868,41.359616383,16.146529882,44.399642956,15.157490073,76.195302461
19.010416667,18.750000000,52.102849650,41.353162110,16.251700650,44.431990621,15.193864310,76.044641766
19.137152778,18.875000000,52.133767948,41.346541429,16.356917132,44.464426525,15.229994459,75.893411266
19.263888889,19.000000000,52.164781417,41.339753727,16.462179119,44.496950227,15.265880001,75.743560383
19.390625000,19.125000000,52.195889709,41.332798382,16.567486545,44.529561333,15.301521469,75.595075567
19.517361111,19.250000000,52.227092477,41.325674774,16.672839340,44.562259449,15.336919393,75.447943416
19.644097222,19.375000000,52.258389372,41.318382281,16.778237429,44.595044181,15.372074309,75.302150680
19.770833333,19.500000000,52.289780047,41.310920280,16.883680735,44.627915138,15.406986752,75.157684252
19.897569444,19.625000000,52.321264155,41.303288149,16.989169175,44.660871926,15.441657258,75.014531175
20.024305556,19.750000000,52.352841347,41.295485268,17.094702653,44.693914153,15.476086285,74.871970466
20.151041667,19.875000000,52.384511275,41.287511042,17.200280671,44.727041297,15.510271445,74.727739809
20.277777778,20.000000000,52.416273581,41.279364859,17.305902930,44.760252897,15.544211833,74.584828589
20.404513889,20.125000000,52.448127909,41.271046091,17.411569332,44.793548554,15.577908007,74.443223697
20.531250000,20.250000000,52.480073901,41.262554108,17.517279775,44.826927870,15.611360525,74.302912175
20.657986111,20.375000000,52.512111200,41.253888283,17.623034153,44.860390449,15.644569950,74.163881211
20.784722222,20.500000000,52.544239449,41.245047987,17.728832354,44.893935894,15.677536841,74.026118137
20.911458333,20.625000000,52.576458290,41.236032591,17.834674264,44.927563811,15.710261762,73.889610426
21.038194444,20.750000000,52.608767368,41.226841464,17.940559805,44.961273817,15.742745555,73.755812480
21.164930556,20.875000000,52.641166328,41.217473928,18.046489458,44.995065716,15.774993123,73.626608753
21.291666667,21.000000000,52.673654827,41.207929344,18.152463306,45.028939194,15.807006504,73.498567798
21.418402778,21.125000000,52.706232521,41.198207094,18.258481220,45.062893873,15.838786245,73.371678523
21.545138889,21.250000000,52.738899066,41.188306557,18.364543067,45.096929375,15.870332893,73.245929952
21.671875000,21.375000000,52.771654117,41.178227114,18.470648711,45.131045324,15.901646996,73.121311233
21.798611111,21.500000000,52.804497330,41.167968145,18.576798012,45.165241343,15.932729103,72.997811625
21.925347222,21.625000000,52.837428363,41.157529032,18.682990824,45.199517057,15.963579764,72.875420506
22.052083333,21.750000000,52.870446871,41.146909164,18.789226910,45.233872061,15.994198883,72.751702142
22.178819444,21.875000000,52.903552502,41.136107997,18.895505326,45.268305719,16.024581331,72.625642003
22.305555556,22.000000000,52.936744896,41.125124920,19.001825727,45.302817580,16.054726354,72.500724667
22.432291667,22.125000000,52.970023693,41.113959305,19.108187953,45.337407255,16.084634533,72.376938938
22.559027778,22.250000000,53.003388533,41.102610523,19.214591836,45.372074354,16.114306446,72.254273746
22.685763889,22.375000000,53.036839054,41.091077944,19.321037205,45.406818489,16.143742674,72.132718143
22.812500000,22.500000000,53.070374896,41.079360942,19.427523887,45.441639273,16.172943799,72.012261304
22.939236111,22.625000000,53.103995699,41.067458888,19.534051703,45.476536318,16.201910401,71.892892524
23.065972222,22.750000000,53.137701101,41.055371145,19.640620551,45.511509264,16.230643651,71.776285497
23.192708333,22.875000000,53.171490748,41.043097039,19.747230697,45.546557880,16.259147384,71.662269975
23.319444444,23.000000000,53.205364287,41.030635940,19.853882022,45.581681814,16.287422668,71.549276292
23.446180556,23.125000000,53.239321369,41.017987228,19.960574331,45.616880690,16.315470071,71.437294745
23.572916667,23.250000000,53.273361641,41.005150282,20.067307428,45.652154134,16.343290161,71.326315733
23.699652778,23.375000000,53.307484752,40.992124484,20.174081110,45.687501774,16.370883509,71.216329758
23.826388889,23.500000000,53.341690353,40.978909213,20.280895172,45.722923236,16.398250684,71.107327424
23.953125000,23.625000000,53.375978090,40.965503851,20.387749404,45.758418149,16.425392256,70.999299435
24.079861111,23.750000000,53.410347614,40.951907783,20.494643565,45.793986133,16.452308588,70.891763763
24.206597222,23.875000000,53.444798572,40.938120403,20.601577330,45.829626778,16.478999490,70.784912999
24.333333333,24.000000000,53.479330610,40.924141094,20.708550468,45.865339711,16.505465466,70.679017016
24.460069444,24.125000000,53.513943375,40.909969238,20.815562752,45.901124558,16.531707089,70.574066793
24.586805556,24.250000000,53.548636514,40.895604215,20.922613953,45.936980949,16.557724934,70.470053404
24.713541667,24.375000000,53.583409673,40.881045410,21.029703837,45.972908514,16.583519576,70.366968017
24.840277778,24.500000000,53.618262499,40.866292204,21.136832165,46.008906882,16.609091589,70.264801894
24.967013889,24.625000000,53.653194638,40.851343982,21.243998694,46.044975683,16.634441547,70.163546390
25.093750000,24.750000000,53.688205737,40.836200141,21.351203083,46.081114517,16.659569327,70.061869526
25.220486111,24.875000000,53.723295438,40.820860099,21.458444836,46.117322927,16.684473739,69.960636398
25.347222222,25.000000000,53.758463383,40.805323239,21.565723684,46.153600538,16.709155280,69.860306395
25.473958333,25.125000000,53.793709212,40.789588943,21.673039370,46.189946976,16.733614533,69.760870966
25.600694444,25.250000000,53.829032566,40.773656595,21.780391629,46.226361869,16.757852081,69.662321648
25.727430556,25.375000000,53.864433086,40.757525579,21.887780193,46.262844844,16.781868506,69.564650071
25.854166667,25.500000000,53.899910414,40.741195279,21.995204792,46.299395532,16.805664393,69.467847953
25.980902778,25.625000000,53.935464189,40.724665082,22.102665150,46.336013561,16.829240323,69.371907098
26.107638889,25.750000000,53.971094055,40.707934311,22.210161394,46.372698703,16.852599833,69.281556394
26.234375000,25.875000000,54.006799666,40.691002251,22.317693956,46.409450844,16.875748636,69.192841411
26.361111111,26.000000000,54.042580682,40.673868298,22.425262561,46.446269638,16.898687378,69.104910463
26.487847222,26.125000000,54.078436762,40.656531854,22.532866924,46.483154735,16.921416614,69.017756469
26.614583333,26.250000000,54.114367565,40.638992316,22.640506750,46.520105786,16.943936897,68.931372422
26.741319444,26.375000000,54.150372751,40.621249088,22.748181743,46.557122442,16.966248781,68.845751382
26.868055556,26.500000000,54.186451979,40.603301569,22.855891603,46.594204353,16.988352819,68.760886482
26.994791667,26.625000000,54.222604908,40.585149164,22.963636027,46.631351173,17.010249563,68.676770921
27.121527778,26.750000000,54.258831196,40.566791329,23.071414376,46.668562438,17.031937189,68.590110290
27.248263889,26.875000000,54.295130492,40.548227528,23.179225955,46.705837660,17.053413472,68.504075838
27.375000000,27.000000000,54.331502444,40.529457160,23.287070442,46.743176480,17.074678975,68.418802072
27.501736111,27.125000000,54.367946701,40.510479623,23.394947517,46.780578540,17.095734268,68.334282011
27.628472222,27.250000000,54.404462909,40.491294317,23.502856852,46.818043484,17.116579919,68.250508747
27.755208333,27.375000000,54.441050716,40.471900643,23.610798116,46.855570954,17.137216495,68.167475440
27.881944444,27.500000000,54.477709769,40.452298004,23.718770977,46.893160593,17.157644563,68.085175323
28.008680556,27.625000000,54.514439717,40.432485800,23.826775098,46.930812048,17.177864717,68.004092008
28.135416667,27.750000000,54.551240212,40.412463281,23.934810993,46.968525266,17.197883740,67.930362896
28.262152778,27.875000000,54.588110923,40.392229744,24.042878977,47.006300144,17.217706956,67.857284164
28.388888889,28.000000000,54.625051523,40.371784608,24.150978706,47.044136350,17.237334894,67.784850188
28.515625000,28.125000000,54.662061686,40.351127296,24.259109831,47.082033557,17.256768080,67.713055399
28.642361111,28.250000000,54.699141082,40.330257230,24.367271998,47.119991435,17.276007043,67.641894281
28.769097222,28.375000000,54.736289386,40.309173832,24.475464851,47.158009656,17.295052308,67.571361370
28.895833333,28.500000000,54.773506270,40.287876528,24.583688030,47.196087892,17.313904402,67.501451251
29.022569444,28.625000000,54.810791406,40.266364745,24.691941157,47.234225810,17.332563760,67.431518976
29.149305556,28.750000000,54.848144465,40.244638007,24.800223362,47.272422903,17.351027248,67.359264798
29.276041667,28.875000000,54.885565106,40.222695788,24.908534008,47.310678741,17.369293490,67.287647610
29.402777778,29.000000000,54.923052990,40.200537508,25.016872717,47.348992983,17.387363030,67.216661789
29.529513889,29.125000000,54.960607776,40.178162589,25.125239106,47.387365291,17.405236409,67.146301766
29.656250000,29.250000000,54.998229125,40.155570455,25.233632789,47.425795326,17.422914168,67.076562027
29.782986111,29.375000000,55.035916695,40.132760530,25.342053374,47.464282750,17.440396847,67.007437110
29.909722222,29.500000000,55.073670146,40.109732239,25.450500469,47.502827225,17.457684987,66.938921605
30.036458333,29.625000000,55.111489139,40.086484994,25.558973746,47.541428440,17.474779653,66.873280983
30.163194444,29.750000000,55.149373343,40.063017965,25.667474034,47.580086504,17.491690359,66.813821219
30.289930556,29.875000000,55.187322446,40.039330503,25.776001374,47.618801265,17.508420838,66.754892080
30.416666667,30.000000000,55.225336137,40.015422054,25.884555364,47.657572416,17.524971586,66.696489195
30.543402778,30.125000000,55.263414105,39.991292067,25.993135598,47.696399648,17.541343095,66.638608233
30.670138889,30.250000000,55.301556038,39.966939992,26.101741664,47.735282656,17.557535859,66.581244902
30.796875000,30.375000000,55.339761627,39.942365279,26.210373151,47.774221132,17.573550371,66.524394947
30.923611111,30.500000000,55.378030561,39.917567379,26.319029640,47.813214770,17.589387121,66.468054151
31.050347222,30.625000000,55.416362527,39.892545765,26.427710633,47.852263237,17.605046041,66.410507207
31.177083333,30.750000000,55.454757209,39.867300050,26.536414991,47.891365963,17.620522380,66.350888015
31.303819444,30.875000000,55.493214280,39.841829722,26.645142105,47.930522565,17.635815360,66.291798286
31.430555556,31.000000000,55.531733413,39.816134228,26.753891539,47.969732721,17.650925493,66.233233521
31.557291667,31.125000000,55.570314279,39.790213018,26.862662853,48.008996110,17.665853289,66.175189265
31.684027778,31.250000000,55.608956552,39.764065541,26.971455604,48.048312413,17.680599258,66.117661102
31.810763889,31.375000000,55.647659905,39.737691249,27.080269344,48.087681307,17.695163911,66.060644657
31.937500000,31.500000000,55.686424010,39.711089595,27.189103622,48.127102474,17.709547756,66.004135592
32.064236111,31.625000000,55.725248539,39.684259997,27.297958135,48.166575650,17.723752418,65.950756855
32.190972222,31.750000000,55.764133177,39.657201697,27.406833314,48.206100846,17.737784932,65.900404337
32.317708333,31.875000000,55.803077616,39.629914129,27.515728846,48.245677815,17.751646835,65.850508554
32.444444444,32.000000000,55.842081549,39.602396763,27.624644270,48.285306258,17.765338604,65.801065810
32.571180556,32.125000000,55.881144668,39.574649070,27.733579121,48.324985876,17.778860714,65.752072440
32.697916667,32.250000000,55.920266668,39.546670524,27.842532932,48.364716370,17.792213639,65.703524813
32.824652778,32.375000000,55.959447240,39.518460597,27.951505232,48.404497443,17.805397855,65.655419325
32.951388889,32.500000000,55.998686079,39.490018767,28.060495546,48.444328796,17.818413833,65.607752407
33.078125000,32.625000000,56.037982876,39.461344528,28.169503327,48.484210106,17.831261548,65.559575168
33.204861111,32.750000000,56.077337322,39.432437425,28.278527832,48.524140978,17.843939539,65.511249952
33.331597222,32.875000000,56.116749102,39.403296942,28.387568547,48.564121097,17.856448093,65.463363443
33.458333333,33.000000000,56.156217905,39.373922557,28.496624981,48.604150161,17.868787686,65.415912057
33.585069444,33.125000000,56.195743416,39.344313751,28.605696641,48.644227868,17.880958797,65.368892237
33.711805556,33.250000000,56.235325324,39.314470004,28.714783027,48.684353913,17.892961901,65.322300459
33.838541667,33.375000000,56.274963314,39.284390799,28.823883639,48.724527997,17.904797472,65.276133227
33.965277778,33.500000000,56.314657073,39.254075622,28.932997971,48.764749815,17.916465986,65.230387076
34.092013889,33.625000000,56.354406290,39.223523857,29.042125879,48.805019202,17.927970618,65.189334460
34.218750000,33.750000000,56.394210669,39.192734731,29.151267821,48.845336228,17.939318999,65.150275738
34.345486111,33.875000000,56.434069919,39.161707733,29.260423340,48.885700635,17.950511951,65.111589048
34.472222222,34.000000000,56.473983753,39.130442366,29.369591923,48.926112143,17.961549912,65.073271518
34.598958333,34.125000000,56.513951881,39.098938136,29.478773055,48.966570476,17.972433318,65.035320298
34.725694444,34.250000000,56.553974014,39.067194552,29.587966217,49.007075357,17.983162605,64.997732560
34.852430556,34.375000000,56.594049865,39.035211120,29.697170887,49.047626506,17.993738206,64.960505499
34.979166667,34.500000000,56.634179144,39.002987354,29.806386539,49.088223649,18.004160556,64.923636332
35.105902778,34.625000000,56.674361561,38.970522817,29.915612459,49.128866438,18.014428708,64.885257637
35.232638889,34.750000000,56.714596820,38.937817122,30.024847775,49.169554464,18.024540585,64.846877515
35.359375000,34.875000000,56.754884624,38.904869780,30.134091943,49.210287439,18.034496575,64.808861073
35.486111111,35.000000000,56.795224674,38.871680304,30.243344419,49.251065078,18.044297122,64.771205443
35.612847222,35.125000000,56.835616672,38.838248208,30.352604659,49.291887095,18.053942667,64.733907785
35.739583333,35.250000000,56.876060319,38.804573006,30.461872113,49.332753206,18.063433649,64.696965280
35.866319444,35.375000000,56.916555318,38.770654218,30.571146231,49.373663125,18.072770509,64.660375129
35.993055556,35.500000000,56.957101370,38.736491362,30.680426456,49.414616568,18.081953684,64.624134559
36.119791667,35.625000000,56.997698180,38.702083768,30.789712842,49.455613483,18.090988194,64.593635336
36.246527778,35.750000000,57.038345471,38.667430735,30.899005588,49.496653886,18.099880112,64.563759460
36.373263889,35.875000000,57.079042968,38.632531798,31.008304137,49.537737520,18.108629856,64.534190952
36.500000000,36.000000000,57.119790397,38.597386497,31.117607928,49.578864122,18.117237830,64.504927526
36.626736111,36.125000000,57.160587486,38.561994373,31.226916398,49.620033432,18.125704434,64.475966912
36.753472222,36.250000000,57.201433961,38.526354970,31.336228979,49.661245190,18.134030068,64.447306859
36.880208333,36.375000000,57.242329547,38.490467831,31.445545100,49.702499137,18.142215131,64.418945129
37.006944444,36.500000000,57.283273972,38.454332503,31.554864188,49.743795012,18.150260026,64.390952243
37.133680556,36.625000000,57.324266963,38.417948476,31.664185844,49.785132623,18.158166479,64.364504027
37.260416667,36.750000000,57.365308252,38.381315256,31.773509631,49.826511769,18.165935958,64.338340073
37.387152778,36.875000000,57.406397570,38.344432398,31.882834968,49.867932196,18.173568852,64.312458297
37.513888889,37.000000000,57.447534650,38.307299458,31.992161272,49.909393651,18.181065548,64.286856628
37.640625000,37.125000000,57.488719224,38.269915995,32.101487954,49.950895879,18.188426431,64.261533009
37.767361111,37.250000000,57.529951024,38.232281570,32.210814425,49.992438627,18.195651886,64.236485400
37.894097222,37.375000000,57.571229784,38.194395744,32.320140090,50.034021642,18.202742299,64.211711774
38.020833333,37.500000000,57.612555233,38.156258078,32.429464365,50.075644674,18.209698143,64.187811280
38.147569444,37.625000000,57.653927111,38.117867942,32.538787217,50.117307689,18.216524085,64.167225320
38.274305556,37.750000000,57.695345162,38.079224804,32.648108359,50.159010567,18.223222838,64.146888020
38.401041667,37.875000000,57.736809137,38.040328243,32.757427188,50.200753070,18.229794761,64.126797628
38.527777778,38.000000000,57.778318783,38.001177837,32.866743103,50.242534960,18.236240213,64.106952400
38.654513889,38.125000000,57.819873849,37.961773169,32.976055498,50.284356000,18.242559553,64.087350607
38.781250000,38.250000000,57.861474084,37.922113824,33.085363762,50.326215953,18.248753137,64.067990531
38.907986111,38.375000000,57.903119237,37.882199386,33.194667285,50.368114581,18.254821321,64.048870465
39.034722222,38.500000000,57.944809055,37.842029440,33.303965460,50.410051652,18.260764539,64.030294325
39.161458333,38.625000000,57.986543290,37.801603507,33.413257862,50.452027003,18.266584595,64.012761118
39.288194444,38.750000000,58.028321694,37.760921154,33.522543943,50.494040429,18.272282382,63.995457314
39.414930556,38.875000000,58.070144021,37.719981977,33.631823080,50.536091698,18.277858247,63.978381311
39.541666667,39.000000000,58.112010026,37.678785574,33.741094650,50.578180578,18.283312536,63.961531520
39.668402778,39.125000000,58.153919461,37.637331546,33.850358025,50.620306837,18.288645592,63.944906361
39.795138889,39.250000000,58.195872080,37.595619494,33.959612574,50.662470245,18.293857761,63.928504263
39.921875000,39.375000000,58.237867638,37.553649022,34.068857664,50.704670568,18.298949385,63.912323668
40.048611111,39.500000000,58.279905887,37.511419712,34.178092723,50.746907600,18.303921299,63.897734038
40.175347222,39.625000000,58.321986588,37.468930925,34.287317760,50.789181367,18.308778787,63.885554547
40.302083333,39.750000000,58.364109511,37.426182216,34.396532306,50.831491714,18.313523445,63.873575195
40.428819444,39.875000000,58.406274427,37.383173204,34.505735720,50.873838428,18.318155593,63.861794641
40.555555556,40.000000000,58.448481105,37.339903512,34.614927363,50.916221292,18.322675548,63.850211554
40.682291667,40.125000000,58.490729315,37.296372764,34.724106589,50.958640090,18.327083629,63.838824609
40.809027778,40.250000000,58.533018828,37.252580586,34.833272754,51.001094607,18.331380151,63.827632492
40.935763889,40.375000000,58.575349414,37.208526607,34.942425207,51.043584627,18.335565430,63.816633895
41.062500000,40.500000000,58.617720843,37.164210432,35.051563357,51.086109959,18.339640246,63.806822423
41.189236111,40.625000000,58.660132891,37.119631545,35.160686922,51.128670537,18.343607779,63.798217771
41.315972222,40.750000000,58.702585336,37.074789559,35.269795313,51.171266178,18.347468821,63.789793932
41.442708333,40.875000000,58.745077959,37.029684116,35.378887872,51.213896677,18.351223673,63.781549724
41.569444444,41.000000000,58.787610539,36.984314859,35.487963941,51.256561826,18.354872636,63.773483969
41.696180556,41.125000000,58.830182856,36.938681432,35.597022859,51.299261421,18.358416010,63.765595499
41.822916667,41.250000000,58.872794689,36.892783482,35.706063961,51.341995254,18.361854092,63.757883149
41.949652778,41.375000000,58.915445819,36.846620660,35.815086581,51.384763120,18.365187181,63.750345765
42.076388889,41.500000000,58.958136024,36.800192627,35.924090024,51.427564802,18.368415372,63.742634481
42.203125000,41.625000000,59.000865084,36.753499080,36.033073514,51.470400051,18.371538150,63.734868658
42.329861111,41.750000000,59.043632774,36.706539679,36.142036362,51.513268656,18.374555725,63.727276799
42.456597222,41.875000000,59.086438872,36.659314079,36.250977893,51.556170406,18.377468395,63.719857748
42.583333333,42.000000000,59.129283155,36.611821940,36.359897425,51.599105095,18.380276458,63.712610359
42.710069444,42.125000000,59.172165400,36.564062922,36.468794277,51.642072512,18.382980210,63.705533490
42.836805556,42.250000000,59.215085383,36.516036688,36.577667762,51.685072451,18.385579947,63.698626007
42.963541667,42.375000000,59.258042882,36.467742902,36.686517192,51.728104702,18.388075962,63.691886781
43.090277778,42.500000000,59.301037675,36.419181126,36.795342120,51.771169154,18.390470439,63.688065463
43.217013889,42.625000000,59.344069551,36.370350735,36.904142525,51.814265875,18.392768901,63.685507769
43.343750000,42.750000000,59.387138305,36.321251394,37.012917760,51.857394689,18.394971928,63.683099613
43.470486111,42.875000000,59.430243733,36.271882784,37.121667133,51.900555405,18.397079789,63.680840050
43.597222222,43.000000000,59.473385630,36.222244590,37.230389952,51.943747834,18.399092753,63.678728142
43.723958333,43.125000000,59.516563793,36.172336499,37.339085521,51.986971785,18.401011087,63.676762952
43.850694444,43.250000000,59.559778017,36.122158200,37.447753143,52.030227066,18.402835060,63.674943552
43.977430556,43.375000000,59.603028097,36.071709385,37.556392119,52.073513488,18.404564938,63.673269016
44.104166667,43.500000000,59.646313829,36.020989763,37.665001710,52.116830845,18.406200700,63.671377007
44.230902778,43.625000000,59.689635007,35.969999063,37.773581140,52.160178917,18.407742060,63.669551242
44.357638889,43.750000000,59.732991424,35.918736981,37.882129700,52.203557512,18.409189272,63.667869254
44.484375000,43.875000000,59.776382874,35.867203217,37.990646682,52.246966437,18.410542604,63.666330120
44.611111111,44.000000000,59.819809150,35.815397471,38.099131371,52.290405499,18.411802319,63.664932924
44.737847222,44.125000000,59.863270045,35.763319449,38.207583054,52.333874506,18.412968683,63.663676753
44.864583333,44.250000000,59.906765354,35.710968855,38.316001014,52.377373266,18.414041961,63.662560700
44.991319444,44.375000000,59.950294869,35.658345397,38.424384532,52.420901586,18.415022415,63.661583864
45.118055556,44.500000000,59.993858385,35.605448720,38.532733023,52.464459330,18.415911396,63.661942356
45.244791667,44.625000000,60.037455701,35.552278452,38.641045944,52.508046381,18.416710574,63.662521739
45.371527778,44.750000000,60.081086616,35.498834312,38.749322571,52.551662554,18.417420209,63.663232993
45.498263889,44.875000000,60.124750929,35.445116018,38.857562180,52.595307663,18.418040553,63.664075283
45.625000000,45.000000000,60.168448442,35.391123294,38.965764042,52.638981520,18.418571860,63.665047775
45.751736111,45.125000000,60.212178953,35.336855865,39.073927428,52.682683939,18.419014382,63.666149643
45.878472222,45.250000000,60.255942262,35.282313457,39.182051605,52.726414736,18.419368368,63.667380062
46.005208333,45.375000000,60.299738170,35.227495800,39.290135840,52.770173722,18.419634070,63.668760164
46.131944444,45.500000000,60.343566476,35.172402590,39.398179466,52.813960741,18.419812303,63.670778373
46.258680556,45.625000000,60.387426983,35.117033533,39.506181805,52.857775634,18.419903793,63.672920818
46.385416667,45.750000000,60.431319493,35.061388365,39.614142119,52.901618216,18.419908786,63.675186710
46.512152778,45.875000000,60.475243809,35.005466828,39.722059664,52.945488304,18.419827525,63.677575265
46.638888889,46.000000000,60.519199733,34.949268662,39.829933698,52.989385715,18.419660256,63.680085703
46.765625000,46.125000000,60.563187067,34.892793614,39.937763474,53.033310263,18.419407221,63.682717247
46.892361111,46.250000000,60.607205615,34.836041431,40.045548244,53.077261767,18.419068662,63.685469125
47.019097222,46.375000000,60.651255177,34.779011859,40.153287262,53.121240044,18.418644854,63.688567463
47.145833333,46.500000000,60.695335560,34.721704531,40.260980006,53.165245006,18.418137900,63.693060546
47.272569444,46.625000000,60.739446572,34.664119133,40.368625857,53.209276530,18.417549102,63.697666637
47.399305556,46.750000000,60.783588024,34.606255425,40.476224062,53.253334439,18.416878691,63.702385028
47.526041667,46.875000000,60.827759725,34.548113172,40.583773864,53.297418557,18.416126898,63.707215016
47.652777778,47.000000000,60.871961485,34.489692136,40.691274508,53.341528707,18.415293952,63.712155900
47.779513889,47.125000000,60.916193115,34.430992087,40.798725234,53.385664713,18.414380083,63.717206982
47.906250000,47.250000000,60.960454425,34.372012794,40.906125281,53.429826399,18.413385518,63.722367569
48.032986111,47.375000000,61.004745224,34.312754033,41.013473878,53.474013585,18.412310435,63.727441296
48.159722222,47.500000000,61.049065322,34.253215647,41.120770136,53.518226042,18.411154032,63.732068566
48.286458333,47.625000000,61.093414525,34.193397440,41.228013234,53.562463570,18.409916132,63.736805703
48.413194444,47.750000000,61.137792640,34.133299190,41.335202403,53.606725989,18.408596965,63.741652003
48.539930556,47.875000000,61.182199472,34.072920678,41.442336869,53.651013119,18.407196761,63.746606764
48.666666667,48.000000000,61.226634829,34.012261687,41.549415858,53.695324780,18.405715748,63.751669287
48.793402778,48.125000000,61.271098515,33.951322002,41.656438593,53.739660791,18.404154153,63.756838880
48.920138889,48.250000000,61.315590338,33.890101412,41.763404296,53.784020974,18.402512205,63.762114848
49.046875000,48.375000000,61.360110103,33.828599676,41.870312241,53.828405170,18.400790584,63.768732252
49.173611111,48.500000000,61.404657625,33.766816250,41.977162238,53.872813452,18.398994378,63.777552958
49.300347222,48.625000000,61.449232725,33.704750846,42.083953669,53.917245720,18.397125115,63.786467776
49.427083333,48.750000000,61.493835228,33.642403270,42.190685756,53.961701811,18.395183001,63.795476129
49.553819444,48.875000000,61.538464956,33.579773329,42.297357719,54.006181561,18.393168239,63.804577439
49.680555556,49.000000000,61.583121734,33.516860835,42.403968774,54.050684807,18.391081035,63.813771134
49.807291667,49.125000000,61.627805384,33.453665600,42.510518140,54.095211383,18.388921593,63.823056642
49.934027778,49.250000000,61.672515731,33.390187440,42.617005029,54.139761127,18.386690117,63.832433395
50.060763889,49.375000000,61.717252597,33.326426224,42.723428569,54.184333839,18.384386105,63.840430062
50.187500000,49.500000000,61.762015798,33.262382098,42.829787418,54.228929117,18.382005180,63.846926801
50.314236111,49.625000000,61.806805142,33.198054939,42.936080680,54.273546741,18.379546730,63.853522196
50.440972222,49.750000000,61.851620437,33.133444566,43.042307553,54.318186534,18.377010974,63.860215599
50.567708333,49.875000000,61.896461490,33.068550801,43.148467236,54.362848315,18.374398128,63.867006364
50.694444444,50.000000000,61.941328109,33.003373469,43.254558925,54.407531906,18.371708411,63.873893852
50.821180556,50.125000000,61.986220100,32.937912396,43.360581815,54.452237129,18.368942038,63.880877421
50.947916667,50.250000000,62.031137273,32.872167413,43.466535098,54.496963804,18.366099224,63.887956438
51.074652778,50.375000000,62.076079434,32.806138256,43.572418120,54.541711819,18.363181485,63.897336288
51.201388889,50.500000000,62.121046403,32.739824353,43.678230735,54.586481283,18.360194593,63.908340821
51.328125000,50.625000000,62.166038006,32.673225504,43.783972215,54.631272068,18.357139374,63.919428195
51.454861111,50.750000000,62.211054071,32.606341558,43.889641754,54.676084014,18.354016019,63.930597890
51.581597222,50.875000000,62.256094425,32.539172365,43.995238545,54.720916960,18.350824721,63.941849389
51.708333333,51.000000000,62.301158895,32.471717780,44.100761781,54.765770745,18.347565670,63.953182176
51.835069444,51.125000000,62.346247308,32.403977659,44.206210650,54.810645209,18.344239056,63.964595739
51.961805556,51.250000000,62.391359492,32.335951860,44.311584342,54.855540191,18.340845069,63.976089567
52.088541667,51.375000000,62.436495273,32.267640304,44.416881954,54.900455493,18.337383136,63.986577719
52.215277778,51.500000000,62.481654473,32.199043021,44.522102407,54.945390837,18.333851234,63.996680515
52.342013889,51.625000000,62.526836912,32.130159886,44.627244867,54.990346050,18.330249417,64.006866280
52.468750000,51.750000000,62.572042407,32.060990764,44.732308509,55.035320962,18.326577881,64.017134471
52.595486111,51.875000000,62.617270779,31.991535526,44.837292512,55.080315405,18.322836821,64.027484546
52.722222222,52.000000000,62.662521846,31.921794042,44.942196049,55.125329211,18.319026431,64.037915966
52.848958333,52.125000000,62.707795426,31.851766189,45.047018295,55.170362212,18.315146907,64.048428194
52.975694444,52.250000000,62.753091340,31.781451842,45.151758421,55.215414240,18.311198442,64.059020694
53.102430556,52.375000000,62.798409406,31.710850878,45.256415603,55.260485129,18.307181288,64.069766630
53.229166667,52.500000000,62.843749443,31.639963170,45.360989026,55.305574717,18.303095757,64.080609039
53.355902778,52.625000000,62.889111271,31.568788604,45.465477855,55.350682837,18.298942046,64.091529886
53.482638889,52.750000000,62.934494709,31.497327069,45.569881258,55.395809321,18.294720342,64.102528646
53.609375000,52.875000000,62.979899576,31.425578455,45.674198399,55.440954001,18.290430838,64.113604798
53.736111111,53.000000000,63.025325693,31.353542657,45.778428439,55.486116710,18.286073722,64.124757825
53.862847222,53.125000000,63.070772879,31.281219572,45.882570541,55.531297278,18.281649183,64.135987207
53.989583333,53.250000000,63.116240952,31.208609101,45.986623864,55.576495539,18.277157409,64.147292431
54.116319444,53.375000000,63.161729735,31.135711018,46.090587749,55.621711405,18.272600175,64.160384730
54.243055556,53.500000000,63.207239053,31.062525058,46.194461605,55.666944823,18.267979829,64.173700522
54.369791667,53.625000000,63.252768738,30.989051134,46.298244592,55.712195635,18.263296559,64.187085856
54.496527778,53.750000000,63.298318617,30.915289159,46.401935871,55.757463683,18.258550542,64.200540272
54.623263889,53.875000000,63.343888521,30.841239052,46.505534598,55.802748808,18.253741952,64.214063312
54.750000000,54.000000000,63.389478280,30.766900732,46.609039930,55.848050851,18.248870965,64.227654520
54.876736111,54.125000000,63.435087722,30.692274123,46.712451021,55.893369654,18.243937753,64.241313442
55.003472222,54.250000000,63.480716678,30.617359152,46.815767024,55.938705057,18.238942491,64.255054138
55.130208333,54.375000000,63.526364976,30.542155701,46.918987156,55.984056932,18.233885916,64.269376268
55.256944444,54.500000000,63.572032450,30.466663660,47.022110626,56.029425147,18.228768704,64.283763467
55.383680556,54.625000000,63.617718932,30.390882966,47.125136584,56.074809545,18.223591024,64.298215299
55.510416667,54.750000000,63.663424254,30.314813557,47.228064180,56.120209971,18.218353046,64.312731332
55.637152778,54.875000000,63.709148248,30.238455375,47.330892562,56.165626269,18.213054935,64.327311133
55.763888889,55.000000000,63.754890746,30.161808363,47.433620877,56.211058282,18.207696860,64.341954273
55.890625000,55.125000000,63.800651582,30.084872469,47.536248270,56.256505855,18.202278988,64.356660322
56.017361111,55.250000000,63.846430587,30.007647641,47.638773886,56.301968832,18.196801492,64.371491216
56.144097222,55.375000000,63.892227595,29.930133784,47.741196934,56.347447085,18.191265109,64.386776434
56.270833333,55.500000000,63.938042440,29.852330827,47.843516592,56.392940478,18.185670346,64.402122218
56.397569444,55.625000000,63.983874957,29.774238728,47.945732005,56.438448856,18.180017364,64.417528157
56.524305556,55.750000000,64.029724980,29.695857449,48.047842311,56.483972066,18.174306325,64.432993841
56.651041667,55.875000000,64.075592346,29.617186956,48.149846651,56.529509955,18.168537390,64.448518860
56.777777778,56.000000000,64.121476888,29.538227216,48.251744163,56.575062367,18.162710720,64.464102807
56.904513889,56.125000000,64.167378441,29.458978201,48.353533983,56.620629150,18.156826474,64.479745276
57.031250000,56.250000000,64.213296840,29.379439873,48.455215262,56.666210155,18.150884933,64.495928147
57.157986111,56.375000000,64.259231925,29.299611976,48.556787434,56.711805366,18.144888976,64.513639669
57.284722222,56.500000000,64.305183538,29.219494396,48.658249762,56.757414693,18.138839881,64.531404184
57.411458333,56.625000000,64.351151527,29.139087119,48.759601384,56.803037994,18.132737794,64.549221335
57.538194444,56.750000000,64.397135736,29.058390135,48.860841438,56.848675123,18.126582862,64.567090765
57.664930556,56.875000000,64.443136012,28.977403435,48.961969058,56.894325937,18.120375233,64.585012117
57.791666667,57.000000000,64.489152199,28.896127013,49.062983380,56.939990292,18.114115051,64.602985038
57.918402778,57.125000000,64.535184144,28.814560869,49.163883537,56.985668044,18.107802463,64.621009174
58.045138889,57.250000000,64.581231693,28.732704985,49.264668681,57.031359058,18.101437794,64.639584068
58.171875000,57.375000000,64.627294693,28.650559185,49.365338171,57.077063294,18.095023267,64.659111164
58.298611111,57.500000000,64.673372998,28.568123423,49.465891205,57.122780645,18.088559611,64.678685545
58.425347222,57.625000000,64.719466462,28.485397713,49.566326918,57.168510974,18.082046963,64.698306889
58.552083333,57.750000000,64.765574937,28.402382069,49.666644441,57.214254144,18.075485457,64.717974875
58.678819444,57.875000000,64.811698277,28.319076508,49.766842906,57.260010017,18.068875229,64.737689186
58.805555556,58.000000000,64.857836336,28.235481052,49.866921445,57.305778457,18.062216415,64.757449504
58.932291667,58.125000000,64.903988966,28.151595723,49.966879186,57.351559328,18.055509147,64.777255510
59.059027778,58.250000000,64.950156022,28.067420561,50.066715243,57.397352484,18.048753411,64.796789983
59.185763889,58.375000000,64.996337355,27.982955688,50.166428632,57.443157736,18.041948305,64.816006998
59.312500000,58.500000000,65.042532814,27.898201153,50.266018457,57.488974935,18.035093768,64.835270102
59.439236111,58.625000000,65.088742249,27.813156988,50.365483841,57.534803938,18.028189936,64.854578969
59.565972222,58.750000000,65.134965510,27.727823232,50.464823909,57.580644607,18.021236944,64.873933274
59.692708333,58.875000000,65.181202447,27.642199923,50.564037783,57.626496800,18.014234930,64.893332694
59.819444444,59.000000000,65.227452908,27.556287103,50.663124584,57.672360377,18.007184026,64.912776904
59.946180556,59.125000000,65.273716744,27.470084819,50.762083432,57.718235198,18.000084368,64.932265582
60.072916667,59.250000000,65.319993804,27.383593043,50.860913534,57.764121161,17.992936910,64.953199784
60.199652778,59.375000000,65.366283946,27.296811489,50.959614401,57.810018313,17.985745470,64.975208539
60.326388889,59.500000000,65.412587033,27.209740176,51.058185205,57.855926549,17.978510615,64.997256239
60.453125000,59.625000000,65.458902928,27.122379164,51.156625070,57.901845739,17.971232466,65.019342612
60.579861111,59.750000000,65.505231494,27.034728518,51.254933120,57.947775757,17.963911142,65.041467383
60.706597222,59.875000000,65.551572594,26.946788306,51.353108478,57.993716473,17.956546761,65.063630282
60.833333333,60.000000000,65.597926092,26.858558597,51.451150267,58.039667761,17.949139443,65.085831037
60.960069444,60.125000000,65.644291852,26.770039466,51.549057608,58.085629490,17.941689307,65.108069378
61.086805556,60.250000000,65.690669735,26.681231019,51.646829587,58.131601518,17.934196131,65.129860190
61.213541667,60.375000000,65.737059603,26.592133432,51.744465215,58.177583663,17.926659006,65.151466088
61.340277778,60.500000000,65.783461315,26.502746792,51.841963603,58.223575790,17.919077979,65.173110023
61.467013889,60.625000000,65.829874730,26.413071182,51.939323868,58.269577767,17.911453172,65.194791713
61.593750000,60.750000000,65.876299707,26.323106689,52.036545125,58.315589462,17.903784705,65.216510880
61.720486111,60.875000000,65.922736106,26.232853403,52.133626489,58.361610743,17.896072697,65.238267245
61.847222222,61.000000000,65.969183787,26.142311416,52.230567075,58.407641479,17.888317268,65.260060530
61.973958333,61.125000000,66.015642607,26.051480823,52.327365996,58.453681537,17.880518536,65.281890459
62.100694444,61.250000000,66.062112428,25.960361610,52.424022487,58.499730843,17.872677800,65.305216165
62.227430556,61.375000000,66.108593115,25.868953643,52.520535916,58.545789392,17.864797651,65.328952573
62.354166667,61.500000000,66.155084540,25.777257023,52.616905409,58.591857066,17.856878277,65.352721681
62.480902778,61.625000000,66.201586570,25.685271858,52.713130083,58.637933742,17.848919785,65.376523245
62.607638889,61.750000000,66.248099076,25.592998264,52.809209053,58.684019298,17.840922283,65.400357023
62.734375000,61.875000000,66.294621928,25.500436356,52.905141437,58.730113612,17.832885878,65.424222774
62.861111111,62.000000000,66.341154995,25.407586253,53.000926349,58.776216560,17.824810677,65.448120256
62.987847222,62.125000000,66.387698147,25.314448078,53.096562905,58.822328021,17.816696787,65.472049229
63.114583333,62.250000000,66.434251253,25.221021913,53.192050261,58.868447893,17.808544744,65.496478631
63.241319444,62.375000000,66.480814187,25.127307826,53.287387595,58.914576085,17.800355271,65.520988015
63.368055556,62.500000000,66.527386819,25.033305950,53.382574022,58.960712479,17.792128478,65.545527349
63.494791667,62.625000000,66.573969023,24.939016418,53.477608657,59.006856954,17.783864464,65.570096403
63.621527778,62.750000000,66.620560672,24.844439369,53.572490613,59.053009390,17.775563334,65.594694947
63.748263889,62.875000000,66.667161638,24.749574943,53.667219004,59.099169668,17.767225188,65.619322752
63.875000000,63.000000000,66.713771793,24.654423283,53.761792942,59.145337667,17.758850128,65.643979591
64.001736111,63.125000000,66.760391010,24.558984537,53.856211541,59.191513269,17.750438255,65.668684785
64.128472222,63.250000000,66.807019164,24.463258705,53.950474059,59.237696425,17.741991158,65.694824996
64.255208333,63.375000000,66.853656133,24.367245803,54.044579751,59.283887089,17.733510340,65.720991413
64.381944444,63.500000000,66.900301798,24.270945987,54.138527731,59.330085151,17.724995896,65.747183829
64.508680556,63.625000000,66.946956040,24.174359419,54.232317116,59.376290496,17.716447916,65.773402041
64.635416667,63.750000000,66.993618740,24.077486262,54.325947020,59.422503013,17.707866495,65.799645847
64.762152778,63.875000000,67.040289778,23.980326682,54.419416558,59.468722589,17.699251722,65.825915041
64.888888889,64.000000000,67.086969036,23.882880849,54.512724845,59.514949111,17.690603690,65.852209422
65.015625000,64.125000000,67.133656393,23.785148931,54.605870999,59.561182470,17.681922530,65.878842411
65.142361111,64.250000000,67.180351734,23.687130787,54.698854437,59.607422706,17.673211468,65.907728447
65.269097222,64.375000000,67.227054952,23.588826397,54.791674471,59.653669813,17.664472568,65.936635628
65.395833333,64.500000000,67.273765944,23.490235947,54.884330222,59.699923691,17.655705908,65.965563787
65.522569444,64.625000000,67.320484603,23.391359624,54.976820812,59.746184243,17.646911564,65.994512761
65.649305556,64.750000000,67.367210825,23.292197620,55.069145361,59.792451369,17.638089615,66.023482383
65.776041667,64.875000000,67.413944506,23.192750127,55.161302990,59.838724970,17.629240136,66.052472489
65.902777778,65.000000000,67.460685541,23.093017343,55.253292820,59.885004947,17.620363204,66.081482914
66.029513889,65.125000000,67.507433824,22.992999465,55.345113972,59.931291201,17.611458910,66.110572246
66.156250000,65.250000000,67.554189253,22.892696660,55.436765599,59.977583650,17.602527675,66.139874905
66.282986111,65.375000000,67.600951722,22.792109118,55.528246837,60.023882204,17.593569724,66.169197079
66.409722222,65.500000000,67.647721130,22.691237047,55.619556804,60.070186764,17.584585132,66.198538609
66.536458333,65.625000000,67.694497372,22.590080657,55.710694623,60.116497233,17.575573973,66.227899335
66.663194444,65.750000000,67.741280345,22.488640164,55.801659414,60.162813512,17.566536320,66.257279096
66.789930556,65.875000000,67.788069946,22.386915784,55.892450295,60.209135505,17.557472247,66.286677734
66.916666667,66.000000000,67.834866072,22.284907736,55.983066388,60.255463113,17.548381827,66.316095090
67.043402778,66.125000000,67.881668620,22.182616219,56.073506834,60.301796250,17.539265366,66.346203017
67.170138889,66.250000000,67.928477490,22.080041158,56.163771020,60.348134957,17.530125810,66.377618090
67.296875000,66.375000000,67.975292589,21.977182695,56.253858153,60.394479188,17.520964080,66.409049160
67.423611111,66.500000000,68.022113827,21.874041064,56.343767358,60.440828854,17.511780239,66.440496091
67.550347222,66.625000000,68.068941110,21.770616501,56.433497762,60.487183870,17.502574349,66.471958751
67.677083333,66.750000000,68.115774348,21.666909246,56.523048490,60.533544146,17.493346472,66.503437006
67.803819444,66.875000000,68.162613446,21.562919541,56.612418668,60.579909596,17.484096671,66.534930724
67.930555556,67.000000000,68.209458315,21.458647633,56.701607423,60.626280132,17.474825007,66.566439769
68.057291667,67.125000000,68.256308862,21.354093765,56.790613884,60.672655668,17.465531576,66.598041618
68.184027778,67.250000000,68.303164994,21.249258160,56.879437199,60.719036129,17.456216699,66.629752467
68.310763889,67.375000000,68.350026622,21.144141067,56.968076502,60.765421432,17.446880488,66.661478064
68.437500000,67.500000000,68.396893653,21.038742743,57.056530918,60.811811489,17.437523003,66.693218280
68.564236111,67.625000000,68.443765998,20.933063447,57.144799573,60.858206214,17.428144304,66.724972985
68.690972222,67.750000000,68.490643564,20.827103442,57.232881595,60.904605519,17.418744450,66.756742048
68.817708333,67.875000000,68.537526262,20.720862993,57.320776110,60.951009320,17.409323501,66.788525340
68.944444444,68.000000000,68.584413999,20.614342368,57.408482246,60.997417528,17.399881516,66.820322731
69.071180556,68.125000000,68.631306685,20.507541770,57.495999184,61.043830086,17.390419175,66.853234799
69.197916667,68.250000000,68.678204236,20.400461157,57.583326315,61.090247052,17.380939477,66.887018292
69.324652778,68.375000000,68.725106571,20.293100767,57.670462806,61.136668367,17.371442847,66.920813590
69.451388889,68.500000000,68.772013610,20.185460882,57.757407792,61.183093955,17.361929337,66.954620586
69.578125000,68.625000000,68.818925275,20.077541786,57.844160407,61.229523739,17.352398994,66.988439173
69.704861111,68.750000000,68.865841485,19.969343768,57.930719784,61.275957644,17.342851866,67.022269244
69.831597222,68.875000000,68.912762160,19.860867117,58.017085058,61.322395593,17.333288003,67.056110691
69.958333333,69.000000000,68.959687221,19.752112126,58.103255363,61.368837509,17.323707453,67.089963407
70.085069444,69.125000000,69.006616588,19.643079129,58.189229804,61.415283301,17.314109912,67.123305121
70.211805556,69.250000000,69.053550178,19.533768548,58.275007417,61.461732835,17.304494306,67.156402742
70.338541667,69.375000000,69.100487907,19.424180691,58.360587326,61.508186029,17.294860601,67.189512026
70.465277778,69.500000000,69.147429691,19.314315862,58.445968664,61.554642801,17.285208850,67.222632860
70.592013889,69.625000000,69.194375445,19.204174366,58.531150565,61.601103071,17.275539104,67.255765128
70.718750000,69.750000000,69.241325086,19.093756512,58.616132160,61.647566758,17.265851413,67.288908717
70.845486111,69.875000000,69.288278529,18.983062611,58.700912584,61.694033782,17.256145828,67.322063512
70.972222222,70.000000000,69.335235690,18.872092978,58.785490969,61.740504062,17.246422400,67.355229399
71.098958333,70.125000000,69.382196484,18.760847892,58.869866478,61.786977534,17.236681507,67.388825979
71.225694444,70.250000000,69.429160831,18.649327593,58.954038306,61.833454151,17.226923919,67.422550799
71.352430556,70.375000000,69.476128648,18.537532403,59.038005592,61.879933838,17.217149711,67.456285882
71.479166667,70.500000000,69.523099855,18.425462646,59.121767472,61.926416517,17.207358929,67.490031119
71.605902778,70.625000000,69.570074371,18.313118651,59.205323082,61.972902111,17.197551620,67.523786402
71.732638889,70.750000000,69.617052114,18.200500751,59.288671561,62.019390541,17.187727832,67.557551624
71.859375000,70.875000000,69.664033003,18.087609278,59.371812044,62.065881729,17.177887611,67.591326676
71.986111111,71.000000000,69.711016957,17.974444570,59.454743670,62.112375599,17.168031005,67.625111452
72.112847222,71.125000000,69.758003896,17.861006891,59.537465633,62.158872103,17.158158740,67.659672877
72.239583333,71.250000000,69.804993743,17.747296467,59.619977158,62.205371217,17.148271887,67.694337517
72.366319444,71.375000000,69.851986421,17.633313645,59.702277387,62.251872866,17.138370499,67.729010827
72.493055556,71.500000000,69.898981854,17.519058773,59.784365463,62.298376978,17.128454617,67.763692710
72.619791667,71.625000000,69.945979966,17.404532202,59.866240528,62.344883480,17.118524284,67.798383066
72.746527778,71.750000000,69.992980681,17.289734288,59.947901724,62.391392298,17.108579541,67.833081797
72.873263889,71.875000000,70.039983923,17.174665389,60.029348195,62.437903359,17.098620430,67.867788806
73.000000000,72.000000000,70.086989615,17.059325863,60.110579084,62.484416591,17.088646992,67.902503994
73.126736111,72.125000000,70.133997682,16.943716150,60.191593482,62.530931888,17.078658614,67.936567097
73.253472222,72.250000000,70.181008043,16.827836688,60.272390479,62.577449146,17.068654681,67.970638735
73.380208333,72.375000000,70.228020619,16.711687845,60.352969217,62.623968286,17.058635238,68.004718803
73.506944444,72.500000000,70.275035329,16.595269993,60.433328839,62.670489232,17.048600330,68.038807199
73.633680556,72.625000000,70.322052095,16.478583503,60.513468488,62.717011908,17.038550000,68.072903816
73.760416667,72.750000000,70.369070835,16.361628752,60.593387308,62.763536236,17.028484292,68.107008552
73.887152778,72.875000000,70.416091470,16.244406119,60.673084443,62.810062140,17.018403249,68.141121302
74.013888889,73.000000000,70.463113920,16.126915986,60.752559038,62.856589542,17.008306906,68.175160809
74.140625000,73.125000000,70.510138104,16.009158839,60.831810168,62.903118325,16.998194429,68.208549107
74.267361111,73.250000000,70.557163938,15.891135131,60.910836930,62.949648381,16.988065284,68.241945744
74.394097222,73.375000000,70.604191339,15.772845251,60.989638469,62.996179630,16.977919517,68.275350610
74.520833333,73.500000000,70.651220221,15.654289592,61.068213928,63.042711990,16.967757173,68.308763592
74.647569444,73.625000000,70.698250500,15.535468547,61.146562452,63.089245381,16.957578298,68.342184580
74.774305556,73.750000000,70.745282093,15.416382515,61.224683186,63.135779722,16.947382940,68.375613463
74.901041667,73.875000000,70.792314915,15.297031895,61.302575274,63.182314931,16.937171142,68.409050131
75.027777778,74.000000000,70.839348881,15.177417081,61.380237870,63.228850932,16.926943030,68.442855853
75.154513889,74.125000000,70.886383911,15.057538224,61.457670287,63.275387746,16.916700832,68.477955732
75.281250000,74.250000000,70.933419929,14.937395617,61.534871753,63.321925345,16.906445581,68.513061718
75.407986111,74.375000000,70.980456860,14.816989674,61.611841422,63.368463658,16.896177314,68.548173718
75.534722222,74.500000000,71.027494630,14.696320810,61.688578448,63.415002612,16.885896069,68.583291637
75.661458333,74.625000000,71.074533163,14.575389444,61.765081985,63.461542135,16.875601882,68.618415382
75.788194444,74.750000000,71.121572386,14.454195998,61.841351190,63.508082155,16.865294791,68.653544859
75.914930556,74.875000000,71.168612223,14.332740895,61.917385219,63.554622600,16.854974833,68.688679975
76.041666667,75.000000000,71.215652601,14.211024589,61.993183210,63.601163389,16.844641827,68.723152668
76.168402778,75.125000000,71.262693439,14.089047849,62.068744108,63.647704314,16.834292932,68.756268151
76.295138889,75.250000000,71.309734652,13.966811213,62.144066995,63.694245251,16.823927289,68.789390642
76.421875000,75.375000000,71.356776154,13.844315115,62.219151023,63.740786119,16.813544944,68.822520027
76.548611111,75.500000000,71.403817857,13.721559989,62.293995344,63.787326833,16.803145944,68.855656194
76.675347222,75.625000000,71.450859676,13.598546276,62.368599110,63.833867310,16.792730333,68.888799027
76.802083333,75.750000000,71.497901524,13.475274416,62.442961474,63.880407467,16.782298156,68.921948414
76.928819444,75.875000000,71.544943315,13.351744854,62.517081589,63.926947222,16.771849459,68.955104243
77.055555556,76.000000000,71.591984961,13.227958051,62.590958602,63.973486484,16.761384169,68.987993984
77.182291667,76.125000000,71.639026375,13.103914567,62.664591602,64.020025130,16.750901421,69.020541301
77.309027778,76.250000000,71.686067466,12.979614876,62.737979728,64.066563063,16.740401070,69.053095261
77.435763889,76.375000000,71.733108146,12.855059435,62.811122134,64.113100196,16.729883163,69.085655746
77.562500000,76.500000000,71.780148322,12.730248700,62.884017975,64.159636444,16.719347747,69.118222637
77.689236111,76.625000000,71.827187906,12.605183132,62.956666406,64.206171719,16.708794868,69.150795813
77.815972222,76.750000000,71.874226807,12.479863196,63.029066584,64.252705935,16.698224574,69.183375158
77.942708333,76.875000000,71.921264936,12.354289358,63.101217667,64.299239004,16.687636910,69.215960552
78.069444444,77.000000000,71.968302201,12.228462015,63.173118851,64.345770869,16.677032514,69.249651845
78.196180556,77.125000000,72.015338520,12.102381285,63.244769505,64.392301578,16.666414367,69.284255147
78.322916667,77.250000000,72.062373814,11.976047595,63.316168822,64.438831075,16.655782908,69.318862510
78.449652778,77.375000000,72.109408004,11.849461425,63.387315969,64.485359283,16.645138174,69.353473835
78.576388889,77.500000000,72.156441012,11.722623257,63.458210116,64.531886127,16.634480202,69.388089026
78.703125000,77.625000000,72.203472760,11.595533576,63.528850430,64.578411531,16.623809029,69.422707982
78.829861111,77.750000000,72.250503170,11.468192870,63.599236082,64.624935419,16.613124690,69.457330608
78.956597222,77.875000000,72.297532162,11.340601629,63.669366243,64.671457716,16.602427223,69.491956805
79.083333333,78.000000000,72.344559657,11.212760574,63.739239959,64.717978262,16.591714809,69.523696905
79.210069444,78.125000000,72.391585562,11.084670961,63.808855976,64.764496688,16.580981271,69.553938587
79.336805556,78.250000000,72.438609771,10.956333348,63.878213416,64.811012873,16.570226162,69.584187356
79.463541667,78.375000000,72.485632182,10.827748231,63.947311436,64.857526716,16.559449537,69.614443069
79.590277778,78.500000000,72.532652690,10.698916113,64.016149197,64.904038118,16.548651451,69.644705582
79.717013889,78.625000000,72.579671190,10.569837497,64.084725856,64.950546978,16.537831957,69.674974753
79.843750000,78.750000000,72.626687578,10.440512891,64.153040575,64.997053198,16.526991112,69.705250439
79.970486111,78.875000000,72.673701752,10.310942804,64.221092513,65.043556676,16.516128969,69.735532498
80.097222222,79.000000000,72.720713606,10.181127585,64.288880921,65.090057374,16.505246916,69.767606363
80.223958333,79.125000000,72.767723048,10.051067369,64.356405165,65.136555336,16.494348079,69.800226485
80.350694444,79.250000000,72.814729986,9.920762662,64.423664427,65.183050481,16.483432625,69.832850446
80.477430556,79.375000000,72.861734329,9.790213986,64.490657879,65.229542721,16.472500596,69.865478130
80.604166667,79.500000000,72.908735988,9.659421869,64.557384697,65.276031970,16.461552036,69.898109419
80.730902778,79.625000000,72.955734871,9.528386838,64.623844054,65.322518139,16.450586988,69.930744197
80.857638889,79.750000000,73.002730890,9.397109426,64.690035128,65.369001143,16.439605496,69.963382347
80.984375000,79.875000000,73.049723952,9.265590166,64.755957095,65.415480893,16.428607600,69.996023752
81.111111111,80.000000000,73.096713966,9.133829795,64.821609035,65.461957231,16.417591764,70.026811080
81.237847222,80.125000000,73.143700832,9.001829163,64.886989963,65.508429951,16.406555532,70.057342033
81.364583333,80.250000000,73.190684447,8.869588816,64.952099049,65.554898953,16.395498925,70.087877762
81.491319444,80.375000000,73.237664709,8.737109299,65.016935468,65.601364136,16.384421993,70.118418126
81.618055556,80.500000000,73.284641514,8.604391159,65.081498392,65.647825403,16.373324789,70.148962989
81.744791667,80.625000000,73.331614760,8.471434946,65.145786997,65.694282655,16.362207362,70.179512212
81.871527778,80.750000000,73.378584343,8.338241214,65.209800459,65.740735792,16.351069763,70.210065657
81.998263889,80.875000000,73.425550161,8.204810518,65.273537955,65.787184715,16.339912043,70.240623186
82.125000000,81.000000000,73.472512109,8.071143553,65.336998597,65.833629278,16.328733185,70.270068645
82.251736111,81.125000000,73.519470080,7.937241020,65.400181495,65.880069327,16.317532117,70.299503497
82.378472222,81.250000000,73.566423963,7.803103486,65.463085823,65.926504757,16.306308892,70.328943099
82.505208333,81.375000000,73.613373649,7.668731516,65.525710759,65.972935463,16.295063566,70.358387302
82.631944444,81.500000000,73.660319029,7.534125681,65.588055481,66.019361339,16.283796193,70.387835957
82.758680556,81.625000000,73.707259993,7.399286553,65.650119167,66.065782279,16.272506827,70.417288913
82.885416667,81.750000000,73.754196431,7.264214709,65.711900998,66.112198179,16.261195521,70.446746022
83.012152778,81.875000000,73.801128234,7.128910726,65.773400155,66.158608934,16.249862335,70.476254237
83.138888889,82.000000000,73.848055293,6.993375116,65.834615853,66.205014462,16.238507877,70.506210160
83.265625000,82.125000000,73.894977500,6.857608414,65.895547299,66.251414679,16.227132589,70.536169315
83.392361111,82.250000000,73.941894750,6.721611209,65.956193680,66.297809481,16.215736522,70.566131561
83.519097222,82.375000000,73.988806935,6.585384089,66.016554183,66.344198765,16.204319725,70.596096753
83.645833333,82.500000000,74.035713949,6.448927650,66.076627997,66.390582429,16.192882250,70.626064750
83.772569444,82.625000000,74.082615685,6.312242488,66.136414312,66.436960371,16.181424147,70.656035408
83.899305556,82.750000000,74.129512037,6.175329203,66.195912319,66.483332487,16.169945466,70.686008585
84.026041667,82.875000000,74.176402897,6.038188397,66.255121210,66.529698674,16.158446250,70.715947843
84.152777778,83.000000000,74.223288159,5.900820705,66.314040166,66.576058821,16.146926324,70.745749091
84.279513889,83.125000000,74.270167715,5.763226748,66.372668374,66.622412817,16.135385629,70.775552596
84.406250000,83.250000000,74.317041458,5.625407139,66.431005029,66.668760560,16.123824215,70.805358215
84.532986111,83.375000000,74.363909279,5.487362489,66.489049329,66.715101946,16.112242134,70.835165803
84.659722222,83.500000000,74.410771071,5.349093417,66.546800470,66.761436872,16.100639433,70.864975218
84.786458333,83.625000000,74.457626727,5.210600542,66.604257651,66.807765232,16.089016164,70.894786316
84.913194444,83.750000000,74.504476138,5.071884487,66.661420073,66.854086924,16.077372376,70.924598953
85.039930556,83.875000000,74.551319196,4.932945888,66.718286932,66.900401840,16.065708021,70.954094968
85.166666667,84.000000000,74.598155793,4.793785555,66.774857355,66.946709813,16.054021757,70.982901525
85.293402778,84.125000000,74.644985814,4.654404177,66.831130519,66.993010715,16.042313182,71.011710148
85.420138889,84.250000000,74.691809146,4.514802388,66.887105625,67.039304437,16.030582348,71.040520685
85.546875000,84.375000000,74.738625675,4.374980824,66.942781874,67.085590869,16.018829307,71.069332982
85.673611111,84.500000000,74.785435287,4.234940126,66.998158472,67.131869902,16.007054113,71.098146886
85.800347222,84.625000000,74.832237869,4.094680934,67.053234624,67.178141426,15.995256817,71.126962243
85.927083333,84.750000000,74.879033307,3.954203896,67.108009535,67.224405332,15.983437471,71.155778900
86.053819444,84.875000000,74.925821488,3.813509616,67.162482431,67.270661524,15.971596450,71.185387960
86.180555556,85.000000000,74.972602302,3.672598399,67.216652657,67.316910011,15.959736469,71.216068826
86.307291667,85.125000000,75.019375647,3.531470823,67.270519462,67.363150720,15.947858165,71.246748851
86.434027778,85.250000000,75.066141420,3.390127545,67.324082065,67.409383550,15.935961582,71.277427903
86.560763889,85.375000000,75.112899518,3.248569226,67.377339686,67.455608404,15.924046764,71.308105851
86.687500000,85.500000000,75.159649839,3.106796528,67.430291548,67.501825182,15.912113752,71.338782561
86.814236111,85.625000000,75.206392280,2.964810117,67.482936873,67.548033784,15.900162591,71.369457902
86.940972222,85.750000000,75.253126738,2.822610664,67.535274888,67.594234111,15.888193322,71.400131742
87.067708333,85.875000000,75.299853111,2.680198911,67.587304790,67.640426041,15.876205428,71.429706668
87.194444444,86.000000000,75.346571290,2.537575922,67.639025663,67.686609341,15.864196002,71.458324643
87.321180556,86.125000000,75.393281159,2.394742429,67.690436706,67.732783885,15.852164670,71.486942553
87.447916667,86.250000000,75.439982604,2.251699110,67.741537143,67.778949559,15.840111480,71.515560246
87.574652778,86.375000000,75.486675510,2.108446649,67.792326197,67.825106255,15.828036484,71.544177567
87.701388889,86.500000000,75.533359763,1.964985731,67.842803095,67.871253861,15.815939731,71.572794364
87.828125000,86.625000000,75.580035246,1.821317044,67.892967063,67.917392267,15.803821271,71.601410485
87.954861111,86.750000000,75.626701847,1.677441279,67.942817329,67.963521362,15.791681154,71.630025776
88.081597222,86.875000000,75.673359449,1.533359084,67.992353141,68.009641050,15.779519784,71.659216043
88.208333333,87.000000000,75.720007941,1.389070989,68.041573788,68.055751276,15.767338458,71.688723119
88.335069444,87.125000000,75.766647215,1.244577682,68.090478512,68.101851939,15.755137329,71.718228100
88.461805556,87.250000000,75.813277159,1.099879864,68.139066551,68.147942934,15.742916443,71.747730844
88.588541667,87.375000000,75.859897666,0.954978241,68.187337144,68.194024154,15.730675846,71.777231209
88.715277778,87.500000000,75.906508624,0.809873521,68.235289534,68.240095494,15.718415581,71.806729052
88.842013889,87.625000000,75.953109925,0.664566415,68.282922963,68.286156847,15.706135694,71.836224233
88.968750000,87.750000000,75.999701459,0.519057638,68.330236676,68.332208109,15.693836229,71.865716609
89.095486111,87.875000000,76.046283117,0.373347983,68.377229893,68.378249148,15.681516658,71.894409837
89.222222222,88.000000000,76.092854783,0.227438351,68.423901799,68.424279796,15.669175642,71.922840236
89.348958333,88.125000000,76.139416343,0.081329475,68.470251638,68.470299940,15.656813168,71.951268347
89.475694444,88.250000000,76.185967681,-0.064977920,68.516278656,68.516309467,15.644429284,71.979694018
89.602430556,88.375000000,76.232508681,-0.211483108,68.561982101,68.562308266,15.632024038,72.008117096
89.729166667,88.500000000,76.279039227,-0.358185357,68.607361224,68.608296224,15.619597478,72.036537429
89.855902778,88.625000000,76.325559203,-0.505083933,68.652415275,68.654273231,15.607149650,72.064954865
89.982638889,88.750000000,76.372068493,-0.652178101,68.697143508,68.700239173,15.594680603,72.093369252
90.109375000,88.875000000,76.418566981,-0.799467040,68.741545153,68.746193913,15.582189784,72.121054212
90.236111111,89.000000000,76.465054548,-0.946949877,68.785619425,68.792137296,15.569676252,72.148621277
90.362847222,89.125000000,76.511531072,-1.094625865,68.829365577,68.838069203,15.557140041,72.176185617
90.489583333,89.250000000,76.557996433,-1.242494255,68.872782868,68.883989518,15.544581201,72.203747070
90.616319444,89.375000000,76.604450509,-1.390554297,68.915870553,68.929898124,15.531999781,72.231305477
90.743055556,89.500000000,76.650893181,-1.538805239,68.958627895,68.975794905,15.519395830,72.258860676
90.869791667,89.625000000,76.697324326,-1.687246323,69.001054155,69.021679743,15.506769397,72.286412509
90.996527778,89.750000000,76.743743825,-1.835876790,69.043148596,69.067552523,15.494120532,72.313960815
91.123263889,89.875000000,76.790151557,-1.984696033,69.084910527,69.113413176,15.481450418,72.342732371
91.250000000,90.000000000,76.836547408,-2.133703455,69.126339268,69.159261643,15.468760365,72.371533519
91.376736111,90.125000000,76.882931265,-2.282898289,69.167434092,69.205097815,15.456050417,72.400329535
91.503472222,90.250000000,76.929303014,-2.432279765,69.208194276,69.250921581,15.443320617,72.429120275
91.630208333,90.375000000,76.975662541,-2.581847111,69.248619097,69.296732834,15.430571009,72.457905592
91.756944444,90.500000000,77.022009735,-2.731599550,69.288707835,69.342531461,15.417801634,72.486685342
91.883680556,90.625000000,77.068344480,-2.881536304,69.328459769,69.388317355,15.405012536,72.515459379
92.010416667,90.750000000,77.114666665,-3.031656591,69.367874184,69.434090406,15.392203753,72.544180067
92.137152778,90.875000000,77.160976175,-3.181959542,69.406950341,69.479850476,15.379374696,72.572364699
92.263888889,91.000000000,77.207272893,-3.332444308,69.445687509,69.525597434,15.366524947,72.600543686
92.390625000,91.125000000,77.253556703,-3.483110098,69.484084973,69.571331168,15.353654549,72.628716876
92.517361111,91.250000000,77.299827489,-3.633956121,69.522142023,69.617051565,15.340763547,72.656884119
92.644097222,91.375000000,77.346085132,-3.784981582,69.559857948,69.662758510,15.327851983,72.685045265
92.770833333,91.500000000,77.392329518,-3.936185683,69.597232039,69.708451892,15.314919902,72.713200164
92.897569444,91.625000000,77.438560528,-4.087567623,69.634263591,69.754131598,15.301967347,72.741348665
93.024305556,91.750000000,77.484778046,-4.239126602,69.670951900,69.799797514,15.288994376,72.769572771
93.151041667,91.875000000,77.530981956,-4.390861885,69.707296282,69.845449551,15.276001563,72.798136171
93.277777778,92.000000000,77.577172144,-4.542772700,69.743296046,69.891087609,15.262989215,72.826692358
93.404513889,92.125000000,77.623348495,-4.694858235,69.778950495,69.936711576,15.249957373,72.855241189
93.531250000,92.250000000,77.669510896,-4.847117677,69.814258935,69.982321342,15.236906076,72.883782516
93.657986111,92.375000000,77.715659231,-4.999550209,69.849220672,70.027916796,15.223835367,72.912316197
93.784722222,92.500000000,77.761793387,-5.152155011,69.883835017,70.073497829,15.210745285,72.940842087
93.911458333,92.625000000,77.807913250,-5.304931261,69.918101280,70.119064328,15.197635870,72.969360040
94.038194444,92.750000000,77.854018706,-5.457878149,69.952018777,70.164616189,15.184507270,72.998245154
94.164930556,92.875000000,77.900109642,-5.610995076,69.985586876,70.210153369,15.171361196,73.027991272
94.291666667,93.000000000,77.946185952,-5.764281290,70.018804917,70.255675790,15.158198259,73.057728036
94.418402778,93.125000000,77.992247529,-5.917735960,70.051672222,70.301183347,15.145018495,73.087455313
94.545138889,93.250000000,78.038294267,-6.071358250,70.084188119,70.346675936,15.131821937,73.117172974
94.671875000,93.375000000,78.084326058,-6.225147321,70.116351936,70.392153455,15.118608620,73.146880886
94.798611111,93.500000000,78.130342796,-6.379102335,70.148163003,70.437615798,15.105378578,73.176578918
94.925347222,93.625000000,78.176344375,-6.533222449,70.179620653,70.483062863,15.092131845,73.206266940
95.052083333,93.750000000,78.222330687,-6.687506817,70.210724220,70.528494546,15.078868464,73.235966887
95.178819444,93.875000000,78.268301627,-6.841954603,70.241473042,70.573910746,15.065588544,73.265688161
95.305555556,94.000000000,78.314257087,-6.996564958,70.271866461,70.619311361,15.052292136,73.295398993
95.432291667,94.125000000,78.360196961,-7.151337029,70.301903815,70.664696287,15.038979273,73.325099251
95.559027778,94.250000000,78.406121144,-7.306269960,70.331584449,70.710065421,15.025649988,73.354788807
95.685763889,94.375000000,78.452029528,-7.461362894,70.360907708,70.755418660,15.012304314,73.384467529
95.812500000,94.500000000,78.497922007,-7.616614969,70.389872938,70.800755899,14.998942284,73.414135289
95.939236111,94.625000000,78.543798475,-7.772025322,70.418479490,70.846077036,14.985563931,73.443791957
96.065972222,94.750000000,78.589658826,-7.927593078,70.446726714,70.891381964,14.972169214,73.473287789
96.192708333,94.875000000,78.635502952,-8.083317312,70.474613952,70.936670562,14.958757759,73.502634628
96.319444444,95.000000000,78.681330745,-8.239197144,70.502140557,70.981942723,14.945329537,73.531970198
96.446180556,95.125000000,78.727142097,-8.395231701,70.529305887,71.027198341,14.931884583,73.561294366
96.572916667,95.250000000,78.772936900,-8.551420107,70.556109301,71.072437313,14.918422928,73.590606999
96.699652778,95.375000000,78.818715045,-8.707761484,70.582550160,71.117659531,14.904944605,73.619907966
96.826388889,95.500000000,78.864476426,-8.864254950,70.608627828,71.162864892,14.891449647,73.649197136
96.953125000,95.625000000,78.910220933,-9.020899622,70.634341671,71.208053289,14.877938087,73.678474375
97.079861111,95.750000000,78.955948458,-9.177694559,70.659691047,71.253224603,14.864409566,73.707081282
97.206597222,95.875000000,79.001658890,-9.334638675,70.684675293,71.298378666,14.850862680,73.735290270
97.333333333,96.000000000,79.047352113,-9.491731059,70.709293774,71.343515364,14.837297330,73.763487724
97.460069444,96.125000000,79.093028014,-9.648970818,70.733545860,71.388634584,14.823713550,73.791673502
97.586805556,96.250000000,79.138686479,-9.806357054,70.757430924,71.433736215,14.810111378,73.819847463
97.713541667,96.375000000,79.184327391,-9.963888869,70.780948341,71.478820146,14.796490847,73.848009464
97.840277778,96.500000000,79.229950639,-10.121565361,70.804097489,71.523886266,14.782851994,73.876159364
97.967013889,96.625000000,79.275556106,-10.279385625,70.826877748,71.568934464,14.769194852,73.904297023
98.093750000,96.750000000,79.321143679,-10.437348903,70.849288520,71.613964671,14.755520523,73.933958614
98.220486111,96.875000000,79.366713253,-10.595454659,70.871329250,71.658976891,14.741831736,73.964146931
98.347222222,97.000000000,79.412264725,-10.753702001,70.892999334,71.703971029,14.728128648,73.994321100
98.473958333,97.125000000,79.457797994,-10.912090016,70.914298171,71.748946986,14.714411288,74.024481000
98.600694444,97.250000000,79.503312957,-11.070617789,70.935225160,71.793904662,14.700679682,74.054626510
98.727430556,97.375000000,79.548809514,-11.229284401,70.955779703,71.838843959,14.686933855,74.084757510
98.854166667,97.500000000,79.594287562,-11.388088933,70.975961204,71.883764776,14.673173836,74.114873878
98.980902778,97.625000000,79.639746998,-11.547030462,70.995769071,71.928667014,14.659399649,74.144975494
99.107638889,97.750000000,79.685187721,-11.706107795,71.015202678,71.973550497,14.645609381,74.172619869
99.234375000,97.875000000,79.730609614,-11.865319534,71.034261371,72.018414979,14.631799684,74.199817875
99.361111111,98.000000000,79.776012559,-12.024664740,71.052944551,72.063260344,14.617970532,74.227002848
99.487847222,98.125000000,79.821396436,-12.184142478,71.071251622,72.108086475,14.604121962,74.254174640
99.614583333,98.250000000,79.866761126,-12.343751813,71.089181992,72.152893255,14.590254009,74.281333102
99.741319444,98.375000000,79.912106510,-12.503491806,71.106735070,72.197680570,14.576366709,74.308478088
99.868055556,98.500000000,79.957432468,-12.663361516,71.123910269,72.242448303,14.562460097,74.335609448
99.994791667,98.625000000,80.002738880,-12.823359999,71.140707003,72.287196339,14.548534208,74.362727036
100.121527778,98.750000000,80.048025629,-12.983486282,71.157124685,72.331924553,14.534588880,74.389609792
100.248263889,98.875000000,80.093292593,-13.143739384,71.173162732,72.376632819,14.520623915,74.416469194
100.375000000,99.000000000,80.138539651,-13.304118355,71.188820564,72.421321021,14.506639349,74.443314563
100.501736111,99.125000000,80.183766683,-13.464622239,71.204097604,72.465989041,14.492635217,74.470145750
100.628472222,99.250000000,80.228973568,-13.625250083,71.218993279,72.510636761,14.478611554,74.496962606
100.755208333,99.375000000,80.274160185,-13.786000927,71.233507017,72.555264065,14.464568395,74.523764981
100.881944444,99.500000000,80.319326414,-13.946873811,71.247638249,72.599870835,14.450505774,74.550552726
101.008680556,99.625000000,80.364472134,-14.107867772,71.261386409,72.644456953,14.436423728,74.577346953
101.135416667,99.750000000,80.409597225,-14.268981891,71.274750937,72.689022316,14.422322617,74.604415264
101.262152778,99.875000000,80.454701567,-14.430215233,71.287731275,72.733566817,14.408202725,74.631468255
101.388888889,100.000000000,80.499785043,-14.591566830,71.300326866,72.778090341,14.394064086,74.658505781
101.515625000,100.125000000,80.544847532,-14.753035708,71.312537154,72.822592772,14.379906731,74.685527695
101.642361111,100.250000000,80.589888917,-14.914620895,71.324361589,72.867073994,14.365730695,74.712533854
101.769097222,100.375000000,80.634909078,-15.076321411,71.335799619,72.911533893,14.351536008,74.739524110
101.895833333,100.500000000,80.679907897,-15.238136278,71.346850698,72.955972351,14.337322704,74.766498321
102.022569444,100.625000000,80.724885255,-15.400064506,71.357514280,73.000389252,14.323090753,74.793082003
102.149305556,100.750000000,80.769841029,-15.562104758,71.367789798,73.044784380,14.308837657,74.817922668
102.276041667,100.875000000,80.814775090,-15.724255861,71.377676693,73.089157557,14.294562135,74.842748568
102.402777778,101.000000000,80.859687305,-15.886516825,71.387174420,73.133508657,14.280264224,74.867559540
102.529513889,101.125000000,80.904577544,-16.048886657,71.396282435,73.177837550,14.265943963,74.892355415
102.656250000,101.250000000,80.949445673,-16.211364363,71.405000200,73.222144110,14.251601391,74.917136029
102.782986111,101.375000000,80.994291563,-16.373948944,71.413327177,73.266428209,14.237236545,74.941901216
102.909722222,101.500000000,81.039115080,-16.536639401,71.421262831,73.310689719,14.222849463,74.966650811
103.036458333,101.625000000,81.083916094,-16.699434726,71.428806630,73.354928511,14.208440146,74.991243125
103.163194444,101.750000000,81.128694472,-16.862333825,71.435958041,73.399144431,14.194007986,75.015469357
103.289930556,101.875000000,81.173450079,-17.025335656,71.442716532,73.443337340,14.179552791,75.039679929
103.416666667,102.000000000,81.218182782,-17.188439212,71.449081579,73.487507109,14.165074599,75.063874670
103.543402778,102.125000000,81.262892444,-17.351643479,71.455052659,73.531653605,14.150573449,75.088053411
103.670138889,102.250000000,81.307578932,-17.514947443,71.460629251,73.575776699,14.136049379,75.112215982
103.796875000,102.375000000,81.352242111,-17.678350087,71.465810838,73.619876260,14.121502428,75.136362213
103.923611111,102.500000000,81.396881847,-17.841850391,71.470596905,73.663952156,14.106932632,75.160491935
104.050347222,102.625000000,81.441498004,-18.005447312,71.474986939,73.708004252,14.092339863,75.184149394
104.177083333,102.750000000,81.486090445,-18.169139605,71.478980423,73.752032354,14.077722584,75.207099499
104.303819444,102.875000000,81.530659029,-18.332926188,71.482576846,73.796036311,14.063080450,75.230033616
104.430555556,103.000000000,81.575203614,-18.496806032,71.485775699,73.840015985,14.048413501,75.252951564
104.557291667,103.125000000,81.619724058,-18.660778106,71.488576476,73.883971240,14.033721778,75.275853161
104.684027778,103.250000000,81.664220220,-18.824841374,71.490978676,73.927901937,14.019005322,75.298738228
104.810763889,103.375000000,81.708691959,-18.988994800,71.492981797,73.971807939,14.004264173,75.321606582
104.937500000,103.500000000,81.753139132,-19.153237346,71.494585344,74.015689109,13.989498371,75.344458045
105.064236111,103.625000000,81.797561598,-19.317567913,71.495788822,74.059545295,13.974707554,75.366437107
105.190972222,103.750000000,81.841959209,-19.481985130,71.496591734,74.103376267,13.959889416,75.387567929
105.317708333,103.875000000,81.886331815,-19.646487895,71.496993584,74.147181863,13.945043621,75.408682929
105.444444444,104.000000000,81.930679262,-19.811075160,71.496993881,74.190961936,13.930170214,75.429781909
105.571180556,104.125000000,81.975001400,-19.975745871,71.496592134,74.234716339,13.915269240,75.450864670
105.697916667,104.250000000,82.019298076,-20.140498974,71.495787859,74.278444925,13.900340743,75.471931015
105.824652778,104.375000000,82.063569137,-20.305333412,71.494580571,74.322147547,13.885384766,75.492980747
105.951388889,104.500000000,82.107814433,-20.470248125,71.492969790,74.365824057,13.870401354,75.514013668
106.078125000,104.625000000,82.152033811,-20.635242031,71.490955039,74.409474303,13.855390399,75.534766162
106.204861111,104.750000000,82.196227118,-20.800313985,71.488535843,74.453098114,13.840351363,75.555337892
106.331597222,104.875000000,82.240394198,-20.965462911,71.485711728,74.496695339,13.825284231,75.575892644
106.458333333,105.000000000,82.284534897,-21.130687740,71.482482226,74.540265827,13.810189047,75.596430216
106.585069444,105.125000000,82.328649061,-21.295987401,71.478846868,74.583809429,13.795065856,75.616950407
106.711805556,105.250000000,82.372736535,-21.461360820,71.474805191,74.627325996,13.779914702,75.637453017
106.838541667,105.375000000,82.416797165,-21.626806922,71.470356732,74.670815377,13.764735626,75.657937845
106.965277778,105.500000000,82.460830795,-21.792324627,71.465501034,74.714277422,13.749528674,75.678404690
107.092013889,105.625000000,82.504837271,-21.957912687,71.460237647,74.757711937,13.734292675,75.697049711
107.218750000,105.750000000,82.548816426,-22.123569567,71.454566125,74.801118645,13.719024458,75.714997999
107.345486111,105.875000000,82.592768093,-22.289294155,71.448486011,74.844497374,13.703723901,75.732930310
107.472222222,106.000000000,82.636692099,-22.455085361,71.441996847,74.887847960,13.688391055,75.750846414
107.598958333,106.125000000,82.680588277,-22.620942093,71.435098183,74.931170240,13.673025969,75.768746083
107.725694444,106.250000000,82.724456455,-22.786863254,71.427789567,74.974464048,13.657628693,75.786629091
107.852430556,106.375000000,82.768296463,-22.952847748,71.420070553,75.017729221,13.642199276,75.804495209
107.979166667,106.500000000,82.812108133,-23.118894476,71.411940698,75.060965595,13.626737767,75.822344210
108.105902778,106.625000000,82.855891292,-23.285002241,71.403399565,75.104172979,13.611243548,75.839312932
108.232638889,106.750000000,82.899645767,-23.451169769,71.394446724,75.147351161,13.595715448,75.856095398
108.359375000,106.875000000,82.943371382,-23.617395949,71.385081735,75.190499970,13.580153495,75.872861223
108.486111111,107.000000000,82.987067959,-23.783679669,71.375304165,75.233619235,13.564557738,75.889610170
108.612847222,107.125000000,83.030735322,-23.950019817,71.365113581,75.276708786,13.548928228,75.906342000
108.739583333,107.250000000,83.074373296,-24.116415279,71.354509554,75.319768452,13.533265017,75.923056475
108.866319444,107.375000000,83.117981704,-24.282864938,71.343491661,75.362798063,13.517568154,75.939753358
108.993055556,107.500000000,83.161560369,-24.449367674,71.332059478,75.405797449,13.501837690,75.956432413
109.119791667,107.625000000,83.205109114,-24.615922206,71.320212596,75.448766397,13.486072533,75.971790749
109.246527778,107.750000000,83.248627756,-24.782527213,71.307950611,75.491704679,13.470271327,75.987056838
109.373263889,107.875000000,83.292116109,-24.949181565,71.295273104,75.534612117,13.454434121,76.002305988
109.500000000,108.000000000,83.335573990,-25.115884133,71.282179659,75.577488532,13.438560967,76.017537947
109.626736111,108.125000000,83.379001213,-25.282633784,71.268669868,75.620333745,13.422651920,76.032752462
109.753472222,108.250000000,83.422397592,-25.449429382,71.254743320,75.663147578,13.406707031,76.047949281
109.880208333,108.375000000,83.465762944,-25.616269792,71.240399612,75.705929853,13.390726352,76.063128153
110.006944444,108.500000000,83.509097084,-25.783153871,71.225638343,75.748680390,13.374709929,76.078155627
110.133680556,108.625000000,83.552399823,-25.950080132,71.210459143,75.791398920,13.358655328,76.090868567
110.260416667,108.750000000,83.595670964,-26.117047149,71.194861635,75.834085179,13.342560593,76.103565842
110.387152778,108.875000000,83.638910306,-26.284053770,71.178845418,75.876738976,13.326425783,76.116247172
110.513888889,109.000000000,83.682117650,-26.451098845,71.162410094,75.919360117,13.310250956,76.128912275
110.640625000,109.125000000,83.725292795,-26.618181219,71.145555270,75.961948409,13.294036169,76.141560872
110.767361111,109.250000000,83.768435542,-26.785299735,71.128280554,76.004503659,13.277781480,76.154192682
110.894097222,109.375000000,83.811545690,-26.952453234,71.110585560,76.047025675,13.261486946,76.166807427
111.020833333,109.500000000,83.854623040,-27.119640555,71.092469903,76.089514263,13.245152624,76.179408404
111.147569444,109.625000000,83.897667391,-27.286860538,71.073933204,76.131969231,13.228778596,76.192009928
111.274305556,109.750000000,83.940678543,-27.454112018,71.054975084,76.174390388,13.212364932,76.204593522
111.401041667,109.875000000,83.983656298,-27.621393829,71.035595172,76.216777539,13.195911688,76.217158911
111.527777778,110.000000000,84.026600454,-27.788704799,71.015793097,76.259130493,13.179418918,76.229705816
111.654513889,110.125000000,84.069510812,-27.956043756,70.995568492,76.301449056,13.162886677,76.242233962
111.781250000,110.250000000,84.112387171,-28.123409525,70.974920997,76.343733035,13.146315020,76.254743073
111.907986111,110.375000000,84.155229333,-28.290800929,70.953850250,76.385982238,13.129704001,76.267232874
112.034722222,110.500000000,84.198037097,-28.458216766,70.932355900,76.428196466,13.113053509,76.279054584
112.161458333,110.625000000,84.240810258,-28.625655429,70.910437647,76.470375414,13.096360526,76.289139906
112.288194444,110.750000000,84.283548603,-28.793115568,70.888095153,76.512518835,13.079623954,76.299208228
112.414930556,110.875000000,84.326251916,-28.960595996,70.865328064,76.554626523,13.062843851,76.309259245
112.541666667,111.000000000,84.368919983,-29.128095520,70.842136030,76.596698270,13.046020279,76.319292652
112.668402778,111.125000000,84.411552589,-29.295612945,70.818518703,76.638733869,13.029153295,76.329308145
112.795138889,111.250000000,84.454149520,-29.463147076,70.794475740,76.680733114,13.012242958,76.339305421
112.921875000,111.375000000,84.496710560,-29.630696714,70.770006802,76.722695798,12.995289326,76.349284177
113.048611111,111.500000000,84.539235495,-29.798260684,70.745111548,76.764621719,12.978292638,76.359747928
113.175347222,111.625000000,84.581724114,-29.965838031,70.719789611,76.806510736,12.961254748,76.371001047
113.302083333,111.750000000,84.624176209,-30.133427616,70.694040658,76.848362666,12.944176173,76.382232999
113.428819444,111.875000000,84.666591575,-30.301028235,70.667864370,76.890177310,12.927056968,76.393443503
113.555555556,112.000000000,84.708970005,-30.468638681,70.641260430,76.931954467,12.909897184,76.404632275
113.682291667,112.125000000,84.751311292,-30.636257743,70.614228525,76.973693940,12.892696873,76.415799034
113.809027778,112.250000000,84.793615231,-30.803884212,70.586768348,77.015395528,12.875456087,76.426943497
113.935763889,112.375000000,84.835881613,-30.971516872,70.558879593,77.057059033,12.858174878,76.438065384
114.062500000,112.500000000,84.878110233,-31.139154422,70.530561973,77.098684232,12.840852667,76.447792716
114.189236111,112.625000000,84.920300876,-31.306795107,70.501815276,77.140270787,12.823485623,76.456089917
114.315972222,112.750000000,84.962453318,-31.474437611,70.472639212,77.181818458,12.806073139,76.464367428
114.442708333,112.875000000,85.004567334,-31.642080707,70.443033482,77.223327030,12.788615274,76.472624932
114.569444444,113.000000000,85.046642700,-31.809723168,70.412997786,77.264796287,12.771112085,76.480862114
114.696180556,113.125000000,85.088679193,-31.977363761,70.382531833,77.306226012,12.753563629,76.489078659
114.822916667,113.250000000,85.130676589,-32.145001253,70.351635332,77.347615990,12.735969963,76.497274252
114.949652778,113.375000000,85.172634662,-32.312634411,70.320307998,77.388966006,12.718331144,76.505448579
115.076388889,113.500000000,85.214553191,-32.480262073,70.288549534,77.430275861,12.700647785,76.514592902
115.203125000,113.625000000,85.256431956,-32.647883313,70.256359609,77.471545424,12.682922207,76.524367084
115.329861111,113.750000000,85.298270744,-32.815496926,70.223737948,77.512774494,12.665154705,76.534116851
115.456597222,113.875000000,85.340069341,-32.983101671,70.190684287,77.553962868,12.647345327,76.543841914
115.583333333,114.000000000,85.381827533,-33.150696307,70.157198366,77.595110337,12.629494125,76.553541982
115.710069444,114.125000000,85.423545108,-33.318279589,70.123279931,77.636216697,12.611601146,76.563216767
115.836805556,114.250000000,85.465221851,-33.485850272,70.088928728,77.677281741,12.593666440,76.572865982
115.963541667,114.375000000,85.506857548,-33.653407106,70.054144511,77.718305263,12.575690056,76.582489338
116.090277778,114.500000000,85.548451986,-33.820948616,70.018927080,77.759287000,12.557670386,76.589596167
116.217013889,114.625000000,85.590004935,-33.988472915,69.983276320,77.800226578,12.539602878,76.595674968
116.343750000,114.750000000,85.631516159,-34.155978707,69.947191988,77.841123761,12.521487322,76.601731835
116.470486111,114.875000000,85.672985423,-34.323464729,69.910673837,77.881978322,12.503323773,76.607766437
116.597222222,115.000000000,85.714412491,-34.490929717,69.873721625,77.922790033,12.485112288,76.613778442
116.723958333,115.125000000,85.755797127,-34.658372404,69.836335116,77.963558668,12.466852923,76.619767517
116.850694444,115.250000000,85.797139094,-34.825791522,69.798514074,78.004283998,12.448545734,76.625733333
116.977430556,115.375000000,85.838438158,-34.993185801,69.760258269,78.044965797,12.430190776,76.631675560
117.104166667,115.500000000,85.879694082,-35.160554116,69.721567443,78.085603875,12.411789195,76.639013323
117.230902778,115.625000000,85.920906640,-35.327895481,69.682441313,78.126198080,12.393343133,76.646632183
117.357638889,115.750000000,85.962075606,-35.495208630,69.642879667,78.166748199,12.374852689,76.654224069
117.484375000,115.875000000,86.003200755,-35.662492287,69.602882297,78.207254013,12.356317912,76.661788676
117.611111111,116.000000000,86.044281862,-35.829745177,69.562449002,78.247715306,12.337738851,76.669325702
117.737847222,116.125000000,86.085318704,-35.996966021,69.521579582,78.288131861,12.319115553,76.676834842
117.864583333,116.250000000,86.126311054,-36.164153539,69.480273843,78.328503462,12.300448067,76.684315795
117.991319444,116.375000000,86.167258688,-36.331306450,69.438531595,78.368829891,12.281736439,76.691768259
118.118055556,116.500000000,86.208161377,-36.498423053,69.396352753,78.409110828,12.262977652,76.695683542
118.244791667,116.625000000,86.249018879,-36.665501517,69.353737259,78.449345908,12.244167780,76.699316972
118.371527778,116.750000000,86.289830942,-36.832540546,69.310684922,78.489534891,12.225306860,76.702926354
118.498263889,116.875000000,86.330597319,-36.999538843,69.267195551,78.529677537,12.206394950,76.706511338
118.625000000,117.000000000,86.371317761,-37.166495108,69.223268963,78.569773607,12.187432105,76.710071572
118.751736111,117.125000000,86.411992017,-37.333408042,69.178904978,78.609822859,12.168418379,76.713606707
118.878472222,117.250000000,86.452619839,-37.500276341,69.134103420,78.649825056,12.149353828,76.717116395
119.005208333,117.375000000,86.493200977,-37.667098702,69.088864117,78.689779956,12.130238505,76.720644860
119.131944444,117.500000000,86.533735185,-37.833873967,69.043186862,78.729687357,12.111073564,76.725186358
119.258680556,117.625000000,86.574222219,-38.000600955,68.997071462,78.769547055,12.091859993,76.729699768
119.385416667,117.750000000,86.614661836,-38.167278361,68.950517762,78.809358817,12.072597840,76.734184758
119.512152778,117.875000000,86.655053794,-38.333904874,68.903525612,78.849122409,12.053287154,76.738640998
119.638888889,118.000000000,86.695397852,-38.500479184,68.856094866,78.888837598,12.033927985,76.743068159
119.765625000,118.125000000,86.735693767,-38.666999977,68.808225382,78.928504151,12.014520382,76.747465913
119.892361111,118.250000000,86.775941298,-38.833465941,68.759917023,78.968121834,11.995064390,76.751833930
120.019097222,118.375000000,86.816140201,-38.999875756,68.711169657,79.007690415,11.975560042,76.756044913
120.145833333,118.500000000,86.856290234,-39.166227971,68.661983194,79.047209625,11.956006386,76.759510552
120.272569444,118.625000000,86.896391149,-39.332521188,68.612357528,79.086679211,11.936402900,76.762946692
120.399305556,118.750000000,86.936442700,-39.498754085,68.562292537,79.126098932,11.916749632,76.766352996
120.526041667,118.875000000,86.976444637,-39.664925337,68.511788102,79.165468551,11.897046630,76.769729129
120.652777778,119.000000000,87.016396715,-39.831033618,68.460844108,79.204787829,11.877293941,76.773074754
120.779513889,119.125000000,87.056298684,-39.997077600,68.409460445,79.244056527,11.857491612,76.776389537
120.906250000,119.250000000,87.096150298,-40.163055954,68.357637008,79.283274408,11.837639690,76.779673143
121.032986111,119.375000000,87.135951309,-40.328967350,68.305373695,79.322441233,11.817738225,76.782942133
121.159722222,119.500000000,87.175701469,-40.494810467,68.252670406,79.361556766,11.797787348,76.786227234
121.286458333,119.625000000,87.215400531,-40.660583974,68.199527047,79.400620770,11.777787137,76.789480067
121.413194444,119.750000000,87.255048248,-40.826286538,68.145943531,79.439633007,11.757737636,76.792700301
121.539930556,119.875000000,87.294644374,-40.991916820,68.091919775,79.478593239,11.737638890,76.795887607
121.666666667,120.000000000,87.334188660,-41.157473482,68.037455700,79.517501228,11.717490942,76.799041655
121.793402778,120.125000000,87.373680859,-41.322955185,67.982551231,79.556356736,11.697293836,76.802162116
121.920138889,120.250000000,87.413120725,-41.488360587,67.927206299,79.595159525,11.677047615,76.805248664
122.046875000,120.375000000,87.452508010,-41.653688336,67.871420842,79.633909354,11.656752250,76.808101651
122.173611111,120.500000000,87.491842465,-41.818936987,67.815194831,79.672605961,11.636407037,76.810581020
122.300347222,120.625000000,87.531123841,-41.984105168,67.758528217,79.711249099,11.616011816,76.813026267
122.427083333,120.750000000,87.570351886,-42.149191529,67.701420947,79.749838525,11.595566630,76.815437058
122.553819444,120.875000000,87.609526349,-42.314194721,67.643872970,79.788373999,11.575071520,76.817813063
122.680555556,121.000000000,87.648646980,-42.479113393,67.585884243,79.826855278,11.554526528,76.820153951
122.807291667,121.125000000,87.687713528,-42.643946191,67.527454726,79.865282122,11.533931694,76.822459390
122.934027778,121.250000000,87.726725742,-42.808691762,67.468584382,79.903654290,11.513287060,76.824729051
123.060763889,121.375000000,87.765683373,-42.973348809,67.409273159,79.941971552,11.492593120,76.827960744
123.187500000,121.500000000,87.804586175,-43.137916368,67.349520895,79.980233766,11.471852869,76.832237569
123.314236111,121.625000000,87.843433912,-43.302393155,67.289327550,80.018440719,11.451066879,76.836474781
123.440972222,121.750000000,87.882226346,-43.466777816,67.228693115,80.056592181,11.430235182,76.840672079
123.567708333,121.875000000,87.920963241,-43.631068995,67.167617586,80.094687925,11.409357811,76.844829165
123.694444444,122.000000000,87.959644360,-43.795265336,67.106100961,80.132727721,11.388434800,76.848945737
123.821180556,122.125000000,87.998269465,-43.959365482,67.044143246,80.170711342,11.367466179,76.853021499
123.947916667,122.250000000,88.036838320,-44.123368072,66.981744449,80.208638559,11.346451982,76.857056152
124.074652778,122.375000000,88.075350687,-44.287271624,66.918904631,80.246509113,11.325391298,76.859366667
124.201388889,122.500000000,88.113806319,-44.451074247,66.855624005,80.284322646,11.304280131,76.860464615
124.328125000,122.625000000,88.152204959,-44.614774511,66.791902605,80.322078897,11.283118060,76.861524478
124.454861111,122.750000000,88.190546352,-44.778371046,66.727740450,80.359777619,11.261905124,76.862545924
124.581597222,122.875000000,88.228830241,-44.941862479,66.663137559,80.397418567,11.240641357,76.863528622
124.708333333,123.000000000,88.267056372,-45.105247437,66.598093959,80.435001494,11.219326798,76.864472239
124.835069444,123.125000000,88.305224488,-45.268524547,66.532609680,80.472526153,11.197961481,76.865376447
124.961805556,123.250000000,88.343334332,-45.431692431,66.466684758,80.509992298,11.176545441,76.866240915
125.088541667,123.375000000,88.381385651,-45.594749808,66.400319196,80.547399706,11.155079447,76.868165168
125.215277778,123.500000000,88.419378194,-45.757695580,66.333512929,80.584748198,11.133565661,76.870521607
125.342013889,123.625000000,88.457311716,-45.920528388,66.266266006,80.622037544,11.112004251,76.872835144
125.468750000,123.750000000,88.495185972,-46.083246857,66.198578487,80.659267506,11.090395246,76.875105473
125.595486111,123.875000000,88.533000717,-46.245849609,66.130450438,80.696437847,11.068738676,76.877332287
125.722222222,124.000000000,88.570755704,-46.408335268,66.061881927,80.733548331,11.047034568,76.879515280
125.848958333,124.125000000,88.608450689,-46.570702454,65.992873031,80.770598722,11.025282953,76.881654148
125.975694444,124.250000000,88.646085425,-46.732949788,65.923423827,80.807588783,11.003483857,76.883748586
126.102430556,124.375000000,88.683659668,-46.895075800,65.853534437,80.844518257,10.981636617,76.884903797
126.229166667,124.500000000,88.721173166,-47.057078928,65.783205025,80.881386861,10.959739878,76.885803085
126.355902778,124.625000000,88.758625666,-47.218957782,65.712435680,80.918194351,10.937793629,76.886658530
126.482638889,124.750000000,88.796016916,-47.380710975,65.641226498,80.954940484,10.915797900,76.887469817
126.609375000,124.875000000,88.833346662,-47.542337121,65.569577577,80.991625015,10.893752718,76.888236631
126.736111111,125.000000000,88.870614653,-47.703834831,65.497489021,81.028247702,10.871658112,76.888958656
126.862847222,125.125000000,88.907820634,-47.865202715,65.424960939,81.064808301,10.849514110,76.889635579
126.989583333,125.250000000,88.944964354,-48.026439384,65.351993444,81.101306568,10.827320737,76.890267086
127.116319444,125.375000000,88.982045558,-48.187543348,65.278586698,81.137742237,10.805077250,76.889975479
127.243055556,125.500000000,89.019063989,-48.348513080,65.204740883,81.174115029,10.782782622,76.889560543
127.369791667,125.625000000,89.056019387,-48.509347184,65.130456123,81.210424695,10.760436876,76.889100583
127.496527778,125.750000000,89.092911493,-48.670044264,65.055732548,81.246670984,10.738040037,76.888595274
127.623263889,125.875000000,89.129740049,-48.830602922,64.980570292,81.282853648,10.715592134,76.888044296
127.750000000,126.000000000,89.166504793,-48.991021762,64.904969494,81.318972437,10.693093193,76.887447326
127.876736111,126.125000000,89.203205468,-49.151299384,64.828930298,81.355027102,10.670543240,76.886804044
128.003472222,126.250000000,89.239841814,-49.311434390,64.752452852,81.391017392,10.647942300,76.886131057
128.130208333,126.375000000,89.276413573,-49.471425459,64.675537275,81.426943076,10.625291023,76.886011608
128.256944444,126.500000000,89.312920488,-49.631271263,64.598183691,81.462803925,10.602589994,76.885844027
128.383680556,126.625000000,89.349362306,-49.790970401,64.520392267,81.498599692,10.579839235,76.885628006
128.510416667,126.750000000,89.385738769,-49.950521473,64.442163175,81.534330132,10.557038768,76.885363234
128.637152778,126.875000000,89.422049625,-50.109923080,64.363496590,81.569995000,10.534188616,76.885049402
128.763888889,127.000000000,89.458294616,-50.269173818,64.284392692,81.605594049,10.511288799,76.884686200
128.890625000,127.125000000,89.494473490,-50.428272286,64.204851668,81.641127034,10.488339339,76.884273322
129.017361111,127.250000000,89.530585989,-50.587217078,64.124873709,81.676593709,10.465340226,76.883588298
129.144097222,127.375000000,89.566631857,-50.746006548,64.044459132,81.711993772,10.442289551,76.881454671
129.270833333,127.500000000,89.602610828,-50.904639144,63.963608205,81.747326935,10.419186174,76.879272719
129.397569444,127.625000000,89.638522637,-51.063113456,63.882321127,81.782592942,10.396030117,76.877042115
129.524305556,127.750000000,89.674367018,-51.221428074,63.800598103,81.817791539,10.372821403,76.874762534
129.651041667,127.875000000,89.710143703,-51.379581589,63.718439343,81.852922468,10.349560052,76.872433654
129.777777778,128.000000000,89.745852428,-51.537572588,63.635845061,81.887985474,10.326246087,76.870055149
129.904513889,128.125000000,89.781492926,-51.695399661,63.552815478,81.922980300,10.302879528,76.867626698
130.031250000,128.250000000,89.817064931,-51.853061391,63.469350820,81.957906690,10.279460354,76.864976860
130.157986111,128.375000000,89.852568175,-52.010556251,63.385451376,81.992764362,10.255987667,76.861754200
130.284722222,128.500000000,89.888002389,-52.167882779,63.301117406,82.027553044,10.232461106,76.858481631
130.411458333,128.625000000,89.923367300,-52.325039560,63.216349144,82.062272477,10.208880691,76.855158826
130.538194444,128.750000000,89.958662638,-52.482025178,63.131146836,82.096922400,10.185246443,76.851785454
130.664930556,128.875000000,89.993888133,-52.638838216,63.045510727,82.131502553,10.161558381,76.848361191
130.791666667,129.000000000,90.029043514,-52.795477258,62.959441071,82.166012675,10.137816523,76.844885708
130.918402778,129.125000000,90.064128509,-52.951940886,62.872938126,82.200452506,10.114020887,76.841358681
131.045138889,129.250000000,90.099142848,-53.108227686,62.786002152,82.234821786,10.090171520,76.837861515
131.171875000,129.375000000,90.134086261,-53.264336280,62.698633397,82.269120265,10.066268762,76.834459674
131.298611111,129.500000000,90.168958478,-53.420265262,62.610832127,82.303347686,10.042312723,76.831004986
131.425347222,129.625000000,90.203759230,-53.576013212,62.522598623,82.337503790,10.018303417,76.827497130
131.552083333,129.750000000,90.238488248,-53.731578714,62.433933169,82.371588318,9.994240861,76.823935787
131.678819444,129.875000000,90.273145263,-53.886960348,62.344836053,82.405601011,9.970125068,76.820320638
131.805555556,130.000000000,90.307730005,-54.042156695,62.255307571,82.439541611,9.945956054,76.816651366
131.932291667,130.125000000,90.342242205,-54.197166336,62.165348023,82.473409859,9.921733831,76.812927653
132.059027778,130.250000000,90.376681594,-54.351987801,62.074957743,82.507205483,9.897457982,76.808196557
132.185763889,130.375000000,90.411047895,-54.506619306,61.984137248,82.540928142,9.873125544,76.802319891
132.312500000,130.500000000,90.445340826,-54.661059358,61.892886886,82.574577548,9.848735966,76.796390848
132.439236111,130.625000000,90.479560103,-54.815306529,61.801206970,82.608153429,9.824289264,76.790409087
132.565972222,130.750000000,90.513705444,-54.969359394,61.709097819,82.641655513,9.799785453,76.784374271
132.692708333,130.875000000,90.547776563,-55.123216526,61.616559756,82.675083528,9.775224549,76.778286060
132.819444444,131.000000000,90.581773179,-55.276876496,61.523593111,82.708437202,9.750606565,76.772144119
132.946180556,131.125000000,90.615695008,-55.430337878,61.430198217,82.741716263,9.725931515,76.765948110
133.072916667,131.250000000,90.649541766,-55.583599234,61.336375420,82.774920438,9.701199328,76.759545878
133.199652778,131.375000000,90.683313170,-55.736659090,61.242125093,82.808049442,9.676409634,76.752977168
133.326388889,131.500000000,90.717008933,-55.889516012,61.147447588,82.841103001,9.651562398,76.746353786
133.453125000,131.625000000,90.750628771,-56.042168571,61.052343258,82.874080843,9.626657633,76.739675397
133.579861111,131.750000000,90.784172398,-56.194615339,60.956812465,82.906982691,9.601695351,76.732941664
133.706597222,131.875000000,90.817639530,-56.346854886,60.860855573,82.939808275,9.576675562,76.726152254
133.833333333,132.000000000,90.851029881,-56.498885784,60.764472952,82.972557318,9.551598278,76.719306831
133.960069444,132.125000000,90.884343166,-56.650706603,60.667664977,83.005229549,9.526463508,76.712405063
134.086805556,132.250000000,90.917579100,-56.802315918,60.570432029,83.037824693,9.501271289,76.705486048
134.213541667,132.375000000,90.950737397,-56.953712309,60.472774486,83.070342481,9.476021710,76.698528088
134.340277778,132.500000000,90.983817774,-57.104894349,60.374692741,83.102782637,9.450714785,76.691512701
134.467013889,132.625000000,91.016819945,-57.255860607,60.276187189,83.135144891,9.425350522,76.684439560
134.593750000,132.750000000,91.049743625,-57.406609657,60.177258235,83.167428967,9.399928927,76.677308335
134.720486111,132.875000000,91.082588530,-57.557140069,60.077906285,83.199634593,9.374450009,76.670118699
134.847222222,133.000000000,91.115354375,-57.707450414,59.978131752,83.231761496,9.348913772,76.662870326
134.973958333,133.125000000,91.148040876,-57.857539265,59.877935055,83.263809403,9.323320223,76.655562888
135.100694444,133.250000000,91.180647745,-58.007404979,59.777316760,83.295777992,9.297667525,76.645837769
135.227430556,133.375000000,91.213174682,-58.157045671,59.676277589,83.327666882,9.271951816,76.635447243
135.354166667,133.500000000,91.245621384,-58.306459890,59.574817977,83.359475777,9.246172982,76.625001336
135.480902778,133.625000000,91.277987543,-58.455646197,59.472938353,83.391204384,9.220331031,76.614499690
135.607638889,133.750000000,91.310272855,-58.604603155,59.370639152,83.422852411,9.194425974,76.603941945
135.734375000,133.875000000,91.342477013,-58.753329327,59.267920816,83.454419564,9.168457817,76.593327744
135.861111111,134.000000000,91.374599712,-58.901823275,59.164783789,83.485905552,9.142426568,76.582656732
135.987847222,134.125000000,91.406640647,-59.050083561,59.061228525,83.517310082,9.116332234,76.571928551
136.114583333,134.250000000,91.438599513,-59.198108845,58.957255412,83.548632883,9.090175660,76.562083066
136.241319444,134.375000000,91.470476010,-59.345897832,58.852864821,83.579873696,9.063958056,76.552277826
136.368055556,134.500000000,91.502269839,-59.493449089,58.748057221,83.611032237,9.037679433,76.542412690
136.494791667,134.625000000,91.533980703,-59.640761183,58.642833090,83.642108219,9.011339794,76.532487318
136.621527778,134.750000000,91.565608303,-59.787832683,58.537192910,83.673101356,8.984939141,76.522501374
136.748263889,134.875000000,91.597152341,-59.934662156,58.431137169,83.704011365,8.958477476,76.512454519
136.875000000,135.000000000,91.628612519,-60.081248171,58.324666361,83.734837958,8.931954798,76.502346419
137.001736111,135.125000000,91.659988538,-60.227589296,58.217780985,83.765580851,8.905371108,76.492156288
137.128472222,135.250000000,91.691280098,-60.373683930,58.110481669,83.796239719,8.878724886,76.480433057
137.255208333,135.375000000,91.722486893,-60.519530475,58.002769038,83.826814236,8.852014695,76.468649987
137.381944444,135.500000000,91.753608613,-60.665127496,57.894643602,83.857304106,8.825240535,76.456806729
137.508680556,135.625000000,91.784644950,-60.810473557,57.786105877,83.887709033,8.798402406,76.444902932
137.635416667,135.750000000,91.815595594,-60.955567226,57.677156385,83.918028722,8.771500309,76.432938247
137.762152778,135.875000000,91.846460237,-61.100407068,57.567795653,83.948262878,8.744534243,76.420912328
137.888888889,136.000000000,91.877238571,-61.244991649,57.458024213,83.978411205,8.717504207,76.408824827
138.015625000,136.125000000,91.907930285,-61.389319536,57.347842604,84.008473408,8.690410186,76.396575933
138.142361111,136.250000000,91.938535071,-61.533389186,57.237251453,84.038449168,8.663251200,76.383558210
138.269097222,136.375000000,91.969052613,-61.677199098,57.126251358,84.068338171,8.636026632,76.370479212
138.395833333,136.500000000,91.999482598,-61.820747838,57.014842871,84.098140115,8.608736478,76.357338587
138.522569444,136.625000000,92.029824711,-61.964033970,56.903026551,84.127854701,8.581380735,76.344135982
138.649305556,136.750000000,92.060078637,-62.107056064,56.790802961,84.157481627,8.553959400,76.330871047
138.776041667,136.875000000,92.090244062,-62.249812685,56.678172669,84.187020594,8.526472468,76.317543432
138.902777778,137.000000000,92.120320671,-62.392302403,56.565136251,84.216471300,8.498919935,76.304152790
139.029513889,137.125000000,92.150308149,-62.534523787,56.451694285,84.245833445,8.471301804,76.290741825
139.156250000,137.250000000,92.180206183,-62.676475435,56.337847335,84.275106736,8.443618321,76.277408767
139.282986111,137.375000000,92.210014459,-62.818155930,56.223595984,84.304290874,8.415869588,76.264011334
139.409722222,137.500000000,92.239732663,-62.959563842,56.108940830,84.333385562,8.388055596,76.250549184
139.536458333,137.625000000,92.269360483,-63.100697745,55.993882476,84.362390499,8.360176338,76.237021978
139.663194444,137.750000000,92.298897605,-63.241556212,55.878421530,84.391305386,8.332231804,76.223429373
139.789930556,137.875000000,92.328343716,-63.382137816,55.762558607,84.420129925,8.304221984,76.209771033
139.916666667,138.000000000,92.357698503,-63.522441133,55.646294326,84.448863816,8.276146869,76.196046618
140.043402778,138.125000000,92.386961652,-63.662464737,55.529629316,84.477506760,8.248006434,76.182215623
140.170138889,138.250000000,92.416132850,-63.802207186,55.412564222,84.506058454,8.219800496,76.168240888
140.296875000,138.375000000,92.445211782,-63.941667051,55.295099684,84.534518596,8.191528992,76.154199265
140.423611111,138.500000000,92.474198136,-64.080842909,55.177236346,84.562886888,8.163191910,76.140090420
140.550347222,138.625000000,92.503091595,-64.219733341,55.058974855,84.591163029,8.134789236,76.125914018
140.677083333,138.750000000,92.531891847,-64.358336925,54.940315865,84.619346719,8.106320957,76.111669726
140.803819444,138.875000000,92.560598578,-64.496652243,54.821260034,84.647437659,8.077787058,76.097357213
140.930555556,139.000000000,92.589211473,-64.634677875,54.701808027,84.675435549,8.049187524,76.082976147
141.057291667,139.125000000,92.617730217,-64.772412430,54.581960492,84.703340095,8.020522573,76.069037921
141.184027778,139.250000000,92.646154502,-64.909854673,54.461717952,84.731151036,7.991793898,76.055649417
141.310763889,139.375000000,92.674484021,-65.047003229,54.341081058,84.758868089,7.963001824,76.042189541
141.437500000,139.500000000,92.702718467,-65.183856689,54.220050503,84.786490960,7.934146331,76.028657981
141.564236111,139.625000000,92.730857536,-65.320413644,54.098626981,84.814019359,7.905227400,76.015054423
141.690972222,139.750000000,92.758900920,-65.456672686,53.976811196,84.841452993,7.876245009,76.001378555
141.817708333,139.875000000,92.786848315,-65.592632409,53.854603854,84.868791571,7.847199137,75.987630066
141.944444444,140.000000000,92.814699414,-65.728291409,53.732005669,84.896034800,7.818089762,75.973808647
142.071180556,140.125000000,92.842453912,-65.863648291,53.609017349,84.923182391,7.788916961,75.960085752
142.197916667,140.250000000,92.870111504,-65.998701702,53.485639577,84.950234063,7.759681172,75.946422991
142.324652778,140.375000000,92.897671886,-66.133450247,53.361873077,84.977189527,7.730382431,75.932685893
142.451388889,140.500000000,92.925134755,-66.267892528,53.237718586,85.004048494,7.701020714,75.918874156
142.578125000,140.625000000,92.952499806,-66.402027147,53.113176845,85.030810674,7.671595995,75.904987478
142.704861111,140.750000000,92.979766737,-66.535852709,52.988248602,85.057475777,7.642108248,75.891025557
142.831597222,140.875000000,93.006935243,-66.669367817,52.862934611,85.084043515,7.612557446,75.876988093
142.958333333,141.000000000,93.034005022,-66.802571080,52.737235629,85.110513597,7.582943562,75.862874788
143.085069444,141.125000000,93.060975768,-66.935461125,52.611152402,85.136885737,7.553266767,75.848975642
143.211805556,141.250000000,93.087847182,-67.068036627,52.484685640,85.163159663,7.523527669,75.835141682
143.338541667,141.375000000,93.114618962,-67.200296204,52.357836114,85.189335086,7.493726284,75.821230318
143.465277778,141.500000000,93.141290808,-67.332238470,52.230604607,85.215411722,7.463862583,75.807241260
143.592013889,141.625000000,93.167862420,-67.463862041,52.102991907,85.241389284,7.433936535,75.793174217
143.718750000,141.750000000,93.194333496,-67.595165533,51.974998807,85.267267485,7.403948108,75.779028901
143.845486111,141.875000000,93.220703737,-67.726147566,51.846626105,85.293046039,7.373897270,75.764805023
143.972222222,142.000000000,93.246972842,-67.856806761,51.717874607,85.318724660,7.343783989,75.750502297
144.098958333,142.125000000,93.273140511,-67.987141835,51.588745027,85.344303081,7.313609201,75.737333715
144.225694444,142.250000000,93.299206452,-68.117151630,51.459237975,85.369781065,7.283375009,75.724424202
144.352430556,142.375000000,93.325170377,-68.246834783,51.329354268,85.395158338,7.253081452,75.711432661
144.479166667,142.500000000,93.351031995,-68.376189930,51.199094738,85.420434624,7.222728493,75.698358825
144.605902778,142.625000000,93.376791019,-68.505215705,51.068460221,85.445609648,7.192316095,75.685202426
144.732638889,142.750000000,93.402447159,-68.633910744,50.937451560,85.470683134,7.161844218,75.671963199
144.859375000,142.875000000,93.428000126,-68.762273687,50.806069602,85.495654807,7.131312824,75.658640878
144.986111111,143.000000000,93.453449632,-68.890303174,50.674315200,85.520524392,7.100721872,75.645235197
145.112847222,143.125000000,93.478795386,-69.017997795,50.542189266,85.545291603,7.070070794,75.631167895
145.239583333,143.250000000,93.504037096,-69.145356115,50.409692742,85.569956145,7.039358751,75.616946477
145.366319444,143.375000000,93.529174469,-69.272376776,50.276826497,85.594517738,7.008585693,75.602641866
145.493055556,143.500000000,93.554207209,-69.399058424,50.143591405,85.618976104,6.977751580,75.588253794
145.619791667,143.625000000,93.579135025,-69.525399707,50.009988342,85.643330962,6.946856371,75.573781994
145.746527778,143.750000000,93.603957621,-69.651399272,49.876018194,85.667582033,6.915900022,75.559226200
145.873263889,143.875000000,93.628674704,-69.777055770,49.741681850,85.691729036,6.884882492,75.544586148
146.000000000,144.000000000,93.653285980,-69.902367856,49.606980205,85.715771693,6.853803737,75.529861573
146.126736111,144.125000000,93.677791157,-70.027334270,49.471914067,85.739709741,6.822664619,75.515928901
146.253472222,144.250000000,93.702189946,-70.151953759,49.336484252,85.763542922,6.791465999,75.501909888
146.380208333,144.375000000,93.726482060,-70.276224985,49.200691673,85.787270962,6.760207832,75.487804282
146.506944444,144.500000000,93.750667211,-70.400146612,49.064537250,85.810893589,6.728890070,75.473611828
146.633680556,144.625000000,93.774745113,-70.523717309,48.928021907,85.834410529,6.697512666,75.459332277
146.760416667,144.750000000,93.798715479,-70.646935744,48.791146575,85.857821508,6.666075571,75.444965377
146.887152778,144.875000000,93.822578020,-70.769800588,48.653912189,85.881126254,6.634578737,75.430510878
147.013888889,145.000000000,93.846332450,-70.892310515,48.516319691,85.904324492,6.603022121,75.416011740
147.140625000,145.125000000,93.869978482,-71.014464246,48.378369975,85.927415960,6.571406160,75.401775253
147.267361111,145.250000000,93.893515831,-71.136260490,48.240063960,85.950400391,6.539731129,75.387449854
147.394097222,145.375000000,93.916944214,-71.257697930,48.101402605,85.973277516,6.507996976,75.373035301
147.520833333,145.500000000,93.940263346,-71.378775248,47.962386874,85.996047064,6.476203649,75.358531350
147.647569444,145.625000000,93.963472942,-71.499491132,47.823017736,86.018708765,6.444351096,75.343937761
147.774305556,145.750000000,93.986572719,-71.619844270,47.683296165,86.041262348,6.412439264,75.329254293
147.901041667,145.875000000,94.009562392,-71.739833352,47.543223141,86.063707543,6.380468098,75.314480706
148.027777778,146.000000000,94.032441677,-71.859457075,47.402799646,86.086044081,6.348437575,75.299747779
148.154513889,146.125000000,94.055210291,-71.978714211,47.262026583,86.108271706,6.316348476,75.285390487
148.281250000,146.250000000,94.077867954,-72.097603494,47.120904908,86.130390159,6.284201125,75.270941513
148.407986111,146.375000000,94.100414385,-72.216123628,46.979435624,86.152399174,6.251995465,75.256400627
148.534722222,146.500000000,94.122849306,-72.334273317,46.837619740,86.174298484,6.219731439,75.241767598
148.661458333,146.625000000,94.145172437,-72.452051271,46.695458269,86.196087825,6.187408990,75.227042196
148.788194444,146.750000000,94.167383497,-72.569456199,46.552952230,86.217766930,6.155028058,75.212224193
148.914930556,146.875000000,94.189482208,-72.686486815,46.410102647,86.239335533,6.122588585,75.197313360
149.041666667,147.000000000,94.211468289,-72.803141860,46.266910518,86.260793374,6.090090803,75.183158769
149.168402778,147.125000000,94.233341468,-72.919420399,46.123376458,86.282140257,6.057538553,75.170642568
149.295138889,147.250000000,94.255101483,-73.035321273,45.979501382,86.303375952,6.024932990,75.158029396
149.421875000,147.375000000,94.276748076,-73.150843216,45.835286341,86.324500214,5.992274050,75.145319050
149.548611111,147.500000000,94.298280985,-73.265984965,45.690732394,86.345512794,5.959561667,75.132511326
149.675347222,147.625000000,94.319699950,-73.380745261,45.545840603,86.366413445,5.926795778,75.119606022
149.802083333,147.750000000,94.341004712,-73.495122847,45.400612035,86.387201919,5.893976315,75.106602935
149.928819444,147.875000000,94.362195011,-73.609116468,45.255047763,86.407877970,5.861103213,75.093501865
150.055555556,148.000000000,94.383270585,-73.722724885,45.109148851,86.428441352,5.828176536,75.080586839
150.182291667,148.125000000,94.404231178,-73.835946937,44.962916270,86.448891836,5.795197234,75.067937006
150.309027778,148.250000000,94.425076534,-73.948781400,44.816351088,86.469229182,5.762165454,75.055187770
150.435763889,148.375000000,94.445806398,-74.061227034,44.669454397,86.489453148,5.729081127,75.042338939
150.562500000,148.500000000,94.466420514,-74.173282601,44.522227300,86.509563492,5.695944182,75.029390320
150.689236111,148.625000000,94.486918628,-74.284946868,44.374670900,86.529559971,5.662754550,75.016341719
150.815972222,148.750000000,94.507300485,-74.396218604,44.226786308,86.549442342,5.629512161,75.003192946
150.942708333,148.875000000,94.527565828,-74.507096579,44.078574640,86.569210363,5.596216943,74.989943810
151.069444444,149.000000000,94.547714405,-74.617579617,43.930036950,86.588863801,5.562869402,74.977590904
151.196180556,149.125000000,94.567745965,-74.727666740,43.781174046,86.608402463,5.529472337,74.965957895
151.322916667,149.250000000,94.587660270,-74.837356768,43.631987017,86.627826125,5.496026066,74.954221758
151.449652778,149.375000000,94.607457076,-74.946648495,43.482477004,86.647134558,5.462530515,74.942382318
151.576388889,149.500000000,94.627136143,-75.055540715,43.332645153,86.666327533,5.428985608,74.930439400
151.703125000,149.625000000,94.646697230,-75.164032226,43.182492612,86.685404819,5.395391269,74.918392830
151.829861111,149.750000000,94.666140096,-75.272121831,43.032020536,86.704366189,5.361747422,74.906242433
151.956597222,149.875000000,94.685464499,-75.379808332,42.881230086,86.723211414,5.328053989,74.893988038
152.083333333,150.000000000,94.704670198,-75.487090604,42.730122334,86.741940274,5.294311696,74.882779786
152.210069444,150.125000000,94.723756962,-75.593967680,42.578698146,86.760552589,5.260523152,74.872064674
152.336805556,150.250000000,94.742724562,-75.700438400,42.426958678,86.779048143,5.226688496,74.861243082
152.463541667,150.375000000,94.761572770,-75.806501589,42.274905111,86.797426721,5.192807647,74.850314850
152.590277778,150.500000000,94.780301359,-75.912156076,42.122538634,86.815688105,5.158880524,74.839279819
152.717013889,150.625000000,94.798910100,-76.017400694,41.969860441,86.833832080,5.124907045,74.828137832
152.843750000,150.750000000,94.817398767,-76.122234277,41.816871729,86.851858429,5.090887129,74.816888730
152.970486111,150.875000000,94.835767132,-76.226655666,41.663573700,86.869766936,5.056820693,74.805532358
153.097222222,151.000000000,94.854014967,-76.330663781,41.509967446,86.887557398,5.022708670,74.795313020
153.223958333,151.125000000,94.872142055,-76.434257658,41.356053909,86.905229640,4.988553318,74.785362371
153.350694444,151.250000000,94.890148178,-76.537436162,41.201834301,86.922783457,4.954354646,74.775302283
153.477430556,151.375000000,94.908033124,-76.640198151,41.047309845,86.940218646,4.920112568,74.765132611
153.604166667,151.500000000,94.925796675,-76.742542490,40.892481773,86.957535001,4.885826998,74.754853210
153.730902778,151.625000000,94.943438618,-76.844468046,40.737351319,86.974732318,4.851497850,74.744463937
153.857638889,151.750000000,94.960958737,-76.945973690,40.581919721,86.991810392,4.817125036,74.733964647
153.984375000,151.875000000,94.978356817,-77.047058296,40.426188225,87.008769020,4.782708469,74.723355198
154.111111111,152.000000000,94.995632643,-77.147720817,40.270157963,87.025608010,4.748249044,74.713684538
154.237847222,152.125000000,95.012786009,-77.247960257,40.113830008,87.042327185,4.713748225,74.704049846
154.364583333,152.250000000,95.029816707,-77.347775507,39.957205619,87.058926348,4.679205941,74.694303386
154.491319444,152.375000000,95.046724532,-77.447165464,39.800286061,87.075405304,4.644622102,74.684445024
154.618055556,152.500000000,95.063509279,-77.546129024,39.643072602,87.091763858,4.609996619,74.674474627
154.744791667,152.625000000,95.080170741,-77.644665089,39.485566517,87.108001814,4.575329400,74.664392061
154.871527778,152.750000000,95.096708712,-77.742772566,39.327769084,87.124118976,4.540620354,74.654197193
154.998263889,152.875000000,95.113122987,-77.840450363,39.169681585,87.140115149,4.505869389,74.643889893
155.125000000,153.000000000,95.129413362,-77.937697487,39.011305157,87.155990154,4.471077690,74.634677883
155.251736111,153.125000000,95.145579638,-78.034512960,38.852640934,87.171743819,4.436246508,74.625368802
155.378472222,153.250000000,95.161621619,-78.130895707,38.693690215,87.187375958,4.401375752,74.615945741
155.505208333,153.375000000,95.177539109,-78.226844660,38.534454302,87.202886384,4.366465326,74.606408577
155.631944444,153.500000000,95.193331911,-78.322358751,38.374934504,87.218274911,4.331515137,74.596757187
155.758680556,153.625000000,95.208999830,-78.417436920,38.215132132,87.233541352,4.296525088,74.586991448
155.885416667,153.750000000,95.224542669,-78.512078107,38.055048502,87.248685522,4.261495086,74.577111238
156.012152778,153.875000000,95.239960231,-78.606281262,37.894684933,87.263707233,4.226425056,74.567333440
156.138888889,154.000000000,95.255252325,-78.700045536,37.734042407,87.278606335,4.191317752,74.559485884
156.265625000,154.125000000,95.270418769,-78.793370034,37.573122019,87.293382679,4.156175063,74.551521521
156.392361111,154.250000000,95.285459386,-78.886253724,37.411925106,87.308036095,4.120996889,74.543440242
156.519097222,154.375000000,95.300373996,-78.978695579,37.250453012,87.322566413,4.085783132,74.535241937
156.645833333,154.500000000,95.315162420,-79.070694575,37.088707082,87.336973463,4.050533692,74.526926498
156.772569444,154.625000000,95.329824481,-79.162249694,36.926688669,87.351257076,4.015248470,74.518493817
156.899305556,154.750000000,95.344360000,-79.253359920,36.764399127,87.365417081,3.979927366,74.509943787
157.026041667,154.875000000,95.358768797,-79.344024244,36.601839812,87.379453310,3.944570301,74.501370335
157.152777778,155.000000000,95.373050697,-79.434241704,36.439012008,87.393365601,3.909177827,74.493042691
157.279513889,155.125000000,95.387205522,-79.524011320,36.275917045,87.407153791,3.873750153,74.484597003
157.406250000,155.250000000,95.401233099,-79.613332095,36.112556296,87.420817713,3.838287178,74.476033168
157.532986111,155.375000000,95.415133253,-79.702203039,35.948931137,87.434357201,3.802788801,74.467351082
157.659722222,155.500000000,95.428905807,-79.790623162,35.785042948,87.447772089,3.767254918,74.458550644
157.786458333,155.625000000,95.442550588,-79.878591481,35.620893114,87.461062212,3.731685428,74.449631749
157.913194444,155.750000000,95.456067421,-79.966107016,35.456483023,87.474227402,3.696080226,74.440594298
158.039930556,155.875000000,95.469456130,-80.053168805,35.291814042,87.487267497,3.660439421,74.432056078
158.166666667,156.000000000,95.482716546,-80.139776080,35.126887193,87.500182365,3.624765937,74.424741332
158.293402778,156.125000000,95.495848509,-80.225927946,34.961703760,87.512971864,3.589060663,74.417306206
158.420138889,156.250000000,95.508851860,-80.311623450,34.796265149,87.525635842,3.553323493,74.409750607
158.546875000,156.375000000,95.521726438,-80.396861645,34.630572773,87.538174147,3.517554321,74.402074444
158.673611111,156.500000000,95.534472084,-80.481641587,34.464628047,87.550586628,3.481753040,74.394277626
158.800347222,156.625000000,95.547088639,-80.565962334,34.298432393,87.562873134,3.445919545,74.386360064
158.927083333,156.750000000,95.559575943,-80.649822953,34.131987232,87.575033513,3.410053728,74.378321667
159.053819444,156.875000000,95.571933837,-80.733222520,33.965293976,87.587067614,3.374155607,74.370435324
159.180555556,157.000000000,95.584162164,-80.816160174,33.798353929,87.598975299,3.338226111,74.362797476
159.307291667,157.125000000,95.596260768,-80.898635011,33.631168497,87.610756423,3.302265361,74.355038058
159.434027778,157.250000000,95.608229496,-80.980646116,33.463739119,87.622410839,3.266273249,74.347156983
159.560763889,157.375000000,95.620068192,-81.062192580,33.296067240,87.633938400,3.230249665,74.339154168
159.687500000,157.500000000,95.631776703,-81.143273496,33.128154307,87.645338960,3.194194502,74.331029525
159.814236111,157.625000000,95.643354875,-81.223887965,32.960001769,87.656612373,3.158107649,74.322782973
159.940972222,157.750000000,95.654802551,-81.304035089,32.791611083,87.667758493,3.121988998,74.314414426
160.067708333,157.875000000,95.666119580,-81.383714026,32.622983602,87.678777180,3.085839257,74.307339459
160.194444444,158.000000000,95.677305817,-81.462924152,32.454120248,87.689668334,3.049662620,74.301375139
160.321180556,158.125000000,95.688361128,-81.541664635,32.285022412,87.700431833,3.013459599,74.295286817
160.447916667,158.250000000,95.699285380,-81.619934610,32.115691568,87.711067550,2.977230080,74.289074419
160.574652778,158.375000000,95.710078440,-81.697733217,31.946129194,87.721575358,2.940973952,74.282737875
160.701388889,158.500000000,95.720740174,-81.775059600,31.776336770,87.731955131,2.904691102,74.276277111
160.828125000,158.625000000,95.731270449,-81.851912908,31.606315781,87.742206742,2.868381416,74.269692057
160.954861111,158.750000000,95.741669130,-81.928292295,31.436067714,87.752330064,2.832044781,74.262982641
161.081597222,158.875000000,95.751936086,-82.004196910,31.265594083,87.762324970,2.795680900,74.255884904
161.208333333,159.000000000,95.762071180,-82.079625876,31.094896466,87.772191326,2.759289008,74.248516895
161.335069444,159.125000000,95.772074275,-82.154578357,30.923976367,87.781929002,2.722868935,74.241024572
161.461805556,159.250000000,95.781945235,-82.229053524,30.752835285,87.791537869,2.686420568,74.233407863
161.588541667,159.375000000,95.791683923,-82.303050551,30.581474725,87.801017798,2.649943792,74.225666700
161.715277778,159.500000000,95.801290203,-82.376568619,30.409896194,87.810368659,2.613438491,74.217801011
161.842013889,159.625000000,95.810763937,-82.449606914,30.238101201,87.819590323,2.576904552,74.209810728
161.968750000,159.750000000,95.820104989,-82.522164623,30.066091261,87.828682660,2.540341859,74.201695781
162.095486111,159.875000000,95.829313224,-82.594241015,29.893867723,87.837645553,2.503751604,74.195049859
162.222222222,160.000000000,95.838388516,-82.665835465,29.721431701,87.846478902,2.467136830,74.188799598
162.348958333,160.125000000,95.847330746,-82.736947196,29.548784707,87.855182596,2.430497562,74.182423182
162.475694444,160.250000000,95.856139793,-82.807575429,29.375928269,87.863756521,2.393833680,74.175920551
162.602430556,160.375000000,95.864815537,-82.877719387,29.202863921,87.872200564,2.357145069,74.169291645
162.729166667,160.500000000,95.873357860,-82.947378301,29.029593200,87.880514611,2.320431610,74.162536405
162.855902778,160.625000000,95.881766640,-83.016551405,28.856117645,87.888698549,2.283693186,74.155654770
162.982638889,160.750000000,95.890041759,-83.085237938,28.682438800,87.896752265,2.246929678,74.148646684
163.109375000,160.875000000,95.898183097,-83.153437195,28.508558086,87.904675652,2.210141924,74.142526721
163.236111111,161.000000000,95.906190541,-83.221148510,28.334476847,87.912468612,2.173331390,74.136440642
163.362847222,161.125000000,95.914063981,-83.288371145,28.160196633,87.920131042,2.136497981,74.130227294
163.489583333,161.250000000,95.921803307,-83.355104365,27.985719003,87.927662836,2.099641579,74.123886623
163.616319444,161.375000000,95.929408408,-83.421347442,27.811045514,87.935063892,2.062762063,74.117418576
163.743055556,161.500000000,95.936879173,-83.487099649,27.636177731,87.942334103,2.025859313,74.110823101
163.869791667,161.625000000,95.944215493,-83.552360268,27.461117218,87.949473365,1.988933209,74.104100145
163.996527778,161.750000000,95.951417256,-83.617128585,27.285865543,87.956481576,1.951983631,74.097249656
164.123263889,161.875000000,95.958484354,-83.681403940,27.110424142,87.963358636,1.915011503,74.091255023
164.250000000,162.000000000,95.965416682,-83.745185690,26.934794437,87.970104454,1.878017870,74.085159941
164.376736111,162.125000000,95.972214138,-83.808473141,26.758978007,87.976718933,1.841002609,74.078936652
164.503472222,162.250000000,95.978876620,-83.871265604,26.582976432,87.983201976,1.803965600,74.072585108
164.630208333,162.375000000,95.985404025,-83.933562395,26.406791297,87.989553488,1.766906721,74.066105262
164.756944444,162.500000000,95.991796251,-83.995362836,26.230424189,87.995773370,1.729825850,74.059497068
164.883680556,162.625000000,95.998053195,-84.056666252,26.053876697,88.001861528,1.692722865,74.052760479
165.010416667,162.750000000,96.004174756,-84.117471976,25.877150412,88.007817864,1.655597653,74.046016689
165.137152778,162.875000000,96.010160833,-84.177779431,25.700246684,88.013642292,1.618451952,74.040497877
165.263888889,163.000000000,96.016011335,-84.237588026,25.523166932,88.019334732,1.581286998,74.034849828
165.390625000,163.125000000,96.021726169,-84.296897117,25.345912759,88.024895099,1.544102668,74.029072503
165.517361111,163.250000000,96.027305247,-84.355706063,25.168485771,88.030323307,1.506898838,74.023165859
165.644097222,163.375000000,96.032748477,-84.414014230,24.990887574,88.035619270,1.469675384,74.017129857
165.770833333,163.500000000,96.038055770,-84.471820988,24.813119778,88.040782903,1.432432183,74.010964459
165.897569444,163.625000000,96.043227033,-84.529125713,24.635183996,88.045814122,1.395169110,74.004669623
166.024305556,163.750000000,96.048262177,-84.585927790,24.457081833,88.050712841,1.357886125,73.998645503
166.151041667,163.875000000,96.053161116,-84.642226734,24.278814506,88.055478991,1.320586101,73.994177878
166.277777778,164.000000000,96.057923774,-84.698022010,24.100383441,88.060112505,1.283270407,73.989579844
166.404513889,164.125000000,96.062550079,-84.753313026,23.921790262,88.064613314,1.245938919,73.984851370
166.531250000,164.250000000,96.067039955,-84.808099195,23.743036597,88.068981350,1.208591510,73.979992422
166.657986111,164.375000000,96.071393329,-84.862379936,23.564124077,88.073216541,1.171228055,73.975002970
166.784722222,164.500000000,96.075610127,-84.916154672,23.385054332,88.077318819,1.133848428,73.969882983
166.911458333,164.625000000,96.079690275,-84.969422832,23.205828997,88.081288114,1.096452504,73.964632428
167.038194444,164.750000000,96.083633701,-85.022183856,23.026449694,88.085124358,1.059040274,73.959610632
167.164930556,164.875000000,96.087440332,-85.074437259,22.846917813,88.088827489,1.021613473,73.955290985
167.291666667,165.000000000,96.091110105,-85.126182516,22.667234909,88.092397448,0.984172614,73.950840262
167.418402778,165.125000000,96.094642954,-85.177419086,22.487402629,88.095834176,0.946717570,73.946258437
167.545138889,165.250000000,96.098038817,-85.228146430,22.307422619,88.099137611,0.909248213,73.941545484
167.671875000,165.375000000,96.101297629,-85.278364016,22.127296528,88.102307693,0.871764417,73.936701375
167.798611111,165.500000000,96.104419324,-85.328071317,21.947026007,88.105344362,0.834266055,73.931726087
167.925347222,165.625000000,96.107403840,-85.377267812,21.766612710,88.108247558,0.796752999,73.926619594
168.052083333,165.750000000,96.110251112,-85.425953007,21.586058205,88.111017223,0.759225757,73.922785779
168.178819444,165.875000000,96.112961088,-85.474126604,21.405363402,88.113653318,0.721689773,73.920832355
168.305555556,166.000000000,96.115533730,-85.521788161,21.224529786,88.116155811,0.684146224,73.918746777
168.432291667,166.125000000,96.117969002,-85.568937198,21.043559024,88.118524667,0.646594980,73.916529029
168.559027778,166.250000000,96.120266866,-85.615573237,20.862452783,88.120759852,0.609035914,73.914179096
168.685763889,166.375000000,96.122427286,-85.661695810,20.681212731,88.122861330,0.571468897,73.911696963
168.812500000,166.500000000,96.124450226,-85.707304450,20.499840540,88.124829067,0.533893801,73.909082613
168.939236111,166.625000000,96.126335648,-85.752398698,20.318337880,88.126663030,0.496310497,73.906336033
169.065972222,166.750000000,96.128083515,-85.796978116,20.136706371,88.128363183,0.458719270,73.904179174
169.192708333,166.875000000,96.129693798,-85.841042333,19.954947379,88.129929500,0.421122278,73.902554858
169.319444444,167.000000000,96.131166470,-85.884590928,19.773062534,88.131361959,0.383519744,73.900798052
169.446180556,167.125000000,96.132501506,-85.927623469,19.591053519,88.132660535,0.345911539,73.898908746
169.572916667,167.250000000,96.133698879,-85.970139533,19.408922013,88.133825203,0.308297532,73.896886930
169.699652778,167.375000000,96.134758565,-86.012138701,19.226669702,88.134855941,0.270677597,73.894732596
169.826388889,167.500000000,96.135680538,-86.053620560,19.044298270,88.135752723,0.233051603,73.892445732
169.953125000,167.625000000,96.136464772,-86.094584704,18.861809404,88.136515527,0.195419421,73.890026332
170.079861111,167.750000000,96.137111243,-86.135030781,18.679204563,88.137144330,0.157782602,73.889896976
170.206597222,167.875000000,96.137619944,-86.174958596,18.496484593,88.137639129,0.120147220,73.891056872
170.333333333,168.000000000,96.137990880,-86.214367795,18.313651112,88.137999928,0.082513726,73.892084031
170.460069444,168.125000000,96.138224056,-86.253258016,18.130705814,88.138226733,0.044881989,73.892978453
170.586805556,168.250000000,96.138319478,-86.291628898,17.947650398,88.138319548,0.007251880,73.893740139
170.713541667,168.375000000,96.138277151,-86.329480089,17.764486563,88.138278378,0.030376730,73.894369090
170.840277778,168.500000000,96.138097081,-86.366811243,17.581216007,88.138103227,0.068003970,73.894865307
170.967013889,168.625000000,96.137779273,-86.403622016,17.397840433,88.137794102,0.105629970,73.895228792
171.093750000,168.750000000,96.137323733,-86.439912103,17.214361394,88.137351008,0.143253776,73.896790195
171.220486111,168.875000000,96.136730477,-86.475681256,17.030780219,88.136773957,0.180872775,73.898687178
171.347222222,169.000000000,96.135999524,-86.510929163,16.847098596,88.136062969,0.218486963,73.900451574
171.473958333,169.125000000,96.135130894,-86.545655514,16.663318231,88.135218062,0.256096469,73.902083391
171.600694444,169.250000000,96.134124608,-86.579860006,16.479440833,88.134239254,0.293701421,73.903582634
171.727430556,169.375000000,96.132980685,-86.613542342,16.295468110,88.133126564,0.331301949,73.904949313
171.854166667,169.500000000,96.131699144,-86.646702230,16.111401772,88.131880012,0.368898182,73.906183435
171.980902778,169.625000000,96.130280007,-86.679339383,15.927243530,88.130499614,0.406490249,73.907285008
172.107638889,169.750000000,96.128723294,-86.711453577,15.742994781,88.128985391,0.444075993,73.910699933
172.234375000,169.875000000,96.127029044,-86.743044645,15.558656693,88.127337372,0.481651565,73.914416732
172.361111111,170.000000000,96.125197299,-86.774112335,15.374230970,88.125555598,0.519217023,73.918001506
172.487847222,170.125000000,96.123228103,-86.804656400,15.189719330,88.123640109,0.556772494,73.921454271
172.614583333,170.250000000,96.121121498,-86.834676597,15.005123490,88.121590945,0.594318106,73.924775045
172.741319444,170.375000000,96.118877527,-86.864172689,14.820445167,88.119408146,0.631853988,73.927963842
172.868055556,170.500000000,96.116496235,-86.893144448,14.635686078,88.117091753,0.669380269,73.931020681
172.994791667,170.625000000,96.113977663,-86.921591646,14.450847944,88.114641806,0.706897075,73.933945579
173.121527778,170.750000000,96.111321857,-86.949514098,14.265932284,88.112058345,0.744403094,73.938106573
173.248263889,170.875000000,96.108528868,-86.976911632,14.080940585,88.109341416,0.781896762,73.942194651
173.375000000,171.000000000,96.105598752,-87.003784047,13.895874569,88.106491069,0.819378204,73.946151211
173.501736111,171.125000000,96.102531563,-87.030131150,13.710735957,88.103507356,0.856847547,73.949976275
173.628472222,171.250000000,96.099327356,-87.055952753,13.525526472,88.100390329,0.894304920,73.953669865
173.755208333,171.375000000,96.095986185,-87.081248674,13.340247836,88.097140038,0.931750448,73.957232005
173.881944444,171.500000000,96.092508104,-87.106018735,13.154901771,88.093756535,0.969184259,73.960662717
174.008680556,171.625000000,96.088893169,-87.130262766,12.969490001,88.090239871,1.006606469,73.964113090
174.135416667,171.750000000,96.085141437,-87.153980654,12.784013869,88.086590094,1.044014474,73.969486959
174.262152778,171.875000000,96.081252978,-87.177172287,12.598474811,88.082807264,1.081406300,73.974730188
174.388888889,172.000000000,96.077227865,-87.199837524,12.412874553,88.078891449,1.118782072,73.979842809
174.515625000,172.125000000,96.073066170,-87.221976228,12.227214819,88.074842715,1.156141916,73.984824852
174.642361111,172.250000000,96.068767964,-87.243588270,12.041497337,88.070661133,1.193485959,73.989676345
174.769097222,172.375000000,96.064333322,-87.264673526,11.855723831,88.066346769,1.230814326,73.994397321
174.895833333,172.500000000,96.059762313,-87.285231878,11.669896028,88.061899691,1.268127144,73.998987810
175.022569444,172.625000000,96.055055012,-87.305263212,11.484015649,88.057319968,1.305424495,74.003657402
175.149305556,172.750000000,96.050211493,-87.324767450,11.298084187,88.052607665,1.342704839,74.009164027
175.276041667,172.875000000,96.045231836,-87.343744509,11.112103249,88.047762853,1.379967427,74.014540718
175.402777778,173.000000000,96.040116124,-87.362194300,10.926074562,88.042785612,1.417212386,74.019787510
175.529513889,173.125000000,96.034864437,-87.380116740,10.739999852,88.037676016,1.454439838,74.024904439
175.656250000,173.250000000,96.029476859,-87.397511751,10.553880846,88.032434144,1.491649909,74.029891541
175.782986111,173.375000000,96.023953470,-87.414379264,10.367719270,88.027060072,1.528842724,74.034748853
175.909722222,173.500000000,96.018294352,-87.430719211,10.181516851,88.021553878,1.566018405,74.039476413
176.036458333,173.625000000,96.012499587,-87.446531535,9.995275283,88.015915638,1.603176845,74.044811634
176.163194444,173.750000000,96.006569265,-87.461816235,9.808995740,88.010145418,1.640314210,74.051843819
176.289930556,173.875000000,96.000503485,-87.476573291,9.622679754,88.004243309,1.677429200,74.058747546
176.416666667,174.000000000,95.994302350,-87.490802675,9.436329049,87.998209406,1.714521936,74.065522859
176.543402778,174.125000000,95.987965962,-87.504504364,9.249945353,87.992043805,1.751592541,74.072169804
176.670138889,174.250000000,95.981494424,-87.517678341,9.063530391,87.985746604,1.788641137,74.078688427
176.796875000,174.375000000,95.974887838,-87.530324595,8.877085890,87.979317897,1.825667847,74.085078776
176.923611111,174.500000000,95.968146306,-87.542443120,8.690613574,87.972757782,1.862672792,74.091340897
177.050347222,174.625000000,95.961269931,-87.554033919,8.504115142,87.966066354,1.899655899,74.097921462
177.177083333,174.750000000,95.954258818,-87.565097016,8.317592063,87.959243705,1.936615473,74.105051948
177.303819444,174.875000000,95.947113079,-87.575632432,8.131046000,87.952289936,1.973551188,74.112054949
177.430555556,175.000000000,95.939832825,-87.585640192,7.944478677,87.945205152,2.010463165,74.118930516
177.557291667,175.125000000,95.932418166,-87.595120324,7.757891817,87.937989459,2.047351523,74.125678701
177.684027778,175.250000000,95.924869215,-87.604072865,7.571287142,87.930642961,2.084216383,74.132299557
177.810763889,175.375000000,95.917186082,-87.612497855,7.384666373,87.923165764,2.121057865,74.138793136
177.937500000,175.500000000,95.909368879,-87.620395342,7.198031232,87.915557972,2.157876089,74.145159493
178.064236111,175.625000000,95.901417718,-87.627765383,7.011383300,87.907819686,2.194670178,74.153197801
178.190972222,175.750000000,95.893332724,-87.634608080,6.824723488,87.899950990,2.231434444,74.162861174
178.317708333,175.875000000,95.885114035,-87.640923519,6.638053383,87.891952009,2.268168063,74.172399730
178.444444444,176.000000000,95.876761793,-87.646711791,6.451374707,87.883822876,2.304871152,74.181813534
178.571180556,176.125000000,95.868276136,-87.651972989,6.264689176,87.875563722,2.341543827,74.191102655
178.697916667,176.250000000,95.859657204,-87.656707215,6.077998508,87.867174677,2.378186205,74.200267158
178.824652778,176.375000000,95.850905136,-87.660914575,5.891304420,87.858655874,2.414798403,74.209307112
178.951388889,176.500000000,95.842020073,-87.664595181,5.704608627,87.850007443,2.451380537,74.218222585
179.078125000,176.625000000,95.833002153,-87.667749151,5.517912800,87.841229516,2.487932413,74.227474725
179.204861111,176.750000000,95.823851520,-87.670376615,5.331218486,87.832322218,2.524452947,74.236889851
179.331597222,176.875000000,95.814568319,-87.672477705,5.144527378,87.823285687,2.560942136,74.246181243
179.458333333,177.000000000,95.805152697,-87.674052561,4.957841190,87.814120059,2.597400092,74.255348973
179.585069444,177.125000000,95.795604797,-87.675101328,4.771161631,87.804825472,2.633826932,74.264393115
179.711805556,177.250000000,95.785924767,-87.675624156,4.584490410,87.795402063,2.670222767,74.273313742
179.838541667,177.375000000,95.776112751,-87.675621201,4.397829234,87.785849970,2.706587714,74.282110927
179.965277778,177.500000000,95.766168895,-87.675092625,4.211179809,87.776169330,2.742921883,74.290784745
180.092013889,177.625000000,95.756093346,-87.674038595,4.024543597,87.766360269,2.779223630,74.301568808
180.218750000,177.750000000,95.745886266,-87.672459293,3.837921648,87.756422905,2.815488398,74.313074615
180.345486111,177.875000000,95.735547824,-87.670354913,3.651315632,87.746357397,2.851716047,74.324459746
180.472222222,178.000000000,95.725078191,-87.667725656,3.464727250,87.736163904,2.887906688,74.335724288
180.598958333,178.125000000,95.714477537,-87.664571729,3.278158202,87.725842587,2.924060432,74.346868330
180.725694444,178.250000000,95.703746031,-87.660893345,3.091610188,87.715393607,2.960177387,74.357891961
180.852430556,178.375000000,95.692883843,-87.656690721,2.905084905,87.704817123,2.996257664,74.368795269
180.979166667,178.500000000,95.681891144,-87.651964082,2.718584048,87.694113295,3.032301372,74.379578346
181.105902778,178.625000000,95.670768104,-87.646713654,2.532109236,87.683282281,3.068308072,74.390845286
181.232638889,178.750000000,95.659514896,-87.640939673,2.345662021,87.672324236,3.104276877,74.402111578
181.359375000,178.875000000,95.648131697,-87.634642381,2.159244092,87.661239327,3.140207873,74.413258547
181.486111111,179.000000000,95.636618682,-87.627822029,1.972857139,87.650027718,3.176101167,74.424286289
181.612847222,179.125000000,95.624976027,-87.620478874,1.786502848,87.638689575,3.211956867,74.435194898
181.739583333,179.250000000,95.613203908,-87.612613175,1.600182907,87.627225066,3.247775078,74.445984471
181.866319444,179.375000000,95.601302499,-87.604225200,1.413898999,87.615634355,3.283555907,74.456655105
181.993055556,179.500000000,95.589271978,-87.595315222,1.227652807,87.603917608,3.319299460,74.467206895
182.119791667,179.625000000,95.577112521,-87.585883502,1.041445661,87.592074972,3.355003326,74.480107556
182.246527778,179.750000000,95.564824323,-87.575930314,0.855278807,87.580106601,3.390664502,74.493035017
182.373263889,179.875000000,95.552407578,-87.565455962,0.669153920,87.568012680,3.426283081,74.505846408
182.500000000,180.000000000,95.539862483,-87.554460753,0.483072677,87.555793394,3.461859168,74.518541839
182.626736111,180.125000000,95.527189234,-87.542945001,0.297036750,87.543448929,3.497392864,74.531121420
182.753472222,180.250000000,95.514388027,-87.530909027,0.111047811,87.530979468,3.532884270,74.543585265
182.880208333,180.375000000,95.501459059,-87.518353155,-0.074892471,87.518385199,3.568333489,74.555933486
183.006944444,180.500000000,95.488402526,-87.505277716,-0.260782428,87.505666306,3.603740620,74.568204838
183.133680556,180.625000000,95.475218624,-87.491683038,-0.446620513,87.492822967,3.639104926,74.581027746
183.260416667,180.750000000,95.461907556,-87.477569459,-0.632405156,87.479855366,3.674425829,74.593736086
183.387152778,180.875000000,95.448469523,-87.462937331,-0.818134696,87.466763693,3.709703429,74.606329976
183.513888889,181.000000000,95.434904726,-87.447787009,-1.003807474,87.453548139,3.744937825,74.618809536
183.640625000,181.125000000,95.421213367,-87.432118855,-1.189421833,87.440208896,3.780129115,74.631174884
183.767361111,181.250000000,95.407395649,-87.415933236,-1.374976119,87.426746152,3.815277398,74.643426141
183.894097222,181.375000000,95.393451772,-87.399230524,-1.560468680,87.413160100,3.850382771,74.655563427
184.020833333,181.500000000,95.379381938,-87.382011098,-1.745897871,87.399450930,3.885445281,74.667878588
184.147569444,181.625000000,95.365186354,-87.364275310,-1.931262384,87.385618810,3.920462600,74.681564044
184.274305556,181.750000000,95.350865233,-87.346023541,-2.116560755,87.371663930,3.955433494,74.695137779
184.401041667,181.875000000,95.336418790,-87.327256195,-2.301791343,87.357586494,3.990358060,74.708599926
184.527777778,182.000000000,95.321847242,-87.307973680,-2.486952507,87.343386704,4.025236391,74.721950616
184.654513889,182.125000000,95.307150804,-87.288176411,-2.672042607,87.329064766,4.060068582,74.735189984
184.781250000,182.250000000,95.292329692,-87.267864807,-2.857060009,87.314620883,4.094854725,74.748318163
184.907986111,182.375000000,95.277384121,-87.247039293,-3.042003078,87.300055259,4.129594914,74.761335288
185.034722222,182.500000000,95.262314307,-87.225700298,-3.226870194,87.285368097,4.164289163,74.774511936
185.161458333,182.625000000,95.247120468,-87.203848236,-3.411659934,87.270559587,4.198936090,74.788295175
185.288194444,182.750000000,95.231802827,-87.181483543,-3.596370748,87.255629935,4.233535230,74.801968871
185.414930556,182.875000000,95.216361607,-87.158606671,-3.781001013,87.240579351,4.268086674,74.815533168
185.541666667,183.000000000,95.200797032,-87.135218076,-3.965549108,87.225408046,4.302590513,74.828988209
185.668402778,183.125000000,95.185109325,-87.111318220,-4.150013415,87.210116233,4.337046836,74.842334137
185.795138889,183.250000000,95.169298709,-87.086907570,-4.334392318,87.194704121,4.371455731,74.855571098
185.921875000,183.375000000,95.153365408,-87.061986598,-4.518684204,87.179171924,4.405817288,74.868699235
186.048611111,183.500000000,95.137309644,-87.036555778,-4.702887494,87.163519849,4.440131370,74.882270792
186.175347222,183.625000000,95.121131647,-87.010615553,-4.887000892,87.147748087,4.474395809,74.896622274
186.302083333,183.750000000,95.104831649,-86.984166405,-5.071022875,87.131856851,4.508610110,74.910867054
186.428819444,183.875000000,95.088409886,-86.957208837,-5.254951839,87.115846363,4.542774358,74.925005288
186.555555556,184.000000000,95.071866591,-86.929743354,-5.438786188,87.099716847,4.576888639,74.939037134
186.682291667,184.125000000,95.055202000,-86.901770466,-5.622524323,87.083468523,4.610953036,74.952962748
186.809027778,184.250000000,95.038416347,-86.873290690,-5.806164651,87.067101613,4.644967635,74.966782290
186.935763889,184.375000000,95.021509866,-86.844304547,-5.989705583,87.050616341,4.678932519,74.980495917
187.062500000,184.500000000,95.004482791,-86.814812562,-6.173145538,87.034012926,4.712847710,74.994222385
187.189236111,184.625000000,94.987335359,-86.784815259,-6.356482985,87.017291589,4.746712907,75.007965361
187.315972222,184.750000000,94.970067805,-86.754313173,-6.539716350,87.000452551,4.780528129,75.021603191
187.442708333,184.875000000,94.952680366,-86.723306847,-6.722844055,86.983496037,4.814293455,75.035136040
187.569444444,185.000000000,94.935173279,-86.691796830,-6.905864524,86.966422270,4.848008969,75.048564070
187.696180556,185.125000000,94.917546778,-86.659783674,-7.088776184,86.949231475,4.881674749,75.061887446
187.822916667,185.250000000,94.899801101,-86.627267936,-7.271577464,86.931923877,4.915290877,75.075106331
187.949652778,185.375000000,94.881936485,-86.594250181,-7.454266797,86.914499699,4.948857432,75.088220893
188.076388889,185.500000000,94.863953165,-86.560730963,-7.636842685,86.896959159,4.982374011,75.101990497
188.203125000,185.625000000,94.845851384,-86.526710810,-7.819303838,86.879302461,5.015838726,75.116157724
188.329861111,185.750000000,94.827631387,-86.492190300,-8.001648726,86.861529835,5.049251444,75.130222674
188.456597222,185.875000000,94.809293421,-86.457170024,-8.183875796,86.843641515,5.082612243,75.144185522
188.583333333,186.000000000,94.790837731,-86.421650575,-8.365983495,86.825637734,5.115921199,75.158046445
188.710069444,186.125000000,94.772264564,-86.385632553,-8.547970276,86.807518726,5.149178386,75.171805622
188.836805556,186.250000000,94.753574166,-86.349116560,-8.729834594,86.789284724,5.182383881,75.185463232
188.963541667,186.375000000,94.734766782,-86.312103208,-8.911574907,86.770935960,5.215537757,75.199019452
189.090277778,186.500000000,94.715842659,-86.274593111,-9.093189659,86.752472672,5.248640212,75.212311509
189.217013889,186.625000000,94.696802041,-86.236586898,-9.274677268,86.733895095,5.281691657,75.225436486
189.343750000,186.750000000,94.677645172,-86.198085192,-9.456036200,86.715203462,5.314692186,75.238460332
189.470486111,186.875000000,94.658372298,-86.159088619,-9.637264925,86.696398005,5.347641872,75.251383225
189.597222222,187.000000000,94.638983661,-86.119597812,-9.818361918,86.677478956,5.380540788,75.264205348
189.723958333,187.125000000,94.619479507,-86.079613407,-9.999325655,86.658446547,5.413389005,75.276926881
189.850694444,187.250000000,94.599860079,-86.039136046,-10.180154617,86.639301010,5.446186595,75.289548006
189.977430556,187.375000000,94.580125623,-85.998166374,-10.360847288,86.620042578,5.478933628,75.302068907
190.104166667,187.500000000,94.560276382,-85.956705013,-10.541402289,86.600671469,5.511629186,75.315641242
190.230902778,187.625000000,94.540312609,-85.914752565,-10.721818371,86.581187896,5.544271440,75.329364811
190.357638889,187.750000000,94.520234560,-85.872309695,-10.902094034,86.561592099,5.576860413,75.342990481
190.484375000,187.875000000,94.500042488,-85.829377076,-11.082227776,86.541884320,5.609396173,75.356518445
190.611111111,188.000000000,94.479736649,-85.785955385,-11.262218099,86.522064803,5.641878785,75.369948902
190.737847222,188.125000000,94.459317298,-85.742045303,-11.442063507,86.502133789,5.674308318,75.383282047
190.864583333,188.250000000,94.438784690,-85.697647517,-11.621762509,86.482091521,5.706684836,75.396518078
190.991319444,188.375000000,94.418139079,-85.652762718,-11.801313616,86.461938240,5.739008405,75.409657194
191.118055556,188.500000000,94.397380719,-85.607391640,-11.980715184,86.441674207,5.771280283,75.421471869
191.244791667,188.625000000,94.376509857,-85.561535032,-12.159965519,86.421299681,5.803502084,75.433098161
191.371527778,188.750000000,94.355526739,-85.515193591,-12.339063142,86.400814893,5.835673881,75.444626475
191.498263889,188.875000000,94.334431608,-85.468368021,-12.518006579,86.380220079,5.867795738,75.456057003
191.625000000,189.000000000,94.313224710,-85.421059027,-12.696794357,86.359515470,5.899867719,75.467389936
191.751736111,189.125000000,94.291906290,-85.373267321,-12.875425009,86.338701300,5.931889890,75.478625467
191.878472222,189.250000000,94.270476593,-85.324993620,-13.053897069,86.317777804,5.963862313,75.489763788
192.005208333,189.375000000,94.248935864,-85.276238645,-13.232209076,86.296745213,5.995785049,75.500877521
192.131944444,189.500000000,94.227284349,-85.227003048,-13.410359840,86.275603733,6.027656184,75.513585555
192.258680556,189.625000000,94.205522307,-85.177287505,-13.588348133,86.254353581,6.059474096,75.526199175
192.385416667,189.750000000,94.183649993,-85.127092758,-13.766172507,86.232995001,6.091238843,75.538718591
192.512152778,189.875000000,94.161667668,-85.076419556,-13.943831515,86.211528242,6.122950485,75.551144012
192.638888889,190.000000000,94.139575588,-85.025268649,-14.121323717,86.189953547,6.154609080,75.563475648
192.765625000,190.125000000,94.117374013,-84.973640795,-14.298647674,86.168271163,6.186214687,75.575713710
192.892361111,190.250000000,94.095063201,-84.921536754,-14.475801952,86.146481337,6.217767362,75.587858409
193.019097222,190.375000000,94.072643409,-84.868957291,-14.652785116,86.124584314,6.249267181,75.599807370
193.145833333,190.500000000,94.050114894,-84.815903210,-14.829595623,86.102580354,6.280715083,75.611084672
193.272569444,190.625000000,94.027477911,-84.762375302,-15.006231980,86.080469707,6.312111634,75.622268378
193.399305556,190.750000000,94.004732713,-84.708374341,-15.182692766,86.058252615,6.343456890,75.633358698
193.526041667,190.875000000,93.981879552,-84.653901106,-15.358976566,86.035929318,6.374750908,75.644355841
193.652777778,191.000000000,93.958918681,-84.598956381,-15.535081967,86.013500060,6.405993743,75.655260016
193.779513889,191.125000000,93.935850355,-84.543540953,-15.711007558,85.990965080,6.437185449,75.666071433
193.906250000,191.250000000,93.912674825,-84.487655612,-15.886751936,85.968324620,6.468326082,75.676790305
194.032986111,191.375000000,93.889392345,-84.431301153,-16.062313708,85.945578921,6.499415630,75.687662236
194.159722222,191.500000000,93.866003171,-84.374478319,-16.237691654,85.922728203,6.530452799,75.699140237
194.286458333,191.625000000,93.842507561,-84.317187897,-16.412884453,85.899772706,6.561437110,75.710527537
194.413194444,191.750000000,93.818905777,-84.259430699,-16.587890715,85.876712676,6.592368613,75.721824357
194.539930556,191.875000000,93.795198079,-84.201207542,-16.762709056,85.853548362,6.623247361,75.733030919
194.666666667,192.000000000,93.771384725,-84.142519248,-16.937338093,85.830280013,6.654073402,75.744147447
194.793402778,192.125000000,93.747465978,-84.083366643,-17.111776449,85.806907876,6.684846787,75.755174163
194.920138889,192.250000000,93.723442096,-84.023750556,-17.286022751,85.783432201,6.715567566,75.766111291
195.046875000,192.375000000,93.699313341,-83.963671814,-17.460075650,85.759853231,6.746235619,75.777398188
195.173611111,192.500000000,93.675079975,-83.903131175,-17.633934019,85.736171188,6.776849208,75.789345178
195.300347222,192.625000000,93.650742267,-83.842129464,-17.807596558,85.712386318,6.807407895,75.801204841
195.427083333,192.750000000,93.626300487,-83.780667534,-17.981061914,85.688498878,6.837911725,75.812977413
195.553819444,192.875000000,93.601754904,-83.718746240,-18.154328731,85.664509125,6.868360743,75.824663133
195.680555556,193.000000000,93.577105785,-83.656366442,-18.327395663,85.640417316,6.898754995,75.836262238
195.807291667,193.125000000,93.552353401,-83.593529003,-18.500261365,85.616223707,6.929094524,75.847774968
195.934027778,193.250000000,93.527498020,-83.530234792,-18.672924496,85.591928554,6.959379374,75.859201563
196.060763889,193.375000000,93.502539912,-83.466484673,-18.845383739,85.567532113,6.989609438,75.870846755
196.187500000,193.500000000,93.477479347,-83.402279475,-19.017637891,85.543034624,7.019783786,75.882737531
196.314236111,193.625000000,93.452316599,-83.337620073,-19.189685646,85.518436344,7.049902282,75.894543772
196.440972222,193.750000000,93.427051942,-83.272507353,-19.361525682,85.493737534,7.079964967,75.906265728
196.567708333,193.875000000,93.401685650,-83.206942205,-19.533156679,85.468938457,7.109971882,75.917903646
196.694444444,194.000000000,93.376217995,-83.140925524,-19.704577322,85.444039374,7.139923065,75.929457778
196.821180556,194.125000000,93.350649253,-83.074458207,-19.875786302,85.419040544,7.169818555,75.940928373
196.947916667,194.250000000,93.324979696,-83.007541156,-20.046782310,85.393942231,7.199658392,75.952315684
197.074652778,194.375000000,93.299209599,-82.940175240,-20.217564139,85.368744682,7.229441888,75.964829434
197.201388889,194.500000000,93.273339243,-82.872361214,-20.388130895,85.343448106,7.259165974,75.978106578
197.328125000,194.625000000,93.247368918,-82.804099984,-20.558481332,85.318052773,7.288830332,75.991304179
197.454861111,194.750000000,93.221298913,-82.735392476,-20.728614164,85.292558957,7.318434994,76.004422511
197.581597222,194.875000000,93.195129515,-82.666239621,-20.898528108,85.266966934,7.347979994,76.017461850
197.708333333,195.000000000,93.168861015,-82.596642352,-21.068221884,85.241276980,7.377465364,76.030422471
197.835069444,195.125000000,93.142493699,-82.526601608,-21.237694220,85.215489371,7.406891135,76.043304651
197.961805556,195.250000000,93.116027859,-82.456118329,-21.406943844,85.189604381,7.436257339,76.056108669
198.088541667,195.375000000,93.089463781,-82.385193457,-21.575969500,85.163622286,7.465563948,76.068916431
198.215277778,195.500000000,93.062801756,-82.313827933,-21.744769947,85.137543358,7.494810824,76.081681950
198.342013889,195.625000000,93.036042073,-82.242022707,-21.913343932,85.111367873,7.523997985,76.094370321
198.468750000,195.750000000,93.009185022,-82.169778737,-22.081690201,85.085096109,7.553125459,76.106981826
198.595486111,195.875000000,92.982230892,-82.097096982,-22.249807508,85.058728341,7.582193276,76.119516749
198.722222222,196.000000000,92.955179973,-82.023978404,-22.417694609,85.032264846,7.611201462,76.131975374
198.848958333,196.125000000,92.928032554,-81.950423971,-22.585350265,85.005705900,7.640150045,76.144357985
198.975694444,196.250000000,92.900788926,-81.876434652,-22.752773243,84.979051781,7.669039050,76.156664868
199.102430556,196.375000000,92.873449380,-81.802011329,-22.919962523,84.952302733,7.697866853,76.170918817
199.229166667,196.500000000,92.846014217,-81.727154800,-23.086917304,84.925458976,7.726630168,76.185581096
199.355902778,196.625000000,92.818483747,-81.651866051,-23.253636382,84.898520804,7.755328923,76.200172482
199.482638889,196.750000000,92.790858276,-81.576146079,-23.420118543,84.871488508,7.783963137,76.214693290
199.609375000,196.875000000,92.763138114,-81.499995882,-23.586362579,84.844362384,7.812532830,76.229143839
199.736111111,197.000000000,92.735323566,-81.423416462,-23.752367286,84.817142725,7.841038021,76.243524447
199.862847222,197.125000000,92.707414942,-81.346408826,-23.918131466,84.789829824,7.869478728,76.257835433
199.989583333,197.250000000,92.679412549,-81.268973981,-24.083653925,84.762423976,7.897854969,76.272077118
200.116319444,197.375000000,92.651316694,-81.191112971,-24.248933408,84.734925484,7.926167276,76.285691914
200.243055556,197.500000000,92.623127682,-81.112826849,-24.413968640,84.707334654,7.954416367,76.299187139
200.369791667,197.625000000,92.594845816,-81.034116632,-24.578758440,84.679651775,7.982602265,76.312613030
200.496527778,197.750000000,92.566471400,-80.954983339,-24.743301632,84.651877138,8.010724986,76.325969904
200.623263889,197.875000000,92.538004737,-80.875427990,-24.907597043,84.624011032,8.038784544,76.339258080
200.750000000,198.000000000,92.509446130,-80.795451613,-25.071643507,84.596053746,8.066780955,76.352477877
200.876736111,198.125000000,92.480795883,-80.715055234,-25.235439860,84.568005571,8.094714233,76.365629616
201.003472222,198.250000000,92.452054299,-80.634239885,-25.398984947,84.539866797,8.122584393,76.378732425
201.130208333,198.375000000,92.423221683,-80.553006556,-25.562277703,84.511637699,8.150390722,76.392436097
201.256944444,198.500000000,92.394298342,-80.471356247,-25.725317064,84.483318556,8.178132583,76.406073806
201.383680556,198.625000000,92.365284584,-80.389290001,-25.888101885,84.454909663,8.205809988,76.419645885
201.510416667,198.750000000,92.336180719,-80.306808866,-26.050631030,84.426411314,8.233422945,76.433152667
201.637152778,198.875000000,92.306987053,-80.223913892,-26.212903366,84.397823805,8.260971465,76.446594487
201.763888889,199.000000000,92.277703897,-80.140606130,-26.374917763,84.369147429,8.288455557,76.459971680
201.890625000,199.125000000,92.248331557,-80.056886637,-26.536673099,84.340382482,8.315875229,76.473284581
202.017361111,199.250000000,92.218870343,-79.972756470,-26.698168258,84.311529257,8.343230469,76.486676929
202.144097222,199.375000000,92.189320564,-79.888216608,-26.859402284,84.282588023,8.370519996,76.500910095
202.270833333,199.500000000,92.159682536,-79.803268069,-27.020374166,84.253559062,8.397743037,76.515081767
202.397569444,199.625000000,92.129956574,-79.717911927,-27.181082803,84.224442678,8.424899598,76.529192297
202.524305556,199.750000000,92.100142994,-79.632149256,-27.341527095,84.195239171,8.451989680,76.543242040
202.651041667,199.875000000,92.070242113,-79.545981133,-27.501705950,84.165948843,8.479013289,76.557231352
202.777777778,200.000000000,92.040254245,-79.459408640,-27.661618280,84.136571996,8.505970425,76.571160589
202.904513889,200.125000000,92.010179708,-79.372432859,-27.821263002,84.107108932,8.532861090,76.585030108
203.031250000,200.250000000,91.980018815,-79.285054884,-27.980639022,84.077559955,8.559685406,76.598345674
203.157986111,200.375000000,91.949771880,-79.197275985,-28.139744932,84.047925425,8.586446100,76.610088877
203.284722222,200.500000000,91.919439204,-79.109097321,-28.298579523,84.018205658,8.613144303,76.621770050
203.411458333,200.625000000,91.889021090,-79.020519975,-28.457141728,83.988400940,8.639780019,76.633389531
203.538194444,200.750000000,91.858517838,-78.931545037,-28.615430484,83.958511562,8.666353248,76.644947656
203.664930556,200.875000000,91.827929750,-78.842173596,-28.773444734,83.928537811,8.692863993,76.656444764
203.791666667,201.000000000,91.797257129,-78.752406745,-28.931183424,83.898479977,8.719312254,76.667881195
203.918402778,201.125000000,91.766500275,-78.662245580,-29.088645509,83.868338347,8.745698032,76.679257289
204.045138889,201.250000000,91.735659490,-78.571691193,-29.245829952,83.838113210,8.772021257,76.690772299
204.171875000,201.375000000,91.704735077,-78.480744632,-29.402735814,83.807804836,8.798281124,76.702587853
204.298611111,201.500000000,91.673727342,-78.389406986,-29.559362089,83.777413512,8.824477402,76.714345027
204.425347222,201.625000000,91.642636591,-78.297679363,-29.715707750,83.746939531,8.850610088,76.726044172
204.552083333,201.750000000,91.611463128,-78.205562875,-29.871771775,83.716383185,8.876679178,76.737685641
204.678819444,201.875000000,91.580207259,-78.113058634,-30.027553145,83.685744766,8.902684669,76.749269787
204.805555556,202.000000000,91.548869291,-78.020167756,-30.183050849,83.655024567,8.928626555,76.760796963
204.932291667,202.125000000,91.517449528,-77.926891361,-30.338263878,83.624222880,8.954504831,76.772267526
205.059027778,202.250000000,91.485948275,-77.833230569,-30.493191229,83.593339998,8.980319483,76.783698160
205.185763889,202.375000000,91.454365840,-77.739186498,-30.647831912,83.562376213,9.006070453,76.795091667
205.312500000,202.500000000,91.422702526,-77.644760275,-30.802184934,83.531331815,9.031757725,76.806429692
205.439236111,202.625000000,91.390958641,-77.549953027,-30.956249306,83.500207099,9.057381289,76.817712593
205.565972222,202.750000000,91.359134490,-77.454765884,-31.110024047,83.469002356,9.082941138,76.828940733
205.692708333,202.875000000,91.327230379,-77.359199981,-31.263508176,83.437717881,9.108437262,76.840114473
205.819444444,203.000000000,91.295246613,-77.263256452,-31.416700721,83.406353965,9.133869652,76.851234175
205.946180556,203.125000000,91.263183498,-77.166936434,-31.569600713,83.374910901,9.159238297,76.862300204
206.072916667,203.250000000,91.231041341,-77.070241088,-31.722207156,83.343388989,9.184543468,76.872813073
206.199652778,203.375000000,91.198820442,-76.973171648,-31.874518941,83.311788550,9.209786418,76.882902912
206.326388889,203.500000000,91.166521103,-76.875729267,-32.026535094,83.280109873,9.234967289,76.892938707
206.453125000,203.625000000,91.134143623,-76.777915087,-32.178254666,83.248353247,9.260086071,76.902920815
206.579861111,203.750000000,91.101688301,-76.679730252,-32.329676710,83.216518959,9.285142752,76.912849592
206.706597222,203.875000000,91.069155438,-76.581175910,-32.480800286,83.184607295,9.310137320,76.922725397
206.833333333,204.000000000,91.036545333,-76.482253209,-32.631624458,83.152618544,9.335069762,76.932548590
206.960069444,204.125000000,91.003858286,-76.382963302,-32.782148297,83.120552992,9.359940064,76.942319531
207.086805556,204.250000000,90.971094596,-76.283307323,-32.932370903,83.088410921,9.384747976,76.952394339
207.213541667,204.375000000,90.938254566,-76.183286373,-33.082291440,83.056192602,9.409492759,76.962582005
207.340277778,204.500000000,90.905338499,-76.082901609,-33.231909000,83.023898325,9.434174347,76.972719386
207.467013889,204.625000000,90.872346699,-75.982154192,-33.381222673,82.991528380,9.458792723,76.982806855
207.593750000,204.750000000,90.839279469,-75.881045287,-33.530231553,82.959083058,9.483347870,76.992844783
207.720486111,204.875000000,90.806137111,-75.779576058,-33.678934741,82.926562649,9.507839770,77.002833543
207.847222222,205.000000000,90.772919930,-75.677747675,-33.827331341,82.893967446,9.532268404,77.012773510
207.973958333,205.125000000,90.739628229,-75.575561307,-33.975420464,82.861297737,9.556633754,77.022665059
208.100694444,205.250000000,90.706262310,-75.473018168,-34.123201163,82.828553827,9.580936331,77.031818666
208.227430556,205.375000000,90.672822473,-75.370119517,-34.270672429,82.795736030,9.605177231,77.040744866
208.354166667,205.500000000,90.639309015,-75.266866530,-34.417833382,82.762844634,9.629356471,77.049622297
208.480902778,205.625000000,90.605722233,-75.163260380,-34.564683148,82.729879923,9.653474032,77.058451329
208.607638889,205.750000000,90.572062425,-75.059302243,-34.711220862,82.696842182,9.677529893,77.067232328
208.734375000,205.875000000,90.538329888,-74.954993296,-34.857445661,82.663731697,9.701524034,77.075965665
208.861111111,206.000000000,90.504524920,-74.850334719,-35.003356688,82.630548752,9.725456433,77.084651709
208.987847222,206.125000000,90.470647817,-74.745327693,-35.148953092,82.597293633,9.749327068,77.093290833
209.114583333,206.250000000,90.436698877,-74.639973441,-35.294233969,82.563966637,9.773136404,77.101325462
209.241319444,206.375000000,90.402678394,-74.534273203,-35.439198398,82.530568064,9.796885117,77.109253756
209.368055556,206.500000000,90.368586660,-74.428228162,-35.583845540,82.497098196,9.820573189,77.117135209
209.494791667,206.625000000,90.334423969,-74.321839505,-35.728174561,82.463557314,9.844200599,77.124970187
209.621527778,206.750000000,90.300190615,-74.215108419,-35.872184632,82.429945699,9.867767323,77.132759058
209.748263889,206.875000000,90.265886889,-74.108036093,-36.015874931,82.396263632,9.891273336,77.140502192
209.875000000,207.000000000,90.231513086,-74.000623718,-36.159244637,82.362511396,9.914718614,77.148199957
210.001736111,207.125000000,90.197069499,-73.892872486,-36.302292939,82.328689270,9.938103132,77.155854212
210.128472222,207.250000000,90.162556420,-73.784783584,-36.445019038,82.294797534,9.961426757,77.163571057
210.255208333,207.375000000,90.127974144,-73.676358197,-36.587422142,82.260836467,9.984689361,77.171243831
210.381944444,207.500000000,90.093322964,-73.567597525,-36.729501454,82.226806351,10.007890917,77.178872910
210.508680556,207.625000000,90.058603174,-73.458502766,-36.871256178,82.192707467,10.031031397,77.186458669
210.635416667,207.750000000,90.023815068,-73.349075122,-37.012685527,82.158540099,10.054110774,77.194001486
210.762152778,207.875000000,89.988958941,-73.239315794,-37.153788717,82.124304527,10.077129017,77.201501738
210.888888889,208.000000000,89.954035085,-73.129225988,-37.294564969,82.090001035,10.100086098,77.208959805
211.015625000,208.125000000,89.919043795,-73.018806911,-37.435013506,82.055629904,10.122982019,77.216114200
211.142361111,208.250000000,89.883985361,-72.908059983,-37.575133286,82.021191480,10.145819222,77.221363050
211.269097222,208.375000000,89.848860064,-72.796986538,-37.714923370,81.986686076,10.168599245,77.226567354
211.395833333,208.500000000,89.813668185,-72.685587777,-37.854382996,81.952113960,10.191322059,77.231727466
211.522569444,208.625000000,89.778410001,-72.573864905,-37.993511403,81.917475400,10.213987639,77.236843741
211.649305556,208.750000000,89.743085794,-72.461819124,-38.132307838,81.882770665,10.236595955,77.241916533
211.776041667,208.875000000,89.707695842,-72.349451641,-38.270771552,81.848000024,10.259146979,77.246946201
211.902777778,209.000000000,89.672240424,-72.236763662,-38.408901802,81.813163745,10.281640683,77.251933099
212.029513889,209.125000000,89.636719821,-72.123756389,-38.546697855,81.778262095,10.304076965,77.257204331
212.156250000,209.250000000,89.601134315,-72.010430873,-38.684159175,81.743295295,10.326453975,77.263511261
212.282986111,209.375000000,89.565484193,-71.896788261,-38.821285120,81.708263600,10.348770895,77.269778815
212.409722222,209.500000000,89.529769746,-71.782829770,-38.958074968,81.673167289,10.371027688,77.276007373
212.536458333,209.625000000,89.493991261,-71.668556620,-39.094528004,81.638006638,10.393224321,77.282197316
212.663194444,209.750000000,89.458149029,-71.553970032,-39.230643516,81.602781926,10.415360758,77.288349026
212.789930556,209.875000000,89.422243337,-71.439071228,-39.366420797,81.567493429,10.437436964,77.294462887
212.916666667,210.000000000,89.386274474,-71.323861430,-39.501859146,81.532141425,10.459452901,77.300539282
213.043402778,210.125000000,89.350242730,-71.208341892,-39.636957832,81.496726200,10.481408855,77.305589638
213.170138889,210.250000000,89.314148386,-71.092514198,-39.771715740,81.461248136,10.503308770,77.308701352
213.296875000,210.375000000,89.277991713,-70.976379669,-39.906132049,81.425707525,10.525153801,77.311772037
213.423611111,210.500000000,89.241772980,-70.859939523,-40.040206072,81.390104628,10.546943915,77.314802040
213.550347222,210.625000000,89.205492457,-70.743194976,-40.173937124,81.354439704,10.568679081,77.317791709
213.677083333,210.750000000,89.169150413,-70.626147248,-40.307324528,81.318713011,10.590359265,77.320741394
213.803819444,210.875000000,89.132747118,-70.508797559,-40.440367609,81.282924809,10.611984433,77.323651445
213.930555556,211.000000000,89.096282842,-70.391147129,-40.573065698,81.247075358,10.633554552,77.326522213
214.057291667,211.125000000,89.059757855,-70.273197187,-40.705418124,81.211164919,10.655069656,77.329193527
214.184027778,211.250000000,89.023172424,-70.154949002,-40.837424174,81.175193764,10.676530213,77.331631289
214.310763889,211.375000000,88.986526817,-70.036403807,-40.969083182,81.139162153,10.697936289,77.334030267
214.437500000,211.500000000,88.949821302,-69.917562825,-41.100394497,81.103070344,10.719287849,77.336390810
214.564236111,211.625000000,88.913056146,-69.798427282,-41.231357474,81.066918593,10.740584858,77.338713267
214.690972222,211.750000000,88.876231615,-69.678998404,-41.361971472,81.030707159,10.761827279,77.340997990
214.817708333,211.875000000,88.839347978,-69.559277418,-41.492235854,80.994436297,10.783015076,77.343245329
214.944444444,212.000000000,88.802405501,-69.439265551,-41.622149990,80.958106265,10.804148211,77.345455638
215.071180556,212.125000000,88.765404452,-69.318964053,-41.751713229,80.921717326,10.825226857,77.347234715
215.197916667,212.250000000,88.728345096,-69.198374247,-41.880924850,80.885269763,10.846251965,77.348668669
215.324652778,212.375000000,88.691227694,-69.077497372,-42.009784220,80.848763834,10.867223626,77.350065555
215.451388889,212.500000000,88.654052510,-68.956334658,-42.138290725,80.812199789,10.888141802,77.351425717
215.578125000,212.625000000,88.616819807,-68.834887335,-42.266443756,80.775577883,10.909006456,77.352749503
215.704861111,212.750000000,88.579529846,-68.713156634,-42.394242709,80.738898367,10.929817549,77.354037260
215.831597222,212.875000000,88.542182891,-68.591143787,-42.521686985,80.702161495,10.950575042,77.355289336
215.958333333,213.000000000,88.504779204,-68.468850027,-42.648775987,80.665367520,10.971278896,77.356506079
216.085069444,213.125000000,88.467319047,-68.346276650,-42.775509060,80.628516713,10.991929733,77.356641297
216.211805556,213.250000000,88.429802677,-68.223425094,-42.901885404,80.591609382,11.012529628,77.356227314
216.338541667,213.375000000,88.392230346,-68.100296602,-43.027904419,80.554645775,11.033078704,77.355776665
216.465277778,213.500000000,88.354602306,-67.976892405,-43.153565525,80.517626135,11.053576923,77.355289682
216.592013889,213.625000000,88.316918809,-67.853213733,-43.278868147,80.480550706,11.074024247,77.354766696
216.718750000,213.750000000,88.279180109,-67.729261819,-43.403811714,80.443419730,11.094420638,77.354208040
216.845486111,213.875000000,88.241386457,-67.605037895,-43.528395663,80.406233451,11.114766057,77.353614047
216.972222222,214.000000000,88.203538105,-67.480543195,-43.652619430,80.368992111,11.135060464,77.352985050
217.098958333,214.125000000,88.165635306,-67.355779072,-43.776482341,80.331695989,11.155305041,77.350655619
217.225694444,214.250000000,88.127678301,-67.230747021,-43.899983575,80.294345398,11.175502438,77.347821531
217.352430556,214.375000000,88.089667329,-67.105448280,-44.023122571,80.256940571,11.195652716,77.344950340
217.479166667,214.500000000,88.051602628,-66.979884078,-44.145898782,80.219481738,11.215755840,77.342042354
217.605902778,214.625000000,88.013484437,-66.854055642,-44.268311663,80.181969128,11.235811772,77.339097883
217.732638889,214.750000000,87.975312994,-66.727964202,-44.390360679,80.144402972,11.255820477,77.336117237
217.859375000,214.875000000,87.937088537,-66.601610990,-44.512045293,80.106783500,11.275781917,77.333100724
217.986111111,215.000000000,87.898811306,-66.474997236,-44.633364979,80.069110941,11.295696055,77.330048657
218.112847222,215.125000000,87.860481537,-66.348124148,-44.754319232,80.031385518,11.315562629,77.327228919
218.239583333,215.250000000,87.822099473,-66.220992928,-44.874907567,79.993607454,11.335381265,77.324407584
218.366319444,215.375000000,87.783665352,-66.093604808,-44.995129469,79.955776979,11.355151919,77.321552059
218.493055556,215.500000000,87.745179415,-65.965961022,-45.114984428,79.917894326,11.374874552,77.318662660
218.619791667,215.625000000,87.706641902,-65.838062807,-45.234471939,79.879959726,11.394549124,77.315739704
218.746527778,215.750000000,87.668053055,-65.709911398,-45.353591502,79.841973410,11.414175592,77.312783511
218.873263889,215.875000000,87.629413112,-65.581508031,-45.472342621,79.803935611,11.433753917,77.309794400
219.000000000,216.000000000,87.590722316,-65.452853944,-45.590724804,79.765846561,11.453284057,77.306772688
219.126736111,216.125000000,87.551980900,-65.323950755,-45.708737211,79.727706600,11.472769707,77.299718987
219.253472222,216.250000000,87.513189085,-65.194800075,-45.826378997,79.689516053,11.492214568,77.292627966
219.380208333,216.375000000,87.474347085,-65.065403127,-45.943649675,79.651275129,11.511618608,77.285499896
219.506944444,216.500000000,87.435455114,-64.935761137,-46.060548762,79.612984033,11.530981794,77.278335048
219.633680556,216.625000000,87.396513386,-64.805875329,-46.177075777,79.574642974,11.550304093,77.271133694
219.760416667,216.750000000,87.357522116,-64.675746929,-46.293230247,79.536252159,11.569585470,77.263896106
219.887152778,216.875000000,87.318481519,-64.545377162,-46.409011701,79.497811794,11.588825892,77.256622556
220.013888889,217.000000000,87.279391808,-64.414767257,-46.524419673,79.459322088,11.608025323,77.249325325
220.140625000,217.125000000,87.240253199,-64.283918426,-46.639453713,79.420783243,11.627183605,77.242090314
220.267361111,217.250000000,87.201065906,-64.152831890,-46.754113372,79.382195464,11.646300623,77.234820300
220.394097222,217.375000000,87.161830144,-64.021508877,-46.868398198,79.343558961,11.665376340,77.227515558
220.520833333,217.500000000,87.122546129,-63.889950616,-46.982307743,79.304873940,11.684410720,77.220176364
220.647569444,217.625000000,87.083214076,-63.758158337,-47.095841564,79.266140609,11.703403727,77.212802995
220.774305556,217.750000000,87.043834200,-63.626133268,-47.208999221,79.227359177,11.722355323,77.205395727
220.901041667,217.875000000,87.004406715,-63.493876642,-47.321780281,79.188529851,11.741265472,77.197954838
221.027777778,218.000000000,86.964931838,-63.361389694,-47.434184308,79.149652841,11.760134203,77.190148809
221.154513889,218.125000000,86.925409780,-63.228673856,-47.546210702,79.110728411,11.778963373,77.181126555
221.281250000,218.250000000,86.885840747,-63.095730447,-47.657858963,79.071756788,11.797753807,77.172069636
221.407986111,218.375000000,86.846224945,-62.962560692,-47.769128669,79.032738170,11.816505469,77.162978312
221.534722222,218.500000000,86.806562579,-62.829165818,-47.880019404,78.993672756,11.835218326,77.153852845
221.661458333,218.625000000,86.766853855,-62.695547052,-47.990530755,78.954560744,11.853892342,77.144693496
221.788194444,218.750000000,86.727098978,-62.561705622,-48.100662315,78.915402334,11.872527480,77.135500528
221.914930556,218.875000000,86.687298153,-62.427642756,-48.210413679,78.876197723,11.891123705,77.126274203
222.041666667,219.000000000,86.647451586,-62.293359700,-48.319784434,78.836947116,11.909681166,77.116407103
222.168402778,219.125000000,86.607559477,-62.158857951,-48.428773963,78.797650786,11.928202308,77.105265060
222.295138889,219.250000000,86.567622021,-62.024138813,-48.537381804,78.758308945,11.946687872,77.094088284
222.421875000,219.375000000,86.527639411,-61.889203510,-48.645607564,78.718921781,11.965137827,77.082877016
222.548611111,219.500000000,86.487611841,-61.754053264,-48.753450858,78.679489482,11.983552139,77.071631500
222.675347222,219.625000000,86.447539503,-61.618689299,-48.860911301,78.640012234,12.001930775,77.060351977
222.802083333,219.750000000,86.407422593,-61.483112837,-48.967988517,78.600490225,12.020273703,77.049038691
222.928819444,219.875000000,86.367261303,-61.347325102,-49.074682131,78.560923642,12.038580888,77.037691886
223.055555556,220.000000000,86.327055827,-61.211327297,-49.180991790,78.521312667,12.056852100,77.026792821
223.182291667,220.125000000,86.286806361,-61.075120479,-49.286917260,78.481657440,12.075085780,77.016477941
223.309027778,220.250000000,86.246513106,-60.938705842,-49.392458212,78.441958147,12.093281571,77.006131558
223.435763889,220.375000000,86.206176263,-60.802084612,-49.497614291,78.402214979,12.111439433,76.995753931
223.562500000,220.500000000,86.165796031,-60.665258018,-49.602385149,78.362428132,12.129559328,76.985345316
223.689236111,220.625000000,86.125372612,-60.528227289,-49.706770438,78.322597800,12.147641218,76.974905974
223.815972222,220.750000000,86.084906206,-60.390993652,-49.810769820,78.282724176,12.165685063,76.964436163
223.942708333,220.875000000,86.044397014,-60.253558336,-49.914382957,78.242807453,12.183690825,76.953936142
224.069444444,221.000000000,86.003845235,-60.115922613,-50.017609485,78.202847840,12.201658844,76.942657149
224.196180556,221.125000000,85.963251067,-59.978087920,-50.120448914,78.162845585,12.219590982,76.930729282
224.322916667,221.250000000,85.922614699,-59.840055511,-50.222900896,78.122800884,12.237487461,76.918770370
224.449652778,221.375000000,85.881936326,-59.701826609,-50.324965106,78.082713922,12.255348245,76.906780658
224.576388889,221.500000000,85.841216137,-59.563402440,-50.426641226,78.042584885,12.273173296,76.894760391
224.703125000,221.625000000,85.800454326,-59.424784226,-50.527928941,78.002413959,12.290962576,76.882709814
224.829861111,221.750000000,85.759651084,-59.285973193,-50.628827940,77.962201328,12.308716049,76.870629172
224.956597222,221.875000000,85.718806602,-59.146970565,-50.729337915,77.921947180,12.326433676,76.858518713
225.083333333,222.000000000,85.677921074,-59.007777467,-50.829458638,77.881651671,12.344114549,76.847802498
225.210069444,222.125000000,85.636994699,-58.868394800,-50.929190049,77.841314900,12.361755711,76.837800704
225.336805556,222.250000000,85.596027683,-58.728823766,-51.028531883,77.800937057,12.379356883,76.827772478
225.463541667,222.375000000,85.555020232,-58.589065597,-51.127483854,77.760518341,12.396918019,76.817718094
225.590277778,222.500000000,85.513972551,-58.449121524,-51.226045685,77.720058951,12.414439072,76.807637825
225.717013889,222.625000000,85.472884846,-58.308992777,-51.324217100,77.679559085,12.431919998,76.797531948
225.843750000,222.750000000,85.431757323,-58.168680589,-51.421997830,77.639018942,12.449360748,76.787400736
225.970486111,222.875000000,85.390590186,-58.028186188,-51.519387608,77.598438720,12.466761277,76.777244467
226.097222222,223.000000000,85.349383640,-57.887510990,-51.616386043,77.557818669,12.484123152,76.764793129
226.223958333,223.125000000,85.308137877,-57.746656646,-51.712992577,77.517159101,12.501450053,76.751624924
226.350694444,223.250000000,85.266853086,-57.605624394,-51.809206935,77.476460200,12.518742091,76.738428871
226.477430556,223.375000000,85.225529451,-57.464415454,-51.905028861,77.435722148,12.535999225,76.725205212
226.604166667,223.500000000,85.184167161,-57.323031047,-52.000458099,77.394945125,12.553221415,76.711954188
226.730902778,223.625000000,85.142766402,-57.181472391,-52.095494400,77.354129312,12.570408621,76.698676040
226.857638889,223.750000000,85.101327361,-57.039740708,-52.190137519,77.313274890,12.587560803,76.685371012
226.984375000,223.875000000,85.059850225,-56.897837216,-52.284387214,77.272382041,12.604677919,76.672039345
227.111111111,224.000000000,85.018335184,-56.755762777,-52.378243488,77.231450843,12.621756842,76.662480222
227.237847222,224.125000000,84.976782445,-56.613518053,-52.471706492,77.190481334,12.638792640,76.653434323
227.364583333,224.250000000,84.935192223,-56.471104269,-52.564776016,77.149473719,12.655785198,76.644368055
227.491319444,224.375000000,84.893564731,-56.328522657,-52.657451849,77.108428203,12.672734461,76.635281718
227.618055556,224.500000000,84.851900185,-56.185774447,-52.749733783,77.067344994,12.689640373,76.626175611
227.744791667,224.625000000,84.810198798,-56.042860872,-52.841621615,77.026224298,12.706502880,76.617050034
227.871527778,224.750000000,84.768460783,-55.899783161,-52.933115147,76.985066322,12.723321925,76.607905288
227.998263889,224.875000000,84.726686357,-55.756542545,-53.024214182,76.943871271,12.740097451,76.598741674
228.125000000,225.000000000,84.684875727,-55.613140731,-53.114918226,76.902639487,12.756833476,76.585096355
228.251736111,225.125000000,84.643029085,-55.469579443,-53.205226758,76.861371299,12.773534250,76.571365003
228.378472222,225.250000000,84.601146617,-55.325859897,-53.295139584,76.820066888,12.790199729,76.557609812
228.505208333,225.375000000,84.559228508,-55.181983308,-53.384656510,76.778726432,12.806829870,76.543831027
228.631944444,225.500000000,84.517274944,-55.037950888,-53.473777351,76.737350112,12.823424628,76.530028893
228.758680556,225.625000000,84.475286111,-54.893763852,-53.562501922,76.695938106,12.839983957,76.516203655
228.885416667,225.750000000,84.433262195,-54.749423414,-53.650830044,76.654490596,12.856507813,76.502355561
229.012152778,225.875000000,84.391203380,-54.604930782,-53.738761543,76.613007759,12.872996120,76.488804246
229.138888889,226.000000000,84.349109859,-54.460286741,-53.826296513,76.571489656,12.889445217,76.478244283
229.265625000,226.125000000,84.306981835,-54.315492210,-53.913434977,76.529936397,12.905852532,76.467666455
229.392361111,226.250000000,84.264819514,-54.170548410,-54.000176783,76.488348182,12.922218007,76.457071052
229.519097222,226.375000000,84.222623103,-54.025456562,-54.086521782,76.446725209,12.938541585,76.446458365
229.645833333,226.500000000,84.180392808,-53.880217888,-54.172469829,76.405067679,12.954823210,76.435828684
229.772569444,226.625000000,84.138128837,-53.734833604,-54.258020785,76.363375790,12.971062823,76.425182302
229.899305556,226.750000000,84.095831395,-53.589304932,-54.343174513,76.321649741,12.987260367,76.414519510
230.026041667,226.875000000,84.053500690,-53.443633105,-54.427930871,76.279889737,13.003415914,76.403149607
230.152777778,227.000000000,84.011136922,-53.297819834,-54.512289440,76.238096114,13.019533529,76.389089413
230.279513889,227.125000000,83.968740279,-53.151866564,-54.596249949,76.196269119,13.035615121,76.375009314
230.406250000,227.250000000,83.926310945,-53.005774503,-54.679812266,76.154408934,13.051660642,76.360909561
230.532986111,227.375000000,83.883849107,-52.859544854,-54.762976267,76.112515737,13.067670042,76.346790404
230.659722222,227.500000000,83.841354951,-52.713178825,-54.845741828,76.070589708,13.083643271,76.332652096
230.786458333,227.625000000,83.798828661,-52.566677618,-54.928108832,76.028631026,13.099580278,76.318494888
230.913194444,227.750000000,83.756270424,-52.420042439,-55.010077163,75.986639870,13.115481014,76.304319031
231.039930556,227.875000000,83.713680426,-52.273274487,-55.091646713,75.944616419,13.131345401,76.290214332
231.166666667,228.000000000,83.671058853,-52.126374919,-55.172817401,75.902560841,13.147173012,76.276286400
231.293402778,228.125000000,83.628405891,-51.979344923,-55.253589135,75.860473310,13.162963672,76.262340931
231.420138889,228.250000000,83.585721729,-51.832185701,-55.333961816,75.818354010,13.178717329,76.248378184
231.546875000,228.375000000,83.543006554,-51.684898453,-55.413935351,75.776203120,13.194433928,76.234398414
231.673611111,228.500000000,83.500260553,-51.537484382,-55.493509651,75.734020821,13.210113417,76.220401881
231.800347222,228.625000000,83.457483914,-51.389944686,-55.572684628,75.691807295,13.225755743,76.206388842
231.927083333,228.750000000,83.414676824,-51.242280564,-55.651460203,75.649562723,13.241360850,76.192359557
232.053819444,228.875000000,83.371839471,-51.094493222,-55.729836293,75.607287287,13.256928740,76.178177422
232.180555556,229.000000000,83.328972041,-50.946583910,-55.807812796,75.564981183,13.272459799,76.163793845
232.307291667,229.125000000,83.286074719,-50.798553838,-55.885389633,75.522644594,13.287954072,76.149394393
232.434027778,229.250000000,83.243147692,-50.650404199,-55.962566738,75.480277698,13.303411506,76.134979322
232.560763889,229.375000000,83.200191144,-50.502136188,-56.039344048,75.437880676,13.318832045,76.120548889
232.687500000,229.500000000,83.157205261,-50.353750998,-56.115721504,75.395453705,13.334215635,76.106103350
232.814236111,229.625000000,83.114190228,-50.205249821,-56.191699050,75.352996966,13.349562220,76.091642964
232.940972222,229.750000000,83.071146231,-50.056633850,-56.267276634,75.310510636,13.364871745,76.077167989
233.067708333,229.875000000,83.028073455,-49.907904360,-56.342454166,75.267994919,13.380144844,76.061277831
233.194444444,230.000000000,82.984972077,-49.759062990,-56.417231370,75.225450115,13.395385085,76.044149931
233.321180556,230.125000000,82.941842266,-49.610110985,-56.491608164,75.182876408,13.410592944,76.027005044
233.447916667,230.250000000,82.898684192,-49.461049527,-56.565584504,75.140273959,13.425768372,76.009843395
233.574652778,230.375000000,82.855498024,-49.311879797,-56.639160349,75.097642934,13.440911320,75.992665212
233.701388889,230.500000000,82.812283931,-49.162602973,-56.712335663,75.054983495,13.456021739,75.975470724
233.828125000,230.625000000,82.769042082,-49.013220234,-56.785110412,75.012295807,13.471099581,75.958260156
233.954861111,230.750000000,82.725772647,-48.863732758,-56.857484567,74.969580033,13.486144794,75.941033738
234.081597222,230.875000000,82.682475796,-48.714141684,-56.929458121,74.926836327,13.501157029,75.924298976
234.208333333,231.000000000,82.639151700,-48.564448056,-57.001031117,74.884064816,13.516135174,75.907830203
234.335069444,231.125000000,82.595800533,-48.414653039,-57.072203546,74.841265666,13.531079085,75.891347197
234.461805556,231.250000000,82.552422471,-48.264757808,-57.142975396,74.798439044,13.545988707,75.874850199
234.588541667,231.375000000,82.509017686,-48.114763541,-57.213346659,74.755585119,13.560863988,75.858339447
234.715277778,231.500000000,82.465586353,-47.964671409,-57.283317332,74.712704060,13.575704874,75.841815182
234.842013889,231.625000000,82.422128646,-47.814482587,-57.352887413,74.669796034,13.590511309,75.825277643
234.968750000,231.750000000,82.378644740,-47.664198247,-57.422056906,74.626861209,13.605283241,75.808727071
235.095486111,231.875000000,82.335134807,-47.513819675,-57.490825765,74.583899786,13.620021522,75.790855734
235.222222222,232.000000000,82.291599015,-47.363348316,-57.559193870,74.540912005,13.634728295,75.772542000
235.348958333,232.125000000,82.248037526,-47.212785347,-57.627161223,74.497898029,13.649403608,75.754213907
235.475694444,232.250000000,82.204450505,-47.062131932,-57.694727837,74.454858016,13.664047410,75.735871673
235.602430556,232.375000000,82.160838115,-46.911389235,-57.761893728,74.411792123,13.678659651,75.717515521
235.729166667,232.500000000,82.117200519,-46.760558415,-57.828658916,74.368700508,13.693240281,75.699145670
235.855902778,232.625000000,82.073537882,-46.609640635,-57.895023424,74.325583330,13.707789249,75.680762342
235.982638889,232.750000000,82.029850366,-46.458637053,-57.960987280,74.282440747,13.722306503,75.662365760
236.109375000,232.875000000,81.986138134,-46.307548893,-58.026550486,74.239272934,13.736792493,75.643327310
236.236111111,233.000000000,81.942401347,-46.156377416,-58.091713029,74.196080078,13.751247999,75.624175470
236.362847222,233.125000000,81.898640164,-46.005123779,-58.156474944,74.152862331,13.765672983,75.605010213
236.489583333,233.250000000,81.854854744,-45.853789136,-58.220836269,74.109619848,13.780067397,75.585831754
236.616319444,233.375000000,81.811045245,-45.702374638,-58.284797048,74.066352783,13.794431190,75.566640306
236.743055556,233.500000000,81.767211827,-45.550881438,-58.348357327,74.023061289,13.808764311,75.547436085
236.869791667,233.625000000,81.723354650,-45.399310685,-58.411517156,73.979745520,13.823066710,75.528219306
236.996527778,233.750000000,81.679473871,-45.247663530,-58.474276589,73.936405631,13.837338337,75.508990184
237.123263889,233.875000000,81.635569649,-45.095941225,-58.536635639,73.893041803,13.851579956,75.488838402
237.250000000,234.000000000,81.591642139,-44.944145033,-58.598594315,73.849654220,13.865792428,75.468648041
237.376736111,234.125000000,81.547691494,-44.792276097,-58.660152680,73.806243031,13.879975704,75.448444942
237.503472222,234.250000000,81.503717868,-44.640335560,-58.721310797,73.762808383,13.894129737,75.428229309
237.630208333,234.375000000,81.459721413,-44.488324564,-58.782068734,73.719350426,13.908254476,75.408001348
237.756944444,234.500000000,81.415702283,-44.336244249,-58.842426564,73.675869306,13.922349873,75.387761265
237.883680556,234.625000000,81.371660631,-44.184095753,-58.902384362,73.632365174,13.936415877,75.367509267
238.010416667,234.750000000,81.327596612,-44.031880215,-58.961942207,73.588838176,13.950452440,75.347250339
238.137152778,234.875000000,81.283510377,-43.879598764,-59.021100183,73.545288459,13.964459448,75.327033320
238.263888889,235.000000000,81.239402082,-43.727252530,-59.079858380,73.501716170,13.978436807,75.306805070
238.390625000,235.125000000,81.195271879,-43.574842646,-59.138216886,73.458121458,13.992384465,75.286565796
238.517361111,235.250000000,81.151119922,-43.422370247,-59.196175795,73.414504470,14.006302371,75.266315705
238.644097222,235.375000000,81.106946366,-43.269836465,-59.253735202,73.370865357,14.020190474,75.246055007
238.770833333,235.500000000,81.062751363,-43.117242431,-59.310895209,73.327204265,14.034048723,75.225783909
238.897569444,235.625000000,81.018535068,-42.964589274,-59.367655918,73.283521344,14.047877066,75.205502622
239.024305556,235.750000000,80.974297634,-42.811878134,-59.424017431,73.239816746,14.061675542,75.184699256
239.151041667,235.875000000,80.930039211,-42.659110561,-59.479979701,73.196090737,14.075447327,75.161726337
239.277777778,236.000000000,80.885759937,-42.506287885,-59.535542756,73.152343510,14.089193989,75.138741046
239.404513889,236.125000000,80.841459949,-42.353411225,-59.590706702,73.108575199,14.102915483,75.115743563
239.531250000,236.250000000,80.797139387,-42.200481698,-59.645471652,73.064785938,14.116611765,75.092734068
239.657986111,236.375000000,80.752798386,-42.047500422,-59.699837721,73.020975860,14.130282792,75.069712739
239.784722222,236.500000000,80.708437086,-41.894468510,-59.753805025,72.977145098,14.143928518,75.046679757
239.911458333,236.625000000,80.664055622,-41.741387076,-59.807373687,72.933293786,14.157548898,75.023635302
240.038194444,236.750000000,80.619654134,-41.588257231,-59.860543833,72.889422055,14.171143868,75.000655788
240.164930556,236.875000000,80.575232758,-41.435080042,-59.913315605,72.845530027,14.184713049,74.977842049
240.291666667,237.000000000,80.530791634,-41.281856604,-59.965689141,72.801617832,14.198256281,74.955017633
240.418402778,237.125000000,80.486330902,-41.128588028,-60.017664578,72.757685604,14.211773519,74.932182723
240.545138889,237.250000000,80.441850699,-40.975275420,-60.069242053,72.713733480,14.225264714,74.909337504
240.671875000,237.375000000,80.397351166,-40.821919889,-60.120421709,72.669761592,14.238729821,74.886482158
240.798611111,237.500000000,80.352832441,-40.668522539,-60.171203691,72.625770076,14.252168792,74.863616871
240.925347222,237.625000000,80.308294664,-40.515084474,-60.221588149,72.581759066,14.265581581,74.840741828
241.052083333,237.750000000,80.263737973,-40.361606812,-60.271575229,72.537728701,14.278968251,74.817562059
241.178819444,237.875000000,80.219162505,-40.208090786,-60.321165044,72.493679151,14.292329742,74.793949342
241.305555556,238.000000000,80.174568397,-40.054537523,-60.370357739,72.449610556,14.305666238,74.770326695
241.432291667,238.125000000,80.129955782,-39.900948123,-60.419153474,72.405523046,14.318977694,74.746694296
241.559027778,238.250000000,80.085324795,-39.747323679,-60.467552412,72.361416752,14.332264063,74.723052321
241.685763889,238.375000000,80.040675570,-39.593665288,-60.515554719,72.317291804,14.345525301,74.699400949
241.812500000,238.500000000,79.996008244,-39.439974042,-60.563160563,72.273148332,14.358761359,74.675740357
241.939236111,238.625000000,79.951322950,-39.286251033,-60.610370118,72.228986467,14.371972192,74.652070724
242.065972222,238.750000000,79.906619823,-39.132497392,-60.657183547,72.184806351,14.385158054,74.627768883
242.192708333,238.875000000,79.861898995,-38.978714428,-60.703600958,72.140608174,14.398320560,74.602883339
242.319444444,239.000000000,79.817160592,-38.824903261,-60.749622520,72.096392071,14.411459923,74.577988115
242.446180556,239.125000000,79.772404743,-38.671064975,-60.795248413,72.052158163,14.424576099,74.553083376
242.572916667,239.250000000,79.727631575,-38.517200652,-60.840478822,72.007906576,14.437669045,74.528169287
242.699652778,239.375000000,79.682841215,-38.363311374,-60.885313934,71.963637432,14.450738718,74.503246014
242.826388889,239.500000000,79.638033792,-38.209398219,-60.929753940,71.919350855,14.463785072,74.478313724
242.953125000,239.625000000,79.593209432,-38.055462267,-60.973799033,71.875046969,14.476808065,74.453372584
243.079861111,239.750000000,79.548368264,-37.901504680,-61.017449385,71.830725922,14.489808299,74.427316258
243.206597222,239.875000000,79.503510407,-37.747526854,-61.060705102,71.786387924,14.502788118,74.400600645
243.333333333,240.000000000,79.458635980,-37.593529888,-61.103566372,71.742033097,14.515747706,74.373875067
243.460069444,240.125000000,79.413745100,-37.439514851,-61.146033396,71.697661554,14.528687025,74.347139672
243.586805556,240.250000000,79.368837883,-37.285482811,-61.188106375,71.653273409,14.541606036,74.320394609
243.713541667,240.375000000,79.323914447,-37.131434835,-61.229785517,71.608868776,14.554504700,74.293640026
243.840277778,240.500000000,79.278974908,-36.977371988,-61.271071031,71.564447769,14.567382978,74.266876072
243.967013889,240.625000000,79.234019384,-36.823295334,-61.311963128,71.520010500,14.580240830,74.240102896
244.093750000,240.750000000,79.189047992,-36.669205919,-61.352462029,71.475557079,14.593078109,74.213479490
244.220486111,240.875000000,79.144060850,-36.515104768,-61.392567962,71.431087610,14.605894497,74.186903215
244.347222222,241.000000000,79.099058076,-36.360992939,-61.432281150,71.386602208,14.618689941,74.160318357
244.473958333,241.125000000,79.054039789,-36.206871490,-61.471601818,71.342100986,14.631464400,74.133725067
244.600694444,241.250000000,79.009006106,-36.052741477,-61.510530193,71.297584059,14.644217833,74.107123499
244.727430556,241.375000000,78.963957147,-35.898603957,-61.549066509,71.253051543,14.656950198,74.080513802
244.854166667,241.500000000,78.918893029,-35.744459983,-61.587210998,71.208503552,14.669661455,74.053896131
244.980902778,241.625000000,78.873813872,-35.590310608,-61.624963899,71.163940200,14.682351561,74.027270636
245.107638889,241.750000000,78.828719790,-35.436157128,-61.662325391,71.119361672,14.695022297,73.998332524
245.234375000,241.875000000,78.783610892,-35.282001020,-61.699295604,71.074768195,14.707676795,73.968975861
245.361111111,242.000000000,78.738487279,-35.127843334,-61.735874775,71.030159872,14.720315081,73.939609545
245.487847222,242.125000000,78.693349053,-34.973685112,-61.772063142,70.985536802,14.732937123,73.910233701
245.614583333,242.250000000,78.648196316,-34.819527393,-61.807860948,70.940899084,14.745542887,73.880848455
245.741319444,242.375000000,78.603029171,-34.665371216,-61.843268438,70.896246817,14.758132342,73.851453932
245.868055556,242.500000000,78.557847719,-34.511217619,-61.878285861,70.851580100,14.770705455,73.822050258
245.994791667,242.625000000,78.512652064,-34.357067637,-61.912913469,70.806899034,14.783262191,73.792637558
246.121527778,242.750000000,78.467442307,-34.202922183,-61.947151542,70.762203683,14.795801629,73.764211898
246.248263889,242.875000000,78.422218556,-34.048782150,-61.981000373,70.717494109,14.808322687,73.735820963
246.375000000,243.000000000,78.376980919,-33.894648571,-62.014460225,70.672770419,14.820825328,73.707422222
246.501736111,243.125000000,78.331729506,-33.740522476,-62.047531365,70.628032717,14.833309512,73.679015812
246.628472222,243.250000000,78.286464423,-33.586404897,-62.080214063,70.583281108,14.845775203,73.650601869
246.755208333,243.375000000,78.241185780,-33.432296862,-62.112508591,70.538515698,14.858222363,73.622180530
246.881944444,243.500000000,78.195893685,-33.278199397,-62.144415223,70.493736591,14.870650954,73.593751932
247.008680556,243.625000000,78.150588246,-33.124113532,-62.175934239,70.448943893,14.883060958,73.565005203
247.135416667,243.750000000,78.105269565,-32.970040942,-62.207065781,70.404137895,14.895457122,73.532020042
247.262152778,243.875000000,78.059937729,-32.815983146,-62.237810018,70.359318826,14.907843100,73.499024757
247.388888889,244.000000000,78.014592818,-32.661941158,-62.268167220,70.314486766,14.920218871,73.466019442
247.515625000,244.125000000,77.969234914,-32.507915989,-62.298137660,70.269641794,14.932584413,73.433004191
247.642361111,244.250000000,77.923864098,-32.353908649,-62.327721613,70.224783989,14.944939705,73.399979100
247.769097222,244.375000000,77.878480450,-32.199920148,-62.356919358,70.179913432,14.957284723,73.366944262
247.895833333,244.500000000,77.833084054,-32.045951491,-62.385731177,70.135030202,14.969619446,73.333899772
248.022569444,244.625000000,77.787674989,-31.892003681,-62.414157355,70.090134378,14.981943817,73.301061250
248.149305556,244.750000000,77.742253340,-31.738077521,-62.442198215,70.045225981,14.994256345,73.269208446
248.276041667,244.875000000,77.696819193,-31.584173910,-62.469854072,70.000305066,15.006556238,73.237347051
248.402777778,245.000000000,77.651372638,-31.430293853,-62.497125222,69.955371722,15.018843470,73.205477168
248.529513889,245.125000000,77.605913764,-31.276438351,-62.524011964,69.910426033,15.031118013,73.173598905
248.656250000,245.250000000,77.560442657,-31.122608405,-62.550514601,69.865468085,15.043379840,73.141712366
248.782986111,245.375000000,77.514959408,-30.968805013,-62.576633437,69.820497966,15.055628924,73.109817658
248.909722222,245.500000000,77.469464105,-30.815029174,-62.602368780,69.775515762,15.067865236,73.077914887
249.036458333,245.625000000,77.423956836,-30.661281905,-62.627720937,69.730521565,15.080088919,73.045375461
249.163194444,245.750000000,77.378437685,-30.507564599,-62.652690151,69.685515575,15.092302841,73.011270539
249.289930556,245.875000000,77.332906728,-30.353878390,-62.677276709,69.640497908,15.104508024,72.977156504
249.416666667,246.000000000,77.287364041,-30.200224263,-62.701480919,69.595468639,15.116704448,72.943033443
249.543402778,246.125000000,77.241809700,-30.046603207,-62.725303096,69.550427840,15.128892092,72.908901444
249.670138889,246.250000000,77.196243780,-29.893016205,-62.748743555,69.505375588,15.141070937,72.874760592
249.796875000,246.375000000,77.150666357,-29.739464240,-62.771802615,69.460311954,15.153240963,72.840610975
249.923611111,246.500000000,77.105077506,-29.585948295,-62.794480596,69.415237015,15.165402149,72.806452680
250.050347222,246.625000000,77.059477303,-29.432469364,-62.816777820,69.370150847,15.177554580,72.772008476
250.177083333,246.750000000,77.013865821,-29.279028560,-62.838694592,69.325053563,15.189699208,72.737134742
250.303819444,246.875000000,76.968243132,-29.125626891,-62.860231235,69.279945242,15.201836254,72.702252204
250.430555556,247.000000000,76.922609308,-28.972265332,-62.881388077,69.234825955,15.213965701,72.667360942
250.557291667,247.125000000,76.876964420,-28.818944857,-62.902165450,69.189695772,15.226087530,72.632461039
250.684027778,247.250000000,76.831308538,-28.665666436,-62.922563688,69.144554763,15.238201724,72.597552575
250.810763889,247.375000000,76.785641736,-28.512431040,-62.942583128,69.099402998,15.250308264,72.562635633
250.937500000,247.500000000,76.739964083,-28.359239638,-62.962224108,69.054240547,15.262407132,72.527710293
251.064236111,247.625000000,76.694275652,-28.206093197,-62.981486971,69.009067480,15.274498323,72.492750567
251.190972222,247.750000000,76.648576513,-28.052992693,-63.000372060,68.963883872,15.286581891,72.457757220
251.317708333,247.875000000,76.602866738,-27.899939091,-63.018879721,68.918689791,15.298657829,72.422755692
251.444444444,248.000000000,76.557146398,-27.746933354,-63.037010303,68.873485309,15.310726119,72.387746064
251.571180556,248.125000000,76.511415564,-27.593976442,-63.054764160,68.828270494,15.322786743,72.352728418
251.697916667,248.250000000,76.465674307,-27.441069315,-63.072141644,68.783045416,15.334839682,72.317702834
251.824652778,248.375000000,76.419922699,-27.288212928,-63.089143113,68.737810145,15.346884918,72.282669393
251.951388889,248.500000000,76.374160809,-27.135408239,-63.105768926,68.692564751,15.358922432,72.247628178
252.078125000,248.625000000,76.328388710,-26.982656137,-63.122019454,68.647309285,15.370951742,72.213370725
252.204861111,248.750000000,76.282606477,-26.829957327,-63.137895088,68.602043747,15.382971033,72.179598724
252.331597222,248.875000000,76.236814189,-26.677312736,-63.153396205,68.556768207,15.394980101,72.145819943
252.458333333,249.000000000,76.191011924,-26.524723316,-63.168523178,68.511482741,15.406978924,72.112034477
252.585069444,249.125000000,76.145199762,-26.372190015,-63.183276384,68.466187427,15.418967476,72.078242416
252.711805556,249.250000000,76.099377780,-26.219713783,-63.197656202,68.420882341,15.430945733,72.044443855
252.838541667,249.375000000,76.053546058,-26.067295564,-63.211663015,68.375567560,15.442913672,72.010638883
252.965277778,249.500000000,76.007704675,-25.914936303,-63.225297207,68.330243161,15.454871266,71.976827596
253.092013889,249.625000000,75.961853708,-25.762636941,-63.238559164,68.284909221,15.466818486,71.943020241
253.218750000,249.750000000,75.915993237,-25.610398416,-63.251449277,68.239565816,15.478755286,71.909210596
253.345486111,249.875000000,75.870123341,-25.458221668,-63.263967937,68.194213022,15.490681643,71.875394920
253.472222222,250.000000000,75.824244099,-25.306107634,-63.276115539,68.148850917,15.502597530,71.841573307
253.598958333,250.125000000,75.778355588,-25.154057250,-63.287892478,68.103479577,15.514502922,71.807745850
253.725694444,250.250000000,75.732457888,-25.002071449,-63.299299156,68.058099080,15.526397794,71.773912640
253.852430556,250.375000000,75.686551078,-24.850151164,-63.310335972,68.012709502,15.538282121,71.740073772
253.979166667,250.500000000,75.640635237,-24.698297324,-63.321003332,67.967310920,15.550155878,71.706229337
254.105902778,250.625000000,75.594710444,-24.546510724,-63.331301652,67.921903372,15.562018065,71.673599185
254.232638889,250.750000000,75.548776784,-24.394792044,-63.341231362,67.876486866,15.573866878,71.641204512
254.359375000,250.875000000,75.502834345,-24.243142206,-63.350792879,67.831061486,15.585702246,71.608805553
254.486111111,251.000000000,75.456883214,-24.091562134,-63.359986622,67.785627317,15.597524140,71.576402416
254.612847222,251.125000000,75.410923479,-23.940052752,-63.368813013,67.740184443,15.609332526,71.543995205
254.739583333,251.250000000,75.364955227,-23.788614982,-63.377272476,67.694732950,15.621127372,71.511584029
254.866319444,251.375000000,75.318978545,-23.637249742,-63.385365438,67.649272923,15.632908647,71.479168993
254.993055556,251.500000000,75.272993521,-23.485957950,-63.393092327,67.603804447,15.644676318,71.446750205
255.119791667,251.625000000,75.227000243,-23.334740500,-63.400453577,67.558327599,15.656430199,71.414498032
255.246527778,251.750000000,75.180998798,-23.183598280,-63.407449623,67.512842459,15.668170066,71.382252320
255.373263889,251.875000000,75.134989276,-23.032532202,-63.414080901,67.467349111,15.679895886,71.350003310
255.500000000,252.000000000,75.088971765,-22.881543176,-63.420347850,67.421847643,15.691607626,71.317751112
255.626736111,252.125000000,75.042946353,-22.730632110,-63.426250913,67.376338139,15.703305250,71.285495832
255.753472222,252.250000000,74.996913129,-22.579799911,-63.431790533,67.330820686,15.714988726,71.253237582
255.880208333,252.375000000,74.950872181,-22.429047483,-63.436967156,67.285295369,15.726658020,71.220976469
256.006944444,252.500000000,74.904823598,-22.278375727,-63.441781230,67.239762274,15.738313093,71.188788354
256.133680556,252.625000000,74.858767469,-22.127785341,-63.446233215,67.194221428,15.749952447,71.157904881
256.260416667,252.750000000,74.812703892,-21.977277059,-63.450323573,67.148672871,15.761574856,71.127019971
256.387152778,252.875000000,74.766632961,-21.826851779,-63.454052764,67.103116699,15.773180281,71.096133747
256.513888889,253.000000000,74.720554774,-21.676510397,-63.457421251,67.057553004,15.784768681,71.065246333
256.640625000,253.125000000,74.674469427,-21.526253807,-63.460429501,67.011981879,15.796340016,71.034357851
256.767361111,253.250000000,74.628377018,-21.376082902,-63.463077980,66.966403419,15.807894245,71.003468425
256.894097222,253.375000000,74.582277642,-21.225998571,-63.465367159,66.920817717,15.819431327,70.972578177
257.020833333,253.500000000,74.536171397,-21.076001704,-63.467297509,66.875224867,15.830951234,70.941613646
257.147569444,253.625000000,74.490058378,-20.926093264,-63.468869505,66.829624984,15.842454472,70.910274265
257.274305556,253.750000000,74.443938679,-20.776274176,-63.470083620,66.784018173,15.853941305,70.878934057
257.401041667,253.875000000,74.397812396,-20.626545320,-63.470940333,66.738404526,15.865411691,70.847593144
257.527777778,254.000000000,74.351679621,-20.476907578,-63.471440123,66.692784131,15.876865592,70.816251644
257.654513889,254.125000000,74.305540449,-20.327361825,-63.471583471,66.647157082,15.888302967,70.784909676
257.781250000,254.250000000,74.259394973,-20.177908938,-63.471370863,66.601523468,15.899723777,70.753567360
257.907986111,254.375000000,74.213243289,-20.028549788,-63.470802784,66.555883381,15.911127981,70.722224815
258.034722222,254.500000000,74.167085489,-19.879285248,-63.469879723,66.510236911,15.922515535,70.690896446
258.161458333,254.625000000,74.120921669,-19.730116175,-63.468602171,66.464584146,15.933886328,70.659605968
258.288194444,254.750000000,74.074751921,-19.581043434,-63.466970620,66.418925177,15.945240292,70.628315665
258.414930556,254.875000000,74.028576341,-19.432067889,-63.464985568,66.373260094,15.956577388,70.597025658
258.541666667,255.000000000,73.982395024,-19.283190403,-63.462647511,66.327588989,15.967897573,70.565736066
258.668402778,255.125000000,73.936208062,-19.134411836,-63.459956948,66.281911953,15.979200807,70.534447012
258.795138889,255.250000000,73.890015551,-18.985733047,-63.456914383,66.236229077,15.990487047,70.503158615
258.921875000,255.375000000,73.843817585,-18.837154893,-63.453520318,66.190540452,16.001756252,70.471870998
259.048611111,255.500000000,73.797614258,-18.688678215,-63.449775261,66.144846165,16.013008288,70.440835399
259.175347222,255.625000000,73.751405667,-18.540303736,-63.445679717,66.099146268,16.024242177,70.410204800
259.302083333,255.750000000,73.705191909,-18.392032271,-63.441234199,66.053440847,16.035457637,70.379575919
259.428819444,255.875000000,73.658973082,-18.243864670,-63.436439221,66.007729996,16.046654620,70.348948884
259.555555556,256.000000000,73.612749285,-18.095801780,-63.431295302,65.962013809,16.057833082,70.318323824
259.682291667,256.125000000,73.566520616,-17.947844444,-63.425802959,65.916292381,16.068992978,70.287700867
259.809027778,256.250000000,73.520287173,-17.799993503,-63.419962716,65.870565806,16.080134262,70.257080141
259.935763889,256.375000000,73.474049054,-17.652249799,-63.413775096,65.824834180,16.091256888,70.226461775
260.062500000,256.500000000,73.427806357,-17.504614175,-63.407240624,65.779097599,16.102360855,70.195751447
260.189236111,256.625000000,73.381559181,-17.357087505,-63.400359831,65.733356170,16.113446396,70.164946532
260.315972222,256.750000000,73.335307621,-17.209670628,-63.393133245,65.687609986,16.124513513,70.134144189
260.442708333,256.875000000,73.289051776,-17.062364376,-63.385561398,65.641859144,16.135562160,70.103344547
260.569444444,257.000000000,73.242791741,-16.915169577,-63.377644823,65.596103734,16.146592293,70.072547732
260.696180556,257.125000000,73.196527616,-16.768087058,-63.369384056,65.550343853,16.157603864,70.041753872
260.822916667,257.250000000,73.150259495,-16.621117642,-63.360779634,65.504579592,16.168596827,70.010963094
260.949652778,257.375000000,73.103987477,-16.474262151,-63.351832097,65.458811045,16.179571136,69.980175527
261.076388889,257.500000000,73.057711658,-16.327521421,-63.342541987,65.413038311,16.190526852,69.949207764
261.203125000,257.625000000,73.011432134,-16.180896330,-63.332909851,65.367261501,16.201464367,69.918122281
261.329861111,257.750000000,72.965149002,-16.034387699,-63.322936233,65.321480709,16.212383681,69.887040113
261.456597222,257.875000000,72.918862355,-15.887996341,-63.312621681,65.275696027,16.223284750,69.855961387
261.583333333,258.000000000,72.872572289,-15.741723066,-63.301966742,65.229907546,16.234167525,69.824886226
261.710069444,258.125000000,72.826278901,-15.595568683,-63.290971966,65.184115358,16.245031963,69.793814756
261.836805556,258.250000000,72.779982283,-15.449533999,-63.279637908,65.138319555,16.255878016,69.762747103
261.963541667,258.375000000,72.733682533,-15.303619815,-63.267965119,65.092520229,16.266705639,69.731683391
262.090277778,258.500000000,72.687379746,-15.157826909,-63.255954156,65.046717463,16.277514590,69.700903192
262.217013889,258.625000000,72.641074017,-15.012156003,-63.243605570,65.000911327,16.288304283,69.670240348
262.343750000,258.750000000,72.594765446,-14.866607891,-63.230919923,64.955101913,16.299074638,69.639582191
262.470486111,258.875000000,72.548454129,-14.721183367,-63.217897779,64.909289315,16.309825606,69.608928851
262.597222222,259.000000000,72.502140164,-14.575883226,-63.204539703,64.863473626,16.320557138,69.578280457
262.723958333,259.125000000,72.455823648,-14.430708256,-63.190846263,64.817654942,16.331269184,69.547637141
262.850694444,259.250000000,72.409504680,-14.285659246,-63.176818027,64.771833355,16.341961697,69.516999032
262.977430556,259.375000000,72.363183356,-14.140736983,-63.162455568,64.726008959,16.352634625,69.486366263
263.104166667,259.500000000,72.316859774,-13.995942286,-63.147759461,64.680181860,16.363288188,69.455404608
263.230902778,259.625000000,72.270534031,-13.851276008,-63.132730289,64.634352173,16.373922850,69.424375761
263.357638889,259.750000000,72.224206220,-13.706738929,-63.117368626,64.588519989,16.384538575,69.393352258
263.484375000,259.875000000,72.177876437,-13.562331826,-63.101675049,64.542685400,16.395135315,69.362334225
263.611111111,260.000000000,72.131544778,-13.418055473,-63.085650138,64.496848497,16.405713021,69.331321791
263.737847222,260.125000000,72.085211338,-13.273910641,-63.069294474,64.451009373,16.416271644,69.300315082
263.864583333,260.250000000,72.038876212,-13.129898100,-63.052608639,64.405168118,16.426811135,69.269314226
263.991319444,260.375000000,71.992539494,-12.986018617,-63.035593218,64.359324824,16.437331446,69.238319350
264.118055556,260.500000000,71.946201280,-12.842273054,-63.018248808,64.313479613,16.447833232,69.206556399
264.244791667,260.625000000,71.899861662,-12.698662300,-63.000576010,64.267632614,16.458317363,69.174742016
264.371527778,260.750000000,71.853520728,-12.555187116,-62.982575412,64.221783914,16.468783798,69.142933217
264.498263889,260.875000000,71.807178570,-12.411848259,-62.964247602,64.175933599,16.479232490,69.111130123
264.625000000,261.000000000,71.760835278,-12.268646483,-62.945593170,64.130081756,16.489663392,69.079332851
264.751736111,261.125000000,71.714490942,-12.125582542,-62.926612708,64.084228473,16.500076459,69.047541523
264.878472222,261.250000000,71.668145653,-11.982657185,-62.907306811,64.038373835,16.510471642,69.015756256
265.005208333,261.375000000,71.621799501,-11.839871160,-62.887676074,63.992517931,16.520848893,68.984062635
265.131944444,261.500000000,71.575452579,-11.697224910,-62.867721054,63.946660751,16.531205961,68.954370519
265.258680556,261.625000000,71.529104987,-11.554718917,-62.847442321,63.900802307,16.541540914,68.924686866
265.385416667,261.750000000,71.482756828,-11.412353926,-62.826840483,63.854942700,16.551853696,68.895011819
265.512152778,261.875000000,71.436408204,-11.270130674,-62.805916151,63.809082025,16.562144250,68.865345520
265.638888889,262.000000000,71.390059218,-11.128049899,-62.784669936,63.763220383,16.572412519,68.835688115
265.765625000,262.125000000,71.343709972,-10.986112336,-62.763102454,63.717357870,16.582658445,68.806039745
265.892361111,262.250000000,71.297360568,-10.844318716,-62.741214319,63.671494584,16.592881972,68.776400555
266.019097222,262.375000000,71.251011110,-10.702669779,-62.719006149,63.625630628,16.603083098,68.746385397
266.145833333,262.500000000,71.204661695,-10.561166685,-62.696478631,63.579766235,16.613264925,68.714206617
266.272569444,262.625000000,71.158312414,-10.419810409,-62.673632415,63.533901573,16.623429219,68.682034920
266.399305556,262.750000000,71.111963352,-10.278601673,-62.650468114,63.488036726,16.633575933,68.649870420
266.526041667,262.875000000,71.065614599,-10.137541196,-62.626986342,63.442171777,16.643705020,68.617713236
266.652777778,263.000000000,71.019266242,-9.996629693,-62.603187716,63.396306812,16.653816433,68.585563483
266.779513889,263.125000000,70.972918368,-9.855867880,-62.579072853,63.350441915,16.663910125,68.553421277
266.906250000,263.250000000,70.926571065,-9.715256469,-62.554642371,63.304577168,16.673986048,68.521286736
267.032986111,263.375000000,70.880224421,-9.574796152,-62.529896889,63.258712652,16.684044030,68.489643928
267.159722222,263.500000000,70.833878526,-9.434487287,-62.504836970,63.212848339,16.694081482,68.459385606
267.286458333,263.625000000,70.787533478,-9.294330443,-62.479463220,63.166984277,16.704097346,68.429137136
267.413194444,263.750000000,70.741189377,-9.154326321,-62.453776272,63.121120562,16.714091565,68.398898655
267.539930556,263.875000000,70.694846319,-9.014475624,-62.427776759,63.075257287,16.724064081,68.368670302
267.666666667,264.000000000,70.648504404,-8.874779048,-62.401465316,63.029394546,16.734014838,68.338452213
267.793402778,264.125000000,70.602163730,-8.735237289,-62.374842583,62.983532433,16.743943779,68.308244528
267.920138889,264.250000000,70.555824395,-8.595851042,-62.347909196,62.937671043,16.753850846,68.278047384
268.046875000,264.375000000,70.509486497,-8.456621007,-62.320665799,62.891810472,16.763736062,68.247637877
268.173611111,264.500000000,70.463150135,-8.317547993,-62.293113056,62.845950855,16.773600246,68.216858761
268.300347222,264.625000000,70.416815401,-8.178632717,-62.265251614,62.800092291,16.783443577,68.186089972
268.427083333,264.750000000,70.370482393,-8.039875862,-62.237082117,62.754234872,16.793266000,68.155331641
268.553819444,264.875000000,70.324151204,-7.901278110,-62.208605208,62.708378688,16.803067461,68.124583902
268.680555556,265.000000000,70.277821929,-7.762840138,-62.179821533,62.662523831,16.812847901,68.093846887
268.807291667,265.125000000,70.231494664,-7.624562622,-62.150731738,62.616670390,16.822607267,68.063120728
268.934027778,265.250000000,70.185169502,-7.486446236,-62.121336473,62.570818458,16.832345501,68.032405558
269.060763889,265.375000000,70.138846540,-7.348491657,-62.091636390,62.524968126,16.842062600,68.001589919
269.187500000,265.500000000,70.092525871,-7.210699601,-62.061632149,62.479119501,16.851758853,67.970664200
269.314236111,265.625000000,70.046207589,-7.073070742,-62.031324404,62.433272676,16.861434267,67.939749628
269.440972222,265.750000000,69.999891787,-6.935605743,-62.000713808,62.387427738,16.871088786,67.908846332
269.567708333,265.875000000,69.953578559,-6.798305265,-61.969801018,62.341584778,16.880722355,67.877954444
269.694444444,266.000000000,69.907267999,-6.661169967,-61.938586689,62.295743886,16.890334915,67.847074096
269.821180556,266.125000000,69.860960199,-6.524200504,-61.907071478,62.249905150,16.899926412,67.816205418
269.947916667,266.250000000,69.814655255,-6.387397529,-61.875256046,62.204068661,16.909496788,67.785348542
270.074652778,266.375000000,69.768353258,-6.250761653,-61.843141043,62.158234493,16.919045687,67.755015106
270.201388889,266.500000000,69.722054307,-6.114293351,-61.810727092,62.112402681,16.928571771,67.725051341
270.328125000,266.625000000,69.675758499,-5.977993248,-61.778014855,62.066573312,16.938074833,67.695100715
270.454861111,266.750000000,69.629465932,-5.841861988,-61.745004999,62.020746479,16.947554811,67.665163371
270.581597222,266.875000000,69.583176706,-5.705900212,-61.711698195,61.974922278,16.957011644,67.635239450
270.708333333,267.000000000,69.536890919,-5.570108558,-61.678095113,61.929100802,16.966445270,67.605329097
270.835069444,267.125000000,69.490608669,-5.434487662,-61.644196425,61.883282144,16.975855626,67.575432453
270.961805556,267.250000000,69.444330055,-5.299038157,-61.610002803,61.837466400,16.985242650,67.545549662
271.088541667,267.375000000,69.398055175,-5.163760795,-61.575514953,61.791653703,16.994607179,67.514387435
271.215277778,267.500000000,69.351784121,-5.028656560,-61.540733637,61.745844260,17.003951770,67.482679719
271.342013889,267.625000000,69.305516980,-4.893726098,-61.505659531,61.700038164,17.013276539,67.450984290
271.468750000,267.750000000,69.259253841,-4.758970032,-61.470293306,61.654235499,17.022581428,67.419301272
271.595486111,267.875000000,69.212994792,-4.624388984,-61.434635636,61.608436348,17.031866385,67.387630786
271.722222222,268.000000000,69.166739920,-4.489983570,-61.398687194,61.562640795,17.041131355,67.355972956
271.848958333,268.125000000,69.120489313,-4.355754408,-61.362448656,61.516848924,17.050376281,67.324327904
271.975694444,268.250000000,69.074243059,-4.221702109,-61.325920699,61.471060820,17.059601109,67.292695755
272.102430556,268.375000000,69.028001248,-4.087827014,-61.289103928,61.425276475,17.068803781,67.263562064
272.229166667,268.500000000,68.981763980,-3.954129192,-61.251998882,61.379495800,17.077980212,67.235034415
272.355902778,268.625000000,68.935531361,-3.820609232,-61.214606248,61.333718891,17.087130222,67.206523532
272.482638889,268.750000000,68.889303497,-3.687267737,-61.176926719,61.287945847,17.096253738,67.178029576
272.609375000,268.875000000,68.843080492,-3.554105307,-61.138960990,61.242176769,17.105350690,67.149552708
272.736111111,269.000000000,68.796862453,-3.421122540,-61.100709755,61.196411758,17.114421006,67.121093090
272.862847222,269.125000000,68.750649485,-3.288320032,-61.062173712,61.150650913,17.123464616,67.092650883
272.989583333,269.250000000,68.704441694,-3.155698374,-61.023353558,61.104894335,17.132481447,67.064226248
273.116319444,269.375000000,68.658239181,-3.023258599,-60.984250120,61.059142274,17.141474739,67.032209526
273.243055556,269.500000000,68.612042036,-2.891001900,-60.944864266,61.013395024,17.150448954,66.999883190
273.369791667,269.625000000,68.565850342,-2.758928865,-60.905196682,60.967652664,17.159404065,66.967570440
273.496527778,269.750000000,68.519664180,-2.627040077,-60.865248057,60.921915274,17.168340019,66.935271393
273.623263889,269.875000000,68.473483634,-2.495336114,-60.825019081,60.876182933,17.177256761,66.902986165
273.750000000,270.000000000,68.427308788,-2.363817556,-60.784510442,60.830455720,17.186154239,66.870714871
273.876736111,270.125000000,68.381139725,-2.232484975,-60.743722833,60.784733715,17.195032397,66.838457629
274.003472222,270.250000000,68.334976526,-2.101338945,-60.702656946,60.739016996,17.203891179,66.806304928
274.130208333,270.375000000,68.288819280,-1.970379571,-60.661313330,60.693305484,17.212727047,66.777376655
274.256944444,270.500000000,68.242668084,-1.839607004,-60.619692561,60.647599129,17.221536807,66.748466504
274.383680556,270.625000000,68.196523042,-1.709021808,-60.577795344,60.601898026,17.230320388,66.719574630
274.510416667,270.750000000,68.150384254,-1.578624545,-60.535622390,60.556202272,17.239077719,66.690701190
274.637152778,270.875000000,68.104251822,-1.448415774,-60.493174408,60.510511964,17.247808728,66.661846339
274.763888889,271.000000000,68.058125849,-1.318396051,-60.450452109,60.464827200,17.256513344,66.633010236
274.890625000,271.125000000,68.012006437,-1.188565931,-60.407456204,60.419148074,17.265191495,66.604193036
275.017361111,271.250000000,67.965893687,-1.058925973,-60.364187410,60.373474688,17.273843181,66.574875413
275.144097222,271.375000000,67.919787695,-0.929477349,-60.320646646,60.327807352,17.282473038,66.542301820
275.270833333,271.500000000,67.873688546,-0.800220982,-60.276834740,60.282146278,17.291083845,66.509743282
275.397569444,271.625000000,67.827596318,-0.671157415,-60.232752395,60.236491542,17.299675549,66.477199913
275.524305556,271.750000000,67.781511092,-0.542287189,-60.188400313,60.190843221,17.308248094,66.444671824
275.651041667,271.875000000,67.735432949,-0.413610844,-60.143779199,60.145201391,17.316801427,66.412159130
275.777777778,272.000000000,67.689361968,-0.285128916,-60.098889759,60.099566128,17.325335492,66.379661944
275.904513889,272.125000000,67.643298231,-0.156841939,-60.053732697,60.053937508,17.333850235,66.347180379
276.031250000,272.250000000,67.597241816,-0.028750430,-60.008308717,60.008315604,17.342345485,66.315181654
276.157986111,272.375000000,67.551192809,0.099145427,-59.962618405,59.962700371,17.350818568,66.284627338
276.284722222,272.500000000,67.505151300,0.226845248,-59.916662427,59.917091845,17.359268339,66.254091074
276.411458333,272.625000000,67.459117378,0.354348510,-59.870441500,59.871490113,17.367694733,66.223572999
276.538194444,272.750000000,67.413091136,0.481654691,-59.823956342,59.825895260,17.376097684,66.193073248
276.664930556,272.875000000,67.367072665,0.608763273,-59.777207670,59.780307373,17.384477128,66.162591957
276.791666667,273.000000000,67.321062055,0.735673741,-59.730196205,59.734726538,17.392832998,66.132129264
276.918402778,273.125000000,67.275059398,0.862385582,-59.682922667,59.689152842,17.401165228,66.101685305
277.045138889,273.250000000,67.229064785,0.988898249,-59.635387791,59.643586384,17.409474021,66.070514746
277.171875000,273.375000000,67.183078302,1.115210833,-59.587592446,59.598027390,17.417762393,66.038014036
277.298611111,273.500000000,67.137100028,1.241322712,-59.539537393,59.552475977,17.426031162,66.005530123
277.425347222,273.625000000,67.091130044,1.367233384,-59.491223346,59.506932221,17.434280272,65.973063122
277.552083333,273.750000000,67.045168427,1.492942348,-59.442651025,59.461396197,17.442509667,65.940613147
277.678819444,273.875000000,66.999215258,1.618449104,-59.393821146,59.415867980,17.450719290,65.908180309
277.805555556,274.000000000,66.953270616,1.743753157,-59.344734430,59.370347646,17.458909084,65.875764724
277.932291667,274.125000000,66.907334579,1.868854014,-59.295391595,59.324835269,17.467078993,65.843366505
278.059027778,274.250000000,66.861407228,1.993751204,-59.245793354,59.279330917,17.475228800,65.811322043
278.185763889,274.375000000,66.815488643,2.118444380,-59.195940374,59.233834616,17.483357354,65.779681484
278.312500000,274.500000000,66.769578906,2.242933084,-59.145833369,59.188346435,17.491464385,65.748059428
278.439236111,274.625000000,66.723678103,2.367216832,-59.095473064,59.142866452,17.499549831,65.716455998
278.565972222,274.750000000,66.677786316,2.491295145,-59.044860186,59.097394747,17.507613632,65.684871317
278.692708333,274.875000000,66.631903627,2.615167544,-58.993995462,59.051931398,17.515655725,65.653305508
278.819444444,275.000000000,66.586030122,2.738833553,-58.942879620,59.006476485,17.523676049,65.621758695
278.946180556,275.125000000,66.540165882,2.862292700,-58.891513389,58.961030085,17.531674540,65.590231000
279.072916667,275.250000000,66.494310991,2.985544554,-58.839897482,58.915592265,17.539650829,65.559253015
279.199652778,275.375000000,66.448465536,3.108588827,-58.788032555,58.870163039,17.547603458,65.528686776
279.326388889,275.500000000,66.402629604,3.231425074,-58.735919334,58.824742482,17.555532192,65.498141111
279.453125000,275.625000000,66.356803285,3.354052835,-58.683558555,58.779330679,17.563436962,65.467616155
279.579861111,275.750000000,66.310986667,3.476471649,-58.630950951,58.733927713,17.571317702,65.437112044
279.706597222,275.875000000,66.265179837,3.598681059,-58.578097261,58.688533668,17.579174343,65.406628912
279.833333333,276.000000000,66.219382886,3.720680610,-58.524998221,58.643148627,17.587006816,65.376166895
279.960069444,276.125000000,66.173595901,3.842469851,-58.471654568,58.597772675,17.594815055,65.345726131
280.086805556,276.250000000,66.127818971,3.964048362,-58.418067028,58.552405883,17.602598753,65.315645024
280.213541667,276.375000000,66.082052186,4.085415788,-58.364236301,58.507048303,17.610357123,65.285741559
280.340277778,276.500000000,66.036295638,4.206571692,-58.310163125,58.461700018,17.618090044,65.255860369
280.467013889,276.625000000,65.990549417,4.327515632,-58.255848242,58.416361116,17.625797443,65.226001599
280.593750000,276.750000000,65.944813615,4.448247170,-58.201292396,58.371031680,17.633479249,65.196165392
280.720486111,276.875000000,65.899088323,4.568765869,-58.146496329,58.325711799,17.641135388,65.166351890
280.847222222,277.000000000,65.853373633,4.689071296,-58.091460785,58.280401558,17.648765789,65.136561239
280.973958333,277.125000000,65.807669636,4.809163020,-58.036186510,58.235101044,17.656370379,65.106793581
281.100694444,277.250000000,65.761976425,4.929040930,-57.980674102,58.189810223,17.663946585,65.080139592
281.227430556,277.375000000,65.716294106,5.048705266,-57.924924010,58.144528946,17.671489066,65.054313032
281.354166667,277.500000000,65.670622793,5.168155630,-57.868936983,58.099257312,17.678997563,65.028515378
281.480902778,277.625000000,65.624962599,5.287391602,-57.812713782,58.053995425,17.686471981,65.002746831
281.607638889,277.750000000,65.579313637,5.406412769,-57.756255168,58.008743393,17.693912227,64.977007588
281.734375000,277.875000000,65.533676021,5.525218717,-57.699561902,57.963501323,17.701318206,64.951297851
281.861111111,278.000000000,65.488049862,5.643809036,-57.642634746,57.918269319,17.708689824,64.925617820
281.987847222,278.125000000,65.442435276,5.762183320,-57.585474462,57.873047489,17.716026985,64.899967695
282.114583333,278.250000000,65.396832372,5.880341059,-57.528081864,57.827835978,17.723330431,64.873440110
282.241319444,278.375000000,65.351241262,5.998281700,-57.470457786,57.782634947,17.730601270,64.846845125
282.368055556,278.500000000,65.305662051,6.116004843,-57.412602987,57.737444497,17.737839420,64.820279112
282.494791667,278.625000000,65.260094849,6.233510091,-57.354518230,57.692264728,17.745044791,64.793742258
282.621527778,278.750000000,65.214539761,6.350797050,-57.296204274,57.647095741,17.752217292,64.767234751
282.748263889,278.875000000,65.168996896,6.467865329,-57.237661883,57.601937639,17.759356831,64.740756780
282.875000000,279.000000000,65.123466360,6.584714540,-57.178891818,57.556790521,17.766463316,64.714308533
283.001736111,279.125000000,65.077948263,6.701344297,-57.119894841,57.511654489,17.773536654,64.687955674
283.128472222,279.250000000,65.032442715,6.817754841,-57.060671402,57.466529406,17.780571737,64.666350986
283.255208333,279.375000000,64.986949847,6.933946385,-57.001221978,57.421415165,17.787563708,64.644784587
283.381944444,279.500000000,64.941469792,7.049918556,-56.941547350,57.376311891,17.794512446,64.623256745
283.508680556,279.625000000,64.896002686,7.165670982,-56.881648297,57.331219711,17.801417835,64.601767728
283.635416667,279.750000000,64.850548662,7.281203295,-56.821525600,57.286138750,17.808279754,64.580317805
283.762152778,279.875000000,64.805107854,7.396515128,-56.761180040,57.241069134,17.815098085,64.558907247
283.888888889,280.000000000,64.759680396,7.511606121,-56.700612398,57.196010987,17.821872708,64.537536325
284.015625000,280.125000000,64.714266423,7.626475911,-56.639823457,57.150964437,17.828603509,64.516162860
284.142361111,280.250000000,64.668866069,7.741124090,-56.578814026,57.105929629,17.835290794,64.494527352
284.269097222,280.375000000,64.623479465,7.855550270,-56.517584903,57.060906699,17.841934715,64.472931657
284.395833333,280.500000000,64.578106744,7.969754101,-56.456136870,57.015895772,17.848535152,64.451376044
284.522569444,280.625000000,64.532748039,8.083735233,-56.394470709,56.970896972,17.855091985,64.429860779
284.649305556,280.750000000,64.487403481,8.197493321,-56.332587200,56.925910422,17.861605095,64.408386134
284.776041667,280.875000000,64.442073203,8.311028022,-56.270487126,56.880936246,17.868074361,64.386952378
284.902777778,281.000000000,64.396757337,8.424338998,-56.208171269,56.835974567,17.874499662,64.365559780
285.029513889,281.125000000,64.351456015,8.537425927,-56.145640403,56.791025503,17.880880743,64.344771252
285.156250000,281.250000000,64.306169374,8.650288884,-56.082895085,56.746089019,17.887214131,64.325880734
285.282986111,281.375000000,64.260897558,8.762927719,-56.019936009,56.701165179,17.893498243,64.307036946
285.409722222,281.500000000,64.215640714,8.875342104,-55.956763965,56.656254119,17.899732942,64.288240206
285.536458333,281.625000000,64.170398985,8.987531716,-55.893379743,56.611355976,17.905918093,64.269490835
285.663194444,281.750000000,64.125172519,9.099496236,-55.829784136,56.566470885,17.912053559,64.250789154
285.789930556,281.875000000,64.079961461,9.211235345,-55.765977934,56.521598983,17.918139205,64.232135486
285.916666667,282.000000000,64.034765955,9.322748730,-55.701961930,56.476740405,17.924174892,64.213530154
286.043402778,282.125000000,63.989586149,9.434036080,-55.637736913,56.431895286,17.930160479,64.194986201
286.170138889,282.250000000,63.944422187,9.545097092,-55.573303673,56.387063761,17.936095773,64.176515706
286.296875000,282.375000000,63.899274216,9.655931465,-55.508662999,56.342245965,17.941980619,64.158094600
286.423611111,282.500000000,63.854142380,9.766538895,-55.443815684,56.297442034,17.947814879,64.139723212
286.550347222,282.625000000,63.809026827,9.876919082,-55.378762518,56.252652103,17.953598411,64.121401871
286.677083333,282.750000000,63.763927701,9.987071731,-55.313504295,56.207876309,17.959331078,64.103130907
286.803819444,282.875000000,63.718845149,10.096996547,-55.248041806,56.163114788,17.965012737,64.084910651
286.930555556,283.000000000,63.673779316,10.206693241,-55.182375843,56.118367676,17.970643249,64.066741436
287.057291667,283.125000000,63.628730349,10.316161584,-55.116507162,56.073635085,17.976221966,64.049722267
287.184027778,283.250000000,63.583698399,10.425401737,-55.050436292,56.028916974,17.981745038,64.034090432
287.310763889,283.375000000,63.538683624,10.534413508,-54.984163978,55.984213456,17.987211567,64.018516058
287.437500000,283.500000000,63.493686185,10.643196621,-54.917691021,55.939524679,17.992621396,64.002999533
287.564236111,283.625000000,63.448706240,10.751750803,-54.851018219,55.894850792,17.997974370,63.987541247
287.690972222,283.750000000,63.403743949,10.860075783,-54.784146374,55.850191942,18.003270332,63.972141591
287.817708333,283.875000000,63.358799469,10.968171294,-54.717076284,55.805548278,18.008509124,63.956800958
287.944444444,284.000000000,63.313872961,11.076037071,-54.649808748,55.760919948,18.013690589,63.941519742
288.071180556,284.125000000,63.268964583,11.183672866,-54.582344558,55.716307095,18.018814455,63.926498048
288.197916667,284.250000000,63.224074496,11.291078486,-54.514684473,55.671709841,18.023880022,63.911693089
288.324652778,284.375000000,63.179202860,11.398253683,-54.446829288,55.627128333,18.028887059,63.896949583
288.451388889,284.500000000,63.134349837,11.505198205,-54.378779803,55.582562721,18.033835405,63.882267936
288.578125000,284.625000000,63.089515588,11.611911804,-54.310536818,55.538013155,18.038724897,63.867648558
288.704861111,284.750000000,63.044700273,11.718394234,-54.242101133,55.493479786,18.043555373,63.853091860
288.831597222,284.875000000,62.999904053,11.824645251,-54.173473546,55.448962762,18.048326670,63.838598252
288.958333333,285.000000000,62.955127090,11.930664616,-54.104654857,55.404462233,18.053038623,63.824168149
289.085069444,285.125000000,62.910369545,12.036452174,-54.035645811,55.359978317,18.057690366,63.810834397
289.211805556,285.250000000,62.865631584,12.142007956,-53.966447040,55.315511055,18.062279477,63.798073850
289.338541667,285.375000000,62.820913376,12.247331752,-53.897059332,55.271060599,18.066805614,63.785381906
289.465277778,285.500000000,62.776215091,12.352423336,-53.827483492,55.226627105,18.071268603,63.772759020
289.592013889,285.625000000,62.731536897,12.457282485,-53.757720322,55.182210731,18.075668269,63.760205653
289.718750000,285.750000000,62.686878965,12.561908979,-53.687770625,55.137811634,18.080004437,63.747722263
289.845486111,285.875000000,62.642241463,12.666302600,-53.617635202,55.093429973,18.084276932,63.735309312
289.972222222,286.000000000,62.597624561,12.770463135,-53.547314855,55.049065904,18.088485575,63.722967264
290.098958333,286.125000000,62.553028428,12.874390427,-53.476810351,55.004719563,18.092629725,63.711286656
290.225694444,286.250000000,62.508453237,12.978084387,-53.406122410,54.960391058,18.096708172,63.699845280
290.352430556,286.375000000,62.463899160,13.081544815,-53.335251834,54.916080550,18.100720699,63.688478208
290.479166667,286.500000000,62.419366371,13.184771511,-53.264199425,54.871788199,18.104667122,63.677185928
290.605902778,286.625000000,62.374855043,13.287764277,-53.192965986,54.827514168,18.108547259,63.665968934
290.732638889,286.750000000,62.330365350,13.390522916,-53.121552318,54.783258616,18.112360925,63.654827719
290.859375000,286.875000000,62.285897465,13.493047239,-53.049959223,54.739021706,18.116107935,63.643762779
290.986111111,287.000000000,62.241451561,13.595337056,-52.978187502,54.694803599,18.119788105,63.632774613
291.112847222,287.125000000,62.197027812,13.697392300,-52.906237874,54.650604404,18.123400216,63.623011554
291.239583333,287.250000000,62.152626398,13.799212965,-52.834111016,54.606424213,18.126942521,63.613470900
291.366319444,287.375000000,62.108247497,13.900798877,-52.761807732,54.562263191,18.130414811,63.604012113
291.493055556,287.500000000,62.063891290,14.002149860,-52.689328824,54.518121507,18.133816891,63.594635734
291.619791667,287.625000000,62.019557958,14.103265741,-52.616675095,54.473999327,18.137148565,63.585342305
291.746527778,287.750000000,61.975247680,14.204146353,-52.543847348,54.429896819,18.140409639,63.576132372
291.873263889,287.875000000,61.930960637,14.304791529,-52.470846383,54.385814151,18.143599915,63.567006482
292.000000000,288.000000000,61.886697008,14.405201106,-52.397673002,54.341751490,18.146719197,63.557965187
292.126736111,288.125000000,61.842456975,14.505375050,-52.324327916,54.297708949,18.149766177,63.550111050
292.253472222,288.250000000,61.798240723,14.605313330,-52.250811834,54.253686647,18.152739544,63.542345820
292.380208333,288.375000000,61.754048438,14.705015793,-52.177125561,54.209684755,18.155639092,63.534670084
292.506944444,288.500000000,61.709880305,14.804482292,-52.103269898,54.165703447,18.158464616,63.527084434
292.633680556,288.625000000,61.665736511,14.903712678,-52.029245646,54.121742896,18.161215910,63.519589464
292.760416667,288.750000000,61.621617241,15.002706810,-51.955053607,54.077803274,18.163892766,63.512185770
292.887152778,288.875000000,61.577522682,15.101464548,-51.880694580,54.033884754,18.166494978,63.504873950
293.013888889,289.000000000,61.533453018,15.199985754,-51.806169365,53.989987509,18.169022332,63.497704064
293.140625000,289.125000000,61.489408438,15.298270356,-51.731478716,53.946111686,18.171474078,63.491029854
293.267361111,289.250000000,61.445389128,15.396318262,-51.656623401,53.902257441,18.173849644,63.484450706
293.394097222,289.375000000,61.401395278,15.494129347,-51.581604219,53.858424950,18.176148818,63.477967243
293.520833333,289.500000000,61.357427075,15.591703484,-51.506421969,53.814614387,18.178371387,63.471580090
293.647569444,289.625000000,61.313484707,15.689040555,-51.431077448,53.770825928,18.180517138,63.465289877
293.774305556,289.750000000,61.269568363,15.786140440,-51.355571452,53.727059748,18.182585855,63.459097235
293.901041667,289.875000000,61.225678231,15.883003024,-51.279904778,53.683316022,18.184577324,63.453002798
294.027777778,290.000000000,61.181814500,15.979628209,-51.204078210,53.639594918,18.186491211,63.447550172
294.154513889,290.125000000,61.137977361,16.076016251,-51.128092258,53.595896452,18.188323970,63.444136188
294.281250000,290.250000000,61.094167015,16.172167213,-51.051947593,53.552220733,18.190073862,63.440830320
294.407986111,290.375000000,61.050383662,16.268080996,-50.975645014,53.508567948,18.191740656,63.437633293
294.534722222,290.500000000,61.006627504,16.363757503,-50.899185320,53.464938285,18.193324119,63.434545835
294.661458333,290.625000000,60.962898742,16.459196640,-50.822569310,53.421331931,18.194824018,63.431568678
294.788194444,290.750000000,60.919197576,16.554398317,-50.745797780,53.377749072,18.196240120,63.428702559
294.914930556,290.875000000,60.875524208,16.649362447,-50.668871529,53.334189896,18.197572190,63.425948215
295.041666667,291.000000000,60.831878839,16.744088933,-50.591791361,53.290654596,18.198820117,63.422925723
295.168402778,291.125000000,60.788261668,16.838577512,-50.514558217,53.247143440,18.199985329,63.419236735
295.295138889,291.250000000,60.744672890,16.932828050,-50.437172934,53.203656635,18.201068113,63.415657869
295.421875000,291.375000000,60.701112700,17.026840469,-50.359636301,53.160194363,18.202068240,63.412189840
295.548611111,291.500000000,60.657581294,17.120614696,-50.281949107,53.116756805,18.202985477,63.408833368
295.675347222,291.625000000,60.614078866,17.214150661,-50.204112138,53.073344144,18.203819593,63.405589175
295.802083333,291.750000000,60.570605612,17.307448297,-50.126126184,53.029956560,18.204570355,63.402457986
295.928819444,291.875000000,60.527161727,17.400507538,-50.047992028,52.986594235,18.205237530,63.399440532
296.055555556,292.000000000,60.483747407,17.493328418,-49.969710377,52.943257307,18.205820001,63.398570289
296.182291667,292.125000000,60.440362856,17.585911612,-49.891281404,52.899945627,18.206310674,63.400431511
296.309027778,292.250000000,60.397008293,17.678257224,-49.812705774,52.856659325,18.206707839,63.402425229
296.435763889,292.375000000,60.353683938,17.770365210,-49.733984281,52.813398605,18.207011234,63.404552353
296.562500000,292.500000000,60.310390007,17.862235526,-49.655117720,52.770163670,18.207220597,63.406813797
296.689236111,292.625000000,60.267126720,17.953868132,-49.576106882,52.726954724,18.207335662,63.409210481
296.815972222,292.750000000,60.223894295,18.045262991,-49.496952559,52.683771971,18.207356166,63.411743328
296.942708333,292.875000000,60.180692951,18.136420071,-49.417655542,52.640615614,18.207281843,63.414413268
297.069444444,293.000000000,60.137522907,18.227339255,-49.338216692,52.597485897,18.207113234,63.415723046
297.196180556,293.125000000,60.094384372,18.318020091,-49.258637164,52.554383217,18.206854100,63.415927934
297.322916667,293.250000000,60.051277554,18.408462495,-49.178917788,52.511307794,18.206504739,63.416262504
297.449652778,293.375000000,60.008202655,18.498666439,-49.099059341,52.468259816,18.206064898,63.416727603
297.576388889,293.500000000,59.965159882,18.588631904,-49.019062600,52.425239477,18.205534322,63.417324081
297.703125000,293.625000000,59.922149440,18.678358868,-48.938928342,52.382246967,18.204912758,63.418052794
297.829861111,293.750000000,59.879171532,18.767847317,-48.858657341,52.339282476,18.204199949,63.418914602
297.956597222,293.875000000,59.836226365,18.857097237,-48.778250371,52.296346196,18.203395641,63.419910369
298.083333333,294.000000000,59.793314144,18.946108858,-48.697707987,52.253438203,18.202497261,63.424640908
298.210069444,294.125000000,59.750435092,19.034882981,-48.617030244,52.210558318,18.201496773,63.431399820
298.336805556,294.250000000,59.707589438,19.123419674,-48.536217867,52.167706724,18.200393260,63.438316859
298.463541667,294.375000000,59.664777417,19.211718945,-48.455271639,52.124883639,18.199186433,63.445393130
298.590277778,294.500000000,59.621999259,19.299780802,-48.374192341,52.082089279,18.197875999,63.452629741
298.717013889,294.625000000,59.579255197,19.387605260,-48.292980755,52.039323861,18.196461669,63.460027807
298.843750000,294.750000000,59.536545462,19.475192333,-48.211637658,51.996587601,18.194943148,63.467588451
298.970486111,294.875000000,59.493870286,19.562542042,-48.130163829,51.953880715,18.193320144,63.475312800
299.097222222,295.000000000,59.451229901,19.649654230,-48.048560209,51.911203507,18.191594098,63.480869638
299.223958333,295.125000000,59.408624528,19.736528513,-47.966827948,51.868556382,18.189768730,63.485873408
299.350694444,295.250000000,59.366054384,19.823164898,-47.884967828,51.825939552,18.187843920,63.491031723
299.477430556,295.375000000,59.323519686,19.909563411,-47.802980613,51.783353220,18.185819389,63.496345607
299.604166667,295.500000000,59.281020651,19.995724082,-47.720867066,51.740797589,18.183694858,63.501816092
299.730902778,295.625000000,59.238557497,20.081646945,-47.638627948,51.698272861,18.181470044,63.507444216
299.857638889,295.750000000,59.196130441,20.167332034,-47.556264019,51.655779239,18.179144667,63.513231020
299.984375000,295.875000000,59.153739699,20.252779388,-47.473776037,51.613316927,18.176718444,63.519177553
300.111111111,296.000000000,59.111385492,20.337989344,-47.391164478,51.570885983,18.174188166,63.528749287
300.237847222,296.125000000,59.069068050,20.422962412,-47.308429655,51.528486394,18.171548906,63.538985798
300.364583333,296.250000000,59.026787610,20.507698654,-47.225572326,51.486118378,18.168800299,63.549402170
300.491319444,296.375000000,58.984544408,20.592198125,-47.142593255,51.443782155,18.165942036,63.559999653
300.618055556,296.500000000,58.942338680,20.676460884,-47.059493202,51.401477947,18.162973810,63.570779502
300.744791667,296.625000000,58.900170662,20.760486994,-46.976272928,51.359205975,18.159895310,63.581742980
300.871527778,296.750000000,58.858040591,20.844276521,-46.892933189,51.316966461,18.156706225,63.592891360
300.998263889,296.875000000,58.815948702,20.927829531,-46.809474742,51.274759625,18.153406244,63.604225920
301.125000000,297.000000000,58.773895232,21.011146140,-46.725898301,51.232585667,18.149994630,63.616199596
301.251736111,297.125000000,58.731880419,21.094226466,-46.642204575,51.190444790,18.146470618,63.628370363
301.378472222,297.250000000,58.689904501,21.177070587,-46.558394316,51.148337216,18.142833892,63.640733286
301.505208333,297.375000000,58.647967716,21.259678584,-46.474468276,51.106263168,18.139084134,63.653289699
301.631944444,297.500000000,58.606070303,21.342050540,-46.390427204,51.064222871,18.135221027,63.666040943
301.758680556,297.625000000,58.564212500,21.424186544,-46.306271847,51.022216548,18.131244250,63.678988367
301.885416667,297.750000000,58.522394546,21.506086684,-46.222002953,50.980244423,18.127153485,63.692133329
302.012152778,297.875000000,58.480616678,21.587751053,-46.137621264,50.938306720,18.122948417,63.705401641
302.138888889,298.000000000,58.438879134,21.669179661,-46.053127613,50.896403705,18.118629602,63.718155854
302.265625000,298.125000000,58.397182149,21.750372546,-45.968522799,50.854535631,18.114197332,63.731108059
302.392361111,298.250000000,58.355525958,21.831329809,-45.883807560,50.812702717,18.109651287,63.744259609
302.519097222,298.375000000,58.313910795,21.912051553,-45.798982631,50.770905184,18.104991149,63.757611865
302.645833333,298.500000000,58.272336895,21.992537883,-45.714048745,50.729143254,18.100216597,63.771166197
302.772569444,298.625000000,58.230804493,22.072788910,-45.629006637,50.687417146,18.095327309,63.784923985
302.899305556,298.750000000,58.189313823,22.152804744,-45.543857034,50.645727081,18.090322965,63.798886614
303.026041667,298.875000000,58.147865119,22.232585513,-45.458600653,50.604073274,18.085203100,63.813781549
303.152777778,299.000000000,58.106458622,22.312131756,-45.373237773,50.562455730,18.079962987,63.831701922
303.279513889,299.125000000,58.065094581,22.391443798,-45.287768913,50.520874581,18.074600188,63.849848629
303.406250000,299.250000000,58.023773245,22.470521767,-45.202194805,50.479330063,18.069114358,63.868223281
303.532986111,299.375000000,57.982494867,22.549365795,-45.116516177,50.437822413,18.063505151,63.886827495
303.659722222,299.500000000,57.941259698,22.627976018,-45.030733758,50.396351867,18.057772221,63.905662902
303.786458333,299.625000000,57.900067987,22.706352571,-44.944848274,50.354918662,18.051915218,63.924731142
303.913194444,299.750000000,57.858919986,22.784495596,-44.858860447,50.313523035,18.045933794,63.944033867
304.039930556,299.875000000,57.817815946,22.862405204,-44.772771034,50.272165239,18.039827927,63.962452853
304.166666667,300.000000000,57.776756111,22.940081098,-44.686581241,50.230845740,18.033602000,63.978663425
304.293402778,300.125000000,57.735740718,23.017523276,-44.600291938,50.189564839,18.027257227,63.995095561
304.420138889,300.250000000,57.694770001,23.094731884,-44.513903835,50.148322758,18.020793278,64.011750763
304.546875000,300.375000000,57.653844195,23.171707070,-44.427417636,50.107119717,18.014209819,64.028630543
304.673611111,300.500000000,57.612963535,23.248448986,-44.340834047,50.065955940,18.007506516,64.045736422
304.800347222,300.625000000,57.572128255,23.324957786,-44.254153769,50.024831649,18.000683037,64.063069931
304.927083333,300.750000000,57.531338591,23.401233627,-44.167377504,49.983747066,17.993739045,64.080632610
305.053819444,300.875000000,57.490594776,23.477276712,-44.080505897,49.942702390,17.986673719,64.099668294
305.180555556,301.000000000,57.449897053,23.553087574,-43.993539230,49.901697649,17.979482714,64.120630056
305.307291667,301.125000000,57.409245667,23.628666465,-43.906478108,49.860733035,17.972164787,64.141840821
305.434027778,301.250000000,57.368640868,23.704013557,-43.819323230,49.819808782,17.964719582,64.163302334
305.560763889,301.375000000,57.328082902,23.779129024,-43.732075294,49.778925126,17.957146744,64.185016352
305.687500000,301.500000000,57.287572018,23.854013045,-43.644734994,49.738082302,17.949445918,64.206984643
305.814236111,301.625000000,57.247108463,23.928665800,-43.557303022,49.697280545,17.941616745,64.229208989
305.940972222,301.750000000,57.206692486,24.003087472,-43.469780070,49.656520091,17.933658867,64.251691180
306.067708333,301.875000000,57.166324333,24.077278212,-43.382166868,49.615801196,17.925572327,64.273608907
306.194444444,302.000000000,57.126004250,24.151238016,-43.294464325,49.575124195,17.917358868,64.295063324
306.321180556,302.125000000,57.085732476,24.224967047,-43.206673155,49.534489333,17.909018442,64.316772724
306.447916667,302.250000000,57.045509254,24.298465495,-43.118794035,49.493896841,17.900550698,64.338738857
306.574652778,302.375000000,57.005334824,24.371733555,-43.030827644,49.453346946,17.891955280,64.360963485
306.701388889,302.500000000,56.965209428,24.444771423,-42.942774656,49.412839881,17.883231837,64.383448382
306.828125000,302.625000000,56.925133306,24.517579298,-42.854635743,49.372375873,17.874380013,64.406195334
306.954861111,302.750000000,56.885106700,24.590157383,-42.766411577,49.331955154,17.865399454,64.429206139
307.081597222,302.875000000,56.845129851,24.662505983,-42.678102701,49.291577897,17.856288650,64.454475654
307.208333333,303.000000000,56.805203008,24.734625667,-42.589709349,49.251244139,17.847043180,64.481129314
307.335069444,303.125000000,56.765326426,24.806516681,-42.501232151,49.210954108,17.837662317,64.508069643
307.461805556,303.250000000,56.725500358,24.878179243,-42.412671777,49.170708045,17.828145685,64.535298678
307.588541667,303.375000000,56.685725060,24.949613571,-42.324028892,49.130506195,17.818492909,64.562818473
307.715277778,303.500000000,56.646000786,25.020819889,-42.235304160,49.090348801,17.808703610,64.590631096
307.842013889,303.625000000,56.606327789,25.091798421,-42.146498242,49.050236106,17.798777411,64.618738628
307.968750000,303.750000000,56.566706325,25.162549395,-42.057611797,49.010168355,17.788713933,64.647143166
308.095486111,303.875000000,56.527136648,25.233073123,-41.968645381,48.970145746,17.778511863,64.677245534
308.222222222,304.000000000,56.487619018,25.303370034,-41.879599403,48.930168417,17.768168556,64.708116481
308.348958333,304.125000000,56.448153697,25.373440377,-41.790474509,48.890236615,17.757683521,64.739301848
308.475694444,304.250000000,56.408740947,25.443284391,-41.701271352,48.850350593,17.747056367,64.770803918
308.602430556,304.375000000,56.369381030,25.512902321,-41.611990583,48.810510601,17.736286700,64.802624988
308.729166667,304.500000000,56.330074209,25.582294413,-41.522632851,48.770716894,17.725374127,64.834767374
308.855902778,304.625000000,56.290820745,25.651460915,-41.433198803,48.730969723,17.714318254,64.867233409
308.982638889,304.750000000,56.251620902,25.720402078,-41.343689082,48.691269340,17.703118685,64.900025441
309.109375000,304.875000000,56.212474941,25.789118313,-41.254104126,48.651615910,17.691773176,64.935595613
309.236111111,305.000000000,56.173383135,25.857610142,-41.164444239,48.612009543,17.680278253,64.971901827
309.362847222,305.125000000,56.134345757,25.925877831,-41.074710058,48.572450501,17.668633455,65.008559036
309.489583333,305.250000000,56.095363081,25.993921648,-40.984902223,48.532939050,17.656838369,65.045569865
309.616319444,305.375000000,56.056435381,26.061741859,-40.895021370,48.493475454,17.644892580,65.082936963
309.743055556,305.500000000,56.017562931,26.129338738,-40.805068134,48.454059978,17.632795673,65.120662996
309.869791667,305.625000000,55.978746004,26.196712556,-40.715043148,48.414692887,17.620547232,65.158750651
309.996527778,305.750000000,55.939984874,26.263863591,-40.624947041,48.375374447,17.608146841,65.197202636
310.123263889,305.875000000,55.901279819,26.330792477,-40.534779966,48.336104718,17.595589825,65.241103331
310.250000000,306.000000000,55.862631130,26.397499897,-40.444542023,48.296883753,17.582871010,65.285551360
310.376736111,306.125000000,55.824039102,26.463986143,-40.354233845,48.257711838,17.569989944,65.330407244
310.503472222,306.250000000,55.785504029,26.530251511,-40.263856060,48.218589258,17.556946180,65.375674200
310.630208333,306.375000000,55.747026206,26.596296298,-40.173409294,48.179516302,17.543739267,65.421355473
310.756944444,306.500000000,55.708605929,26.662120806,-40.082894170,48.140493256,17.530368756,65.467454333
310.883680556,306.625000000,55.670243492,26.727725336,-39.992311310,48.101520408,17.516834195,65.513974077
311.010416667,306.750000000,55.631939190,26.793110196,-39.901661329,48.062598045,17.503135125,65.561037728
311.137152778,306.875000000,55.593693320,26.858275810,-39.810944683,48.023726386,17.489269670,65.609871137
311.263888889,307.000000000,55.555506182,26.923222574,-39.720161868,47.984905675,17.475236329,65.659145877
311.390625000,307.125000000,55.517378075,26.987950806,-39.629313498,47.946136205,17.461034640,65.708865487
311.517361111,307.250000000,55.479309301,27.052460822,-39.538400180,47.907418271,17.446664141,65.759033531
311.644097222,307.375000000,55.441300161,27.116752944,-39.447422523,47.868752166,17.432124368,65.809653608
311.770833333,307.500000000,55.403350955,27.180827495,-39.356381130,47.830138187,17.417414857,65.860729344
311.897569444,307.625000000,55.365461983,27.244684800,-39.265276602,47.791576627,17.402535143,65.912264398
312.024305556,307.750000000,55.327633548,27.308325194,-39.174109528,47.753067778,17.387484677,65.964791937
312.151041667,307.875000000,55.289865951,27.371749250,-39.082880160,47.714611793,17.372259975,66.020029825
312.277777778,308.000000000,55.252159504,27.434957424,-38.991588923,47.676208905,17.356859057,66.075758933
312.404513889,308.125000000,55.214514518,27.497950057,-38.900236411,47.637859420,17.341281439,66.131983308
312.531250000,308.250000000,55.176931304,27.560727491,-38.808823216,47.599563646,17.325526639,66.188707035
312.657986111,308.375000000,55.139410174,27.623290073,-38.717349926,47.561321888,17.309594172,66.245934233
312.784722222,308.500000000,55.101951439,27.685638148,-38.625817127,47.523134455,17.293483554,66.303669057
312.911458333,308.625000000,55.064555410,27.747772068,-38.534225402,47.485001654,17.277194298,66.361915700
313.038194444,308.750000000,55.027222399,27.809692210,-38.442575294,47.446923779,17.260725598,66.421986940
313.164930556,308.875000000,54.989952722,27.871399325,-38.350866798,47.408900900,17.244071922,66.485634323
313.291666667,309.000000000,54.952746707,27.932893913,-38.259100296,47.370933259,17.227231034,66.549841054
313.418402778,309.125000000,54.915604680,27.994176341,-38.167276366,47.333021181,17.210202421,66.614611935
313.545138889,309.250000000,54.878526971,28.055246977,-38.075395581,47.295164992,17.192985571,66.679951810
313.671875000,309.375000000,54.841513906,28.116106196,-37.983458513,47.257365016,17.175579973,66.745865569
313.798611111,309.500000000,54.804565812,28.176754371,-37.891465732,47.219621580,17.157985112,66.812358147
313.925347222,309.625000000,54.767683018,28.237191879,-37.799417802,47.181935011,17.140200476,66.879434525
314.052083333,309.750000000,54.730865851,28.297419084,-37.707315310,47.144305645,17.122225751,66.946483196
314.178819444,309.875000000,54.694114636,28.357436232,-37.615159021,47.106733891,17.104062203,67.013233294
314.305555556,310.000000000,54.657429696,28.417243673,-37.522949539,47.069220092,17.085709740,67.080569846
314.432291667,310.125000000,54.620811353,28.476841790,-37.430687413,47.031764570,17.067167853,67.148497851
314.559027778,310.250000000,54.584259929,28.536230971,-37.338373193,46.994367649,17.048436034,67.217022356
314.685763889,310.375000000,54.547775745,28.595411603,-37.246007422,46.957029650,17.029513772,67.286148455
314.812500000,310.500000000,54.511359125,28.654384078,-37.153590642,46.919750899,17.010400557,67.355881287
314.939236111,310.625000000,54.475010390,28.713148790,-37.061123391,46.882531719,16.991095880,67.426226042
315.065972222,310.750000000,54.438729863,28.771706208,-36.968606087,46.845372388,16.971598221,67.499668835
315.192708333,310.875000000,54.402517874,28.830057153,-36.876038606,46.808272973,16.951901482,67.576050526
315.319444444,311.000000000,54.366374763,28.888202095,-36.783421385,46.771233777,16.932004271,67.653101819
315.446180556,311.125000000,54.330300869,28.946141445,-36.690754955,46.734255143,16.911906051,67.730828673
315.572916667,311.250000000,54.294296530,29.003875616,-36.598039846,46.697337412,16.891606287,67.809237106
315.699652778,311.375000000,54.258362085,29.061405023,-36.505276584,46.660480928,16.871104438,67.888333196
315.826388889,311.500000000,54.222497874,29.118730084,-36.412465692,46.623686035,16.850399968,67.968123079
315.953125000,311.625000000,54.186704235,29.175851218,-36.319607688,46.586953076,16.829492338,68.048612953
316.079861111,311.750000000,54.150981507,29.232768812,-36.226703148,46.550282420,16.808381498,68.128786884
316.206597222,311.875000000,54.115330026,29.289483155,-36.133752799,46.513674493,16.787068725,68.209061388
316.333333333,312.000000000,54.079750126,29.345994660,-36.040757169,46.477129643,16.765553656,68.290039920
316.460069444,312.125000000,54.044242139,29.402303752,-35.947716761,46.440648211,16.743835759,68.371728715
316.586805556,312.250000000,54.008806400,29.458410860,-35.854632076,46.404230537,16.721914501,68.454134069
316.713541667,312.375000000,53.973443241,29.514316413,-35.761503613,46.367876962,16.699789350,68.537262340
316.840277778,312.500000000,53.938152997,29.570020844,-35.668331865,46.331587829,16.677459774,68.621119948
316.967013889,312.625000000,53.902936000,29.625524587,-35.575117324,46.295363480,16.654925239,68.705713375
317.093750000,312.750000000,53.867792585,29.680828239,-35.481860210,46.259204154,16.632182982,68.795111236
317.220486111,312.875000000,53.832723099,29.735932646,-35.388560336,46.223109945,16.609226810,68.886732806
317.347222222,313.000000000,53.797727892,29.790838278,-35.295218155,46.187081202,16.586055886,68.979163007
317.473958333,313.125000000,53.762807316,29.845545587,-35.201834153,46.151118287,16.562669650,69.072409346
317.600694444,313.250000000,53.727961724,29.900055028,-35.108408810,46.115221563,16.539067540,69.166479405
317.727430556,313.375000000,53.693191465,29.954367055,-35.014942605,46.079391395,16.515248996,69.261380848
317.854166667,313.500000000,53.658496894,30.008482129,-34.921436012,46.043628146,16.491213455,69.357121415
317.980902778,313.625000000,53.623878360,30.062400710,-34.827889502,46.007932181,16.466960358,69.453708930
318.107638889,313.750000000,53.589336215,30.116123160,-34.734303714,45.972303931,16.442490577,69.548809864
318.234375000,313.875000000,53.554870803,30.169649766,-34.640679414,45.936743869,16.417806057,69.644332832
318.361111111,314.000000000,53.520482468,30.222980988,-34.547017064,45.901252356,16.392906296,69.740698867
318.487847222,314.125000000,53.486171553,30.276117291,-34.453317116,45.865829749,16.367790744,69.837915712
318.614583333,314.250000000,53.451938400,30.329059140,-34.359580023,45.830476407,16.342458855,69.935991190
318.741319444,314.375000000,53.417783351,30.381807004,-34.265806230,45.795192688,16.316910080,70.034933206
318.868055556,314.500000000,53.383706751,30.434361352,-34.171996180,45.759978954,16.291143871,70.134749743
318.994791667,314.625000000,53.349708942,30.486722657,-34.078150315,45.724835564,16.265159680,70.235448870
319.121527778,314.750000000,53.315790267,30.538891542,-33.984268806,45.689762780,16.238954779,70.340281562
319.248263889,314.875000000,53.281951079,30.590868661,-33.890351776,45.654760857,16.212526051,70.446186437
319.375000000,315.000000000,53.248191731,30.642654496,-33.796399658,45.619830167,16.185872929,70.553034072
319.501736111,315.125000000,53.214512576,30.694249534,-33.702412884,45.584971083,16.158994851,70.660833406
319.628472222,315.250000000,53.180913966,30.745654261,-33.608391877,45.550183979,16.131891254,70.769593470
319.755208333,315.375000000,53.147396257,30.796869166,-33.514337062,45.515469229,16.104561576,70.879323394
319.881944444,315.500000000,53.113959800,30.847894741,-33.420248858,45.480827210,16.077005254,70.990032406
320.008680556,315.625000000,53.080604949,30.898731478,-33.326127680,45.446258296,16.049221722,71.101817456
320.135416667,315.750000000,53.047332059,30.949379938,-33.231973819,45.411762820,16.021209434,71.215799408
320.262152778,315.875000000,53.014141485,30.999840668,-33.137787591,45.377341128,15.992967065,71.330802693
320.388888889,316.000000000,52.981033585,31.050114170,-33.043569403,45.342993603,15.964494049,71.446837155
320.515625000,316.125000000,52.948008716,31.100200945,-32.949319659,45.308720627,15.935789820,71.563912748
320.642361111,316.250000000,52.915067234,31.150101498,-32.855038756,45.274522581,15.906853813,71.682039531
320.769097222,316.375000000,52.882209498,31.199816334,-32.760727090,45.240399852,15.877685463,71.801227678
320.895833333,316.500000000,52.849435864,31.249345961,-32.666385054,45.206352822,15.848284205,71.921487469
321.022569444,316.625000000,52.816746690,31.298690885,-32.572013040,45.172381878,15.818649512,72.042526415
321.149305556,316.750000000,52.784142330,31.347851523,-32.477611611,45.138487470,15.788782275,72.163248770
321.276041667,316.875000000,52.751623139,31.396828336,-32.383181243,45.104670013,15.758682699,72.285055045
321.402777778,317.000000000,52.719189467,31.445621836,-32.288722310,45.070929889,15.728350230,72.407955679
321.529513889,317.125000000,52.686841667,31.494232536,-32.194235185,45.037267482,15.697784314,72.531961228
321.656250000,317.250000000,52.654580092,31.542660952,-32.099720237,45.003683174,15.666984398,72.657082360
321.782986111,317.375000000,52.622405094,31.590907599,-32.005177830,44.970177350,15.635949931,72.783329859
321.909722222,317.500000000,52.590317024,31.638972997,-31.910608326,44.936750395,15.604680363,72.910714629
322.036458333,317.625000000,52.558316235,31.686857677,-31.816012060,44.903402686,15.573174961,73.040232918
322.163194444,317.750000000,52.526403083,31.734562356,-31.721389003,44.870134479,15.541430088,73.173375944
322.289930556,317.875000000,52.494577928,31.782087632,-31.626739371,44.836946121,15.509444070,73.307730059
322.416666667,318.000000000,52.462841133,31.829434035,-31.532063513,44.803838009,15.477216347,73.443307299
322.543402778,318.125000000,52.431193059,31.876602097,-31.437361776,44.770810542,15.444746357,73.580119833
322.670138889,318.250000000,52.399634067,31.923592350,-31.342634502,44.737864121,15.412033541,73.718179967
322.796875000,318.375000000,52.368164520,31.970405330,-31.247882032,44.704999144,15.379077341,73.857500150
322.923611111,318.500000000,52.336784778,32.017041572,-31.153104699,44.672216012,15.345877200,73.998092968
323.050347222,318.625000000,52.305495204,32.063501603,-31.058302860,44.639515137,15.312432748,74.139208115
323.177083333,318.750000000,52.274296157,32.109785853,-30.963477061,44.606896992,15.278745184,74.280447511
323.303819444,318.875000000,52.243187994,32.155894834,-30.868627679,44.574361996,15.244814394,74.422974560
323.430555556,319.000000000,52.212171071,32.201829085,-30.773755033,44.541910548,15.210639832,74.566802048
323.557291667,319.125000000,52.181245745,32.247589145,-30.678859439,44.509543046,15.176220956,74.711942904
323.684027778,319.250000000,52.150412372,32.293175559,-30.583941208,44.477259892,15.141557225,74.858410204
323.810763889,319.375000000,52.119671310,32.338588868,-30.489000647,44.445061486,15.106648099,75.006217169
323.937500000,319.500000000,52.089022915,32.383829618,-30.394038063,44.412948230,15.071493040,75.155377171
324.064236111,319.625000000,52.058467542,32.428898377,-30.299053710,44.380920514,15.036091149,75.307103403
324.190972222,319.750000000,52.028005553,32.473795820,-30.204047620,44.348978653,15.000439780,75.461399576
324.317708333,319.875000000,51.997637310,32.518522519,-30.109020045,44.317123044,14.964538049,75.617120039
324.444444444,320.000000000,51.967363174,32.563079029,-30.013971278,44.285354100,14.928385413,75.774279283
324.571180556,320.125000000,51.937183509,32.607465904,-29.918901606,44.253672232,14.891981334,75.932891964
324.697916667,320.250000000,51.907098678,32.651683701,-29.823811313,44.222077854,14.855325275,76.092972909
324.824652778,320.375000000,51.877109041,32.695732978,-29.728700680,44.190571382,14.818416700,76.254537119
324.951388889,320.500000000,51.847214964,32.739614292,-29.633569984,44.159153230,14.781255074,76.417599767
325.078125000,320.625000000,51.817416806,32.783328162,-29.538419592,44.127823845,14.743840610,76.580063590
325.204861111,320.750000000,51.787714927,32.826874977,-29.443250137,44.096583761,14.706175666,76.742706089
325.331597222,320.875000000,51.758109681,32.870255278,-29.348061919,44.065433397,14.668260013,76.906848258
325.458333333,321.000000000,51.728601421,32.913469625,-29.252855198,44.034373165,14.630093141,77.072505223
325.585069444,321.125000000,51.699190503,32.956518577,-29.157630230,44.003403475,14.591674537,77.239692284
325.711805556,321.250000000,51.669877280,32.999402695,-29.062387267,43.972524739,14.553003695,77.408424913
325.838541667,321.375000000,51.640662108,33.042122543,-28.967126558,43.941737370,14.514080108,77.578718759
325.965277778,321.500000000,51.611545339,33.084678682,-28.871848347,43.911041783,14.474903272,77.750589652
326.092013889,321.625000000,51.582527329,33.127071745,-28.776552727,43.880438344,14.435471506,77.927020531
326.218750000,321.750000000,51.553608439,33.169302479,-28.681239536,43.849927347,14.395781173,78.106227992
326.345486111,321.875000000,51.524789032,33.211371466,-28.585908992,43.819509212,14.355831594,78.287117255
326.472222222,322.000000000,51.496069473,33.253279278,-28.490561327,43.789184366,14.315622260,78.469705851
326.598958333,322.125000000,51.467450123,33.295026491,-28.395196770,43.758953240,14.275152665,78.654011519
326.725694444,322.250000000,51.438931349,33.336613680,-28.299815547,43.728816262,14.234422306,78.840052205
326.852430556,322.375000000,51.410513512,33.378041420,-28.204417881,43.698773862,14.193430683,79.027846069
326.979166667,322.500000000,51.382196977,33.419310291,-28.109003989,43.668826474,14.152177297,79.217411488
327.105902778,322.625000000,51.353982106,33.460420774,-28.013574305,43.638974596,14.110663361,79.404870239
327.232638889,322.750000000,51.325869256,33.501373274,-27.918129438,43.609218779,14.068891513,79.593311293
327.359375000,322.875000000,51.297858779,33.542168359,-27.822669600,43.579559450,14.026861345,79.783513813
327.486111111,323.000000000,51.269951031,33.582806605,-27.727194991,43.549997033,13.984572386,79.975495898
327.612847222,323.125000000,51.242146363,33.623288589,-27.631705811,43.520531954,13.942024170,80.169275854
327.739583333,323.250000000,51.214445131,33.663614886,-27.536202251,43.491164638,13.899216233,80.364872199
327.866319444,323.375000000,51.186847686,33.703786075,-27.440684502,43.461895515,13.856148114,80.562303663
327.993055556,323.500000000,51.159354383,33.743802734,-27.345152750,43.432725011,13.812819355,80.761589192
328.119791667,323.625000000,51.131965575,33.783665458,-27.249607139,43.403653545,13.769229193,80.963398818
328.246527778,323.750000000,51.104681618,33.823374850,-27.154047799,43.374681533,13.725376795,81.167148464
328.373263889,323.875000000,51.077502865,33.862931490,-27.058474905,43.345809409,13.681261711,81.372820451
328.500000000,324.000000000,51.050429672,33.902335962,-26.962888631,43.317037607,13.636883492,81.580434793
328.626736111,324.125000000,51.023462394,33.941588848,-26.867289145,43.288366561,13.592241698,81.790011736
328.753472222,324.250000000,50.996601386,33.980690732,-26.771676612,43.259796709,13.547335889,82.001571761
328.880208333,324.375000000,50.969847003,34.019642200,-26.676051193,43.231328486,13.502165629,82.215135586
329.006944444,324.500000000,50.943199599,34.058443836,-26.580413049,43.202962333,13.456730492,82.430493814
329.133680556,324.625000000,50.916659528,34.097096108,-26.484762621,43.174698772,13.411032289,82.643891491
329.260416667,324.750000000,50.890227138,34.135599503,-26.389100293,43.146538305,13.365072416,82.859293516
329.387152778,324.875000000,50.863902776,34.173954604,-26.293426210,43.118481364,13.318850465,83.076720461
329.513888889,325.000000000,50.837686787,34.212161993,-26.197740513,43.090528382,13.272366035,83.296193126
329.640625000,325.125000000,50.811579519,34.250222253,-26.102043342,43.062679793,13.225618725,83.517732548
329.767361111,325.250000000,50.785581319,34.288135967,-26.006334829,43.034936033,13.178608140,83.741359999
329.894097222,325.375000000,50.759692532,34.325903721,-25.910615107,43.007297538,13.131333890,83.967096990
330.020833333,325.500000000,50.733913506,34.363526097,-25.814884309,42.979764747,13.083795632,84.194388009
330.147569444,325.625000000,50.708244586,34.401003574,-25.719142825,42.952338173,13.035995040,84.420866899
330.274305556,325.750000000,50.682686111,34.438336677,-25.623390921,42.925018292,12.987932873,84.649467405
330.401041667,325.875000000,50.657238423,34.475525987,-25.527628711,42.897805535,12.939608766,84.880211054
330.527777778,326.000000000,50.631901861,34.512572087,-25.431856309,42.870700338,12.891022361,85.113119608
330.654513889,326.125000000,50.606676766,34.549475561,-25.336073823,42.843703135,12.842173303,85.348215065
330.781250000,326.250000000,50.581563477,34.586236990,-25.240281357,42.816814362,12.793061243,85.585519663
330.907986111,326.375000000,50.556562335,34.622856959,-25.144479014,42.790034458,12.743685835,85.825055882
331.034722222,326.500000000,50.531673679,34.659336050,-25.048666897,42.763363861,12.694046780,86.066499352
331.161458333,326.625000000,50.506897849,34.695674807,-24.952845202,42.736803039,12.644144518,86.309287771
331.288194444,326.750000000,50.482235183,34.731873800,-24.857014058,42.710352440,12.593979013,86.554356725
331.414930556,326.875000000,50.457686018,34.767933612,-24.761173553,42.684012503,12.543549942,86.801729323
331.541666667,327.000000000,50.433250693,34.803854827,-24.665323770,42.657783668,12.492856989,87.051428920
331.668402778,327.125000000,50.408929546,34.839638028,-24.569464790,42.631666376,12.441899840,87.303479119
331.795138889,327.250000000,50.384722913,34.875283801,-24.473596691,42.605661070,12.390678189,87.557903776
331.921875000,327.375000000,50.360631134,34.910792728,-24.377719547,42.579768192,12.339191733,87.814727000
332.048611111,327.500000000,50.336654545,34.946165364,-24.281833515,42.553988209,12.287440833,88.069845830
332.175347222,327.625000000,50.312793478,34.981401971,-24.185939521,42.528321791,12.235431784,88.320661185
332.302083333,327.750000000,50.289048252,35.016503039,-24.090037847,42.502769422,12.183166023,88.573776221
332.428819444,327.875000000,50.265419187,35.051469142,-23.994128551,42.477331530,12.130643296,88.829212981
332.555555556,328.000000000,50.241906604,35.086300853,-23.898211685,42.452008543,12.077863357,89.086993715
332.682291667,328.125000000,50.218510822,35.120998746,-23.802287300,42.426800888,12.024825962,89.347140883
332.809027778,328.250000000,50.195232162,35.155563393,-23.706355442,42.401708997,11.971530876,89.609677158
332.935763889,328.375000000,50.172070943,35.189995368,-23.610416156,42.376733298,11.917977866,89.874625423
333.062500000,328.500000000,50.149027484,35.224295219,-23.514469549,42.351874242,11.864167232,90.139309735
333.189236111,328.625000000,50.126102102,35.258463364,-23.418516085,42.327132367,11.810101994,90.403613214
333.315972222,328.750000000,50.103295109,35.292500345,-23.322555867,42.302508115,11.755782505,90.670309978
333.442708333,328.875000000,50.080606814,35.326406730,-23.226588925,42.278001911,11.701208570,90.939422205
333.569444444,329.000000000,50.058037530,35.360183085,-23.130615285,42.253614180,11.646380001,91.210972262
333.696180556,329.125000000,50.035587568,35.393829976,-23.034634970,42.229345349,11.591296613,91.484982705
333.822916667,329.250000000,50.013257239,35.427347972,-22.938647998,42.205195845,11.535958229,91.761476283
333.949652778,329.375000000,49.991046854,35.460737639,-22.842654388,42.181166098,11.480364679,92.040475935
334.076388889,329.500000000,49.968956725,35.493999461,-22.746654387,42.157256594,11.424517583,92.314081710
334.203125000,329.625000000,49.946987150,35.527133664,-22.650648961,42.133467988,11.368424060,92.584849030
334.329861111,329.750000000,49.925138423,35.560140766,-22.554638217,42.109800717,11.312084762,92.857978403
334.456597222,329.875000000,49.903410835,35.593021320,-22.458622153,42.086255187,11.255499571,93.133489834
334.583333333,330.000000000,49.881804678,35.625775877,-22.362600767,42.062831811,11.198668377,93.411403460
334.710069444,330.125000000,49.860320243,35.658404989,-22.266574054,42.039530998,11.141591074,93.691739547
334.836805556,330.250000000,49.838957823,35.690909208,-22.170542005,42.016353161,11.084267564,93.974518491
334.963541667,330.375000000,49.817717709,35.723289084,-22.074504608,41.993298712,11.026697755,94.259760817
335.090277778,330.500000000,49.796600193,35.755545178,-21.978461818,41.970368058,10.968881327,94.548415972
335.217013889,330.625000000,49.775605569,35.787678071,-21.882413532,41.947561594,10.910817549,94.839969134
335.343750000,330.750000000,49.754734130,35.819688315,-21.786359723,41.924879738,10.852506306,95.134069477
335.470486111,330.875000000,49.733986169,35.851576461,-21.690300371,41.902322906,10.793947531,95.430738390
335.597222222,331.000000000,49.713361981,35.883343059,-21.594235449,41.879891520,10.735141163,95.729997388
335.723958333,331.125000000,49.692861859,35.914988659,-21.498164929,41.857585999,10.676087147,96.031868109
335.850694444,331.250000000,49.672486096,35.946513809,-21.402088779,41.835406764,10.616785435,96.336372317
335.977430556,331.375000000,49.652234987,35.977919060,-21.306006965,41.813354238,10.557235987,96.643531897
336.104166667,331.500000000,49.632108822,36.009204816,-21.209919885,41.791428941,10.497442044,96.941490211
336.230902778,331.625000000,49.612107883,36.040371343,-21.113828327,41.769631470,10.437409866,97.239358504
336.357638889,331.750000000,49.592232443,36.071419170,-21.017732264,41.747962232,10.377139612,97.539707879
336.484375000,331.875000000,49.572482778,36.102348830,-20.921631649,41.726421628,10.316631297,97.842556649
336.611111111,332.000000000,49.552859162,36.133160854,-20.825526429,41.705010063,10.255884942,98.147923177
336.737847222,332.125000000,49.533361869,36.163855775,-20.729416548,41.683727940,10.194900577,98.455825873
336.864583333,332.250000000,49.513991175,36.194434124,-20.633301950,41.662575664,10.133678236,98.766283188
336.991319444,332.375000000,49.494747354,36.224896431,-20.537182575,41.641553640,10.072217962,99.079313615
337.118055556,332.500000000,49.475630683,36.255243309,-20.441058100,41.620662220,10.010517851,99.401544051
337.244791667,332.625000000,49.456641442,36.285475400,-20.344928123,41.599901746,9.948575410,99.726984497
337.371527778,332.750000000,49.437779915,36.315593237,-20.248792577,41.579272637,9.886390681,100.055173582
337.498263889,332.875000000,49.419046386,36.345597357,-20.152651392,41.558775311,9.823963726,100.386131906
337.625000000,333.000000000,49.400441137,36.375488290,-20.056504496,41.538410188,9.761294612,100.719880114
337.751736111,333.125000000,49.381964454,36.405266571,-19.960351817,41.518177691,9.698383416,101.056438898
337.878472222,333.250000000,49.363616618,36.434932731,-19.864193276,41.498078240,9.635230221,101.395828989
338.005208333,333.375000000,49.345397914,36.464487301,-19.768028795,41.478112259,9.571835123,101.737727760
338.131944444,333.500000000,49.327308623,36.493930697,-19.671858655,41.458280243,9.508200947,102.074413119
338.258680556,333.625000000,49.309349020,36.523263349,-19.575683079,41.438582670,9.444330133,102.413848827
338.385416667,333.750000000,49.291519379,36.552485778,-19.479501978,41.419019953,9.380222810,102.756053349
338.512152778,333.875000000,49.273819974,36.581598505,-19.383315260,41.399592506,9.315879113,103.101045129
338.638888889,334.000000000,49.256251078,36.610602049,-19.287122831,41.380300742,9.251299186,103.448842588
338.765625000,334.125000000,49.238812965,36.639496928,-19.190924594,41.361145075,9.186483183,103.799464120
338.892361111,334.250000000,49.221505909,36.668283662,-19.094720450,41.342125923,9.121431262,104.152928081
339.019097222,334.375000000,49.204330183,36.696962767,-18.998510297,41.323243699,9.056143597,104.509148116
339.145833333,334.500000000,49.187286061,36.725534748,-18.902294064,41.304498828,8.990620613,104.867650359
339.272569444,334.625000000,49.170373815,36.754000116,-18.806071664,41.285891730,8.924862639,105.229037773
339.399305556,334.750000000,49.153593720,36.782359383,-18.709842986,41.267422821,8.858869868,105.593328312
339.526041667,334.875000000,49.136946047,36.810613062,-18.613607919,41.249092520,8.792642503,105.960539858
339.652777778,335.000000000,49.120431071,36.838761664,-18.517366348,41.230901244,8.726180755,106.330690213
339.779513889,335.125000000,49.104049062,36.866805701,-18.421118157,41.212849413,8.659484843,106.703797094
339.906250000,335.250000000,49.087800296,36.894745681,-18.324863226,41.194937446,8.592554995,107.079878122
340.032986111,335.375000000,49.071685044,36.922582107,-18.228601459,41.177165767,8.525391632,107.456314148
340.159722222,335.500000000,49.055703575,36.950315337,-18.132333235,41.159534886,8.457998769,107.828155212
340.286458333,335.625000000,49.039856155,36.977945813,-18.036058626,41.142045249,8.390378161,108.202845417
340.413194444,335.750000000,49.024143044,37.005474031,-17.939777502,41.124697264,8.322530082,108.580399108
340.539930556,335.875000000,49.008564505,37.032900489,-17.843489729,41.107491341,8.254454817,108.960830459
340.666666667,336.000000000,48.993120801,37.060225682,-17.747195172,41.090427888,8.186152656,109.344153464
340.793402778,336.125000000,48.977812195,37.087450103,-17.650893693,41.073507316,8.117623902,109.730381927
340.920138889,336.250000000,48.962638949,37.114574245,-17.554585152,41.056730036,8.048868863,110.119529453
341.046875000,336.375000000,48.947601325,37.141598579,-17.458269486,41.040096472,7.979888449,110.505279997
341.173611111,336.500000000,48.932699579,37.168523349,-17.361947403,41.023607174,7.910689341,110.882992635
341.300347222,336.625000000,48.917933959,37.195348969,-17.265618983,41.007262574,7.841273610,111.263368325
341.427083333,336.750000000,48.903304709,37.222075913,-17.169284076,40.991063062,7.771641620,111.646415363
341.553819444,336.875000000,48.888812077,37.248704657,-17.072942525,40.975009031,7.701793744,112.032141753
341.680555556,337.000000000,48.874456308,37.275235672,-16.976594176,40.959100872,7.631730362,112.420555196
341.807291667,337.125000000,48.860237649,37.301669431,-16.880238870,40.943338977,7.561451864,112.811663072
341.934027778,337.250000000,48.846156345,37.328006403,-16.783876445,40.927723740,7.490958650,113.205472439
342.060763889,337.375000000,48.832212643,37.354247031,-16.687506835,40.912255567,7.420251831,113.595818160
342.187500000,337.500000000,48.818406782,37.380391609,-16.591130493,40.896934945,7.349336432,113.982018325
342.314236111,337.625000000,48.804738998,37.406440564,-16.494747363,40.881762269,7.278213720,114.370721317
342.440972222,337.750000000,48.791209525,37.432394352,-16.398357273,40.866737920,7.206884142,114.761929781
342.567708333,337.875000000,48.777818598,37.458253427,-16.301960049,40.851862274,7.135348154,115.155645955
342.694444444,338.000000000,48.764566451,37.484018241,-16.205555518,40.837135712,7.063606220,115.551871660
342.821180556,338.125000000,48.751453318,37.509689246,-16.109143502,40.822558613,6.991658811,115.950608284
342.947916667,338.250000000,48.738479435,37.535266892,-16.012723822,40.808131357,6.919506410,116.351856774
343.074652778,338.375000000,48.725645034,37.560751561,-15.916296536,40.793854357,6.847151287,116.742182494
343.201388889,338.500000000,48.712950340,37.586143422,-15.819862488,40.779728131,6.774601566,117.125353264
343.328125000,338.625000000,48.700395567,37.611442873,-15.723421605,40.765753052,6.701858642,117.510662015
343.454861111,338.750000000,48.687980932,37.636650342,-15.626973699,40.751929475,6.628923050,117.898103235
343.581597222,338.875000000,48.675706648,37.661766257,-15.530518576,40.738257754,6.555795335,118.287670894
343.708333333,339.000000000,48.663572932,37.686791043,-15.434056042,40.724738244,6.482476050,118.679358438
343.835069444,339.125000000,48.651579998,37.711725123,-15.337585902,40.711371299,6.408965758,119.073158771
343.961805556,339.250000000,48.639728062,37.736568920,-15.241107958,40.698157275,6.335265028,119.469064249
344.088541667,339.375000000,48.628017338,37.761322769,-15.144622334,40.685096570,6.261376835,119.850955297
344.215277778,339.500000000,48.616448028,37.785986837,-15.048129769,40.672189649,6.187308749,120.227681884
344.342013889,339.625000000,48.605020331,37.810561513,-14.951630117,40.659436851,6.113061828,120.606127644
344.468750000,339.750000000,48.593734442,37.835047195,-14.855123171,40.646838508,6.038636694,120.986278950
344.595486111,339.875000000,48.582590558,37.859444284,-14.758608720,40.634394949,5.964033978,121.368121582
344.722222222,340.000000000,48.571588877,37.883753177,-14.662086552,40.622106504,5.889254318,121.751640719
344.848958333,340.125000000,48.560729594,37.907974267,-14.565556456,40.609973503,5.814298360,122.136820927
344.975694444,340.250000000,48.550012908,37.932107950,-14.469018216,40.597996277,5.739166759,122.523646151
345.102430556,340.375000000,48.539439012,37.956154526,-14.372471972,40.586175196,5.663862818,122.895906801
345.229166667,340.500000000,48.529008094,37.980114198,-14.275918222,40.574510663,5.588392513,123.265671044
345.355902778,340.625000000,48.518720334,38.003987336,-14.179356765,40.563002992,5.512756684,123.636732937
345.482638889,340.750000000,48.508575915,38.027774315,-14.082787374,40.551652489,5.436956033,124.009071484
345.609375000,340.875000000,48.498575018,38.051475507,-13.986209826,40.540459464,5.360991267,124.382665055
345.736111111,341.000000000,48.488717825,38.075091282,-13.889623894,40.529424225,5.284863102,124.757491379
345.862847222,341.125000000,48.479004518,38.098622008,-13.793029347,40.518547080,5.208572263,125.133527539
345.989583333,341.250000000,48.469435277,38.122068051,-13.696425956,40.507828336,5.132119482,125.510749959
346.116319444,341.375000000,48.460010283,38.145429596,-13.599814228,40.497268378,5.055510941,125.858223265
346.243055556,341.500000000,48.450729697,38.168706743,-13.503194934,40.486867598,4.978754839,126.203627879
346.369791667,341.625000000,48.441593677,38.191899835,-13.406567841,40.476626271,4.901851992,126.549685240
346.496527778,341.750000000,48.432602381,38.215009209,-13.309932710,40.466544670,4.824803181,126.896366726
346.623263889,341.875000000,48.423755966,38.238035203,-13.213289297,40.456623070,4.747609197,127.243643124
346.750000000,342.000000000,48.415054591,38.260978152,-13.116637362,40.446861742,4.670270834,127.591484628
346.876736111,342.125000000,48.406498412,38.283838388,-13.019976658,40.437260959,4.592788896,127.939860837
347.003472222,342.250000000,48.398087588,38.306616243,-12.923306940,40.427820993,4.515164196,128.288216111
347.130208333,342.375000000,48.389822273,38.329311925,-12.826628466,40.418542162,4.437401273,128.618296636
347.256944444,342.500000000,48.381702615,38.351925645,-12.729941440,40.409424763,4.359504297,128.948578807
347.383680556,342.625000000,48.373728757,38.374457715,-12.633245609,40.400469051,4.281474111,129.279029309
347.510416667,342.750000000,48.365900845,38.396908450,-12.536540719,40.391675277,4.203311562,129.609614290
347.637152778,342.875000000,48.358219023,38.419278157,-12.439826517,40.383043693,4.125017505,129.940299367
347.763888889,343.000000000,48.350683436,38.441567145,-12.343102745,40.374574548,4.046592800,130.271049626
347.890625000,343.125000000,48.343294227,38.463775719,-12.246369146,40.366268094,3.968038315,130.601829621
348.017361111,343.250000000,48.336051542,38.485904178,-12.149625477,40.358124580,3.889355041,130.927871548
348.144097222,343.375000000,48.328955520,38.507952584,-12.052872503,40.350144334,3.810551404,131.223841182
348.270833333,343.500000000,48.322006285,38.529921078,-11.956110580,40.342327629,3.731632849,131.519346146
348.397569444,343.625000000,48.315203959,38.551809939,-11.859339440,40.334674680,3.652600284,131.814349524
348.524305556,343.750000000,48.308548664,38.573619443,-11.762558816,40.327185704,3.573454622,132.108814024
348.651041667,343.875000000,48.302040523,38.595349862,-11.665768440,40.319860916,3.494196784,132.402701986
348.777777778,344.000000000,48.295679656,38.617001468,-11.568968041,40.312700529,3.414827694,132.695975391
348.904513889,344.125000000,48.289466186,38.638574531,-11.472157350,40.305704759,3.335348284,132.988595865
349.031250000,344.250000000,48.283400236,38.660069306,-11.375336146,40.298873820,3.255759883,133.271219020
349.157986111,344.375000000,48.277481919,38.681485783,-11.278505357,40.292207999,3.176072243,133.524454179
349.284722222,344.500000000,48.271711335,38.702824098,-11.181665200,40.285707512,3.096289970,133.776562752
349.411458333,344.625000000,48.266088584,38.724084490,-11.084815398,40.279372537,3.016414031,134.027507546
349.538194444,344.750000000,48.260613762,38.745267198,-10.987955669,40.273203250,2.936445396,134.277251214
349.664930556,344.875000000,48.255286969,38.766372458,-10.891085733,40.267199828,2.856385041,134.525756262
349.791666667,345.000000000,48.250108303,38.787400503,-10.794205306,40.261362445,2.776233948,134.772985071
349.918402778,345.125000000,48.245077862,38.808351563,-10.697314107,40.255691276,2.695993101,135.018899896
350.045138889,345.250000000,48.240195744,38.829225849,-10.600411932,40.250186499,2.615664102,135.253090248
350.171875000,345.375000000,48.235462040,38.850023376,-10.503499453,40.244848330,2.535254956,135.466985879
350.298611111,345.500000000,48.230876833,38.870744295,-10.406576652,40.239676933,2.454768661,135.679228377
350.425347222,345.625000000,48.226440203,38.891388813,-10.309643238,40.234672454,2.374206228,135.889782766
350.552083333,345.750000000,48.222152229,38.911957133,-10.212698921,40.229835038,2.293568675,136.098614122
350.678819444,345.875000000,48.218012994,38.932449459,-10.115743409,40.225164829,2.212857020,136.305687595
350.805555556,346.000000000,48.214022577,38.952865988,-10.018776408,40.220661971,2.132072289,136.510968412
350.932291667,346.125000000,48.210181059,38.973206918,-9.921797625,40.216326605,2.051215508,136.714421897
351.059027778,346.250000000,48.206488520,38.993472415,-9.824806898,40.212158877,1.970288689,136.902928385
351.185763889,346.375000000,48.202945034,39.013662471,-9.727804856,40.208158957,1.889299639,137.074401193
351.312500000,346.500000000,48.199550665,39.033777225,-9.630791375,40.204326968,1.808250690,137.243771882
351.439236111,346.625000000,48.196305476,39.053816851,-9.533766155,40.200663026,1.727142890,137.411010192
351.565972222,346.750000000,48.193209531,39.073781520,-9.436728895,40.197167245,1.645977292,137.576086121
351.692708333,346.875000000,48.190262896,39.093671398,-9.339679294,40.193839736,1.564754949,137.738969939
351.819444444,347.000000000,48.187465633,39.113486653,-9.242617049,40.190680612,1.483476919,137.899632199
351.946180556,347.125000000,48.184817807,39.133227446,-9.145541856,40.187689984,1.402144264,138.058043756
352.072916667,347.250000000,48.182319480,39.152893857,-9.048453812,40.184867970,1.320760977,138.181870177
352.199652778,347.375000000,48.179970700,39.172485663,-8.951354412,40.182214708,1.239341311,138.279360029
352.326388889,347.500000000,48.177771496,39.192002948,-8.854243565,40.179730266,1.157887940,138.374288100
352.453125000,347.625000000,48.175721902,39.211445840,-8.757120959,40.177414705,1.076401940,138.466635929
352.579861111,347.750000000,48.173821948,39.230814461,-8.659986281,40.175268085,0.994884392,138.556385555
352.706597222,347.875000000,48.172071667,39.250108933,-8.562839218,40.173290464,0.913336376,138.643519519
352.833333333,348.000000000,48.170471089,39.269329374,-8.465679458,40.171481901,0.831758977,138.728020882
352.960069444,348.125000000,48.169020246,39.288475899,-8.368506684,40.169842452,0.750153279,138.809873224
353.086805556,348.250000000,48.167719169,39.307548603,-8.271320681,40.168372172,0.668521077,138.882420258
353.213541667,348.375000000,48.166567886,39.326547534,-8.174121427,40.167071116,0.586865627,138.949213565
353.340277778,348.500000000,48.165566424,39.345472793,-8.076908627,40.165939330,0.505188168,139.013290969
353.467013889,348.625000000,48.164714808,39.364324478,-7.979681962,40.164976856,0.423489792,139.074639987
353.593750000,348.750000000,48.164013064,39.383102690,-7.882441115,40.164183739,0.341771591,139.133248714
353.720486111,348.875000000,48.163461218,39.401807522,-7.785185766,40.163560019,0.260034657,139.189105822
353.847222222,349.000000000,48.163059296,39.420439068,-7.687915594,40.163105737,0.178280086,139.242200573
353.973958333,349.125000000,48.162807324,39.438997417,-7.590630281,40.162820933,0.096508973,139.292522819
354.100694444,349.250000000,48.162705325,39.457482521,-7.493330211,40.162705642,0.014727560,139.298294872
354.227430556,349.375000000,48.162753305,39.475894164,-7.396016541,40.162759874,0.067052240,139.290449967
354.354166667,349.500000000,48.162951259,39.494232396,-7.298688993,40.162983624,0.148828987,139.279788306
354.480902778,349.625000000,48.163299182,39.512497271,-7.201347239,40.163376883,0.230601582,139.266312015
354.607638889,349.750000000,48.163797073,39.530688842,-7.103990953,40.163939645,0.312368930,139.250023845
354.734375000,349.875000000,48.164444925,39.548807158,-7.006619805,40.164671899,0.394129934,139.230927168
354.861111111,350.000000000,48.165242736,39.566852267,-6.909233466,40.165573635,0.475883498,139.209025975
354.987847222,350.125000000,48.166190501,39.584824212,-6.811831609,40.166644841,0.557628525,139.184324876
355.114583333,350.250000000,48.167288215,39.602722924,-6.714414497,40.167885493,0.639359599,139.126081676
355.241319444,350.375000000,48.168535857,39.620548272,-6.616982649,40.169295547,0.721069419,139.061842113
355.368055556,350.500000000,48.169933405,39.638300276,-6.519535738,40.170874960,0.802756847,138.994882456
355.494791667,350.625000000,48.171480835,39.655978953,-6.422073432,40.172623687,0.884420791,138.925215949
355.621527778,350.750000000,48.173178124,39.673584319,-6.324595396,40.174541685,0.966060163,138.852856400
355.748263889,350.875000000,48.175025249,39.691116384,-6.227101296,40.176628908,1.047673876,138.777818174
355.875000000,351.000000000,48.177022186,39.708575160,-6.129590796,40.178885308,1.129260843,138.700116179
356.001736111,351.125000000,48.179168912,39.725960653,-6.032063562,40.181310838,1.210819979,138.619171428
356.128472222,351.250000000,48.181465399,39.743272693,-5.934520218,40.183905417,1.292343217,138.492872570
356.255208333,351.375000000,48.183911602,39.760511102,-5.836961334,40.186668942,1.373822862,138.364116463
356.381944444,351.500000000,48.186507475,39.777675858,-5.739386571,40.189601328,1.455257842,138.232927395
356.508680556,351.625000000,48.189252967,39.794766939,-5.641795588,40.192702486,1.536647085,138.099330060
356.635416667,351.750000000,48.192148031,39.811784316,-5.544188044,40.195972329,1.617989522,137.963349551
356.762152778,351.875000000,48.195192619,39.828727960,-5.446563601,40.199410766,1.699284089,137.825011345
356.888888889,352.000000000,48.198386682,39.845597838,-5.348921915,40.203017707,1.780529722,137.684341294
357.015625000,352.125000000,48.201730173,39.862393920,-5.251262631,40.206793061,1.861725479,137.547375543
357.142361111,352.250000000,48.205223048,39.879116394,-5.153584108,40.210736794,1.942879745,137.450750131
357.269097222,352.375000000,48.208865286,39.895765384,-5.055885187,40.214848882,2.023997427,137.351657183
357.395833333,352.500000000,48.212656866,39.912340868,-4.958165529,40.219129267,2.105077464,137.250116312
357.522569444,352.625000000,48.216597769,39.928842824,-4.860424798,40.223577893,2.186118796,137.146147574
357.649305556,352.750000000,48.220687975,39.945271227,-4.762662655,40.228194702,2.267120365,137.039771455
357.776041667,352.875000000,48.224927464,39.961626049,-4.664878762,40.232979635,2.348081116,136.931008869
357.902777778,353.000000000,48.229316217,39.977907259,-4.567072778,40.237932633,2.428999995,136.819881140
358.029513889,353.125000000,48.233854213,39.994114743,-4.469244857,40.243053608,2.509872391,136.611772618
358.156250000,353.250000000,48.238541358,40.010246373,-4.371406924,40.248341746,2.590608156,136.092188256
358.282986111,353.375000000,48.243377410,40.026301048,-4.273563932,40.253796396,2.671167699,135.574520925
358.409722222,353.500000000,48.248362106,40.042278531,-4.175715507,40.259417159,2.751550086,135.058806765
358.536458333,353.625000000,48.253495186,40.058178584,-4.077861275,40.265203638,2.831754393,134.545080699
358.663194444,353.750000000,48.258776387,40.074000963,-3.980000864,40.271155435,2.911779706,134.033376456
358.789930556,353.875000000,48.264205449,40.089745424,-3.882133903,40.277272150,2.991625120,133.523726583
358.916666667,354.000000000,48.269782109,40.105411721,-3.784260021,40.283553383,3.071289741,133.016162465
359.043402778,354.125000000,48.275506113,40.121000187,-3.686375201,40.289998984,3.150799139,132.961133125
359.170138889,354.250000000,48.281377517,40.136518007,-3.588433999,40.296611970,3.230479489,133.775965150
359.296875000,354.375000000,48.287396853,40.151967706,-3.490422709,40.303393918,3.310427045,134.597291651
359.423611111,354.500000000,48.293564690,40.167349697,-3.392341076,40.310345566,3.390640486,135.425116685
359.550347222,354.625000000,48.299881600,40.182664392,-3.294188845,40.317467650,3.471118476,136.259442179
359.677083333,354.750000000,48.306348152,40.197912200,-3.195965756,40.324760909,3.551859666,137.100267854
359.803819444,354.875000000,48.312964918,40.213093530,-3.097671548,40.332226076,3.632862690,137.947591142
359.930555556,355.000000000,48.319732467,40.228208787,-2.999305956,40.339863887,3.714126170,138.801407106
360.057291667,355.125000000,48.326651320,40.243254572,-2.900893327,40.347673051,3.795470362,137.165117265
360.184027778,355.250000000,48.333720550,40.258202532,-2.802613343,40.355637929,3.875589460,132.726676393
360.310763889,355.375000000,48.340937591,40.273045001,-2.704501470,40.363752079,3.954221962,128.570641077
360.437500000,355.500000000,48.348299786,40.287779779,-2.606557001,40.372011827,4.031368562,124.671067261
360.564236111,355.625000000,48.355804480,40.302404680,-2.508779248,40.380413523,4.107030017,121.005086707
360.690972222,355.750000000,48.363449017,40.316917528,-2.411167538,40.388953537,4.181207141,117.552464416
360.817708333,355.875000000,48.371230741,40.331316160,-2.313721214,40.397628261,4.253900801,114.295230327
360.944444444,356.000000000,48.379146996,40.345598428,-2.216439640,40.406434106,4.325111921,111.217371153
361.071180556,356.125000000,48.387195481,40.359782992,-2.119181538,40.415380903,4.395859603,115.799454951
361.197916667,356.250000000,48.395380073,40.373969914,-2.021281470,40.424534944,4.470958454,127.966608702
361.324652778,356.375000000,48.403709913,40.388178829,-1.922654645,40.433916333,4.551021608,142.957936708
361.451388889,356.500000000,48.412194309,40.402417172,-1.823302018,40.443537723,4.636041284,161.883076747
361.578125000,356.625000000,48.420842569,40.416692547,-1.723224552,40.453411961,4.726009221,186.520352580
361.704861111,356.750000000,48.429664002,40.431012735,-1.622423232,40.463552092,4.820916654,219.909804380
361.831597222,356.875000000,48.438667917,40.445385681,-1.520899059,40.473971350,4.920754281,267.713420311
361.958333333,357.000000000,48.447863621,40.459819503,-1.418653059,40.484683161,5.025512241,341.818818099
362.085069444,357.125000000,48.457258166,40.474214749,-1.316435974,40.495617827,5.129757142,209.448817080
362.211805556,357.250000000,48.466832796,40.488216770,-1.216643799,40.506492311,5.216149098,126.279209342
362.338541667,357.375000000,48.476552309,40.501770845,-1.119450893,40.517238454,5.283415831,90.440251113
362.465277778,357.500000000,48.486381236,40.514849930,-1.024852637,40.527810054,5.331584266,70.475401225
362.592013889,357.625000000,48.496284109,40.527429537,-0.932845467,40.538164062,5.360678437,57.747648151
362.718750000,357.750000000,48.506225460,40.539487725,-0.843426888,40.548260554,5.370719207,48.923704043
362.845486111,357.875000000,48.516169821,40.551005096,-0.756595486,40.558062713,5.361724037,42.444768606
362.972222222,358.000000000,48.526081723,40.561964790,-0.672350923,40.567536817,5.333706828,37.484427240
363.098958333,358.125000000,48.535938952,40.572842102,-0.586910426,40.577086885,5.313992125,54.610658511
363.225694444,358.250000000,48.545823498,40.584744930,-0.491947586,40.587726389,5.362687290,148.475218083
363.352430556,358.375000000,48.555866627,40.597802067,-0.387176136,40.599648250,5.481853031,inf
363.479166667,358.500000000,48.566199901,40.612139388,-0.272618714,40.613054387,5.671344214,inf
363.605902778,358.625000000,48.576954878,40.627917555,-0.148309680,40.628188252,5.930955407,inf
363.732638889,358.750000000,48.588263119,40.645331406,-0.014296649,40.645333920,6.260410932,inf
363.859375000,358.875000000,48.600256182,40.664609072,0.129357406,40.664814819,6.659352063,inf
363.986111111,359.000000000,48.613065628,40.686010773,0.282571500,40.686992016,7.127321563,inf
364.112847222,359.125000000,48.626783731,40.708338099,0.435547142,40.710668037,7.593524483,inf
364.239583333,359.250000000,48.641283953,40.729213384,0.573703779,40.733253723,7.952260201,inf
364.366319444,359.375000000,48.656364027,40.748243278,0.697015283,40.754204207,8.203096350,inf
364.493055556,359.500000000,48.671821610,40.765138168,0.805572528,40.773096975,8.346546569,175.148990021
364.619791667,359.625000000,48.687454362,40.779688940,0.899431245,40.789606600,8.382974825,43.320685977
364.746527778,359.750000000,48.703059941,40.791765613,0.978609549,40.803502527,8.312577406,24.729917281
364.873263889,359.875000000,48.718436004,40.801316978,1.043087621,40.814648092,8.135375625,17.297567768
