day_coordinate,cam_angle_deg,pitch_radius_mm,surface_x_mm,surface_y_mm,surface_radius_mm,pressure_angle_deg,pitch_curvature_radius_mm
0.000000000,0.000000000,94.102881407,86.117399431,-0.481744347,86.118746870,3.452328361,inf
0.126736111,0.125000000,94.090741305,86.104983992,-0.275617279,86.105425108,3.321207565,1417.771178236
0.253472222,0.250000000,94.079022186,86.092784823,-0.073566478,86.092816254,3.218960160,316.614795337
0.380208333,0.375000000,94.067619997,86.080703121,0.124404700,86.080793017,3.145620202,178.094256268
0.506944444,0.500000000,94.056430683,86.068646129,0.318293311,86.069234673,3.101215021,123.848948762
0.633680556,0.625000000,94.045350190,86.056527164,0.508096731,86.058027108,3.085766090,94.914630717
0.760416667,0.750000000,94.034274464,86.044265633,0.693812611,86.047062845,3.099289668,76.930860985
0.887152778,0.875000000,94.023099449,86.031787045,0.875438874,86.036241057,3.141797232,64.672717203
1.013888889,1.000000000,94.011721122,86.019020774,1.053004523,86.025465726,3.213074785,56.869741557
1.140625000,1.125000000,94.000065417,86.005697219,1.229568998,86.014485955,3.291141791,59.092206175
1.267361111,1.250000000,93.988144839,85.991675167,1.407160408,86.003187722,3.361415604,61.495141526
1.394097222,1.375000000,93.975987434,85.976971762,1.585776197,85.991594702,3.423895956,64.101672669
1.520833333,1.500000000,93.963621248,85.961604594,1.765414082,85.979731049,3.478582129,66.939063056
1.647569444,1.625000000,93.951074327,85.945591698,1.946072059,85.967621398,3.525472952,70.039680866
1.774305556,1.750000000,93.938374719,85.928951546,2.127748410,85.955290861,3.564566790,73.442249377
1.901041667,1.875000000,93.925550469,85.911703048,2.310441710,85.942765033,3.595861540,77.193483811
2.027777778,2.000000000,93.912629562,85.893868726,2.494117940,85.930072205,3.619591351,80.152861626
2.154513889,2.125000000,93.899629544,85.875550876,2.677856921,85.917292531,3.642368458,79.038811203
2.281250000,2.250000000,93.886545886,85.856787412,2.861239717,85.904450627,3.667197612,77.954735035
2.407986111,2.375000000,93.873371252,85.837573486,3.044264760,85.891539571,3.694079674,76.899448793
2.534722222,2.500000000,93.860098306,85.817904284,3.226930437,85.878552478,3.723015494,75.871829599
2.661458333,2.625000000,93.846719714,85.797775030,3.409235091,85.865482494,3.754005909,74.870812145
2.788194444,2.750000000,93.833228138,85.777180986,3.591177014,85.852322801,3.787051746,73.895385108
2.914930556,2.875000000,93.819616243,85.756117453,3.772754459,85.839066612,3.822153817,72.944587825
3.041666667,3.000000000,93.805876749,85.734577441,3.953985462,85.825705765,3.859169892,72.403557093
3.168402778,3.125000000,93.792005865,85.712527134,4.135132710,85.812217255,3.896193160,72.659678995
3.295138889,3.250000000,93.778005273,85.689958083,4.316277255,85.798596525,3.932627395,72.917584358
3.421875000,3.375000000,93.763877133,85.666872033,4.497417516,85.784845563,3.968472519,73.177296991
3.548611111,3.500000000,93.749623604,85.643270735,4.678551932,85.770966360,4.003728446,73.438841129
3.675347222,3.625000000,93.735246849,85.619155946,4.859678958,85.756960910,4.038395081,73.702241437
3.802083333,3.750000000,93.720749026,85.594529432,5.040797067,85.742831209,4.072472323,73.967523024
3.928819444,3.875000000,93.706132296,85.569392964,5.221904748,85.728579257,4.105960061,74.234711442
4.055555556,4.000000000,93.691398784,85.543749625,5.402991118,85.714207766,4.138926102,74.357623291
4.182291667,4.125000000,93.676549499,85.517610761,5.583981729,85.699723466,4.171897948,74.293729435
4.309027778,4.250000000,93.661584143,85.490978680,5.764859599,85.685127309,4.204987231,74.229805466
4.435763889,4.375000000,93.646502338,85.463853462,5.945623151,85.670418951,4.238194098,74.165851160
4.562500000,4.500000000,93.631303712,85.436235190,6.126270810,85.655598051,4.271518695,74.101866293
4.689236111,4.625000000,93.615987888,85.408123954,6.306800997,85.640664268,4.304961168,74.037850647
4.815972222,4.750000000,93.600554492,85.379519849,6.487212133,85.625617259,4.338521666,73.973804002
4.942708333,4.875000000,93.585003149,85.350422975,6.667502637,85.610456683,4.372200337,73.909726145
5.069444444,5.000000000,93.569333503,85.320832788,6.847674962,85.595181874,4.405968047,73.895338987
5.196180556,5.125000000,93.553545554,85.290746355,7.027747638,85.579791135,4.439679054,73.921900151
5.322916667,5.250000000,93.537639615,85.260163806,7.207721865,85.564284527,4.473313501,73.948377153
5.449652778,5.375000000,93.521616011,85.229085731,7.387596099,85.548662355,4.506871460,73.974770249
5.576388889,5.500000000,93.505475066,85.197512730,7.567368803,85.532924924,4.540353001,74.001079694
5.703125000,5.625000000,93.489217104,85.165445404,7.747038438,85.517072538,4.573758194,74.027305746
5.829861111,5.750000000,93.472842449,85.132884360,7.926603475,85.501105502,4.607087110,74.053448663
5.956597222,5.875000000,93.456351426,85.099830210,8.106062383,85.485024122,4.640339816,74.079508705
6.083333333,6.000000000,93.439744351,85.066283841,8.285412157,85.468828827,4.673527167,74.090116828
6.210069444,6.125000000,93.423021436,85.032246726,8.464646303,85.452520269,4.706685419,74.092613717
6.336805556,6.250000000,93.406182830,84.997719448,8.643762890,85.436098625,4.739817586,74.094999374
6.463541667,6.375000000,93.389228677,84.962702517,8.822760389,85.419564035,4.772923757,74.097273900
6.590277778,6.500000000,93.372159123,84.927196449,9.001637276,85.402916638,4.806004019,74.099437396
6.717013889,6.625000000,93.354974314,84.891201763,9.180392027,85.386156575,4.839058460,74.101489966
6.843750000,6.750000000,93.337674395,84.854718987,9.359023122,85.369283985,4.872087168,74.103431711
6.970486111,6.875000000,93.320259512,84.817748649,9.537529043,85.352299009,4.905090229,74.105262733
7.097222222,7.000000000,93.302729814,84.780291161,9.715908883,85.335201733,4.938063270,74.112440561
7.223958333,7.125000000,93.285085485,84.742346793,9.894162540,85.317992196,4.970996082,74.121169513
7.350694444,7.250000000,93.267326724,84.703916114,10.072288561,85.300670583,5.003888333,74.129793656
7.477430556,7.375000000,93.249453731,84.664999710,10.250285444,85.283237084,5.036740103,74.138313132
7.604166667,7.500000000,93.231466705,84.625598173,10.428151688,85.265691891,5.069551471,74.146728084
7.730902778,7.625000000,93.213365848,84.585712097,10.605885795,85.248035194,5.102322514,74.155038654
7.857638889,7.750000000,93.195151358,84.545342082,10.783486270,85.230267182,5.135053310,74.163244984
7.984375000,7.875000000,93.176823435,84.504488734,10.960951620,85.212388047,5.167743938,74.171347218
8.111111111,8.000000000,93.158382280,84.463152661,11.138280359,85.194397978,5.200394461,74.179359843
8.237847222,8.125000000,93.139828091,84.421334478,11.315471004,85.176297167,5.233004935,74.187270693
8.364583333,8.250000000,93.121161069,84.379034802,11.492522070,85.158085803,5.265575435,74.195077894
8.491319444,8.375000000,93.102381415,84.336254258,11.669432078,85.139764078,5.298106038,74.202781593
8.618055556,8.500000000,93.083489327,84.292993474,11.846199551,85.121332183,5.330596820,74.210381935
8.744791667,8.625000000,93.064485005,84.249253082,12.022823014,85.102790307,5.363047855,74.217879066
8.871527778,8.750000000,93.045368651,84.205033720,12.199300995,85.084138643,5.395459219,74.225273132
8.998263889,8.875000000,93.026140463,84.160336031,12.375632028,85.065377380,5.427830987,74.232564280
9.125000000,9.000000000,93.006800641,84.115160674,12.551814587,85.046506717,5.460163668,74.239334800
9.251736111,9.125000000,92.987349382,84.069508317,12.727847147,85.027526847,5.492457799,74.245996499
9.378472222,9.250000000,92.967786884,84.023379612,12.903728250,85.008437959,5.524713452,74.252555323
9.505208333,9.375000000,92.948113342,83.976775217,13.079456439,84.989240240,5.556930703,74.259011419
9.631944444,9.500000000,92.928328954,83.929695796,13.255030261,84.969933880,5.589109623,74.265364932
9.758680556,9.625000000,92.908433916,83.882142015,13.430448265,84.950519066,5.621250286,74.271616010
9.885416667,9.750000000,92.888428425,83.834114546,13.605709005,84.930995986,5.653352764,74.277764800
10.012152778,9.875000000,92.868312677,83.785614065,13.780811037,84.911364828,5.685417126,74.283853344
10.138888889,10.000000000,92.848086871,83.736641233,13.955752993,84.891625774,5.717442900,74.290235125
10.265625000,10.125000000,92.827751205,83.687196722,14.130533487,84.871779007,5.749429780,74.296515467
10.392361111,10.250000000,92.807305880,83.637281226,14.305151085,84.851824721,5.781377837,74.302694521
10.519097222,10.375000000,92.786751096,83.586895439,14.479604356,84.831763105,5.813287141,74.308772438
10.645833333,10.500000000,92.766087053,83.536040063,14.653891872,84.811594351,5.845157762,74.314749371
10.772569444,10.625000000,92.745313951,83.484715802,14.828012208,84.791318651,5.876989769,74.320625473
10.899305556,10.750000000,92.724431989,83.432923366,15.001963944,84.770936196,5.908783231,74.326400896
11.026041667,10.875000000,92.703441368,83.380663469,15.175745662,84.750447178,5.940538213,74.332093286
11.152777778,11.000000000,92.682342289,83.327936823,15.349355963,84.729851786,5.972254665,74.337752985
11.279513889,11.125000000,92.661134951,83.274744151,15.522793443,84.709150212,6.003932597,74.343312546
11.406250000,11.250000000,92.639819555,83.221086178,15.696056694,84.688342648,6.035572077,74.348772125
11.532986111,11.375000000,92.618396303,83.166963637,15.869144312,84.667429285,6.067173173,74.354131877
11.659722222,11.500000000,92.596865394,83.112377263,16.042054894,84.646410317,6.098735952,74.359391958
11.786458333,11.625000000,92.575227029,83.057327796,16.214787044,84.625285935,6.130260478,74.364552524
11.913194444,11.750000000,92.553481410,83.001815981,16.387339365,84.604056331,6.161746820,74.369613733
12.039930556,11.875000000,92.531628736,82.945842567,16.559710467,84.582721699,6.193195043,74.374572419
12.166666667,12.000000000,92.509669208,82.889408308,16.731898959,84.561282230,6.224605229,74.379424832
12.293402778,12.125000000,92.487603028,82.832513960,16.903903456,84.539738117,6.255977448,74.384178350
12.420138889,12.250000000,92.465430394,82.775160284,17.075722577,84.518089553,6.287311765,74.388833132
12.546875000,12.375000000,92.443151509,82.717348048,17.247354943,84.496336729,6.318608243,74.393389335
12.673611111,12.500000000,92.420766573,82.659078019,17.418799180,84.474479838,6.349866948,74.397847120
12.800347222,12.625000000,92.398275786,82.600350973,17.590053918,84.452519072,6.381087942,74.402206644
12.927083333,12.750000000,92.375679348,82.541167687,17.761117788,84.430454625,6.412271289,74.406468068
13.053819444,12.875000000,92.352977461,82.481528939,17.931989436,84.408286686,6.443416974,74.410807870
13.180555556,13.000000000,92.330170327,82.421435488,18.102667588,84.386015439,6.474524409,74.415289045
13.307291667,13.125000000,92.307258148,82.360888118,18.273150907,84.363641076,6.505593513,74.419672985
13.434027778,13.250000000,92.284241130,82.299887627,18.443438037,84.341163794,6.536624347,74.423959852
13.560763889,13.375000000,92.261119474,82.238434815,18.613527631,84.318583786,6.567616972,74.428149812
13.687500000,13.500000000,92.237893386,82.176530487,18.783418342,84.295901250,6.598571448,74.432243029
13.814236111,13.625000000,92.214563068,82.114175452,18.953108827,84.273116380,6.629487836,74.436239668
13.940972222,13.750000000,92.191128725,82.051370522,19.122597746,84.250229371,6.660366196,74.440139894
14.067708333,13.875000000,92.167590560,81.988116516,19.291883762,84.227240421,6.691206616,74.443889059
14.194444444,14.000000000,92.143948776,81.924414262,19.460965520,84.204149726,6.722009319,74.447494284
14.321180556,14.125000000,92.120203577,81.860264586,19.629841688,84.180957483,6.752774385,74.451003500
14.447916667,14.250000000,92.096355165,81.795668315,19.798510944,84.157663886,6.783501874,74.454416874
14.574652778,14.375000000,92.072403743,81.730626283,19.966971964,84.134269130,6.814191843,74.457734573
14.701388889,14.500000000,92.048349514,81.665139325,20.135223431,84.110773410,6.844844351,74.460956764
14.828125000,14.625000000,92.024192681,81.599208282,20.303264032,84.087176921,6.875459455,74.464083613
14.954861111,14.750000000,91.999933448,81.532833997,20.471092456,84.063479858,6.906037211,74.467115289
15.081597222,14.875000000,91.975572016,81.466017274,20.638707508,84.039682401,6.936576815,74.471335597
15.208333333,15.000000000,91.951108599,81.398758815,20.806108281,84.015784698,6.967075284,74.476172735
15.335069444,15.125000000,91.926543415,81.331059470,20.973293513,83.991786951,6.997532408,74.480917128
15.461805556,15.250000000,91.901876679,81.262920110,21.140261909,83.967689371,7.027948240,74.485568960
15.588541667,15.375000000,91.877108612,81.194341606,21.307012182,83.943492166,7.058322831,74.490128415
15.715277778,15.500000000,91.852239429,81.125324837,21.473543045,83.919195544,7.088656235,74.494595677
15.842013889,15.625000000,91.827269350,81.055870682,21.639853218,83.894799715,7.118948502,74.498970930
15.968750000,15.750000000,91.802198591,80.985980025,21.805941421,83.870304888,7.149199684,74.503254360
16.095486111,15.875000000,91.777027370,80.915653794,21.971806293,83.845711284,7.179410528,74.506560191
16.222222222,16.000000000,91.751755899,80.844892966,22.137446346,83.821019138,7.209582764,74.509483614
16.348958333,16.125000000,91.726384386,80.773698436,22.302860302,83.796228654,7.239716519,74.512314618
16.475694444,16.250000000,91.700913040,80.702071096,22.468046899,83.771340032,7.269811845,74.515053381
16.602430556,16.375000000,91.675342071,80.630011846,22.633004875,83.746353472,7.299868791,74.517700082
16.729166667,16.500000000,91.649671688,80.557521584,22.797732975,83.721269177,7.329887410,74.520254899
16.855902778,16.625000000,91.623902100,80.484601217,22.962229945,83.696087347,7.359867752,74.522718011
16.982638889,16.750000000,91.598033515,80.411251652,23.126494539,83.670808182,7.389809866,74.525089598
17.109375000,16.875000000,91.572066145,80.337473690,23.290525761,83.645431848,7.419711839,74.529560203
17.236111111,17.000000000,91.546000213,80.263268069,23.454322789,83.619958495,7.449570456,74.534289695
17.362847222,17.125000000,91.519835946,80.188635719,23.617884396,83.594388339,7.479385713,74.538930771
17.489583333,17.250000000,91.493573573,80.113577573,23.781209353,83.568721600,7.509157655,74.543483630
17.616319444,17.375000000,91.467213320,80.038094570,23.944296434,83.542958495,7.538886326,74.547948474
17.743055556,17.500000000,91.440755417,79.962187653,24.107144418,83.517099244,7.568571770,74.552325504
17.869791667,17.625000000,91.414200090,79.885857765,24.269752089,83.491144066,7.598214030,74.556614923
17.996527778,17.750000000,91.387547568,79.809105857,24.432118233,83.465093177,7.627813150,74.560816931
18.123263889,17.875000000,91.360798076,79.731932922,24.594241553,83.438946812,7.657369876,74.564232382
18.250000000,18.000000000,91.333951839,79.654339960,24.756120743,83.412705199,7.686885037,74.567540385
18.376736111,18.125000000,91.307009079,79.576327926,24.917754602,83.386368554,7.716358677,74.570760827
18.503472222,18.250000000,91.279970019,79.497897781,25.079141932,83.359937090,7.745790837,74.573893906
18.630208333,18.375000000,91.252834880,79.419050485,25.240281540,83.333411020,7.775181561,74.576939821
18.756944444,18.500000000,91.225603886,79.339787006,25.401172235,83.306790558,7.804530889,74.579898771
18.883680556,18.625000000,91.198277259,79.260108312,25.561812834,83.280075919,7.833838863,74.582770956
19.010416667,18.750000000,91.170855221,79.180015376,25.722202153,83.253267315,7.863105519,74.585636241
19.137152778,18.875000000,91.143337996,79.099509103,25.882339162,83.226364939,7.892329741,74.589305323
19.263888889,19.000000000,91.115725813,79.018590423,26.042222794,83.199368991,7.921510725,74.592889262
19.390625000,19.125000000,91.088018902,78.937260323,26.201851881,83.172279693,7.950648510,74.596388266
19.517361111,19.250000000,91.060217491,78.855519794,26.361225260,83.145097264,7.979743132,74.599802545
19.644097222,19.375000000,91.032321811,78.773369829,26.520341771,83.117821927,8.008794630,74.603132309
19.770833333,19.500000000,91.004332091,78.690811425,26.679200261,83.090453900,8.037803041,74.606377768
19.897569444,19.625000000,90.976248560,78.607845582,26.837799578,83.062993404,8.066768400,74.609539132
20.024305556,19.750000000,90.948071449,78.524473301,26.996138584,83.035440660,8.095690686,74.612914762
20.151041667,19.875000000,90.919800989,78.440695452,27.154216395,83.007795845,8.124567833,74.617464234
20.277777778,20.000000000,90.891437421,78.356512983,27.312032007,82.980059166,8.153398826,74.621931989
20.404513889,20.125000000,90.862980986,78.271926915,27.469584288,82.952230856,8.182183699,74.626318253
20.531250000,20.250000000,90.834431924,78.186938271,27.626872111,82.924311144,8.210922483,74.630623252
20.657986111,20.375000000,90.805790476,78.101548076,27.783894353,82.896300264,8.239615209,74.634847213
20.784722222,20.500000000,90.777056884,78.015757361,27.940649898,82.868198444,8.268261908,74.638990364
20.911458333,20.625000000,90.748231387,77.929567158,28.097137631,82.840005918,8.296862611,74.643052933
21.038194444,20.750000000,90.719314228,77.842978507,28.253356432,82.811722917,8.325417434,74.646761209
21.164930556,20.875000000,90.690305644,77.755992536,28.409305034,82.783349701,8.353927734,74.649753647
21.291666667,21.000000000,90.661205869,77.668610313,28.564982279,82.754886505,8.382393998,74.652665154
21.418402778,21.125000000,90.632015140,77.580832877,28.720387069,82.726333554,8.410816258,74.655495953
21.545138889,21.250000000,90.602733689,77.492661273,28.875518312,82.697691074,8.439194542,74.658246266
21.671875000,21.375000000,90.573361750,77.404096545,29.030374917,82.668959288,8.467528881,74.660916314
21.798611111,21.500000000,90.543899559,77.315139744,29.184955801,82.640138424,8.495819304,74.663506322
21.925347222,21.625000000,90.514347350,77.225791921,29.339259883,82.611228706,8.524065839,74.666016513
22.052083333,21.750000000,90.484705356,77.136054112,29.493286118,82.582230353,8.552268262,74.669047498
22.178819444,21.875000000,90.454973817,77.045927223,29.647033703,82.553143545,8.580424376,74.672860854
22.305555556,22.000000000,90.425152977,76.955412284,29.800501637,82.523968504,8.608533686,74.676596753
22.432291667,22.125000000,90.395243081,76.864510364,29.953688860,82.494705466,8.636596215,74.680255433
22.559027778,22.250000000,90.365244374,76.773222537,30.106594316,82.465354665,8.664611989,74.683837134
22.685763889,22.375000000,90.335157100,76.681549878,30.259216954,82.435916338,8.692581031,74.687342096
22.812500000,22.500000000,90.304981506,76.589493466,30.411555728,82.406390718,8.720503363,74.690770559
22.939236111,22.625000000,90.274717834,76.497054382,30.563609595,82.376778042,8.748379009,74.694122764
23.065972222,22.750000000,90.244366331,76.404233692,30.715377546,82.347078539,8.776207755,74.697839679
23.192708333,22.875000000,90.213927244,76.311032391,30.866858703,82.317292416,8.803988326,74.701887532
23.319444444,23.000000000,90.183400824,76.217451557,31.018052063,82.287419911,8.831720541,74.705860886
23.446180556,23.125000000,90.152787322,76.123492285,31.168956604,82.257461263,8.859404420,74.709759991
23.572916667,23.250000000,90.122086989,76.029155675,31.319571307,82.227416715,8.887039982,74.713585099
23.699652778,23.375000000,90.091300076,75.934442827,31.469895160,82.197286506,8.914627245,74.717336463
23.826388889,23.500000000,90.060426834,75.839354845,31.619927155,82.167070878,8.942166226,74.721014334
23.953125000,23.625000000,90.029467514,75.743892835,31.769666286,82.136770071,8.969656944,74.724618966
24.079861111,23.750000000,89.998422366,75.648057921,31.919111530,82.106384332,8.997099623,74.727827642
24.206597222,23.875000000,89.967291639,75.551851271,32.068261801,82.075913918,9.024495047,74.730773506
24.333333333,24.000000000,89.936075581,75.455274001,32.217116101,82.045359067,9.051843303,74.733646261
24.460069444,24.125000000,89.904774439,75.358327226,32.365673442,82.014720018,9.079144408,74.736446157
24.586805556,24.250000000,89.873388460,75.261012062,32.513932842,81.983997009,9.106398379,74.739173447
24.713541667,24.375000000,89.841917891,75.163329628,32.661893324,81.953190276,9.133605231,74.741828380
24.840277778,24.500000000,89.810362979,75.065281046,32.809553915,81.922300057,9.160764979,74.744411209
24.967013889,24.625000000,89.778723973,74.966867439,32.956913647,81.891326590,9.187877639,74.746922185
25.093750000,24.750000000,89.747001119,74.868089860,33.103971666,81.860270091,9.214942277,74.750621343
25.220486111,24.875000000,89.715194674,74.768949256,33.250727294,81.829130745,9.241956505,74.754694281
25.347222222,25.000000000,89.683304896,74.669446758,33.397179594,81.797908799,9.268920217,74.758698292
25.473958333,25.125000000,89.651332046,74.569583505,33.543327619,81.766604503,9.295833423,74.762633648
25.600694444,25.250000000,89.619276382,74.469360642,33.689170427,81.735218104,9.322696131,74.766500623
25.727430556,25.375000000,89.587138164,74.368779313,33.834707083,81.703749852,9.349508351,74.770299489
25.854166667,25.500000000,89.554917651,74.267840666,33.979936653,81.672199996,9.376270090,74.774030521
25.980902778,25.625000000,89.522615103,74.166545851,34.124858212,81.640568785,9.402981355,74.777693992
26.107638889,25.750000000,89.490230778,74.064896088,34.269470740,81.608856488,9.429642988,74.780323311
26.234375000,25.875000000,89.457764930,73.962892641,34.413773152,81.577063385,9.456256445,74.782712727
26.361111111,26.000000000,89.425217810,73.860536667,34.557764531,81.545189717,9.482821762,74.785033935
26.487847222,26.125000000,89.392589670,73.757829317,34.701443965,81.513235728,9.509338946,74.787287199
26.614583333,26.250000000,89.359880760,73.654771749,34.844810548,81.481201657,9.535808005,74.789472786
26.741319444,26.375000000,89.327091332,73.551365120,34.987863379,81.449087747,9.562228946,74.791590960
26.868055556,26.500000000,89.294221637,73.447610590,35.130601562,81.416894239,9.588601775,74.793641988
26.994791667,26.625000000,89.261271927,73.343509323,35.273024204,81.384621375,9.614926500,74.795626136
27.121527778,26.750000000,89.228242454,73.239062383,35.415130556,81.352269366,9.641201908,74.798800618
27.248263889,26.875000000,89.195133477,73.134270823,35.556919899,81.319838425,9.667426571,74.801964290
27.375000000,27.000000000,89.161945257,73.029135817,35.698391358,81.287328802,9.693600489,74.805063601
27.501736111,27.125000000,89.128678054,72.923658542,35.839544062,81.254740746,9.719723666,74.808098834
27.628472222,27.250000000,89.095332129,72.817840176,35.980377148,81.222074509,9.745796101,74.811070273
27.755208333,27.375000000,89.061907743,72.711681899,36.120889753,81.189330340,9.771817795,74.813978201
27.881944444,27.500000000,89.028405156,72.605184893,36.261081022,81.156508490,9.797788749,74.816822905
28.008680556,27.625000000,88.994824628,72.498350344,36.400950104,81.123609209,9.823708969,74.819499506
28.135416667,27.750000000,88.961166418,72.391179584,36.540495958,81.090632791,9.849580202,74.820682156
28.262152778,27.875000000,88.927430778,72.283673910,36.679717592,81.057579513,9.875403792,74.821800441
28.388888889,28.000000000,88.893617957,72.175834505,36.818614164,81.024449615,9.901179740,74.822854631
28.515625000,28.125000000,88.859728204,72.067662554,36.957184840,80.991243337,9.926908049,74.823844998
28.642361111,28.250000000,88.825761770,71.959159244,37.095428790,80.957960920,9.952588717,74.824771813
28.769097222,28.375000000,88.791718905,71.850325765,37.233345188,80.924602603,9.978221747,74.825635348
28.895833333,28.500000000,88.757599858,71.741163307,37.370933213,80.891168627,10.003807136,74.826435877
29.022569444,28.625000000,88.723404878,71.631673059,37.508192054,80.857659232,10.029344847,74.827389081
29.149305556,28.750000000,88.689134219,71.521856081,37.645121070,80.824074617,10.054833304,74.829274945
29.276041667,28.875000000,88.654788137,71.411713501,37.781719548,80.790415008,10.080271682,74.831100201
29.402777778,29.000000000,88.620366891,71.301246522,37.917986688,80.756680653,10.105659976,74.832865135
29.529513889,29.125000000,88.585870739,71.190456350,38.053921697,80.722871801,10.130998180,74.834570038
29.656250000,29.250000000,88.551299939,71.079344190,38.189523785,80.688988700,10.156286290,74.836215198
29.782986111,29.375000000,88.516654750,70.967911252,38.324792166,80.655031598,10.181524298,74.837800907
29.909722222,29.500000000,88.481935429,70.856158743,38.459726063,80.621000742,10.206712198,74.839327454
30.036458333,29.625000000,88.447142236,70.744087890,38.594324684,80.586896386,10.231850123,74.840313530
30.163194444,29.750000000,88.412275423,70.631700113,38.728587004,80.552718838,10.256940432,74.840047098
30.289930556,29.875000000,88.377335239,70.518996697,38.862512164,80.518468359,10.281983972,74.839720200
30.416666667,30.000000000,88.342321930,70.405978852,38.996099398,80.484145186,10.306980740,74.839333109
30.543402778,30.125000000,88.307235743,70.292647787,39.129347948,80.449749557,10.331930729,74.838886100
30.670138889,30.250000000,88.272076924,70.179004717,39.262257059,80.415281709,10.356833934,74.838379449
30.796875000,30.375000000,88.236845720,70.065050854,39.394825979,80.380741880,10.381690348,74.837813432
30.923611111,30.500000000,88.201542377,69.950787415,39.527053965,80.346130306,10.406499966,74.837188324
31.050347222,30.625000000,88.166167143,69.836215594,39.658940302,80.311447218,10.431262541,74.837106205
31.177083333,30.750000000,88.130720267,69.721336408,39.790484490,80.276692797,10.455975822,74.837880008
31.303819444,30.875000000,88.095202007,69.606151032,39.921685860,80.241867273,10.480639249,74.838597537
31.430555556,31.000000000,88.059612620,69.490660695,40.052543691,80.206970894,10.505252809,74.839259088
31.557291667,31.125000000,88.023952363,69.374866625,40.183057264,80.172003906,10.529816490,74.839864959
31.684027778,31.250000000,87.988221494,69.258770053,40.313225867,80.136966558,10.554330279,74.840415446
31.810763889,31.375000000,87.952420268,69.142372211,40.443048791,80.101859095,10.578794162,74.840910846
31.937500000,31.500000000,87.916548944,69.025674333,40.572525335,80.066681767,10.603208127,74.841351459
32.064236111,31.625000000,87.880607778,68.908677675,40.701654773,80.031434825,10.627572408,74.841243281
32.190972222,31.750000000,87.844597024,68.791383610,40.830436260,79.996118556,10.651888452,74.840598992
32.317708333,31.875000000,87.808516932,68.673793392,40.958869080,79.960733208,10.676156482,74.839899509
32.444444444,32.000000000,87.772367753,68.555908256,41.086952549,79.925279021,10.700376484,74.839145120
32.571180556,32.125000000,87.736149738,68.437729439,41.214685984,79.889756236,10.724548445,74.838336115
32.697916667,32.250000000,87.699863135,68.319258177,41.342068709,79.854165094,10.748672350,74.837472785
32.824652778,32.375000000,87.663508197,68.200495708,41.469100052,79.818505836,10.772748185,74.836555419
32.951388889,32.500000000,87.627085173,68.081443273,41.595779347,79.782778704,10.796775934,74.835584311
33.078125000,32.625000000,87.590594314,67.962102087,41.722105960,79.746983929,10.820755306,74.835009607
33.204861111,32.750000000,87.554035873,67.842473289,41.848079343,79.711121725,10.844685214,74.834662442
33.331597222,32.875000000,87.517410105,67.722558117,41.973698856,79.675192335,10.868565533,74.834263395
33.458333333,33.000000000,87.480717266,67.602357817,42.098963855,79.639196004,10.892396244,74.833812768
33.585069444,33.125000000,87.443957611,67.481873638,42.223873698,79.603132977,10.916177327,74.833310865
33.711805556,33.250000000,87.407131396,67.361106829,42.348427749,79.567003501,10.939908764,74.832757988
33.838541667,33.375000000,87.370238876,67.240058642,42.472625377,79.530807820,10.963590533,74.832154443
33.965277778,33.500000000,87.333280306,67.118730327,42.596465956,79.494546181,10.987222615,74.831500535
34.092013889,33.625000000,87.296255941,66.997123203,42.719948796,79.458218849,11.010805673,74.829845778
34.218750000,33.750000000,87.259166031,66.875238700,42.843073097,79.421826116,11.034341504,74.827780970
34.345486111,33.875000000,87.222010822,66.753078076,42.965838236,79.385368224,11.057830186,74.825664952
34.472222222,34.000000000,87.184790560,66.630642582,43.088243601,79.348845408,11.081271701,74.823498018
34.598958333,34.125000000,87.147505491,66.507933470,43.210288587,79.312257907,11.104666029,74.821280457
34.725694444,34.250000000,87.110155863,66.384951992,43.331972594,79.275605957,11.128013149,74.819012564
34.852430556,34.375000000,87.072741922,66.261699401,43.453295025,79.238889796,11.151313041,74.816694631
34.979166667,34.500000000,87.035263914,66.138176952,43.574255290,79.202109660,11.174565683,74.814326953
35.105902778,34.625000000,86.997722085,66.014385857,43.694852846,79.165265776,11.197770613,74.812441296
35.232638889,34.750000000,86.960116686,65.890327294,43.815087190,79.128358358,11.220927007,74.810611814
35.359375000,34.875000000,86.922447967,65.766002521,43.934957749,79.091387647,11.244034822,74.808734326
35.486111111,35.000000000,86.884716180,65.641412798,44.054463953,79.054353886,11.267094035,74.806809136
35.612847222,35.125000000,86.846921574,65.516559387,44.173605236,79.017257314,11.290104620,74.804836550
35.739583333,35.250000000,86.809064400,65.391443549,44.292381039,78.980098174,11.313066551,74.802816871
35.866319444,35.375000000,86.771144909,65.266066549,44.410790805,78.942876707,11.335979803,74.800750406
35.993055556,35.500000000,86.733163353,65.140429649,44.528833984,78.905593153,11.358844350,74.798637460
36.119791667,35.625000000,86.695119979,65.014534253,44.646509898,78.868247794,11.381661533,74.795011254
36.246527778,35.750000000,86.657015032,64.888381793,44.763817841,78.830840915,11.404433022,74.791252131
36.373263889,35.875000000,86.618848749,64.761973531,44.880757272,78.793372748,11.427158796,74.787445374
36.500000000,36.000000000,86.580621373,64.635310727,44.997327655,78.755843523,11.449838832,74.783591271
36.626736111,36.125000000,86.542333143,64.508394644,45.113528460,78.718253471,11.472473104,74.779690114
36.753472222,36.250000000,86.503984299,64.381226542,45.229359159,78.680602825,11.495061588,74.775742191
36.880208333,36.375000000,86.465575082,64.253807686,45.344819231,78.642891816,11.517604257,74.771747796
37.006944444,36.500000000,86.427105732,64.126139338,45.459908160,78.605120675,11.540101088,74.767656254
37.133680556,36.625000000,86.388576487,63.998222869,45.574625337,78.567289664,11.562553069,74.762639061
37.260416667,36.750000000,86.349987583,63.870059626,45.688970178,78.529399033,11.584960992,74.757575084
37.387152778,36.875000000,86.311339253,63.741650869,45.802942176,78.491449009,11.607324834,74.752464604
37.513888889,37.000000000,86.272631732,63.612997863,45.916540832,78.453439817,11.629644569,74.747307904
37.640625000,37.125000000,86.233865253,63.484101871,46.029765649,78.415371682,11.651920171,74.742105266
37.767361111,37.250000000,86.195040050,63.354964157,46.142616137,78.377244831,11.674151614,74.736856975
37.894097222,37.375000000,86.156156357,63.225585985,46.255091809,78.339059487,11.696338872,74.731563313
38.020833333,37.500000000,86.117214409,63.095968623,46.367192181,78.300815878,11.718481939,74.726082260
38.147569444,37.625000000,86.078214437,62.966113451,46.478916677,78.262514262,11.740581877,74.719832388
38.274305556,37.750000000,86.039156670,62.836021796,46.590264768,78.224154878,11.762639253,74.713536924
38.401041667,37.875000000,86.000041336,62.705694921,46.701235984,78.185737944,11.784654042,74.707196141
38.527777778,38.000000000,85.960868664,62.575134089,46.811829860,78.147263683,11.806626217,74.700810317
38.654513889,38.125000000,85.921638881,62.444340567,46.922045935,78.108732313,11.828555752,74.694379728
38.781250000,38.250000000,85.882352216,62.313315619,47.031883753,78.070144055,11.850442620,74.687904649
38.907986111,38.375000000,85.843008896,62.182060510,47.141342862,78.031499128,11.872286792,74.681385360
39.034722222,38.500000000,85.803609150,62.050576516,47.250422810,77.992797755,11.894088317,74.674540156
39.161458333,38.625000000,85.764153204,61.918865052,47.359123027,77.954040198,11.915848580,74.666903257
39.288194444,38.750000000,85.724641279,61.786927441,47.467443025,77.915226689,11.937568090,74.659221736
39.414930556,38.875000000,85.685073596,61.654764946,47.575382370,77.876357440,11.959246819,74.651495859
39.541666667,39.000000000,85.645450376,61.522378831,47.682940629,77.837432666,11.980884740,74.643725893
39.668402778,39.125000000,85.605771841,61.389770361,47.790117376,77.798452580,12.002481826,74.635912106
39.795138889,39.250000000,85.566038212,61.256940800,47.896912190,77.759417394,12.024038050,74.628054768
39.921875000,39.375000000,85.526249711,61.123891413,48.003324653,77.720327323,12.045553384,74.620154145
40.048611111,39.500000000,85.486406557,60.990623486,48.109354338,77.681182586,12.067027968,74.611758920
40.175347222,39.625000000,85.446508969,60.857138468,48.215000687,77.641983448,12.088463478,74.602594239
40.302083333,39.750000000,85.406557162,60.723437669,48.320263255,77.602730128,12.109860326,74.593385708
40.428819444,39.875000000,85.366551347,60.589522352,48.425141640,77.563422834,12.131218486,74.584133582
40.555555556,40.000000000,85.326491739,60.455393779,48.529635445,77.524061771,12.152537932,74.574838120
40.682291667,40.125000000,85.286378550,60.321053215,48.633744275,77.484647145,12.173818635,74.565499578
40.809027778,40.250000000,85.246211995,60.186501922,48.737467742,77.445179162,12.195060569,74.556118214
40.935763889,40.375000000,85.205992286,60.051741163,48.840805463,77.405658029,12.216263706,74.546694286
41.062500000,40.500000000,85.165719637,59.916772220,48.943757044,77.366083957,12.237428172,74.536908552
41.189236111,40.625000000,85.125394258,59.781596462,49.046322028,77.326457180,12.258554893,74.526751852
41.315972222,40.750000000,85.085016360,59.646215168,49.148500029,77.286777906,12.279644003,74.516552630
41.442708333,40.875000000,85.044586150,59.510629602,49.250290680,77.247046336,12.300695476,74.506311136
41.569444444,41.000000000,85.004103839,59.374841025,49.351693617,77.207262674,12.321709283,74.496027625
41.696180556,41.125000000,84.963569634,59.238850701,49.452708481,77.167427121,12.342685397,74.485702348
41.822916667,41.250000000,84.922983745,59.102659892,49.553334916,77.127539878,12.363623790,74.475335560
41.949652778,41.375000000,84.882346382,58.966269862,49.653572575,77.087601148,12.384524431,74.464927513
42.076388889,41.500000000,84.841657752,58.829681865,49.753421116,77.047611131,12.405387218,74.454605004
42.203125000,41.625000000,84.800918066,58.692897130,49.852880224,77.007570019,12.426211815,74.444325338
42.329861111,41.750000000,84.760127535,58.555916919,49.951949567,76.967478014,12.446998162,74.434005416
42.456597222,41.875000000,84.719286368,58.418742496,50.050628813,76.927335319,12.467746225,74.423645495
42.583333333,42.000000000,84.678394777,58.281375125,50.148917634,76.887142139,12.488455975,74.413245833
42.710069444,42.125000000,84.637452971,58.143816069,50.246815708,76.846898675,12.509127379,74.402806688
42.836805556,42.250000000,84.596461160,58.006066595,50.344322718,76.806605131,12.529760405,74.392328320
42.963541667,42.375000000,84.555419556,57.868127966,50.441438350,76.766261711,12.550355022,74.381810987
43.090277778,42.500000000,84.514328369,57.730001521,50.538162242,76.725868639,12.570911855,74.370309382
43.217013889,42.625000000,84.473187802,57.591688732,50.634493939,76.685426174,12.591432704,74.358386199
43.343750000,42.750000000,84.431998058,57.453190871,50.730433130,76.644934515,12.611917647,74.346423335
43.470486111,42.875000000,84.390759337,57.314509198,50.825979514,76.604393856,12.632366655,74.334421035
43.597222222,43.000000000,84.349471843,57.175644972,50.921132796,76.563804394,12.652779696,74.322379545
43.723958333,43.125000000,84.308135776,57.036599455,51.015892685,76.523166321,12.673156741,74.310299110
43.850694444,43.250000000,84.266751338,56.897373905,51.110258896,76.482479835,12.693497758,74.298179976
43.977430556,43.375000000,84.225318730,56.757969583,51.204231145,76.441745129,12.713802715,74.286022390
44.104166667,43.500000000,84.183838156,56.618387678,51.297809203,76.400962378,12.734070973,74.274584869
44.230902778,43.625000000,84.142309820,56.478629317,51.390992889,76.360131742,12.754301330,74.263274624
44.357638889,43.750000000,84.100733931,56.338695759,51.483781940,76.319253421,12.774493724,74.251927713
44.484375000,43.875000000,84.059110697,56.198588267,51.576176094,76.278327615,12.794648119,74.240544395
44.611111111,44.000000000,84.017440324,56.058308103,51.668175093,76.237354524,12.814764479,74.229124929
44.737847222,44.125000000,83.975723021,55.917856529,51.759778685,76.196334350,12.834842767,74.217669574
44.864583333,44.250000000,83.933958996,55.777234807,51.850986622,76.155267293,12.854882949,74.206178590
44.991319444,44.375000000,83.892148456,55.636444199,51.941798660,76.114153553,12.874884985,74.194652237
45.118055556,44.500000000,83.850291607,55.495486077,52.032214486,76.072993363,12.894849793,74.182044051
45.244791667,44.625000000,83.808388653,55.354361845,52.122233769,76.031786960,12.914778574,74.169322822
45.371527778,44.750000000,83.766439792,55.213072760,52.211856274,75.990534537,12.934671298,74.156565720
45.498263889,44.875000000,83.724445226,55.071620081,52.301081773,75.949236290,12.954527932,74.143772994
45.625000000,45.000000000,83.682405155,54.930005064,52.389910038,75.907892410,12.974348439,74.130944892
45.751736111,45.125000000,83.640319778,54.788228966,52.478340849,75.866503093,12.994132783,74.118081663
45.878472222,45.250000000,83.598189297,54.646293042,52.566373989,75.825068530,13.013880930,74.105183558
46.005208333,45.375000000,83.556013912,54.504198549,52.654009246,75.783588917,13.033592840,74.092305143
46.131944444,45.500000000,83.513793825,54.361946577,52.741246513,75.742064399,13.053267083,74.080660562
46.258680556,45.625000000,83.471529242,54.219538244,52.828085677,75.700495135,13.072902433,74.068983385
46.385416667,45.750000000,83.429220375,54.076974810,52.914526543,75.658881329,13.092498848,74.057273879
46.512152778,45.875000000,83.386867430,53.934257533,53.000568920,75.617223180,13.112056286,74.045532312
46.638888889,46.000000000,83.344470618,53.791387670,53.086212621,75.575520891,13.131574705,74.033758952
46.765625000,46.125000000,83.302030147,53.648366481,53.171457464,75.533774664,13.151054063,74.021954065
46.892361111,46.250000000,83.259546227,53.505195222,53.256303271,75.491984699,13.170494316,74.010117923
47.019097222,46.375000000,83.217019066,53.361875154,53.340749865,75.450151200,13.189895452,73.998043813
47.145833333,46.500000000,83.174448871,53.218407735,53.424796958,75.408274425,13.209259112,73.984771451
47.272569444,46.625000000,83.131835843,53.074794332,53.508444312,75.366354603,13.228586221,73.971467023
47.399305556,46.750000000,83.089180181,52.931036199,53.591691761,75.324391925,13.247876740,73.958130784
47.526041667,46.875000000,83.046482087,52.787134584,53.674539146,75.282386586,13.267130627,73.944762987
47.652777778,47.000000000,83.003741760,52.643090738,53.756986310,75.240338779,13.286347842,73.931363886
47.779513889,47.125000000,82.960959400,52.498905912,53.839033100,75.198248697,13.305528345,73.917933737
47.906250000,47.250000000,82.918135207,52.354581354,53.920679368,75.156116533,13.324672092,73.904472793
48.032986111,47.375000000,82.875269381,52.210118301,54.001924978,75.113942476,13.343778949,73.891355358
48.159722222,47.500000000,82.832362126,52.065517766,54.082769923,75.071726654,13.362846929,73.879271801
48.286458333,47.625000000,82.789413649,51.920780908,54.163214125,75.029469240,13.381875221,73.867159940
48.413194444,47.750000000,82.746424161,51.775908978,54.243257459,74.987170438,13.400863775,73.855020050
48.539930556,47.875000000,82.703393871,51.630903226,54.322899801,74.944830447,13.419812546,73.842852405
48.666666667,48.000000000,82.660322987,51.485764902,54.402141035,74.902449471,13.438721484,73.830657280
48.793402778,48.125000000,82.617211720,51.340495255,54.480981046,74.860027710,13.457590540,73.818434953
48.920138889,48.250000000,82.574060279,51.195095534,54.559419725,74.817565367,13.476419667,73.806185698
49.046875000,48.375000000,82.530868872,51.049567011,54.637456955,74.775062651,13.495209019,73.793338089
49.173611111,48.500000000,82.487637706,50.903911204,54.715092485,74.732519839,13.513960758,73.779488814
49.300347222,48.625000000,82.444366981,50.758129427,54.792326177,74.689937146,13.532675435,73.765611559
49.427083333,48.750000000,82.401056895,50.612222923,54.869157932,74.647314763,13.551353004,73.751706585
49.553819444,48.875000000,82.357707647,50.466192930,54.945587657,74.604652883,13.569993420,73.737774150
49.680555556,49.000000000,82.314319438,50.320040689,55.021615264,74.561951699,13.588596637,73.723814513
49.807291667,49.125000000,82.270892467,50.173767438,55.097240667,74.519211403,13.607162607,73.709827934
49.934027778,49.250000000,82.227426933,50.027374416,55.172463786,74.476432186,13.625691283,73.695814673
50.060763889,49.375000000,82.183923035,49.880862808,55.247284571,74.433614227,13.644182201,73.682671277
50.187500000,49.500000000,82.140380979,49.734233513,55.321703127,74.390757624,13.662632581,73.670476543
50.314236111,49.625000000,82.096800976,49.587487711,55.395719421,74.347862563,13.681041877,73.658258245
50.440972222,49.750000000,82.053183237,49.440626642,55.469333397,74.304929246,13.699410034,73.646016669
50.567708333,49.875000000,82.009527974,49.293651546,55.542545001,74.261957878,13.717736997,73.633752100
50.694444444,50.000000000,81.965835398,49.146563660,55.615354183,74.218948662,13.736022711,73.621464828
50.821180556,50.125000000,81.922105720,48.999364222,55.687760898,74.175901801,13.754267120,73.609155138
50.947916667,50.250000000,81.878339153,48.852054468,55.759765106,74.132817500,13.772470168,73.596823319
51.074652778,50.375000000,81.834535907,48.704635683,55.831366746,74.089695975,13.790632192,73.583781937
51.201388889,50.500000000,81.790696189,48.557109311,55.902565679,74.046537489,13.808754824,73.570238007
51.328125000,50.625000000,81.746820203,48.409476606,55.973361861,74.003342244,13.826838200,73.556671307
51.454861111,50.750000000,81.702908154,48.261738798,56.043755265,73.960110438,13.844882268,73.543082110
51.581597222,50.875000000,81.658960245,48.113897114,56.113745865,73.916842266,13.862886972,73.529470691
51.708333333,51.000000000,81.614976680,47.965952783,56.183333643,73.873537925,13.880852259,73.515837327
51.835069444,51.125000000,81.570957663,47.817907029,56.252518581,73.830197612,13.898778074,73.502182292
51.961805556,51.250000000,81.526903398,47.669761079,56.321300669,73.786821522,13.916664360,73.488505864
52.088541667,51.375000000,81.482814089,47.521516107,56.389679920,73.743409839,13.934510674,73.475381082
52.215277778,51.500000000,81.438689943,47.373173195,56.457656400,73.699962719,13.952315826,73.462483437
52.342013889,51.625000000,81.394531170,47.224733557,56.525230116,73.656480361,13.970079684,73.449566302
52.468750000,51.750000000,81.350337979,47.076198416,56.592401074,73.612962966,13.987802189,73.436629969
52.595486111,51.875000000,81.306110579,46.927568995,56.659169287,73.569410736,14.005483280,73.423674725
52.722222222,52.000000000,81.261849179,46.778846515,56.725534769,73.525823872,14.023122898,73.410700863
52.848958333,52.125000000,81.217553988,46.630032194,56.791497539,73.482202575,14.040720981,73.397708672
52.975694444,52.250000000,81.173225215,46.481127252,56.857057622,73.438547045,14.058277468,73.384698446
53.102430556,52.375000000,81.128863070,46.332132862,56.922215065,73.394857473,14.075791948,73.372116242
53.229166667,52.500000000,81.084467765,46.183050151,56.986969939,73.351134034,14.093263656,73.359623040
53.355902778,52.625000000,81.040039513,46.033880332,57.051322283,73.307376932,14.110692509,73.347113436
53.482638889,52.750000000,80.995578525,45.884624622,57.115272138,73.263586372,14.128078442,73.334587733
53.609375000,52.875000000,80.951085015,45.735284233,57.178819551,73.219762559,14.145421389,73.322046232
53.736111111,53.000000000,80.906559195,45.585860379,57.241964571,73.175905696,14.162721285,73.309489235
53.862847222,53.125000000,80.862001278,45.436354270,57.304707251,73.132015988,14.179978064,73.296917047
53.989583333,53.250000000,80.817411477,45.286767118,57.367047648,73.088093639,14.197191661,73.284329972
54.116319444,53.375000000,80.772790004,45.137100172,57.428985807,73.044138867,14.214362340,73.271354951
54.243055556,53.500000000,80.728137070,44.987354699,57.490521768,73.000151890,14.231490489,73.258331674
54.369791667,53.625000000,80.683452884,44.837531904,57.551655598,72.956132911,14.248576046,73.245293853
54.496527778,53.750000000,80.638737657,44.687632990,57.612387370,72.912082131,14.265618943,73.232241789
54.623263889,53.875000000,80.593991600,44.537659160,57.672717159,72.867999753,14.282619114,73.219175781
54.750000000,54.000000000,80.549214921,44.387611614,57.732645047,72.823885978,14.299576491,73.206096133
54.876736111,54.125000000,80.504407832,44.237491552,57.792171116,72.779741008,14.316491006,73.193003146
55.003472222,54.250000000,80.459570541,44.087300173,57.851295455,72.735565044,14.333362591,73.179889234
55.130208333,54.375000000,80.414703260,43.937038711,57.910018140,72.691358301,14.350191473,73.166482311
55.256944444,54.500000000,80.369806197,43.786708395,57.968339253,72.647120987,14.366977846,73.153062556
55.383680556,54.625000000,80.324879559,43.636310418,58.026258892,72.602853304,14.383721642,73.139630269
55.510416667,54.750000000,80.279923556,43.485845973,58.083777160,72.558555451,14.400422793,73.126185752
55.637152778,54.875000000,80.234938395,43.335316249,58.140894164,72.514227629,14.417081229,73.112729305
55.763888889,55.000000000,80.189924284,43.184722435,58.197610013,72.469870036,14.433696880,73.099261232
55.890625000,55.125000000,80.144881433,43.034065720,58.253924822,72.425482874,14.450269677,73.085781835
56.017361111,55.250000000,80.099810049,42.883347287,58.309838709,72.381066342,14.466799545,73.072322950
56.144097222,55.375000000,80.054710341,42.732568285,58.365351810,72.336620630,14.483286137,73.059052186
56.270833333,55.500000000,80.009582518,42.581729877,58.420464259,72.292145933,14.499729215,73.045771339
56.397569444,55.625000000,79.964426791,42.430833243,58.475176186,72.247642451,14.516128706,73.032480717
56.524305556,55.750000000,79.919243368,42.279879565,58.529487726,72.203110387,14.532484539,73.019180631
56.651041667,55.875000000,79.874032460,42.128870021,58.583399017,72.158549941,14.548796638,73.005871389
56.777777778,56.000000000,79.828794277,41.977805787,58.636910201,72.113961315,14.565064931,72.992553302
56.904513889,56.125000000,79.783529028,41.826688041,58.690021422,72.069344710,14.581289344,72.979226681
57.031250000,56.250000000,79.738236922,41.675517965,58.742732828,72.024700331,14.597469875,72.965580627
57.157986111,56.375000000,79.692918168,41.524296951,58.795044493,71.980028440,14.613608126,72.950974624
57.284722222,56.500000000,79.647572967,41.373026260,58.846956538,71.935329260,14.629704718,72.936359218
57.411458333,56.625000000,79.602201521,41.221707057,58.898469121,71.890602984,14.645759580,72.921734704
57.538194444,56.750000000,79.556804033,41.070340507,58.949582400,71.845849807,14.661772640,72.907101378
57.664930556,56.875000000,79.511380703,40.918927772,59.000296540,71.801069921,14.677743826,72.892459537
57.791666667,57.000000000,79.465931734,40.767470015,59.050611708,71.756263521,14.693673065,72.877809477
57.918402778,57.125000000,79.420457327,40.615968394,59.100528075,71.711430800,14.709560284,72.863151496
58.045138889,57.250000000,79.374957685,40.464424068,59.150045817,71.666571951,14.725405410,72.848486027
58.171875000,57.375000000,79.329433009,40.312838194,59.199165111,71.621687170,14.741208369,72.833813479
58.298611111,57.500000000,79.283883500,40.161211925,59.247886141,71.576776649,14.756969086,72.819133907
58.425347222,57.625000000,79.238309362,40.009546415,59.296209091,71.531840581,14.772687487,72.804447610
58.552083333,57.750000000,79.192710795,39.857842815,59.344134153,71.486879161,14.788363497,72.789754888
58.678819444,57.875000000,79.147088002,39.706102275,59.391661519,71.441892582,14.803997039,72.775056043
58.805555556,58.000000000,79.101441183,39.554325942,59.438791385,71.396881038,14.819588040,72.760351376
58.932291667,58.125000000,79.055770542,39.402514963,59.485523953,71.351844723,14.835136421,72.745641190
59.059027778,58.250000000,79.010076280,39.250670480,59.531859427,71.306783828,14.850642092,72.730961130
59.185763889,58.375000000,78.964358598,39.098793620,59.577798020,71.261698545,14.866104864,72.716316777
59.312500000,58.500000000,78.918617699,38.946885523,59.623339944,71.216589065,14.881524640,72.701667927
59.439236111,58.625000000,78.872853786,38.794947327,59.668485414,71.171455583,14.896901341,72.687014884
59.565972222,58.750000000,78.827067061,38.642980170,59.713234650,71.126298292,14.912234889,72.672357956
59.692708333,58.875000000,78.781257726,38.490985187,59.757587873,71.081117387,14.927525204,72.657697450
59.819444444,59.000000000,78.735425983,38.338963512,59.801545310,71.035913062,14.942772208,72.643033672
59.946180556,59.125000000,78.689572034,38.186916276,59.845107190,70.990685510,14.957975821,72.628366933
60.072916667,59.250000000,78.643696083,38.034844662,59.888273731,70.945434941,14.973136343,72.613012399
60.199652778,59.375000000,78.597798326,37.882750025,59.931045103,70.900161612,14.988255405,72.597148462
60.326388889,59.500000000,78.551878959,37.730633517,59.973421534,70.854865720,15.003333139,72.581280753
60.453125000,59.625000000,78.505938176,37.578496260,60.015403263,70.809547450,15.018369467,72.565409564
60.579861111,59.750000000,78.459976173,37.426339374,60.056990533,70.764206990,15.033364313,72.549535190
60.706597222,59.875000000,78.413993145,37.274163977,60.098183591,70.718844526,15.048317597,72.533657924
60.833333333,60.000000000,78.367989286,37.121971186,60.138982685,70.673460247,15.063229243,72.517778062
60.960069444,60.125000000,78.321964792,36.969762116,60.179388071,70.628054337,15.078099171,72.501895899
61.086805556,60.250000000,78.275919857,36.817537814,60.219400020,70.582626966,15.092926830,72.486726983
61.213541667,60.375000000,78.229854681,36.665299200,60.259018847,70.537178267,15.107710697,72.471886672
61.340277778,60.500000000,78.183769465,36.513047369,60.298244823,70.491708427,15.122450589,72.457046507
61.467013889,60.625000000,78.137664410,36.360783431,60.337078219,70.446217640,15.137146422,72.442206800
61.593750000,60.750000000,78.091539718,36.208508494,60.375519309,70.400706099,15.151798110,72.427367866
61.720486111,60.875000000,78.045395590,36.056223661,60.413568371,70.355173996,15.166405570,72.412530020
61.847222222,61.000000000,77.999232228,35.903930036,60.451225685,70.309621524,15.180968715,72.397693579
61.973958333,61.125000000,77.953049832,35.751628719,60.488491536,70.264048876,15.195487461,72.382858860
62.100694444,61.250000000,77.906848603,35.599320910,60.525366188,70.218456274,15.209962456,72.367065074
62.227430556,61.375000000,77.860628738,35.447007913,60.561849877,70.172843968,15.224395163,72.351023451
62.354166667,61.500000000,77.814390431,35.294690827,60.597942893,70.127212146,15.238785548,72.334982666
62.480902778,61.625000000,77.768133875,35.142370742,60.633645528,70.081560995,15.253133528,72.318943021
62.607638889,61.750000000,77.721859264,34.990048747,60.668958081,70.035890698,15.267439021,72.302904816
62.734375000,61.875000000,77.675566792,34.837725929,60.703880850,69.990201444,15.281701942,72.286868353
62.861111111,62.000000000,77.629256654,34.685403371,60.738414139,69.944493416,15.295922208,72.270833936
62.987847222,62.125000000,77.582929042,34.533082157,60.772558256,69.898766801,15.310099734,72.254801868
63.114583333,62.250000000,77.536584152,34.380763338,60.806313517,69.853021776,15.324234237,72.238999557
63.241319444,62.375000000,77.490222179,34.228447956,60.839680243,69.807258517,15.338325348,72.223224651
63.368055556,62.500000000,77.443843317,34.076137086,60.872658754,69.761477210,15.352372979,72.207453391
63.494791667,62.625000000,77.397447762,33.923831803,60.905249369,69.715678042,15.366377041,72.191686086
63.621527778,62.750000000,77.351035710,33.771533180,60.937452413,69.669861202,15.380337448,72.175923049
63.748263889,62.875000000,77.304607356,33.619242285,60.969268213,69.624026874,15.394254112,72.160164589
63.875000000,63.000000000,77.258162896,33.466960188,61.000697099,69.578175247,15.408126944,72.144411018
64.001736111,63.125000000,77.211702525,33.314687954,61.031739406,69.532306508,15.421955856,72.128632726
64.128472222,63.250000000,77.165226436,33.162426942,61.062395408,69.486420930,15.435742919,72.110703732
64.255208333,63.375000000,77.118734814,33.010178489,61.092665384,69.440518774,15.449490096,72.092777307
64.381944444,63.500000000,77.072227840,32.857943652,61.122549668,69.394600214,15.463197306,72.074853733
64.508680556,63.625000000,77.025705698,32.705723483,61.152048598,69.348665426,15.476864465,72.056933292
64.635416667,63.750000000,76.979168568,32.553519034,61.181162517,69.302714582,15.490491493,72.039016265
64.762152778,63.875000000,76.932616634,32.401331354,61.209891769,69.256747859,15.504078306,72.021102936
64.888888889,64.000000000,76.886050076,32.249161491,61.238236702,69.210765429,15.517624822,72.003193588
65.015625000,64.125000000,76.839469079,32.097010489,61.266197667,69.164767468,15.531130964,71.985235768
65.142361111,64.250000000,76.792873822,31.944879460,61.293775005,69.118754170,15.544597148,71.966907129
65.269097222,64.375000000,76.746264487,31.792769488,61.320969063,69.072725721,15.558023608,71.948582703
65.395833333,64.500000000,76.699641252,31.640681611,61.347780201,69.026682293,15.571410262,71.930262772
65.522569444,64.625000000,76.653004297,31.488616863,61.374208780,68.980624057,15.584757027,71.911947614
65.649305556,64.750000000,76.606353801,31.336576278,61.400255164,68.934551185,15.598063818,71.893637510
65.776041667,64.875000000,76.559689945,31.184560887,61.425919722,68.888463848,15.611330553,71.875332742
65.902777778,65.000000000,76.513012908,31.032571720,61.451202824,68.842362220,15.624557146,71.857033591
66.029513889,65.125000000,76.466322868,30.880609816,61.476104842,68.796246475,15.637743603,71.838339654
66.156250000,65.250000000,76.419620004,30.728676507,61.500626100,68.750116877,15.650892086,71.818330489
66.282986111,65.375000000,76.372904484,30.576772947,61.524766950,68.703973627,15.664003490,71.798325338
66.409722222,65.500000000,76.326176478,30.424900155,61.548527770,68.657816890,15.677077736,71.778324460
66.536458333,65.625000000,76.279436155,30.273059145,61.571908937,68.611646825,15.690114744,71.758328115
66.663194444,65.750000000,76.232683685,30.121250930,61.594910834,68.565463597,15.703114436,71.738336560
66.789930556,65.875000000,76.185919235,29.969476521,61.617533847,68.519267366,15.716076730,71.718350058
66.916666667,66.000000000,76.139142977,29.817736927,61.639778364,68.473058294,15.729001547,71.698368868
67.043402778,66.125000000,76.092355078,29.666033163,61.661644773,68.426836547,15.741888876,71.678180068
67.170138889,66.250000000,76.045555706,29.514366355,61.683133452,68.380602321,15.754739506,71.657587212
67.296875000,66.375000000,75.998745027,29.362737538,61.704244788,68.334355786,15.767553615,71.636999589
67.423611111,66.500000000,75.951923207,29.211147712,61.724979181,68.288097100,15.780331125,71.616417452
67.550347222,66.625000000,75.905090411,29.059597873,61.745337029,68.241826422,15.793071957,71.595841054
67.677083333,66.750000000,75.858246804,28.908089015,61.765318736,68.195543909,15.805776030,71.575270651
67.803819444,66.875000000,75.811392552,28.756622131,61.784924708,68.149249721,15.818443264,71.554706498
67.930555556,67.000000000,75.764527821,28.605198212,61.804155353,68.102944016,15.831073579,71.534148851
68.057291667,67.125000000,75.717652774,28.453818276,61.823011079,68.056626961,15.843667125,71.513064294
68.184027778,67.250000000,75.670767576,28.302483543,61.841492268,68.010298784,15.856225522,71.491338715
68.310763889,67.375000000,75.623872384,28.151195043,61.859599329,67.963959651,15.868749033,71.469618793
68.437500000,67.500000000,75.576967356,27.999953755,61.877332675,67.917609714,15.881237581,71.447904768
68.564236111,67.625000000,75.530052651,27.848760655,61.894692726,67.871249124,15.893691088,71.426196882
68.690972222,67.750000000,75.483128428,27.697616718,61.911679901,67.824878032,15.906109477,71.404495377
68.817708333,67.875000000,75.436194845,27.546522917,61.928294626,67.778496591,15.918492670,71.382800494
68.944444444,68.000000000,75.389252059,27.395480223,61.944537326,67.732104952,15.930840587,71.361112476
69.071180556,68.125000000,75.342300230,27.244489628,61.960408428,67.685703274,15.943153337,71.339088692
69.197916667,68.250000000,75.295339513,27.093552221,61.975908350,67.639291745,15.955431717,71.316804012
69.324652778,68.375000000,75.248370064,26.942668978,61.991037521,67.592870516,15.967675763,71.294526103
69.451388889,68.500000000,75.201392037,26.791840862,62.005796377,67.546439737,15.979885397,71.272255201
69.578125000,68.625000000,75.154405587,26.641068829,62.020185356,67.499999555,15.992060544,71.249991541
69.704861111,68.750000000,75.107410869,26.490353835,62.034204898,67.453550119,16.004201124,71.227735361
69.831597222,68.875000000,75.060408036,26.339696835,62.047855446,67.407091576,16.016307059,71.205486897
69.958333333,69.000000000,75.013397245,26.189098779,62.061137444,67.360624074,16.028378270,71.183246387
70.085069444,69.125000000,74.966378650,26.038560646,62.074051339,67.314147771,16.040414896,71.160680278
70.211805556,69.250000000,74.919352403,25.888083479,62.086597572,67.267662843,16.052417547,71.137958553
70.338541667,69.375000000,74.872318656,25.737668227,62.098776594,67.221169436,16.064386198,71.115244826
70.465277778,69.500000000,74.825277561,25.587315834,62.110588859,67.174667696,16.076320770,71.092539329
70.592013889,69.625000000,74.778229269,25.437027238,62.122034823,67.128157768,16.088221187,71.069842296
70.718750000,69.750000000,74.731173934,25.286803375,62.133114946,67.081639797,16.100087369,71.047153958
70.845486111,69.875000000,74.684111705,25.136645180,62.143829690,67.035113928,16.111919239,71.024474551
70.972222222,70.000000000,74.637042735,24.986553585,62.154179518,66.988580307,16.123716716,71.001804307
71.098958333,70.125000000,74.589967177,24.836529491,62.164164900,66.942039070,16.135479511,70.979422601
71.225694444,70.250000000,74.542885182,24.686573760,62.173786310,66.895490342,16.147207083,70.957129319
71.352430556,70.375000000,74.495796906,24.536687318,62.183044222,66.848934271,16.158899332,70.934846397
71.479166667,70.500000000,74.448702501,24.386871085,62.191939111,66.802371003,16.170556178,70.912574077
71.605902778,70.625000000,74.401602123,24.237125984,62.200471455,66.755800686,16.182177538,70.890312600
71.732638889,70.750000000,74.354495923,24.087452933,62.208641736,66.709223466,16.193763329,70.868062208
71.859375000,70.875000000,74.307384058,23.937852847,62.216450437,66.662639491,16.205313469,70.845823143
71.986111111,71.000000000,74.260266680,23.788326640,62.223898042,66.616048907,16.216827875,70.823595648
72.112847222,71.125000000,74.213143942,23.638875354,62.230985034,66.569451900,16.228307394,70.800295982
72.239583333,71.250000000,74.166015993,23.489500090,62.237711890,66.522848674,16.239753346,70.776873383
72.366319444,71.375000000,74.118882979,23.340201756,62.244079098,66.476239370,16.251165667,70.753461399
72.493055556,71.500000000,74.071745048,23.190981255,62.250087149,66.429624127,16.262544278,70.730060258
72.619791667,71.625000000,74.024602345,23.041839485,62.255736536,66.383003085,16.273889100,70.706670188
72.746527778,71.750000000,73.977455018,22.892777347,62.261027756,66.336376385,16.285200052,70.683291417
72.873263889,71.875000000,73.930303213,22.743795733,62.265961306,66.289744167,16.296477053,70.659924172
73.000000000,72.000000000,73.883147077,22.594895539,62.270537686,66.243106570,16.307720025,70.636568684
73.126736111,72.125000000,73.835986757,22.446077520,62.274757404,66.196463695,16.318927928,70.614218733
73.253472222,72.250000000,73.788822406,22.297342432,62.278620971,66.149815643,16.330099719,70.591882384
73.380208333,72.375000000,73.741654175,22.148691161,62.282128900,66.103162561,16.341235314,70.569559880
73.506944444,72.500000000,73.694482217,22.000124594,62.285281703,66.056504593,16.352334625,70.547251467
73.633680556,72.625000000,73.647306685,21.851643610,62.288079897,66.009841885,16.363397568,70.524957390
73.760416667,72.750000000,73.600127731,21.703249089,62.290523999,65.963174583,16.374424054,70.502677896
73.887152778,72.875000000,73.552945508,21.554941909,62.292614530,65.916502832,16.385413997,70.480413232
74.013888889,73.000000000,73.505760168,21.406722943,62.294352012,65.869826778,16.396367306,70.458204010
74.140625000,73.125000000,73.458571864,21.258593003,62.295736972,65.823146547,16.407283468,70.436338390
74.267361111,73.250000000,73.411380751,21.110552920,62.296769938,65.776462274,16.418162112,70.414488883
74.394097222,73.375000000,73.364186984,20.962603562,62.297451441,65.729774107,16.429003147,70.392655743
74.520833333,73.500000000,73.316990717,20.814745792,62.297782015,65.683082193,16.439806483,70.370839224
74.647569444,73.625000000,73.269792104,20.666980473,62.297762195,65.636386680,16.450572031,70.349039582
74.774305556,73.750000000,73.222591301,20.519308465,62.297392518,65.589687714,16.461299698,70.327257072
74.901041667,73.875000000,73.175388462,20.371730624,62.296673524,65.542985443,16.471989393,70.305491952
75.027777778,74.000000000,73.128183742,20.224247811,62.295605756,65.496280017,16.482641069,70.283540305
75.154513889,74.125000000,73.080977294,20.076861046,62.294189758,65.449571634,16.493255839,70.260878364
75.281250000,74.250000000,73.033769268,19.929571254,62.292426074,65.402860462,16.503834165,70.238233199
75.407986111,74.375000000,72.986559812,19.782379281,62.290315250,65.356146642,16.514375956,70.215605054
75.534722222,74.500000000,72.939349077,19.635285969,62.287857831,65.309430317,16.524881125,70.192994174
75.661458333,74.625000000,72.892137211,19.488292160,62.285054369,65.262711628,16.535349581,70.170400805
75.788194444,74.750000000,72.844924363,19.341398691,62.281905414,65.215990718,16.545781235,70.147825193
75.914930556,74.875000000,72.797710684,19.194606399,62.278411521,65.169267729,16.556175998,70.125267585
76.041666667,75.000000000,72.750496321,19.047916100,62.274573244,65.122542798,16.566533663,70.103090529
76.168402778,75.125000000,72.703281428,18.901328411,62.270391139,65.075816002,16.576852605,70.081672783
76.295138889,75.250000000,72.656066159,18.754844094,62.265865766,65.029087465,16.587132250,70.060275465
76.421875000,75.375000000,72.608850669,18.608463976,62.260997692,64.982357338,16.597372502,70.038898840
76.548611111,75.500000000,72.561635115,18.462188878,62.255787486,64.935625767,16.607573264,70.017543175
76.675347222,75.625000000,72.514419652,18.316019624,62.250235718,64.888892900,16.617734438,69.996208736
76.802083333,75.750000000,72.467204436,18.169957030,62.244342961,64.842158887,16.627855929,69.974895791
76.928819444,75.875000000,72.419989623,18.024001913,62.238109788,64.795423873,16.637937637,69.953604608
77.055555556,76.000000000,72.372775367,17.878155064,62.231536776,64.748688002,16.647979322,69.932674710
77.182291667,76.125000000,72.325561828,17.732417141,62.224624497,64.701951373,16.657979769,69.912202675
77.309027778,76.250000000,72.278349164,17.586788917,62.217373534,64.655214128,16.667938640,69.891754461
77.435763889,76.375000000,72.231137537,17.441271198,62.209784472,64.608476418,16.677855833,69.871330352
77.562500000,76.500000000,72.183927105,17.295864787,62.201857899,64.561738396,16.687731245,69.850930630
77.689236111,76.625000000,72.136718030,17.150570484,62.193594403,64.515000214,16.697564772,69.830555581
77.815972222,76.750000000,72.089510472,17.005389087,62.184994576,64.468262024,16.707356311,69.810205490
77.942708333,76.875000000,72.042304590,16.860321389,62.176059013,64.421523978,16.717105758,69.789880641
78.069444444,77.000000000,71.995100545,16.715368224,62.166788309,64.374786241,16.726813301,69.769028045
78.196180556,77.125000000,71.947898494,16.570530583,62.157183075,64.328049027,16.736480294,69.747743534
78.322916667,77.250000000,71.900698591,16.425809280,62.147243907,64.281312493,16.746106837,69.726483459
78.449652778,77.375000000,71.853500990,16.281205097,62.136971403,64.234576783,16.755692826,69.705248094
78.576388889,77.500000000,71.806305846,16.136718814,62.126366162,64.187842046,16.765238162,69.684037711
78.703125000,77.625000000,71.759113313,15.992351210,62.115428784,64.141108427,16.774742743,69.662852583
78.829861111,77.750000000,71.711923545,15.848103058,62.104159874,64.094376073,16.784206466,69.641692983
78.956597222,77.875000000,71.664736697,15.703975130,62.092560037,64.047645131,16.793629229,69.620559188
79.083333333,78.000000000,71.617552924,15.559968082,62.080629869,64.000915709,16.803010104,69.600750352
79.210069444,78.125000000,71.570372387,15.416082296,62.068369953,63.954187837,16.812346220,69.581647159
79.336805556,78.250000000,71.523195251,15.272318506,62.055780903,63.907461661,16.821637240,69.562573992
79.463541667,78.375000000,71.476021682,15.128677473,62.042863339,63.860737338,16.830883050,69.543531161
79.590277778,78.500000000,71.428851846,14.985159959,62.029617883,63.814015025,16.840083539,69.524518977
79.717013889,78.625000000,71.381685909,14.841766718,62.016045157,63.767294879,16.849238591,69.505537752
79.843750000,78.750000000,71.334524036,14.698498505,62.002145787,63.720577057,16.858348093,69.486587800
79.970486111,78.875000000,71.287366392,14.555356071,61.987920400,63.673861716,16.867411930,69.467669434
80.097222222,79.000000000,71.240213144,14.412340162,61.973369624,63.627149013,16.876429976,69.448798552
80.223958333,79.125000000,71.193064458,14.269451519,61.958494088,63.580439102,16.885402089,69.429964650
80.350694444,79.250000000,71.145920498,14.126690885,61.943294426,63.533732141,16.894328150,69.411163319
80.477430556,79.375000000,71.098781432,13.984058999,61.927771271,63.487028287,16.903208046,69.392394875
80.604166667,79.500000000,71.051647424,13.841556598,61.911925259,63.440327697,16.912041657,69.373659638
80.730902778,79.625000000,71.004518640,13.699184414,61.895757026,63.393630527,16.920828868,69.354957927
80.857638889,79.750000000,70.957395247,13.556943179,61.879267212,63.346936936,16.929569561,69.336290062
80.984375000,79.875000000,70.910277409,13.414833622,61.862456459,63.300247079,16.938263617,69.317656365
81.111111111,80.000000000,70.863165294,13.272856439,61.845325404,63.253561104,16.946910729,69.299282023
81.237847222,80.125000000,70.816059067,13.131012312,61.827874688,63.206879157,16.955510476,69.280974562
81.364583333,80.250000000,70.768958897,12.989301960,61.810104958,63.160201396,16.964062734,69.262702717
81.491319444,80.375000000,70.721864950,12.847726099,61.792016861,63.113527977,16.972567381,69.244466819
81.618055556,80.500000000,70.674777393,12.706285443,61.773611049,63.066859060,16.981024298,69.226267197
81.744791667,80.625000000,70.627696394,12.564980702,61.754888171,63.020194803,16.989433361,69.208104182
81.871527778,80.750000000,70.580622121,12.423812583,61.735848882,62.973535364,16.997794450,69.189978107
81.998263889,80.875000000,70.533554739,12.282781792,61.716493836,62.926880901,17.006107441,69.171889305
82.125000000,81.000000000,70.486494419,12.141888816,61.696823660,62.880231502,17.014370668,69.155462194
82.251736111,81.125000000,70.439441334,12.001134131,61.676838988,62.833587260,17.022582374,69.139098783
82.378472222,81.250000000,70.392395663,11.860518432,61.656540483,62.786948340,17.030742427,69.122776905
82.505208333,81.375000000,70.345357580,11.720042414,61.635928813,62.740314909,17.038850696,69.106496928
82.631944444,81.500000000,70.298327263,11.579706767,61.615004647,62.693687134,17.046907047,69.090259221
82.758680556,81.625000000,70.251304888,11.439512179,61.593768654,62.647065182,17.054911348,69.074064155
82.885416667,81.750000000,70.204290631,11.299459333,61.572221506,62.600449219,17.062863465,69.057912103
83.012152778,81.875000000,70.157284670,11.159548913,61.550363877,62.553839413,17.070763271,69.041739720
83.138888889,82.000000000,70.110287181,11.019781699,61.528196456,62.507235964,17.078611383,69.025009609
83.265625000,82.125000000,70.063298335,10.880158440,61.505719929,62.460639059,17.086408190,69.008322278
83.392361111,82.250000000,70.016318307,10.740679808,61.482934971,62.414048862,17.094153560,68.991678090
83.519097222,82.375000000,69.969347268,10.601346471,61.459842258,62.367465536,17.101847362,68.975077410
83.645833333,82.500000000,69.922385392,10.462159096,61.436442469,62.320889244,17.109489463,68.958520604
83.772569444,82.625000000,69.875432852,10.323118345,61.412736282,62.274320149,17.117079728,68.942008037
83.899305556,82.750000000,69.828489820,10.184224879,61.388724379,62.227758414,17.124618024,68.925540079
84.026041667,82.875000000,69.781556470,10.045479352,61.364407441,62.181204202,17.132104195,68.909222850
84.152777778,83.000000000,69.734632974,9.906882327,61.339786136,62.134657645,17.139537451,68.893360523
84.279513889,83.125000000,69.687719508,9.768434413,61.314861144,62.088118896,17.146917341,68.877544988
84.406250000,83.250000000,69.640816249,9.630136258,61.289633152,62.041588119,17.154243727,68.861776628
84.532986111,83.375000000,69.593923371,9.491988507,61.264102851,61.995065481,17.161516471,68.846055826
84.659722222,83.500000000,69.547041051,9.353991802,61.238270930,61.948551147,17.168735434,68.830382967
84.786458333,83.625000000,69.500169463,9.216146780,61.212138083,61.902045282,17.175900475,68.814758438
84.913194444,83.750000000,69.453308785,9.078454080,61.185705002,61.855548054,17.183011456,68.799182627
85.039930556,83.875000000,69.406459191,8.940914336,61.158972383,61.809059628,17.190068261,68.783567864
85.166666667,84.000000000,69.359620856,8.803528230,61.131940932,61.762580187,17.197071135,68.767810776
85.293402778,84.125000000,69.312793955,8.666296408,61.104611348,61.716109902,17.204020063,68.752102976
85.420138889,84.250000000,69.265978662,8.529219491,61.076984330,61.669648936,17.210914905,68.736444850
85.546875000,84.375000000,69.219175152,8.392298100,61.049060575,61.623197455,17.217755518,68.720836786
85.673611111,84.500000000,69.172383597,8.255532853,61.020840785,61.576755621,17.224541763,68.705279174
85.800347222,84.625000000,69.125604173,8.118924364,60.992325660,61.530323599,17.231273497,68.689772404
85.927083333,84.750000000,69.078837054,7.982473244,60.963515902,61.483901553,17.237950577,68.674316867
86.053819444,84.875000000,69.032082413,7.846180108,60.934412218,61.437489651,17.244572919,68.658768677
86.180555556,85.000000000,68.985340424,7.710045628,60.905015325,61.391088077,17.251140865,68.643076507
86.307291667,85.125000000,68.938611259,7.574070421,60.875325931,61.344696999,17.257654380,68.627436012
86.434027778,85.250000000,68.891895090,7.438255084,60.845344743,61.298316580,17.264113322,68.611847582
86.560763889,85.375000000,68.845192091,7.302600214,60.815072467,61.251946982,17.270517548,68.596311607
86.687500000,85.500000000,68.798502433,7.167106404,60.784509812,61.205588367,17.276866914,68.580828481
86.814236111,85.625000000,68.751826287,7.031774242,60.753657487,61.159240897,17.283161275,68.565398597
86.940972222,85.750000000,68.705163828,6.896604315,60.722516203,61.112904735,17.289400487,68.550022350
87.067708333,85.875000000,68.658515226,6.761597208,60.691086671,61.066580042,17.295584416,68.534678770
87.194444444,86.000000000,68.611880654,6.626753509,60.659369605,61.020266986,17.301712974,68.519370927
87.321180556,86.125000000,68.565260285,6.492073796,60.627365720,60.973965726,17.307786023,68.504117825
87.447916667,86.250000000,68.518654289,6.357558644,60.595075730,60.927676426,17.313803417,68.488919862
87.574652778,86.375000000,68.472062840,6.223208622,60.562500351,60.881399248,17.319765010,68.473777441
87.701388889,86.500000000,68.425486108,6.089024299,60.529640299,60.835134352,17.325670653,68.458690962
87.828125000,86.625000000,68.378924267,5.955006240,60.496496293,60.788881903,17.331520200,68.443660830
87.954861111,86.750000000,68.332377488,5.821155006,60.463069049,60.742642060,17.337313501,68.428687449
88.081597222,86.875000000,68.285845944,5.687471140,60.429359286,60.696414982,17.343050293,68.413960034
88.208333333,87.000000000,68.239329807,5.553955142,60.395367709,60.650200811,17.348730017,68.399395179
88.335069444,87.125000000,68.192829250,5.420607561,60.361095040,60.603999709,17.354352486,68.384888971
88.461805556,87.250000000,68.146344449,5.287428944,60.326542003,60.557811840,17.359917549,68.370441826
88.588541667,87.375000000,68.099875576,5.154419839,60.291709323,60.511637368,17.365425053,68.356054161
88.715277778,87.500000000,68.053422805,5.021580788,60.256597724,60.465476454,17.370874847,68.341726397
88.842013889,87.625000000,68.006986309,4.888912332,60.221207933,60.419329264,17.376266778,68.327458953
88.968750000,87.750000000,67.960566263,4.756415006,60.185540678,60.373195960,17.381600691,68.313252254
89.095486111,87.875000000,67.914162839,4.624089294,60.149596672,60.327076687,17.386876049,68.299641825
89.222222222,88.000000000,67.867776215,4.491935600,60.113376613,60.280971569,17.392091766,68.286269586
89.348958333,88.125000000,67.821406569,4.359954446,60.076881231,60.234880769,17.397247644,68.272961059
89.475694444,88.250000000,67.775054076,4.228146357,60.040111260,60.188804455,17.402343523,68.259716688
89.602430556,88.375000000,67.728718915,4.096511854,60.003067434,60.142742794,17.407379244,68.246536920
89.729166667,88.500000000,67.682401264,3.965051454,59.965750487,60.096695953,17.412354646,68.233422201
89.855902778,88.625000000,67.636101300,3.833765673,59.928161155,60.050664099,17.417269570,68.220372980
89.982638889,88.750000000,67.589819199,3.702655022,59.890300175,60.004647397,17.422123855,68.207389710
90.109375000,88.875000000,67.543555141,3.571720031,59.852168290,59.958646024,17.426917496,68.194281978
90.236111111,89.000000000,67.497309301,3.440961240,59.813766248,59.912660156,17.431650592,68.181210304
90.362847222,89.125000000,67.451081855,3.310379151,59.775094786,59.866689960,17.436322985,68.168205397
90.489583333,89.250000000,67.404872981,3.179974264,59.736154643,59.820735602,17.440934513,68.155267708
90.616319444,89.375000000,67.358682853,3.049747074,59.696946560,59.774797246,17.445485016,68.142397692
90.743055556,89.500000000,67.312511649,2.919698075,59.657471276,59.728875060,17.449974328,68.129595804
90.869791667,89.625000000,67.266359545,2.789827756,59.617729532,59.682969208,17.454402288,68.116862501
90.996527778,89.750000000,67.220226717,2.660136603,59.577722070,59.637079857,17.458768731,68.104198242
91.123263889,89.875000000,67.174113341,2.530625121,59.537449639,59.591207179,17.463073648,68.091436698
91.250000000,90.000000000,67.128019593,2.401293812,59.496912987,59.545351347,17.467317044,68.078740001
91.376736111,90.125000000,67.081945648,2.272143153,59.456112859,59.499512526,17.471498757,68.066113302
91.503472222,90.250000000,67.035891682,2.143173618,59.415049997,59.453690880,17.475618620,68.053557063
91.630208333,90.375000000,66.989857870,2.014385679,59.373725146,59.407886576,17.479676469,68.041071748
91.756944444,90.500000000,66.943844387,1.885779802,59.332139052,59.362099777,17.483672138,68.028657820
91.883680556,90.625000000,66.897851408,1.757356452,59.290292459,59.316330648,17.487605459,68.016315746
92.010416667,90.750000000,66.851879110,1.629116091,59.248186114,59.270579355,17.491476270,68.004003330
92.137152778,90.875000000,66.805927667,1.501059252,59.205820788,59.224846087,17.495284969,67.991286570
92.263888889,91.000000000,66.759997251,1.373186445,59.163197245,59.179131028,17.499031804,67.978641757
92.390625000,91.125000000,66.714088037,1.245498123,59.120316231,59.133434340,17.502716611,67.966069353
92.517361111,91.250000000,66.668200195,1.117994733,59.077178492,59.087756184,17.506339222,67.953569818
92.644097222,91.375000000,66.622333899,0.990676722,59.033784777,59.042096723,17.509899470,67.941143619
92.770833333,91.500000000,66.576489321,0.863544532,58.990135831,58.996456119,17.513397189,67.928791221
92.897569444,91.625000000,66.530666635,0.736598604,58.946232405,58.950834534,17.516832210,67.916513093
93.024305556,91.750000000,66.484866012,0.609839377,58.902075247,58.905232132,17.520204403,67.904095463
93.151041667,91.875000000,66.439087624,0.483267469,58.857665171,58.859649139,17.523514985,67.890848490
93.277777778,92.000000000,66.393331638,0.356883400,58.813002953,58.814085746,17.526764480,67.877674345
93.404513889,92.125000000,66.347598221,0.230687598,58.768089341,58.768542109,17.529952724,67.864573479
93.531250000,92.250000000,66.301887539,0.104680486,58.722925081,58.723018383,17.533079553,67.851546341
93.657986111,92.375000000,66.256199759,-0.021137513,58.677510920,58.677514727,17.536144801,67.838593382
93.784722222,92.500000000,66.210535048,-0.146765982,58.631847606,58.632031297,17.539148302,67.825715056
93.911458333,92.625000000,66.164893573,-0.272204506,58.585935887,58.586568248,17.542089891,67.812911818
94.038194444,92.750000000,66.119275501,-0.397452661,58.539776517,58.541125743,17.544969493,67.799855135
94.164930556,92.875000000,66.073680995,-0.522509845,58.493370312,58.495704005,17.547788408,67.786110000
94.291666667,93.000000000,66.028110218,-0.647375587,58.446718045,58.450303210,17.550546973,67.772438539
94.418402778,93.125000000,65.982563331,-0.772049485,58.399820459,58.404923509,17.553245026,67.758841188
94.545138889,93.250000000,65.937040495,-0.896531137,58.352678302,58.359565053,17.555882405,67.745318385
94.671875000,93.375000000,65.891541870,-1.020820146,58.305292321,58.314227993,17.558458946,67.731870569
94.798611111,93.500000000,65.846067618,-1.144916119,58.257663263,58.268912481,17.560974485,67.718498181
94.925347222,93.625000000,65.800617900,-1.268818665,58.209791874,58.223618668,17.563428858,67.705201662
95.052083333,93.750000000,65.755192877,-1.392527363,58.161678915,58.178346716,17.565822142,67.691356134
95.178819444,93.875000000,65.709792706,-1.516041554,58.113325239,58.133096875,17.568156297,67.676688362
95.305555556,94.000000000,65.664417541,-1.639360788,58.064731614,58.087869312,17.570431663,67.662093931
95.432291667,94.125000000,65.619067535,-1.762484687,58.015898785,58.042664171,17.572648082,67.647573255
95.559027778,94.250000000,65.573742841,-1.885412875,57.966827494,57.997481596,17.574805393,67.633126748
95.685763889,94.375000000,65.528443613,-2.008144976,57.917518487,57.952321730,17.576903437,67.618754826
95.812500000,94.500000000,65.483170003,-2.130680622,57.867972507,57.907184718,17.578942056,67.604457908
95.939236111,94.625000000,65.437922165,-2.253019443,57.818190298,57.862070702,17.580921088,67.590236411
96.065972222,94.750000000,65.392700252,-2.375161086,57.768172602,57.816979824,17.582840292,67.576256239
96.192708333,94.875000000,65.347504418,-2.497105247,57.717920140,57.771912206,17.584699059,67.562505366
96.319444444,95.000000000,65.302334818,-2.618851575,57.667433655,57.726867989,17.586497157,67.548831996
96.446180556,95.125000000,65.257191606,-2.740399715,57.616713892,57.681847321,17.588234423,67.535236564
96.572916667,95.250000000,65.212074938,-2.861749314,57.565761600,57.636850345,17.589910692,67.521719503
96.699652778,95.375000000,65.166984967,-2.982900023,57.514577523,57.591877207,17.591525801,67.508281248
96.826388889,95.500000000,65.121921850,-3.103851494,57.463162410,57.546928053,17.593079583,67.494922238
96.953125000,95.625000000,65.076885740,-3.224603383,57.411517008,57.502003027,17.594571874,67.481642910
97.079861111,95.750000000,65.031876793,-3.345155318,57.359642075,57.457102286,17.596002750,67.468034396
97.206597222,95.875000000,64.986895161,-3.465506848,57.307538409,57.412226017,17.597372938,67.454264824
97.333333333,96.000000000,64.941940996,-3.585657625,57.255206758,57.367374365,17.598682357,67.440574557
97.460069444,96.125000000,64.897014449,-3.705607317,57.202647869,57.322547473,17.599930844,67.426964027
97.586805556,96.250000000,64.852115672,-3.825355595,57.149862486,57.277745483,17.601118234,67.413433663
97.713541667,96.375000000,64.807244816,-3.944902132,57.096851355,57.232968537,17.602244363,67.399983899
97.840277778,96.500000000,64.762402033,-4.064246605,57.043615222,57.188216777,17.603309066,67.386615170
97.967013889,96.625000000,64.717587474,-4.183388691,56.990154833,57.143490345,17.604312177,67.373327912
98.093750000,96.750000000,64.672801290,-4.302327982,56.936470974,57.098789418,17.605254261,67.359066172
98.220486111,96.875000000,64.628043628,-4.421063926,56.882564495,57.054114223,17.606137003,67.344511853
98.347222222,97.000000000,64.583314633,-4.539596198,56.828436141,57.009464897,17.606960334,67.330036575
98.473958333,97.125000000,64.538614447,-4.657924489,56.774086654,56.964841578,17.607724095,67.315640747
98.600694444,97.250000000,64.493943216,-4.776048492,56.719516776,56.920244400,17.608428124,67.301324779
98.727430556,97.375000000,64.449301084,-4.893967902,56.664727248,56.875673498,17.609072262,67.287089082
98.854166667,97.500000000,64.404688195,-5.011682417,56.609718810,56.831129009,17.609656346,67.272934071
98.980902778,97.625000000,64.360104694,-5.129191739,56.554492205,56.786611067,17.610180217,67.258860159
99.107638889,97.750000000,64.315550725,-5.246495742,56.499048094,56.742119745,17.610642376,67.246552853
99.234375000,97.875000000,64.271026441,-5.363594425,56.443387085,56.697655073,17.611040332,67.234631369
99.361111111,98.000000000,64.226531995,-5.480487506,56.387509923,56.653217196,17.611373871,67.222797604
99.487847222,98.125000000,64.182067542,-5.597174699,56.331417355,56.608806257,17.611642818,67.211052025
99.614583333,98.250000000,64.137633236,-5.713655720,56.275110128,56.564422402,17.611847000,67.199395105
99.741319444,98.375000000,64.093229231,-5.829930290,56.218588990,56.520065775,17.611986242,67.187827314
99.868055556,98.500000000,64.048855682,-5.945998132,56.161854686,56.475736521,17.612060370,67.176349126
99.994791667,98.625000000,64.004512742,-6.061858970,56.104907964,56.431434784,17.612069208,67.164961018
100.121527778,98.750000000,63.960200566,-6.177512369,56.047749651,56.387160773,17.612013904,67.152181210
100.248263889,98.875000000,63.915919300,-6.292957864,55.990380586,56.342914700,17.611895835,67.139424730
100.375000000,99.000000000,63.871669091,-6.408195190,55.932801510,56.298696702,17.611714838,67.126755457
100.501736111,99.125000000,63.827450086,-6.523224081,55.875013164,56.254506918,17.611470741,67.114173836
100.628472222,99.250000000,63.783262432,-6.638044278,55.817016291,56.210345484,17.611163377,67.101680314
100.755208333,99.375000000,63.739106275,-6.752655521,55.758811630,56.166212539,17.610792575,67.089275338
100.881944444,99.500000000,63.694981761,-6.867057556,55.700399922,56.122108219,17.610358166,67.076959357
101.008680556,99.625000000,63.650889037,-6.981250131,55.641781909,56.078032663,17.609859972,67.064822622
101.135416667,99.750000000,63.606828250,-7.095233166,55.582958243,56.033985944,17.609296450,67.053999028
101.262152778,99.875000000,63.562799554,-7.209006547,55.523929601,55.989968153,17.608666367,67.043269494
101.388888889,100.000000000,63.518803100,-7.322570030,55.464696727,55.945979434,17.607969544,67.032634509
101.515625000,100.125000000,63.474839043,-7.435923376,55.405260364,55.902019931,17.607205802,67.022094564
101.642361111,100.250000000,63.430907534,-7.549066347,55.345621255,55.858089789,17.606374962,67.011650152
101.769097222,100.375000000,63.387008728,-7.661998708,55.285780145,55.814189150,17.605476844,67.001301768
101.895833333,100.500000000,63.343142776,-7.774720228,55.225737775,55.770318158,17.604511267,66.991049908
102.022569444,100.625000000,63.299309833,-7.887230678,55.165494889,55.726476958,17.603478048,66.980905297
102.149305556,100.750000000,63.255510050,-7.999529840,55.105052224,55.682665689,17.602376939,66.970905502
102.276041667,100.875000000,63.211743582,-8.111617497,55.044410519,55.638884495,17.601207720,66.961003902
102.402777778,101.000000000,63.168010582,-8.223493428,54.983570517,55.595133518,17.599970210,66.951201003
102.529513889,101.125000000,63.124311202,-8.335157414,54.922532958,55.551412905,17.598664225,66.941497312
102.656250000,101.250000000,63.080645597,-8.446609243,54.861298585,55.507722797,17.597289583,66.931893338
102.782986111,101.375000000,63.037013920,-8.557848701,54.799868137,55.464063340,17.595846100,66.922389594
102.909722222,101.500000000,62.993416323,-8.668875581,54.738242354,55.420434678,17.594333591,66.912986594
103.036458333,101.625000000,62.949852960,-8.779689681,54.676421975,55.376836952,17.592751825,66.903863231
103.163194444,101.750000000,62.906323986,-8.890290897,54.614407682,55.333270270,17.591099810,66.895284548
103.289930556,101.875000000,62.862829557,-9.000679065,54.552200199,55.289734763,17.589377067,66.886810044
103.416666667,102.000000000,62.819369828,-9.110853986,54.489800265,55.246230580,17.587583407,66.878440257
103.543402778,102.125000000,62.775944957,-9.220815467,54.427208621,55.202757867,17.585718640,66.870175730
103.670138889,102.250000000,62.732555099,-9.330563317,54.364426006,55.159316772,17.583782577,66.862017003
103.796875000,102.375000000,62.689200411,-9.440097346,54.301453158,55.115907441,17.581775027,66.853964624
103.923611111,102.500000000,62.645881050,-9.549417369,54.238290818,55.072530021,17.579695799,66.846019139
104.050347222,102.625000000,62.602597171,-9.658523209,54.174939719,55.029184658,17.577544655,66.838309671
104.177083333,102.750000000,62.559348931,-9.767414737,54.111400569,54.985871478,17.575320963,66.830903980
104.303819444,102.875000000,62.516136489,-9.876091791,54.047674099,54.942590625,17.573024422,66.823607855
104.430555556,103.000000000,62.472960001,-9.984554196,53.983761046,54.899342248,17.570654836,66.816421861
104.557291667,103.125000000,62.429819627,-10.092801781,53.919662148,54.856126494,17.568212011,66.809346568
104.684027778,103.250000000,62.386715524,-10.200834376,53.855378140,54.812943513,17.565695752,66.802382543
104.810763889,103.375000000,62.343647850,-10.308651816,53.790909759,54.769793453,17.563105863,66.795530360
104.937500000,103.500000000,62.300616762,-10.416253937,53.726257740,54.726676464,17.560442149,66.788790593
105.064236111,103.625000000,62.257622419,-10.523640635,53.661422785,54.683592673,17.557703952,66.783155567
105.190972222,103.750000000,62.214664984,-10.630812074,53.596405438,54.640542102,17.554888386,66.778603872
105.317708333,103.875000000,62.171744622,-10.737768152,53.531206406,54.597524891,17.551994809,66.774172771
105.444444444,104.000000000,62.128861503,-10.844508719,53.465826428,54.554541195,17.549023013,66.769862906
105.571180556,104.125000000,62.086015792,-10.951033629,53.400266243,54.511591174,17.545972788,66.765674924
105.697916667,104.250000000,62.043207657,-11.057342736,53.334526586,54.468674984,17.542843927,66.761609470
105.824652778,104.375000000,62.000437265,-11.163435900,53.268608195,54.425792784,17.539636219,66.757667197
105.951388889,104.500000000,61.957704784,-11.269312981,53.202511807,54.382944731,17.536349455,66.753848758
106.078125000,104.625000000,61.915010380,-11.374973815,53.136238173,54.340130995,17.532983662,66.749728659
106.204861111,104.750000000,61.872354219,-11.480418159,53.069788098,54.297351776,17.529539561,66.745466657
106.331597222,104.875000000,61.829736465,-11.585645872,53.003162318,54.254607233,17.526017034,66.741328104
106.458333333,105.000000000,61.787157281,-11.690656824,52.936361566,54.211897521,17.522415874,66.737313643
106.585069444,105.125000000,61.744616832,-11.795450890,52.869386572,54.169222795,17.518735872,66.733423920
106.711805556,105.250000000,61.702115282,-11.900027948,52.802238067,54.126583211,17.514976819,66.729659586
106.838541667,105.375000000,61.659652794,-12.004387878,52.734916779,54.083978922,17.511138506,66.726021290
106.965277778,105.500000000,61.617229533,-12.108530563,52.667423437,54.041410084,17.507220723,66.722509688
107.092013889,105.625000000,61.574845663,-12.212455988,52.599758704,53.998876812,17.503222407,66.720418272
107.218750000,105.750000000,61.532501353,-12.316164306,52.531923138,53.956379158,17.499141089,66.718948122
107.345486111,105.875000000,61.490196776,-12.419655424,52.463917462,53.913917279,17.494976426,66.717612944
107.472222222,106.000000000,61.447932103,-12.522929239,52.395742405,53.871491338,17.490728196,66.716413462
107.598958333,106.125000000,61.405707508,-12.625985649,52.327398698,53.829101498,17.486396179,66.715350403
107.725694444,106.250000000,61.363523163,-12.728824555,52.258887068,53.786747923,17.481980152,66.714424496
107.852430556,106.375000000,61.321379239,-12.831445861,52.190208243,53.744430775,17.477479893,66.713636475
107.979166667,106.500000000,61.279275909,-12.933849475,52.121362950,53.702150218,17.472895179,66.712987075
108.105902778,106.625000000,61.237213346,-13.036035408,52.052351847,53.659906373,17.468224901,66.713652172
108.232638889,106.750000000,61.195191727,-13.138003761,51.983175535,53.617699331,17.463467214,66.714693318
108.359375000,106.875000000,61.153211231,-13.239754455,51.913834740,53.575529259,17.458621854,66.715880559
108.486111111,107.000000000,61.111272037,-13.341287409,51.844330188,53.533396328,17.453688588,66.717214692
108.612847222,107.125000000,61.069374322,-13.442602545,51.774662606,53.491300706,17.448667182,66.718696520
108.739583333,107.250000000,61.027518267,-13.543699790,51.704832720,53.449242563,17.443557405,66.720326848
108.866319444,107.375000000,60.985704049,-13.644579070,51.634841253,53.407222070,17.438359022,66.722106486
108.993055556,107.500000000,60.943931848,-13.745240316,51.564688929,53.365239395,17.433071799,66.724036246
109.119791667,107.625000000,60.902201842,-13.845683433,51.494376491,53.323294721,17.427695756,66.725815094
109.246527778,107.750000000,60.860514209,-13.945908320,51.423904684,53.281388231,17.422230977,66.727727015
109.373263889,107.875000000,60.818869125,-14.045914917,51.353274228,53.239520094,17.416677227,66.729790288
109.500000000,108.000000000,60.777266769,-14.145703164,51.282485843,53.197690478,17.411034272,66.732005730
109.626736111,108.125000000,60.735707318,-14.245273005,51.211540244,53.155899552,17.405301877,66.734374162
109.753472222,108.250000000,60.694190948,-14.344624388,51.140438150,53.114147484,17.399479808,66.736896408
109.880208333,108.375000000,60.652717838,-14.443757262,51.069180275,53.072434444,17.393567828,66.739573297
110.006944444,108.500000000,60.611288164,-14.542671581,50.997767333,53.030760598,17.387565691,66.742595138
110.133680556,108.625000000,60.569902107,-14.641367685,50.926199761,52.989125958,17.381469758,66.749049070
110.260416667,108.750000000,60.528559857,-14.739845847,50.854478055,52.947530573,17.375277022,66.755674090
110.387152778,108.875000000,60.487261608,-14.838106030,50.782602933,52.905974627,17.368987228,66.762471174
110.513888889,109.000000000,60.446007553,-14.936148204,50.710575117,52.864458305,17.362600119,66.769441301
110.640625000,109.125000000,60.404797884,-15.033972337,50.638395322,52.822981789,17.356115440,66.776585459
110.767361111,109.250000000,60.363632794,-15.131578402,50.566064267,52.781545264,17.349532931,66.783904637
110.894097222,109.375000000,60.322512476,-15.228966376,50.493582667,52.740148914,17.342852337,66.791399830
111.020833333,109.500000000,60.281437123,-15.326136233,50.420951240,52.698792925,17.336073435,66.798816974
111.147569444,109.625000000,60.240406927,-15.423087758,50.348170844,52.657477563,17.329197719,66.805111786
111.274305556,109.750000000,60.199422073,-15.519820826,50.275242268,52.616203052,17.322225893,66.811579113
111.401041667,109.875000000,60.158482749,-15.616335422,50.202166220,52.574969569,17.315157708,66.818219908
111.527777778,110.000000000,60.117589139,-15.712631534,50.128943404,52.533777292,17.307992911,66.825035130
111.654513889,110.125000000,60.076741430,-15.808709152,50.055574527,52.492626399,17.300731249,66.832025741
111.781250000,110.250000000,60.035939809,-15.904568270,49.982060290,52.451517068,17.293372469,66.839192711
111.907986111,110.375000000,59.995184460,-16.000208882,49.908401397,52.410449476,17.285916318,66.846537011
112.034722222,110.500000000,59.954475570,-16.095631003,49.834598538,52.369423797,17.278362406,66.854623217
112.161458333,110.625000000,59.913813328,-16.190834913,49.760652197,52.328440090,17.270707953,66.864387879
112.288194444,110.750000000,59.873197928,-16.285820724,49.686562996,52.287498497,17.262951740,66.874341720
112.414930556,110.875000000,59.832629567,-16.380588443,49.612331639,52.246599204,17.255093503,66.884485818
112.541666667,111.000000000,59.792108437,-16.475138083,49.537958826,52.205742400,17.247132974,66.894821255
112.668402778,111.125000000,59.751634736,-16.569469659,49.463445257,52.164928270,17.239069887,66.905349120
112.795138889,111.250000000,59.711208657,-16.663583187,49.388791629,52.124157003,17.230903974,66.916070506
112.921875000,111.375000000,59.670830395,-16.757478687,49.313998642,52.083428785,17.222634968,66.926986512
113.048611111,111.500000000,59.630500147,-16.851156169,49.239067000,52.042743810,17.214262725,66.937724032
113.175347222,111.625000000,59.590218104,-16.944615519,49.163997506,52.002102322,17.205788230,66.948053973
113.302083333,111.750000000,59.549984459,-17.037856731,49.088790880,51.961504521,17.197211540,66.958577497
113.428819444,111.875000000,59.509799402,-17.130879832,49.013447811,51.920950590,17.188532391,66.969295683
113.555555556,112.000000000,59.469663123,-17.223684856,48.937968986,51.880440713,17.179750518,66.980209618
113.682291667,112.125000000,59.429575813,-17.316271837,48.862355093,51.839975073,17.170865656,66.991320394
113.809027778,112.250000000,59.389537664,-17.408640811,48.786606816,51.799553854,17.161877539,67.002629106
113.935763889,112.375000000,59.349548867,-17.500791818,48.710724839,51.759177241,17.152785899,67.014136858
114.062500000,112.500000000,59.309609611,-17.592724907,48.634709840,51.718845414,17.143590416,67.025975918
114.189236111,112.625000000,59.269720088,-17.684440161,48.558562470,51.678558541,17.134290477,67.038151947
114.315972222,112.750000000,59.229880491,-17.775937632,48.482283402,51.638316806,17.124885753,67.050531575
114.442708333,112.875000000,59.190091011,-17.867217372,48.405873316,51.598120394,17.115375976,67.063115938
114.569444444,113.000000000,59.150351841,-17.958279433,48.329332890,51.557969489,17.105760875,67.075906179
114.696180556,113.125000000,59.110663171,-18.049123872,48.252662799,51.517864278,17.096040181,67.088903447
114.822916667,113.250000000,59.071025195,-18.139750746,48.175863717,51.477804945,17.086213624,67.102108896
114.949652778,113.375000000,59.031438104,-18.230160116,48.098936317,51.437791678,17.076280931,67.115523687
115.076388889,113.500000000,58.991902090,-18.320352037,48.021881278,51.397824665,17.066241912,67.128993053
115.203125000,113.625000000,58.952417344,-18.410326539,47.944699300,51.357904107,17.056096624,67.142570358
115.329861111,113.750000000,58.912984058,-18.500083687,47.867391052,51.318030190,17.045844830,67.156359305
115.456597222,113.875000000,58.873602421,-18.589623552,47.789957202,51.278203100,17.035486260,67.170361067
115.583333333,114.000000000,58.834272626,-18.678946206,47.712398414,51.238423022,17.025020641,67.184576824
115.710069444,114.125000000,58.794994863,-18.768051725,47.634715351,51.198690141,17.014447702,67.199007759
115.836805556,114.250000000,58.755769322,-18.856940186,47.556908675,51.159004642,17.003767170,67.213655065
115.963541667,114.375000000,58.716596195,-18.945611671,47.478979047,51.119366711,16.992978773,67.228519937
116.090277778,114.500000000,58.677475672,-19.034066306,47.400927085,51.079776513,16.982081813,67.244307069
116.217013889,114.625000000,58.638407948,-19.122304303,47.322753339,51.040234183,16.971074833,67.260602347
116.343750000,114.750000000,58.599393217,-19.210325756,47.244458460,51.000739905,16.959957485,67.277123610
116.470486111,114.875000000,58.560431675,-19.298130758,47.166043105,50.961293870,16.948729491,67.293872126
116.597222222,115.000000000,58.521523515,-19.385719403,47.087507928,50.921896269,16.937390570,67.310849170
116.723958333,115.125000000,58.482668933,-19.473091787,47.008853581,50.882547290,16.925940443,67.328056024
116.850694444,115.250000000,58.443868125,-19.560248010,46.930080716,50.843247125,16.914378829,67.345493975
116.977430556,115.375000000,58.405121285,-19.647188173,46.851189982,50.803995963,16.902705448,67.363164318
117.104166667,115.500000000,58.366428607,-19.733912360,46.772182045,50.764794004,16.890920222,67.380775343
117.230902778,115.625000000,58.327790286,-19.820420635,46.693057589,50.725641457,16.879023256,67.398556276
117.357638889,115.750000000,58.289206516,-19.906713107,46.613817258,50.686538509,16.867014281,67.416571744
117.484375000,115.875000000,58.250677489,-19.992789886,46.534461693,50.647485352,16.854893016,67.434823052
117.611111111,116.000000000,58.212203400,-20.078651086,46.454991535,50.608482174,16.842659181,67.453311512
117.737847222,116.125000000,58.173784441,-20.164296821,46.375407423,50.569529165,16.830312496,67.472038443
117.864583333,116.250000000,58.135420807,-20.249727210,46.295709994,50.530626515,16.817852679,67.491005169
117.991319444,116.375000000,58.097112690,-20.334942373,46.215899883,50.491774413,16.805279449,67.510213024
118.118055556,116.500000000,58.058860286,-20.419942634,46.135977537,50.452972960,16.792590553,67.532210878
118.244791667,116.625000000,58.020663797,-20.504728381,46.055943347,50.414222235,16.779783137,67.554653484
118.371527778,116.750000000,57.982523428,-20.589299746,45.975797947,50.375522438,16.766856894,67.577355495
118.498263889,116.875000000,57.944439383,-20.673656863,45.895541973,50.336873772,16.753811530,67.600318414
118.625000000,117.000000000,57.906411866,-20.757799868,45.815176057,50.298276436,16.740646746,67.623543747
118.751736111,117.125000000,57.868441082,-20.841728898,45.734700828,50.259730633,16.727362246,67.647033012
118.878472222,117.250000000,57.830527236,-20.925444096,45.654116916,50.221236564,16.713957733,67.670787735
119.005208333,117.375000000,57.792670531,-21.008945603,45.573424948,50.182794430,16.700432910,67.694763733
119.131944444,117.500000000,57.754871172,-21.092233465,45.492625644,50.144404479,16.686788469,67.717938502
119.258680556,117.625000000,57.717129359,-21.175307746,45.411719708,50.106066948,16.673024958,67.741377391
119.385416667,117.750000000,57.679445292,-21.258168592,45.330707758,50.067782033,16.659142085,67.765081898
119.512152778,117.875000000,57.641819172,-21.340816156,45.249590412,50.029549934,16.645139555,67.789053532
119.638888889,118.000000000,57.604251198,-21.423250589,45.168368285,49.991370849,16.631017076,67.813293808
119.765625000,118.125000000,57.566741570,-21.505472048,45.087041991,49.953244975,16.616774355,67.837804250
119.892361111,118.250000000,57.529290490,-21.587480690,45.005612142,49.915172511,16.602411097,67.862586391
120.019097222,118.375000000,57.491898156,-21.669276677,44.924079345,49.877153655,16.587926997,67.887737723
120.145833333,118.500000000,57.454564769,-21.750860234,44.842444147,49.839188576,16.573321110,67.913706662
120.272569444,118.625000000,57.417290532,-21.832231564,44.760707116,49.801277459,16.558592765,67.939955442
120.399305556,118.750000000,57.380075647,-21.913390835,44.678868858,49.763420505,16.543741664,67.966485662
120.526041667,118.875000000,57.342920317,-21.994338217,44.596929978,49.725617915,16.528767509,67.993298931
120.652777778,119.000000000,57.305824744,-22.075073881,44.514891076,49.687869892,16.513670002,68.020396867
120.779513889,119.125000000,57.268789131,-22.155598002,44.432752752,49.650176636,16.498448844,68.047781096
120.906250000,119.250000000,57.231813681,-22.235910757,44.350515605,49.612538351,16.483103738,68.075453253
121.032986111,119.375000000,57.194898595,-22.316012309,44.268180245,49.574955245,16.467634536,68.102687036
121.159722222,119.500000000,57.158044074,-22.395902536,44.185747575,49.537427660,16.452044056,68.128133393
121.286458333,119.625000000,57.121250309,-22.475581496,44.103218307,49.499955845,16.436333243,68.153857045
121.413194444,119.750000000,57.084517493,-22.555049371,44.020593024,49.462539991,16.420501811,68.179859509
121.539930556,119.875000000,57.047845817,-22.634306345,43.937872310,49.425180292,16.404549473,68.206142309
121.666666667,120.000000000,57.011235473,-22.713352603,43.855056746,49.387876940,16.388475945,68.232706976
121.793402778,120.125000000,56.974686654,-22.792188331,43.772146909,49.350630127,16.372280941,68.259555052
121.920138889,120.250000000,56.938199551,-22.870813721,43.689143377,49.313440047,16.355964174,68.286688084
122.046875000,120.375000000,56.901774356,-22.949228978,43.606046710,49.276306886,16.339525205,68.314632939
122.173611111,120.500000000,56.865411263,-23.027434455,43.522857313,49.239230764,16.322962092,68.343766323
122.300347222,120.625000000,56.829110469,-23.105430393,43.439575714,49.202211859,16.306274095,68.373197416
122.427083333,120.750000000,56.792872171,-23.183216991,43.356202486,49.165250371,16.289460921,68.402927878
122.553819444,120.875000000,56.756696567,-23.260794452,43.272738197,49.128346498,16.272522276,68.432959377
122.680555556,121.000000000,56.720583854,-23.338162979,43.189183416,49.091500439,16.255457867,68.463293588
122.807291667,121.125000000,56.684534229,-23.415322779,43.105538708,49.054712395,16.238267400,68.493932198
122.934027778,121.250000000,56.648547889,-23.492274059,43.021804637,49.017982564,16.220950584,68.524876900
123.060763889,121.375000000,56.612625031,-23.569016946,42.937981854,48.981311186,16.203508009,68.553772972
123.187500000,121.500000000,56.576765843,-23.645551104,42.854071511,48.944698713,16.185945167,68.580399504
123.314236111,121.625000000,56.540970506,-23.721876642,42.770074262,48.908145373,16.168262831,68.607309135
123.440972222,121.750000000,56.505239198,-23.797993769,42.685990656,48.871651350,16.150460731,68.634503319
123.567708333,121.875000000,56.469572098,-23.873902695,42.601821236,48.835216826,16.132538598,68.661983520
123.694444444,122.000000000,56.433969387,-23.949603632,42.517566545,48.798841984,16.114496161,68.689751207
123.821180556,122.125000000,56.398431242,-24.025096795,42.433227124,48.762527007,16.096333152,68.717807856
123.947916667,122.250000000,56.362957843,-24.100382400,42.348803511,48.726272079,16.078049301,68.746154950
124.074652778,122.375000000,56.327549370,-24.175460747,42.264296152,48.690077342,16.059643456,68.776726450
124.201388889,122.500000000,56.292206009,-24.250332408,42.179705191,48.653942820,16.041111571,68.808954646
124.328125000,122.625000000,56.256927950,-24.324997648,42.095031122,48.617868688,16.022452932,68.841496850
124.454861111,122.750000000,56.221715384,-24.399456697,42.010274480,48.581855141,16.003667255,68.874354756
124.581597222,122.875000000,56.186568503,-24.473709784,41.925435800,48.545902377,15.984754254,68.907530069
124.708333333,123.000000000,56.151487497,-24.547757142,41.840515614,48.510010591,15.965713645,68.941024499
124.835069444,123.125000000,56.116472558,-24.621599003,41.755514451,48.474179978,15.946545142,68.974839768
124.961805556,123.250000000,56.081523877,-24.695235605,41.670432840,48.438410737,15.927248463,69.008977604
125.088541667,123.375000000,56.046641642,-24.768667015,41.585271502,48.402703144,15.907825175,69.039964655
125.215277778,123.500000000,56.011826035,-24.841892975,41.500031526,48.367057624,15.888280408,69.069753926
125.342013889,123.625000000,55.977077229,-24.914913688,41.414713460,48.331474373,15.868614245,69.099841583
125.468750000,123.750000000,55.942395397,-24.987729389,41.329317817,48.295953570,15.848826425,69.130229104
125.595486111,123.875000000,55.907780712,-25.060340315,41.243845105,48.260495395,15.828916687,69.160917977
125.722222222,124.000000000,55.873233348,-25.132746705,41.158295832,48.225100028,15.808884771,69.191909694
125.848958333,124.125000000,55.838753479,-25.204948799,41.072670501,48.189767649,15.788730417,69.223205753
125.975694444,124.250000000,55.804341278,-25.276946840,40.986969618,48.154498440,15.768453365,69.254807661
126.102430556,124.375000000,55.769996918,-25.348741183,40.901193547,48.119292525,15.748052100,69.288774797
126.229166667,124.500000000,55.735720581,-25.420332302,40.815342522,48.084149982,15.727523841,69.323552766
126.355902778,124.625000000,55.701512449,-25.491720454,40.729417037,48.049070999,15.706868247,69.358656366
126.482638889,124.750000000,55.667372702,-25.562905892,40.643417589,48.014055764,15.686085045,69.394087273
126.609375000,124.875000000,55.633301525,-25.633888869,40.557344675,47.979104469,15.665173966,69.429847171
126.736111111,125.000000000,55.599299098,-25.704669641,40.471198790,47.944217304,15.644134740,69.465937750
126.862847222,125.125000000,55.565365605,-25.775248466,40.384980425,47.909394459,15.622967095,69.502360709
126.989583333,125.250000000,55.531501228,-25.845625603,40.298690071,47.874636127,15.601670762,69.539117754
127.116319444,125.375000000,55.497706148,-25.915801254,40.212328285,47.839942525,15.580246118,69.575263286
127.243055556,125.500000000,55.463980544,-25.985775604,40.125895648,47.805313881,15.558693780,69.611655451
127.369791667,125.625000000,55.430324597,-26.055548913,40.039392641,47.770750384,15.537013489,69.648380493
127.496527778,125.750000000,55.396738484,-26.125121446,39.952819745,47.736252221,15.515204980,69.685440087
127.623263889,125.875000000,55.363222384,-26.194493468,39.866177437,47.701819582,15.493267990,69.722835916
127.750000000,126.000000000,55.329776476,-26.263665245,39.779466192,47.667452655,15.471202255,69.760569669
127.876736111,126.125000000,55.296400939,-26.332637046,39.692686485,47.633151630,15.449007513,69.798643043
128.003472222,126.250000000,55.263095951,-26.401409141,39.605838785,47.598916695,15.426683501,69.837030385
128.130208333,126.375000000,55.229861691,-26.469981734,39.518923647,47.564748072,15.404230729,69.874786420
128.256944444,126.500000000,55.196698335,-26.538355036,39.431941611,47.530645980,15.381649635,69.912880996
128.383680556,126.625000000,55.163606057,-26.606529320,39.344893142,47.496610604,15.358939961,69.951315778
128.510416667,126.750000000,55.130585035,-26.674504861,39.257778699,47.462642130,15.336101449,69.990092439
128.637152778,126.875000000,55.097635442,-26.742281935,39.170598742,47.428740747,15.313133844,70.029212658
128.763888889,127.000000000,55.064757455,-26.809860817,39.083353727,47.394906642,15.290036890,70.068678121
128.890625000,127.125000000,55.031951248,-26.877241788,38.996044108,47.361140001,15.266810331,70.108490521
129.017361111,127.250000000,54.999216998,-26.944425129,38.908670336,47.327441013,15.243453890,70.148870768
129.144097222,127.375000000,54.966554881,-27.011411243,38.821232701,47.293809804,15.219965880,70.190988168
129.270833333,127.500000000,54.933965077,-27.078200489,38.733731559,47.260246532,15.196345176,70.233467837
129.397569444,127.625000000,54.901447767,-27.144793154,38.646167357,47.226751390,15.172591517,70.276311593
129.524305556,127.750000000,54.869003131,-27.211189526,38.558540541,47.193324571,15.148704645,70.319521260
129.651041667,127.875000000,54.836631351,-27.277389894,38.470851555,47.159966272,15.124684298,70.363098668
129.777777778,128.000000000,54.804332606,-27.343394548,38.383100838,47.126676685,15.100530218,70.407045657
129.904513889,128.125000000,54.772107078,-27.409203782,38.295288831,47.093456006,15.076242146,70.451364072
130.031250000,128.250000000,54.739954947,-27.474817885,38.207415974,47.060304432,15.051819863,70.495832815
130.157986111,128.375000000,54.707876392,-27.540237078,38.119482800,47.027222194,15.027263996,70.539991786
130.284722222,128.500000000,54.675871593,-27.605461626,38.031489781,46.994209500,15.002574658,70.584521836
130.411458333,128.625000000,54.643940726,-27.670491824,37.943437345,46.961266544,14.977751595,70.629424783
130.538194444,128.750000000,54.612083969,-27.735327971,37.855325920,46.928393518,14.952794557,70.674702451
130.664930556,128.875000000,54.580301501,-27.799970364,37.767155929,46.895590616,14.927703291,70.720356673
130.791666667,129.000000000,54.548593498,-27.864419305,37.678927794,46.862858032,14.902477547,70.766389286
130.918402778,129.125000000,54.516960139,-27.928675094,37.590641935,46.830195960,14.877117075,70.812802135
131.045138889,129.250000000,54.485401602,-27.992738040,37.502298761,46.797604590,14.851621549,70.859897176
131.171875000,129.375000000,54.453918065,-28.056608519,37.413898589,46.765084082,14.825989858,70.907922459
131.298611111,129.500000000,54.422509709,-28.120286856,37.325441806,46.732634624,14.800221505,70.956339204
131.425347222,129.625000000,54.391176713,-28.183773359,37.236928824,46.700256412,14.774316238,71.005149337
131.552083333,129.750000000,54.359919259,-28.247068337,37.148360052,46.667949646,14.748273808,71.054354789
131.678819444,129.875000000,54.328737527,-28.310172101,37.059735896,46.635714523,14.722093964,71.103957502
131.805555556,130.000000000,54.297631697,-28.373084960,36.971056763,46.603551242,14.695776457,71.153959422
131.932291667,130.125000000,54.266601950,-28.435807229,36.882323054,46.571460001,14.669321040,71.204362502
132.059027778,130.250000000,54.235648466,-28.498339232,36.793535154,46.539440995,14.642727326,71.255597216
132.185763889,130.375000000,54.204771427,-28.560681360,36.704693353,46.507494384,14.615994116,71.307733171
132.312500000,130.500000000,54.173971015,-28.622833946,36.615798026,46.475620364,14.589120980,71.360282547
132.439236111,130.625000000,54.143247415,-28.684797308,36.526849569,46.443819137,14.562107669,71.413247387
132.565972222,130.750000000,54.112600809,-28.746571766,36.437848374,46.412090907,14.534953933,71.466629740
132.692708333,130.875000000,54.082031381,-28.808157641,36.348794830,46.380435878,14.507659527,71.520431664
132.819444444,131.000000000,54.051539313,-28.869555254,36.259689324,46.348854252,14.480224202,71.574655222
132.946180556,131.125000000,54.021124789,-28.930764931,36.170532243,46.317346234,14.452647712,71.629302486
133.072916667,131.250000000,53.990787993,-28.991787001,36.081323956,46.285912025,14.424929715,71.684629014
133.199652778,131.375000000,53.960529108,-29.052621827,35.992064795,46.254551811,14.397069520,71.740572951
133.326388889,131.500000000,53.930348318,-29.113269739,35.902755131,46.223265796,14.369066828,71.796949981
133.453125000,131.625000000,53.900245808,-29.173731066,35.813395340,46.192054188,14.340921396,71.853762232
133.579861111,131.750000000,53.870221764,-29.234006138,35.723985797,46.160917193,14.312632979,71.911011841
133.706597222,131.875000000,53.840276368,-29.294095284,35.634526874,46.129855018,14.284201336,71.968700952
133.833333333,132.000000000,53.810409806,-29.353998837,35.545018938,46.098867871,14.255626225,72.026831714
133.960069444,132.125000000,53.780622262,-29.413717128,35.455462358,46.067955960,14.226907406,72.085406286
134.086805556,132.250000000,53.750913921,-29.473250490,35.365857501,46.037119494,14.198044665,72.144368357
134.213541667,132.375000000,53.721284967,-29.532599251,35.276204739,46.006358683,14.169037846,72.203751154
134.340277778,132.500000000,53.691735584,-29.591763746,35.186504431,45.975673738,14.139886717,72.263583651
134.467013889,132.625000000,53.662265957,-29.650744311,35.096756936,45.945064867,14.110591042,72.323868025
134.593750000,132.750000000,53.632876270,-29.709541284,35.006962608,45.914532279,14.081150586,72.384606462
134.720486111,132.875000000,53.603566707,-29.768155004,34.917121800,45.884076183,14.051565115,72.445801152
134.847222222,133.000000000,53.574337452,-29.826585810,34.827234862,45.853696789,14.021834396,72.507454292
134.973958333,133.125000000,53.545188690,-29.884834042,34.737302142,45.823394308,13.991958197,72.569568086
135.100694444,133.250000000,53.516120606,-29.942900150,34.647323821,45.793168894,13.961934879,72.634858065
135.227430556,133.375000000,53.487133390,-30.000784702,34.557299898,45.763020650,13.931761246,72.701337722
135.354166667,133.500000000,53.458227237,-30.058488055,34.467230707,45.732949793,13.901436963,72.768310415
135.480902778,133.625000000,53.429402341,-30.116010558,34.377116589,45.702956545,13.870961789,72.835778625
135.607638889,133.750000000,53.400658896,-30.173352562,34.286957884,45.673041127,13.840335485,72.903744844
135.734375000,133.875000000,53.371997095,-30.230514416,34.196754930,45.643203761,13.809557813,72.972211571
135.861111111,134.000000000,53.343417132,-30.287496475,34.106508060,45.613444671,13.778628535,73.041181311
135.987847222,134.125000000,53.314919202,-30.344299090,34.016217609,45.583764080,13.747547415,73.110656579
136.114583333,134.250000000,53.286503497,-30.400922509,33.925884075,45.554162265,13.716315664,73.178144537
136.241319444,134.375000000,53.258170206,-30.457366929,33.835508029,45.524639525,13.684935127,73.245858304
136.368055556,134.500000000,53.229919514,-30.513632701,33.745089796,45.495196076,13.653405599,73.314063861
136.494791667,134.625000000,53.201751608,-30.569720178,33.654629694,45.465832134,13.621726859,73.382763537
136.621527778,134.750000000,53.173666674,-30.625629713,33.564128041,45.436547916,13.589898688,73.451959670
136.748263889,134.875000000,53.145664900,-30.681361661,33.473585153,45.407343639,13.557920869,73.521654600
136.875000000,135.000000000,53.117746469,-30.736916376,33.383001341,45.378219520,13.525793186,73.591850676
137.001736111,135.125000000,53.089911571,-30.792294214,33.292376916,45.349175778,13.493515422,73.662608979
137.128472222,135.250000000,53.062160391,-30.847495735,33.201711857,45.320212526,13.461084594,73.738118669
137.255208333,135.375000000,53.034493128,-30.902521493,33.111006159,45.291329893,13.428497852,73.814170381
137.381944444,135.500000000,53.006909978,-30.957371850,33.020260131,45.262528111,13.395754971,73.890766818
137.508680556,135.625000000,52.979411139,-31.012047174,32.929474076,45.233807411,13.362855725,73.967910695
137.635416667,135.750000000,52.951996809,-31.066547830,32.838648298,45.205168024,13.329799892,74.045604730
137.762152778,135.875000000,52.924667186,-31.120874184,32.747783096,45.176610183,13.296587249,74.123851649
137.888888889,136.000000000,52.897422468,-31.175026605,32.656878767,45.148134121,13.263217577,74.202654186
138.015625000,136.125000000,52.870262853,-31.229005460,32.565935609,45.119740071,13.229690680,74.281683712
138.142361111,136.250000000,52.843188537,-31.282810973,32.474954157,45.091428341,13.196008356,74.358905795
138.269097222,136.375000000,52.816199711,-31.336443420,32.383934849,45.063199205,13.162171667,74.436669946
138.395833333,136.500000000,52.789296566,-31.389903169,32.292877972,45.035052889,13.128180409,74.514978705
138.522569444,136.625000000,52.762479294,-31.443190587,32.201783807,45.006989620,13.094034379,74.593834614
138.649305556,136.750000000,52.735748085,-31.496306042,32.110652635,44.979009626,13.059733375,74.673240222
138.776041667,136.875000000,52.709103129,-31.549249903,32.019484733,44.951113135,13.025277199,74.753198079
138.902777778,137.000000000,52.682544618,-31.602022539,31.928280378,44.923300374,12.990665651,74.833710741
139.029513889,137.125000000,52.656072743,-31.654624329,31.837039827,44.895571567,12.955898423,74.915584059
139.156250000,137.250000000,52.629687696,-31.707055841,31.745763011,44.867926844,12.920972501,75.000680948
139.282986111,137.375000000,52.603389678,-31.759317536,31.654450055,44.840366397,12.885886460,75.086368938
139.409722222,137.500000000,52.577178887,-31.811409791,31.563101225,44.812890465,12.850640096,75.172650885
139.536458333,137.625000000,52.551055523,-31.863332983,31.471716789,44.785499288,12.815233209,75.259529651
139.663194444,137.750000000,52.525019786,-31.915087491,31.380297010,44.758193105,12.779665600,75.347008101
139.789930556,137.875000000,52.499071875,-31.966673693,31.288842150,44.730972157,12.743937070,75.435089109
139.916666667,138.000000000,52.473211990,-32.018091970,31.197352466,44.703836684,12.708047425,75.523775547
140.043402778,138.125000000,52.447440330,-32.069342680,31.105828252,44.676786939,12.671996765,75.611607913
140.170138889,138.250000000,52.421757091,-32.120425955,31.014270202,44.649823288,12.635788541,75.697219663
140.296875000,138.375000000,52.396162463,-32.171342095,30.922678697,44.622946003,12.599423663,75.783409415
140.423611111,138.500000000,52.370656634,-32.222091477,30.831053981,44.596155313,12.562901955,75.870179696
140.550347222,138.625000000,52.345239794,-32.272674476,30.739396298,44.569451451,12.526223247,75.957533036
140.677083333,138.750000000,52.319912131,-32.323091470,30.647705889,44.542834647,12.489387367,76.045471962
140.803819444,138.875000000,52.294673836,-32.373342835,30.555982989,44.516305133,12.452394149,76.133999005
140.930555556,139.000000000,52.269525096,-32.423428949,30.464227837,44.489863143,12.415243426,76.223116693
141.057291667,139.125000000,52.244466101,-32.473350191,30.372440662,44.463508908,12.377935018,76.312890941
141.184027778,139.250000000,52.219497040,-32.523106948,30.280621680,44.437242656,12.340468643,76.403338580
141.310763889,139.375000000,52.194618102,-32.572699601,30.188771117,44.411064622,12.302844115,76.494385637
141.437500000,139.500000000,52.169829477,-32.622128529,30.096889199,44.384975039,12.265061278,76.586034649
141.564236111,139.625000000,52.145131355,-32.671394112,30.004976150,44.358974142,12.227119975,76.678288148
141.690972222,139.750000000,52.120523924,-32.720496730,29.913032190,44.333062167,12.189020052,76.771148669
141.817708333,139.875000000,52.096007374,-32.769436764,29.821057539,44.307239347,12.150761357,76.864618741
141.944444444,140.000000000,52.071581895,-32.818214596,29.729052412,44.281505921,12.112343741,76.958700892
142.071180556,140.125000000,52.047247675,-32.866830562,29.637017107,44.255862145,12.073767733,77.051249420
142.197916667,140.250000000,52.023004900,-32.915284834,29.544952229,44.230308363,12.035036389,77.142713049
142.324652778,140.375000000,51.998853749,-32.963577760,29.452858034,44.204844815,11.996149990,77.234763572
142.451388889,140.500000000,51.974794404,-33.011709719,29.360734726,44.179471729,11.957108408,77.327403191
142.578125000,140.625000000,51.950827044,-33.059681088,29.268582507,44.154189333,11.917911515,77.420634096
142.704861111,140.750000000,51.926951850,-33.107492244,29.176401576,44.128997855,11.878559186,77.514458474
142.831597222,140.875000000,51.903169004,-33.155143566,29.084192130,44.103897523,11.839051301,77.608878504
142.958333333,141.000000000,51.879478684,-33.202635433,28.991954363,44.078888568,11.799387738,77.703896357
143.085069444,141.125000000,51.855881073,-33.249968209,28.899688489,44.053971225,11.759568567,77.799006990
143.211805556,141.250000000,51.832376349,-33.297142236,28.807394774,44.029145742,11.719594269,77.894465961
143.338541667,141.375000000,51.808964690,-33.344157889,28.715073408,44.004412349,11.679464778,77.990522734
143.465277778,141.500000000,51.785646277,-33.391015545,28.622724577,43.979771274,11.639179986,78.087179385
143.592013889,141.625000000,51.762421287,-33.437715584,28.530348462,43.955222748,11.598739788,78.184437982
143.718750000,141.750000000,51.739289900,-33.484258383,28.437945244,43.930766999,11.558144079,78.282300583
143.845486111,141.875000000,51.716252294,-33.530644320,28.345515099,43.906404257,11.517392760,78.380769232
143.972222222,142.000000000,51.693308648,-33.576873776,28.253058204,43.882134753,11.476485732,78.479845967
144.098958333,142.125000000,51.670459141,-33.622947051,28.160574885,43.857958756,11.435424135,78.576564189
144.225694444,142.250000000,51.647703944,-33.668864351,28.068065651,43.833876580,11.394210605,78.673032352
144.352430556,142.375000000,51.625043230,-33.714626044,27.975530680,43.809888451,11.352845158,78.770081925
144.479166667,142.500000000,51.602477167,-33.760232504,27.882970134,43.785994590,11.311327718,78.867714600
144.605902778,142.625000000,51.580005928,-33.805684106,27.790384176,43.762195221,11.269658208,78.965932052
144.732638889,142.750000000,51.557629681,-33.850981223,27.697772964,43.738490565,11.227836558,79.064735943
144.859375000,142.875000000,51.535348599,-33.896124231,27.605136654,43.714880848,11.185862696,79.164127919
144.986111111,143.000000000,51.513162851,-33.941113502,27.512475401,43.691366292,11.143736555,79.264109608
145.112847222,143.125000000,51.491072607,-33.985949429,27.419789324,43.667947114,11.101457803,79.365261310
145.239583333,143.250000000,51.469078041,-34.030632410,27.327078521,43.644623526,11.059025972,79.467082422
145.366319444,143.375000000,51.447179322,-34.075162821,27.234343141,43.621395754,11.016440997,79.569503651
145.493055556,143.500000000,51.425376624,-34.119541037,27.141583328,43.598264026,10.973702819,79.672526606
145.619791667,143.625000000,51.403670118,-34.163767432,27.048799227,43.575228568,10.930811384,79.776152877
145.746527778,143.750000000,51.382059977,-34.207842383,26.955990978,43.552289608,10.887766637,79.880384038
145.873263889,143.875000000,51.360546371,-34.251766264,26.863158721,43.529447374,10.844568529,79.985221639
146.000000000,144.000000000,51.339129473,-34.295539450,26.770302592,43.506702094,10.801217012,80.090667214
146.126736111,144.125000000,51.317809454,-34.339162325,26.677422707,43.484053991,10.757711888,80.197027377
146.253472222,144.250000000,51.296586488,-34.382635274,26.584519178,43.461503291,10.714052958,80.304001174
146.380208333,144.375000000,51.275460747,-34.425958671,26.491592135,43.439050223,10.670240183,80.411590096
146.506944444,144.500000000,51.254432403,-34.469132892,26.398641706,43.416695018,10.626273527,80.519795615
146.633680556,144.625000000,51.233501629,-34.512158312,26.305668018,43.394437906,10.582152955,80.628619176
146.760416667,144.750000000,51.212668596,-34.555035305,26.212671193,43.372279119,10.537878437,80.738062205
146.887152778,144.875000000,51.191933479,-34.597764245,26.119651354,43.350218888,10.493449944,80.848126101
147.013888889,145.000000000,51.171296449,-34.640345508,26.026608620,43.328257444,10.448867467,80.958508089
147.140625000,145.125000000,51.150757678,-34.682779370,25.933543318,43.306395069,10.404132633,81.067028965
147.267361111,145.250000000,51.130317332,-34.725066139,25.840455699,43.284632020,10.359246519,81.176150343
147.394097222,145.375000000,51.109975580,-34.767206186,25.747345875,43.262968525,10.314209115,81.285873315
147.520833333,145.500000000,51.089732588,-34.809199882,25.654213954,43.241404811,10.269020417,81.396198945
147.647569444,145.625000000,51.069588523,-34.851047596,25.561060042,43.219941103,10.223680420,81.507128269
147.774305556,145.750000000,51.049543552,-34.892749698,25.467884244,43.198577631,10.178189124,81.618662294
147.901041667,145.875000000,51.029597842,-34.934306558,25.374686662,43.177314621,10.132546532,81.730801998
148.027777778,146.000000000,51.009751559,-34.975718546,25.281467393,43.156152300,10.086752624,81.843793084
148.154513889,146.125000000,50.990004873,-35.016986075,25.188226441,43.135090877,10.040806683,81.958269643
148.281250000,146.250000000,50.970357950,-35.058109531,25.094963862,43.114130574,9.994708390,82.073364514
148.407986111,146.375000000,50.950810962,-35.099089285,25.001679750,43.093271621,9.948457759,82.189078634
148.534722222,146.500000000,50.931364076,-35.139925708,24.908374196,43.072514250,9.902054804,82.305412903
148.661458333,146.625000000,50.912017462,-35.180619167,24.815047291,43.051858694,9.855499545,82.422368188
148.788194444,146.750000000,50.892771289,-35.221170033,24.721699122,43.031305185,9.808792004,82.539945326
148.914930556,146.875000000,50.873625726,-35.261578674,24.628329774,43.010853956,9.761932206,82.658145114
149.041666667,147.000000000,50.854580942,-35.301845433,24.534939392,42.990505253,9.714920662,82.773863489
149.168402778,147.125000000,50.835637100,-35.341970318,24.441528878,42.970259481,9.667763814,82.883812498
149.295138889,147.250000000,50.816794351,-35.381953578,24.348098562,42.950116910,9.620463719,82.994303841
149.421875000,147.375000000,50.798052849,-35.421795566,24.254648516,42.930077752,9.573020438,83.105337539
149.548611111,147.500000000,50.779412742,-35.461496640,24.161178811,42.910142222,9.525434032,83.216913576
149.675347222,147.625000000,50.760874184,-35.501057154,24.067689515,42.890310533,9.477704566,83.329031895
149.802083333,147.750000000,50.742437326,-35.540477464,23.974180693,42.870582900,9.429832110,83.441692401
149.928819444,147.875000000,50.724102319,-35.579757922,23.880652410,42.850959538,9.381816736,83.554894955
150.055555556,148.000000000,50.705869313,-35.618898882,23.787104729,42.831440660,9.333658530,83.668585652
150.182291667,148.125000000,50.687738462,-35.657900694,23.693537721,42.812026484,9.285357655,83.782748408
150.309027778,148.250000000,50.669709916,-35.696763708,23.599951446,42.792717225,9.236914210,83.897451504
150.435763889,148.375000000,50.651783825,-35.735488277,23.506345961,42.773513099,9.188328281,84.012694625
150.562500000,148.500000000,50.633960342,-35.774074753,23.412721319,42.754414322,9.139599957,84.128477415
150.689236111,148.625000000,50.616239618,-35.812523486,23.319077572,42.735421107,9.090729329,84.244799471
150.815972222,148.750000000,50.598621803,-35.850834827,23.225414770,42.716533673,9.041716494,84.361660345
150.942708333,148.875000000,50.581107049,-35.889009126,23.131732962,42.697752234,8.992561551,84.479059543
151.069444444,149.000000000,50.563695506,-35.927046674,23.038032336,42.679077036,8.943265709,84.592471708
151.196180556,149.125000000,50.546387319,-35.964947525,22.944313648,42.660508427,8.893834601,84.702634745
151.322916667,149.250000000,50.529182623,-36.002711979,22.850577035,42.642046628,8.844269105,84.813265042
151.449652778,149.375000000,50.512081556,-36.040340373,22.756822532,42.623691839,8.794569349,84.924361474
151.576388889,149.500000000,50.495084254,-36.077833045,22.663050174,42.605444258,8.744735466,85.035922873
151.703125000,149.625000000,50.478190853,-36.115190332,22.569259994,42.587304087,8.694767591,85.147948018
151.829861111,149.750000000,50.461401491,-36.152412570,22.475452023,42.569271526,8.644665861,85.260435643
151.956597222,149.875000000,50.444716304,-36.189500094,22.381626289,42.551346775,8.594430419,85.373384432
152.083333333,150.000000000,50.428135428,-36.226453197,22.287782929,42.533530057,8.544062246,85.483870801
152.210069444,150.125000000,50.411658996,-36.263272064,22.193922330,42.515821634,8.493564308,85.593263894
152.336805556,150.250000000,50.395287135,-36.299957015,22.100044545,42.498221706,8.442936989,85.703077926
152.463541667,150.375000000,50.379019976,-36.336508374,22.006149592,42.480730464,8.392180453,85.813311182
152.590277778,150.500000000,50.362857647,-36.372926471,21.912237490,42.463348100,8.341294868,85.923961896
152.717013889,150.625000000,50.346800277,-36.409211631,21.818308255,42.446074809,8.290280402,86.035028254
152.843750000,150.750000000,50.330847996,-36.445364178,21.724361900,42.428910781,8.239137229,86.146508385
152.970486111,150.875000000,50.315000932,-36.481384439,21.630398439,42.411856210,8.187865526,86.258400370
153.097222222,151.000000000,50.299259213,-36.517272671,21.536418051,42.394911319,8.136466779,86.366696853
153.223958333,151.125000000,50.283622963,-36.553029042,21.442421139,42.378076366,8.084944195,86.474149218
153.350694444,151.250000000,50.268092302,-36.588653864,21.348407722,42.361351535,8.033298087,86.581966382
153.477430556,151.375000000,50.252667351,-36.624147452,21.254377803,42.344737009,7.981528656,86.690146023
153.604166667,151.500000000,50.237348229,-36.659510120,21.160331385,42.328232973,7.929636104,86.798685768
153.730902778,151.625000000,50.222135057,-36.694742183,21.066268467,42.311839608,7.877620636,86.907583191
153.857638889,151.750000000,50.207027955,-36.729843954,20.972189047,42.295557099,7.825482460,87.016835813
153.984375000,151.875000000,50.192027044,-36.764815744,20.878093121,42.279385628,7.773221789,87.126441100
154.111111111,152.000000000,50.177132443,-36.799657793,20.783980879,42.263325412,7.720840327,87.232313646
154.237847222,152.125000000,50.162344267,-36.834370292,20.689852621,42.247376680,7.668340652,87.337926511
154.364583333,152.250000000,50.147662628,-36.868953546,20.595708340,42.231539607,7.615723023,87.443848857
154.491319444,152.375000000,50.133087639,-36.903407856,20.501548023,42.215814368,7.562987672,87.550077806
154.618055556,152.500000000,50.118619414,-36.937733526,20.407371657,42.200201137,7.510134836,87.656610425
154.744791667,152.625000000,50.104258064,-36.971930857,20.313179227,42.184700090,7.457164754,87.763443731
154.871527778,152.750000000,50.090003703,-37.006000151,20.218970716,42.169311401,7.404077669,87.870574687
154.998263889,152.875000000,50.075856443,-37.039941707,20.124746105,42.154035245,7.350873826,87.978000199
155.125000000,153.000000000,50.061816396,-37.073755731,20.030505627,42.138871837,7.297555403,88.080910363
155.251736111,153.125000000,50.047883669,-37.107442422,19.936249524,42.123821386,7.244124691,88.184006834
155.378472222,153.250000000,50.034058366,-37.141002070,19.841977773,42.108884060,7.190581953,88.287352781
155.505208333,153.375000000,50.020340593,-37.174434968,19.747690347,42.094060023,7.136927457,88.390944800
155.631944444,153.500000000,50.006730455,-37.207741403,19.653387217,42.079349441,7.083161470,88.494779440
155.758680556,153.625000000,49.993228057,-37.240921664,19.559068353,42.064752480,7.029284267,88.598853194
155.885416667,153.750000000,49.979833503,-37.273976040,19.464733723,42.050269307,6.975296123,88.703162504
156.012152778,153.875000000,49.966546900,-37.306904816,19.370383298,42.035900086,6.921197333,88.807314394
156.138888889,154.000000000,49.953368351,-37.339708189,19.276017292,42.021645021,6.866990079,88.908007864
156.265625000,154.125000000,49.940297955,-37.372386378,19.181635843,42.007504296,6.812675978,89.008897514
156.392361111,154.250000000,49.927335812,-37.404939664,19.087238912,41.993478071,6.758255324,89.109979528
156.519097222,154.375000000,49.914482020,-37.437368323,18.992826458,41.979566503,6.703728413,89.211250041
156.645833333,154.500000000,49.901736677,-37.469672633,18.898398440,41.965769751,6.649095548,89.312705140
156.772569444,154.625000000,49.889099884,-37.501852869,18.803954814,41.952087972,6.594357031,89.414340859
156.899305556,154.750000000,49.876571739,-37.533909306,18.709495535,41.938521325,6.539513172,89.516153183
157.026041667,154.875000000,49.864152341,-37.565842213,18.615020568,41.925069969,6.484564359,89.617138382
157.152777778,155.000000000,49.851841785,-37.597651750,18.520530197,41.911734108,6.429513429,89.714407072
157.279513889,155.125000000,49.839640166,-37.629338129,18.426024532,41.898513912,6.374361902,89.811807560
157.406250000,155.250000000,49.827547574,-37.660901615,18.331503518,41.885409533,6.319110106,89.909335616
157.532986111,155.375000000,49.815564100,-37.692342473,18.236967103,41.872421117,6.263758370,90.006986964
157.659722222,155.500000000,49.803689837,-37.723660964,18.142415232,41.859548815,6.208307024,90.104757280
157.786458333,155.625000000,49.791924875,-37.754857350,18.047847849,41.846792774,6.152756406,90.202642196
157.913194444,155.750000000,49.780269307,-37.785931892,17.953264894,41.834153144,6.097106853,90.300637297
158.039930556,155.875000000,49.768723224,-37.816884844,17.858666324,41.821630075,6.041358815,90.397834820
158.166666667,156.000000000,49.757286716,-37.847716394,17.764052287,41.809223742,5.985514210,90.493157870
158.293402778,156.125000000,49.745959871,-37.878426775,17.669422786,41.796934296,5.929573901,90.588559365
158.420138889,156.250000000,49.734742775,-37.909016239,17.574777760,41.784761881,5.873538245,90.684034723
158.546875000,156.375000000,49.723635516,-37.939485037,17.480117141,41.772706641,5.817407596,90.779579318
158.673611111,156.500000000,49.712638182,-37.969833419,17.385440862,41.760768717,5.761182316,90.875188481
158.800347222,156.625000000,49.701750860,-38.000061634,17.290748857,41.748948253,5.704862767,90.970857502
158.927083333,156.750000000,49.690973638,-38.030169931,17.196041055,41.737245392,5.648449316,91.066581630
159.053819444,156.875000000,49.680306602,-38.060158545,17.101317413,41.725660279,5.591942544,91.161019867
159.180555556,157.000000000,49.669749837,-38.090027647,17.006578093,41.714193084,5.535344582,91.253679645
159.307291667,157.125000000,49.659303428,-38.119777462,16.911823073,41.702843949,5.478656200,91.346360961
159.434027778,157.250000000,49.648967457,-38.149408228,16.817052277,41.691613011,5.421877780,91.439058936
159.560763889,157.375000000,49.638742006,-38.178920184,16.722265628,41.680500406,5.365009704,91.531768651
159.687500000,157.500000000,49.628627158,-38.208313566,16.627463048,41.669506272,5.308052361,91.624485153
159.814236111,157.625000000,49.618622997,-38.237588610,16.532644457,41.658630743,5.251006140,91.717203448
159.940972222,157.750000000,49.608729605,-38.266745550,16.437809774,41.647873957,5.193871434,91.809918507
160.067708333,157.875000000,49.598947065,-38.295784584,16.342959031,41.637236061,5.136649489,91.898310726
160.194444444,158.000000000,49.589275453,-38.324705758,16.248092738,41.626717250,5.079345162,91.982893216
160.321180556,158.125000000,49.579714841,-38.353509266,16.153210895,41.616317656,5.021959508,92.067411763
160.447916667,158.250000000,49.570265301,-38.382195331,16.058313413,41.606037400,4.964492940,92.151861365
160.574652778,158.375000000,49.560926904,-38.410764171,15.963400204,41.595876602,4.906945872,92.236236990
160.701388889,158.500000000,49.551699722,-38.439216005,15.868471177,41.585835384,4.849318721,92.320533585
160.828125000,158.625000000,49.542583827,-38.467551050,15.773526240,41.575913866,4.791611907,92.404746068
160.954861111,158.750000000,49.533579289,-38.495769520,15.678565302,41.566112169,4.733825853,92.488869332
161.081597222,158.875000000,49.524686180,-38.523871649,15.583588201,41.556430406,4.675960491,92.575013401
161.208333333,159.000000000,49.515904576,-38.551857722,15.488594612,41.546868677,4.618014512,92.662242428
161.335069444,159.125000000,49.507234551,-38.579727957,15.393584420,41.537427105,4.559988191,92.749384187
161.461805556,159.250000000,49.498676182,-38.607482568,15.298557526,41.528105816,4.501881961,92.836433387
161.588541667,159.375000000,49.490229544,-38.635121767,15.203513836,41.518904934,4.443696253,92.923384709
161.715277778,159.500000000,49.481894715,-38.662645764,15.108453248,41.509824585,4.385431504,93.010232811
161.842013889,159.625000000,49.473671769,-38.690054768,15.013375665,41.500864892,4.327088152,93.096972326
161.968750000,159.750000000,49.465560783,-38.717348985,14.918280984,41.492025981,4.268666639,93.183597862
162.095486111,159.875000000,49.457561833,-38.744528564,14.823169307,41.483307992,4.210168916,93.264487832
162.222222222,160.000000000,49.449674986,-38.771593565,14.728041016,41.474711087,4.151599076,93.343382192
162.348958333,160.125000000,49.441900310,-38.798544176,14.632896029,41.466235378,4.092957734,93.422109120
162.475694444,160.250000000,49.434237870,-38.825380593,14.537734237,41.457880975,4.034245349,93.500663386
162.602430556,160.375000000,49.426687733,-38.852103008,14.442555533,41.449647990,3.975462379,93.579039750
162.729166667,160.500000000,49.419249964,-38.878711613,14.347359806,41.441536532,3.916609288,93.657232955
162.855902778,160.625000000,49.411924629,-38.905206598,14.252146947,41.433546711,3.857686540,93.735237735
162.982638889,160.750000000,49.404711794,-38.931588152,14.156916844,41.425678637,3.798694602,93.813048813
163.109375000,160.875000000,49.397611525,-38.957856436,14.061669474,41.417932426,3.739634614,93.888448103
163.236111111,161.000000000,49.390623885,-38.984011592,13.966404874,41.410308196,3.680508161,93.963281001
163.362847222,161.125000000,49.383748936,-39.010053802,13.871122930,41.402806052,3.621315737,94.037892738
163.489583333,161.250000000,49.376986743,-39.035983247,13.775823526,41.395426098,3.562057820,94.112278107
163.616319444,161.375000000,49.370337366,-39.061800103,13.680506545,41.388168437,3.502734891,94.186431893
163.743055556,161.500000000,49.363800868,-39.087504549,13.585171868,41.381033174,3.443347432,94.260348881
163.869791667,161.625000000,49.357377313,-39.113096760,13.489819378,41.374020411,3.383895929,94.334023850
163.996527778,161.750000000,49.351066762,-39.138576910,13.394448953,41.367130252,3.324380870,94.407451576
164.123263889,161.875000000,49.344869278,-39.163945136,13.299060604,41.360362808,3.264803722,94.477721494
164.250000000,162.000000000,49.338784919,-39.189201568,13.203654355,41.353718187,3.205166066,94.547639608
164.376736111,162.125000000,49.332813746,-39.214346372,13.108230082,41.347196487,3.145468400,94.617282500
164.503472222,162.250000000,49.326955815,-39.239379714,13.012787662,41.340797804,3.085711222,94.686645088
164.630208333,162.375000000,49.321211187,-39.264301756,12.917326968,41.334522235,3.025895032,94.755722293
164.756944444,162.500000000,49.315579919,-39.289112661,12.821847873,41.328369876,2.966020333,94.824509042
164.883680556,162.625000000,49.310062071,-39.313812589,12.726350251,41.322340822,2.906087628,94.893000270
165.010416667,162.750000000,49.304657701,-39.338401699,12.630833973,41.316435169,2.846097431,94.960928634
165.137152778,162.875000000,49.299366866,-39.362880104,12.535299081,41.310653022,2.786051509,95.025616004
165.263888889,163.000000000,49.294189623,-39.387247924,12.439745567,41.304994478,2.725951293,95.089980711
165.390625000,163.125000000,49.289126024,-39.411505312,12.344173300,41.299459626,2.665797296,95.154017890
165.517361111,163.250000000,49.284176126,-39.435652416,12.248582146,41.294048555,2.605590036,95.217722687
165.644097222,163.375000000,49.279339983,-39.459689384,12.152971974,41.288761354,2.545330030,95.281090265
165.770833333,163.500000000,49.274617649,-39.483616364,12.057342647,41.283598109,2.485017799,95.344115800
165.897569444,163.625000000,49.270009178,-39.507433498,11.961694030,41.278558910,2.424653863,95.406794486
166.024305556,163.750000000,49.265514626,-39.531140928,11.866026004,41.273643844,2.364238863,95.467338565
166.151041667,163.875000000,49.261134043,-39.554738653,11.770338988,41.268853023,2.303777443,95.519994397
166.277777778,164.000000000,49.256867474,-39.578226737,11.674633122,41.264186533,2.243272187,95.572259419
166.404513889,164.125000000,49.252714961,-39.601605310,11.578908263,41.259644445,2.182723628,95.624129444
166.531250000,164.250000000,49.248676547,-39.624874499,11.483164272,41.255226830,2.122132300,95.675600314
166.657986111,164.375000000,49.244752274,-39.648034431,11.387401004,41.250933758,2.061498740,95.726667898
166.784722222,164.500000000,49.240942186,-39.671085231,11.291618319,41.246765299,2.000823485,95.777328098
166.911458333,164.625000000,49.237246325,-39.694027021,11.195816071,41.242721523,1.940107074,95.827576844
167.038194444,164.750000000,49.233664733,-39.716859922,11.099994123,41.238802500,1.879350100,95.876889140
167.164930556,164.875000000,49.230197454,-39.739584025,11.004152443,41.235008300,1.818553929,95.924571247
167.291666667,165.000000000,49.226844527,-39.762199439,10.908290920,41.231338992,1.757719387,95.971825328
167.418402778,165.125000000,49.223605993,-39.784706278,10.812409409,41.227794640,1.696847019,96.018647556
167.545138889,165.250000000,49.220481893,-39.807104655,10.716507762,41.224375309,1.635937373,96.065034137
167.671875000,165.375000000,49.217472267,-39.829394682,10.620585830,41.221081064,1.574990997,96.110981314
167.798611111,165.500000000,49.214577156,-39.851576468,10.524643463,41.217911969,1.514008440,96.156485368
167.925347222,165.625000000,49.211796601,-39.873650122,10.428680513,41.214868085,1.452990255,96.201542618
168.052083333,165.750000000,49.209130641,-39.895615728,10.332696921,41.211949481,1.391937686,96.241062115
168.178819444,165.875000000,49.206579311,-39.917473196,10.236693368,41.209156233,1.330857391,96.272817761
168.305555556,166.000000000,49.204142637,-39.939222574,10.140669891,41.206488392,1.269751355,96.304090970
168.432291667,166.125000000,49.201820643,-39.960863951,10.044626336,41.203946000,1.208620135,96.334879068
168.559027778,166.250000000,49.199613355,-39.982397416,9.948562548,41.201529097,1.147464292,96.365179436
168.685763889,166.375000000,49.197520798,-40.003823056,9.852478369,41.199237725,1.086284386,96.394989500
168.812500000,166.500000000,49.195542996,-40.025140955,9.756373644,41.197071924,1.025080978,96.424306737
168.939236111,166.625000000,49.193679977,-40.046351196,9.660248213,41.195031735,0.963854631,96.453128675
169.065972222,166.750000000,49.191931763,-40.067453836,9.564102033,41.193117199,0.902606733,96.476658355
169.192708333,166.875000000,49.190298374,-40.088448814,9.467935564,41.191328361,0.841342409,96.495263035
169.319444444,167.000000000,49.188779826,-40.109336178,9.371748742,41.189665246,0.780062925,96.513354171
169.446180556,167.125000000,49.187376130,-40.130115996,9.275541404,41.188127879,0.718768847,96.530930165
169.572916667,167.250000000,49.186087301,-40.150788334,9.179313390,41.186716283,0.657460744,96.547989475
169.699652778,167.375000000,49.184913353,-40.171353256,9.083064535,41.185430480,0.596139182,96.564530615
169.826388889,167.500000000,49.183854299,-40.191810825,8.986794678,41.184270493,0.534804730,96.580552156
169.953125000,167.625000000,49.182910153,-40.212161102,8.890503655,41.183236343,0.473457956,96.596052726
170.079861111,167.750000000,49.182080929,-40.232404105,8.794191489,41.182328054,0.412100803,96.604419766
170.206597222,167.875000000,49.181366633,-40.252539740,8.697858706,41.181545644,0.350738906,96.608378375
170.333333333,168.000000000,49.180767264,-40.272568040,8.601505205,41.180889116,0.289373309,96.611807557
170.460069444,168.125000000,49.180282825,-40.292489050,8.505130818,41.180358474,0.228004582,96.614706951
170.586805556,168.250000000,49.179913316,-40.312302810,8.408735378,41.179953722,0.166633297,96.617076255
170.713541667,168.375000000,49.179658738,-40.332009362,8.312318717,41.179674861,0.105260024,96.618915228
170.840277778,168.500000000,49.179519091,-40.351608745,8.215880665,41.179521894,0.043885335,96.620223687
170.967013889,168.625000000,49.179494377,-40.371100995,8.119421055,41.179494822,0.017490200,96.621001511
171.093750000,168.750000000,49.179584596,-40.390486086,8.022940020,41.179593646,0.078863799,96.612174952
171.220486111,168.875000000,49.179789737,-40.409763890,7.926438154,41.179818352,0.140229297,96.599628428
171.347222222,169.000000000,49.180109786,-40.428934420,7.829915322,41.180168920,0.201585850,96.586555920
171.473958333,169.125000000,49.180544730,-40.447997694,7.733371354,41.180645332,0.262932887,96.572958458
171.600694444,169.250000000,49.181094554,-40.466953729,7.636806075,41.181247567,0.324269837,96.558837126
171.727430556,169.375000000,49.181759244,-40.485802540,7.540219313,41.181975604,0.385596133,96.544193069
171.854166667,169.500000000,49.182538785,-40.504544141,7.443610896,41.182829422,0.446911203,96.529027490
171.980902778,169.625000000,49.183433163,-40.523178542,7.346980649,41.183809001,0.508214480,96.513341649
172.107638889,169.750000000,49.184442363,-40.541705720,7.250328571,41.184914315,0.569504147,96.492686081
172.234375000,169.875000000,49.185566367,-40.560125622,7.153654784,41.186145332,0.630777463,96.470728250
172.361111111,170.000000000,49.186805152,-40.578438248,7.056959120,41.187502021,0.692033823,96.448260009
172.487847222,170.125000000,49.188158699,-40.596643598,6.960241402,41.188984350,0.753272659,96.425283223
172.614583333,170.250000000,49.189626986,-40.614741668,6.863501457,41.190592288,0.814493407,96.401799815
172.741319444,170.375000000,49.191209993,-40.632732455,6.766739108,41.192325802,0.875695502,96.377811759
172.868055556,170.500000000,49.192907699,-40.650615953,6.669954179,41.194184858,0.936878380,96.353321084
172.994791667,170.625000000,49.194720084,-40.668392153,6.573146495,41.196169423,0.998041477,96.328329870
173.121527778,170.750000000,49.196647123,-40.686060949,6.476316403,41.198279451,1.059180425,96.290873304
173.248263889,170.875000000,49.198688784,-40.703622207,6.379464337,41.200514876,1.120290198,96.252428869
173.375000000,171.000000000,49.200845031,-40.721075903,6.282590120,41.202875644,1.181370230,96.213512976
173.501736111,171.125000000,49.203115827,-40.738422010,6.185693575,41.205361700,1.242419966,96.174128774
173.628472222,171.250000000,49.205501136,-40.755660499,6.088774522,41.207972989,1.303438847,96.134279459
173.755208333,171.375000000,49.208000921,-40.772791340,5.991832783,41.210709455,1.364426320,96.093968268
173.881944444,171.500000000,49.210615146,-40.789814501,5.894868179,41.213571040,1.425381830,96.053198483
174.008680556,171.625000000,49.213343776,-40.806729949,5.797880532,41.216557690,1.486304829,96.012178253
174.135416667,171.750000000,49.216186773,-40.823537674,5.700869507,41.219669351,1.547195891,95.973488221
174.262152778,171.875000000,49.219144107,-40.840237663,5.603834808,41.222905974,1.608055331,95.934342916
174.388888889,172.000000000,49.222215743,-40.856829879,5.506776256,41.226267506,1.668882598,95.894745588
174.515625000,172.125000000,49.225401649,-40.873314283,5.409693673,41.229753893,1.729677146,95.854699526
174.642361111,172.250000000,49.228701793,-40.889690835,5.312586881,41.233365082,1.790438424,95.814208060
174.769097222,172.375000000,49.232116142,-40.905959493,5.215455702,41.237101016,1.851165889,95.773274561
174.895833333,172.500000000,49.235644663,-40.922120213,5.118299956,41.240961643,1.911858993,95.731902437
175.022569444,172.625000000,49.239287324,-40.938172948,5.021119481,41.244946904,1.972517084,95.688257389
175.149305556,172.750000000,49.243044090,-40.954117544,4.923914716,41.249056716,2.033135133,95.635715138
175.276041667,172.875000000,49.246914915,-40.969953890,4.826685805,41.253290992,2.093710258,95.582773026
175.402777778,173.000000000,49.250899754,-40.985681927,4.729432567,41.257649659,2.154241923,95.529435247
175.529513889,173.125000000,49.254998561,-41.001301591,4.632154822,41.262132645,2.214729593,95.475706025
175.656250000,173.250000000,49.259211291,-41.016812817,4.534852392,41.266739875,2.275172737,95.421589608
175.782986111,173.375000000,49.263537898,-41.032215540,4.437525096,41.271471274,2.335570823,95.367090274
175.909722222,173.500000000,49.267978336,-41.047509692,4.340172755,41.276326768,2.395923321,95.312212323
176.036458333,173.625000000,49.272532561,-41.062695200,4.242795201,41.281306281,2.456229614,95.256040544
176.163194444,173.750000000,49.277200525,-41.077771960,4.145392467,41.286409724,2.516487646,95.197228646
176.289930556,173.875000000,49.281982178,-41.092739882,4.047964449,41.291637013,2.576696342,95.138061834
176.416666667,174.000000000,49.286877471,-41.107598889,3.950510967,41.296988066,2.636855181,95.078544682
176.543402778,174.125000000,49.291886354,-41.122348901,3.853031842,41.302462802,2.696963644,95.018681782
176.670138889,174.250000000,49.297008778,-41.136989835,3.755526894,41.308061137,2.757021214,94.958477743
176.796875000,174.375000000,49.302244693,-41.151521608,3.657995946,41.313782991,2.817027375,94.897937194
176.923611111,174.500000000,49.307594049,-41.165944135,3.560438817,41.319628278,2.876981613,94.837064777
177.050347222,174.625000000,49.313056796,-41.180257321,3.462855370,41.325596915,2.936883121,94.773702932
177.177083333,174.750000000,49.318632882,-41.194461021,3.365245808,41.331688789,2.996728624,94.706752262
177.303819444,174.875000000,49.324322251,-41.208555123,3.267610046,41.337903802,3.056516938,94.639504460
177.430555556,175.000000000,49.330124845,-41.222539530,3.169947905,41.344241861,3.116247560,94.571964497
177.557291667,175.125000000,49.336040608,-41.236414143,3.072259207,41.350702872,3.175919988,94.504137351
177.684027778,175.250000000,49.342069484,-41.250178860,2.974543773,41.357286742,3.235533723,94.436028006
177.810763889,175.375000000,49.348211415,-41.263833577,2.876801424,41.363993375,3.295088270,94.367641451
177.937500000,175.500000000,49.354466344,-41.277378190,2.779031984,41.370822677,3.354583132,94.298982682
178.064236111,175.625000000,49.360834216,-41.290812570,2.681235428,41.377774542,3.414016700,94.223720731
178.190972222,175.750000000,49.367314964,-41.304136478,2.583412483,41.384848800,3.473381960,94.142073477
178.317708333,175.875000000,49.373908516,-41.317349772,2.485563115,41.392045325,3.532677371,94.060224712
178.444444444,176.000000000,49.380614799,-41.330452327,2.387687147,41.399363999,3.591902457,93.978179953
178.571180556,176.125000000,49.387433740,-41.343444018,2.289784399,41.406804705,3.651056742,93.895944706
178.697916667,176.250000000,49.394365265,-41.356324717,2.191854696,41.414367327,3.710139752,93.813524464
178.824652778,176.375000000,49.401409301,-41.369094293,2.093897859,41.422051746,3.769151019,93.730924706
178.951388889,176.500000000,49.408565776,-41.381752616,1.995913711,41.429857846,3.828090073,93.648150899
179.078125000,176.625000000,49.415834616,-41.394299548,1.897902112,41.437785504,3.886956202,93.564069733
179.204861111,176.750000000,49.423215746,-41.406734935,1.799863018,41.445834590,3.945747980,93.479124265
179.331597222,176.875000000,49.430709092,-41.419058638,1.701796266,41.454004981,4.004464852,93.394030291
179.458333333,177.000000000,49.438314576,-41.431270516,1.603701682,41.462296556,4.063106363,93.308793273
179.585069444,177.125000000,49.446032125,-41.443370427,1.505579090,41.470709191,4.121672058,93.223418653
179.711805556,177.250000000,49.453861661,-41.455358228,1.407428317,41.479242764,4.180161486,93.137911852
179.838541667,177.375000000,49.461803110,-41.467233772,1.309249187,41.487897152,4.238574200,93.052278272
179.965277778,177.500000000,49.469856396,-41.478996912,1.211041529,41.496672233,4.296909751,92.966523292
180.092013889,177.625000000,49.478021442,-41.490647458,1.112805520,41.505567850,4.355165164,92.870943480
180.218750000,177.750000000,49.486298161,-41.502185137,1.014541918,41.514583780,4.413333282,92.771653050
180.345486111,177.875000000,49.494686458,-41.513609779,0.916250601,41.523719872,4.471413316,92.672331420
180.472222222,178.000000000,49.503186240,-41.524921216,0.817931396,41.532975980,4.529404843,92.572984180
180.598958333,178.125000000,49.511797413,-41.536119277,0.719584129,41.542351955,4.587307441,92.473616882
180.725694444,178.250000000,49.520519884,-41.547203794,0.621208630,41.551847651,4.645120694,92.374235038
180.852430556,178.375000000,49.529353558,-41.558174591,0.522804727,41.561462921,4.702844186,92.274844123
180.979166667,178.500000000,49.538298341,-41.569031496,0.424372250,41.571197617,4.760477506,92.175449569
181.105902778,178.625000000,49.547354140,-41.579774326,0.325911074,41.581051586,4.818019921,92.075004738
181.232638889,178.750000000,49.556520859,-41.590402894,0.227421111,41.591024671,4.875470440,91.974367030
181.359375000,178.875000000,49.565798403,-41.600917018,0.128902194,41.601116722,4.932828647,91.873749354
181.486111111,179.000000000,49.575186677,-41.611316517,0.030354155,41.611327588,4.990094143,91.773156997
181.612847222,179.125000000,49.584685584,-41.621601205,-0.068223173,41.621657118,5.047266534,91.672595202
181.739583333,179.250000000,49.594295030,-41.631770896,-0.166829956,41.632105162,5.104345427,91.572069169
181.866319444,179.375000000,49.604014918,-41.641825404,-0.265466360,41.642671568,5.161330432,91.471584054
181.993055556,179.500000000,49.613845153,-41.651764537,-0.364132552,41.653356186,5.218221163,91.371144970
182.119791667,179.625000000,49.623785638,-41.661588064,-0.462828286,41.664158819,5.275014302,91.262453282
182.246527778,179.750000000,49.633836266,-41.671295734,-0.561553225,41.675079246,5.331705848,91.153391255
182.373263889,179.875000000,49.643996931,-41.680887342,-0.660307530,41.686117301,5.388295422,91.044446832
182.500000000,180.000000000,49.654267524,-41.690362684,-0.759091365,41.697272817,5.444782661,90.935624982
182.626736111,180.125000000,49.664647936,-41.699721552,-0.857904891,41.708545627,5.501167203,90.826930620
182.753472222,180.250000000,49.675138060,-41.708963739,-0.956748271,41.719935563,5.557448689,90.718368608
182.880208333,180.375000000,49.685737787,-41.718089033,-1.055621665,41.731442458,5.613626764,90.609943754
183.006944444,180.500000000,49.696447010,-41.727097223,-1.154525232,41.743066145,5.669701073,90.501441507
183.133680556,180.625000000,49.707265619,-41.735988073,-1.253458898,41.754806426,5.725669585,90.389317297
183.260416667,180.750000000,49.718193501,-41.744761348,-1.352422630,41.766663106,5.781530595,90.277371654
183.387152778,180.875000000,49.729230543,-41.753416826,-1.451416588,41.778636009,5.837283767,90.165609153
183.513888889,181.000000000,49.740376629,-41.761954285,-1.550440927,41.790724961,5.892928766,90.054034306
183.640625000,181.125000000,49.751631647,-41.770373500,-1.649495803,41.802929787,5.948465261,89.942651570
183.767361111,181.250000000,49.762995482,-41.778674246,-1.748581372,41.815250311,6.003892927,89.831465346
183.894097222,181.375000000,49.774468021,-41.786856295,-1.847697787,41.827686358,6.059211438,89.720479976
184.020833333,181.500000000,49.786049149,-41.794919417,-1.946845197,41.840237753,6.114420440,89.609160264
184.147569444,181.625000000,49.797738752,-41.802863362,-2.046023526,41.852904290,6.169517986,89.495321143
184.274305556,181.750000000,49.809536710,-41.810687886,-2.145232803,41.865685773,6.224502874,89.381718853
184.401041667,181.875000000,49.821442906,-41.818392749,-2.244473176,41.878582020,6.279374795,89.268357468
184.527777778,182.000000000,49.833457219,-41.825977714,-2.343744797,41.891592849,6.334133449,89.155241000
184.654513889,182.125000000,49.845579533,-41.833442540,-2.443047813,41.904718080,6.388778534,89.042373403
184.781250000,182.250000000,49.857809727,-41.840786985,-2.542382371,41.917957531,6.443309756,88.929758570
184.907986111,182.375000000,49.870147682,-41.848010804,-2.641748619,41.931311022,6.497726821,88.817400338
185.034722222,182.500000000,49.882593281,-41.855113750,-2.741146676,41.944778366,6.552029253,88.703587948
185.161458333,182.625000000,49.895146401,-41.862095541,-2.840576199,41.958359313,6.606213279,88.585525696
185.288194444,182.750000000,49.907806913,-41.868955907,-2.940037151,41.972053645,6.660277309,88.467777511
185.414930556,182.875000000,49.920574691,-41.875694592,-3.039529673,41.985861170,6.714221072,88.350346863
185.541666667,183.000000000,49.933449604,-41.882311337,-3.139053907,41.999781694,6.768044301,88.233237158
185.668402778,183.125000000,49.946431525,-41.888805883,-3.238609993,42.013815025,6.821746732,88.116451742
185.795138889,183.250000000,49.959520326,-41.895177968,-3.338198072,42.027960970,6.875328105,87.999993900
185.921875000,183.375000000,49.972715877,-41.901427328,-3.437818281,42.042219336,6.928788164,87.883866855
186.048611111,183.500000000,49.986018051,-41.907553700,-3.537470755,42.056589929,6.982126641,87.767976842
186.175347222,183.625000000,49.999426718,-41.913556815,-3.637155609,42.071072554,7.035343133,87.652269449
186.302083333,183.750000000,50.012941751,-41.919436406,-3.736872972,42.085667016,7.088437357,87.536904085
186.428819444,183.875000000,50.026563019,-41.925192203,-3.836622979,42.100373124,7.141409068,87.421883727
186.555555556,184.000000000,50.040290395,-41.930823936,-3.936405761,42.115190683,7.194258029,87.307211292
186.682291667,184.125000000,50.054123750,-41.936331331,-4.036221449,42.130119500,7.246984005,87.192889642
186.809027778,184.250000000,50.068062954,-41.941714116,-4.136070174,42.145159384,7.299586763,87.078921577
186.935763889,184.375000000,50.082107878,-41.946972015,-4.235952065,42.160310140,7.352066074,86.965309841
187.062500000,184.500000000,50.096258395,-41.952104748,-4.335867196,42.175571569,7.404421327,86.850181741
187.189236111,184.625000000,50.110514372,-41.957112019,-4.435815359,42.190943422,7.456649914,86.733509875
187.315972222,184.750000000,50.124875673,-41.961993539,-4.535796623,42.206425491,7.508751214,86.617231675
187.442708333,184.875000000,50.139342165,-41.966749024,-4.635811112,42.222017577,7.560725017,86.501349529
187.569444444,185.000000000,50.153913712,-41.971378186,-4.735858950,42.237719479,7.612571119,86.385865769
187.696180556,185.125000000,50.168590178,-41.975880737,-4.835940257,42.253530999,7.664289317,86.270782670
187.822916667,185.250000000,50.183371430,-41.980256388,-4.936055155,42.269451936,7.715879413,86.156102450
187.949652778,185.375000000,50.198257332,-41.984504847,-5.036203761,42.285482090,7.767341212,86.041827273
188.076388889,185.500000000,50.213247748,-41.988625821,-5.136386177,42.301621261,7.818674394,85.927460327
188.203125000,185.625000000,50.228342544,-41.992619012,-5.236602444,42.317869236,7.869878244,85.813178994
188.329861111,185.750000000,50.243541582,-41.996484123,-5.336852670,42.334225812,7.920952525,85.699315376
188.456597222,185.875000000,50.258844727,-42.000220856,-5.437136969,42.350690790,7.971897055,85.585871388
188.583333333,186.000000000,50.274251842,-42.003828913,-5.537455453,42.367263969,8.022711659,85.472848889
188.710069444,186.125000000,50.289762790,-42.007307993,-5.637808232,42.383945150,8.073396162,85.360249686
188.836805556,186.250000000,50.305377435,-42.010657792,-5.738195418,42.400734131,8.123950395,85.248075533
188.963541667,186.375000000,50.321095641,-42.013878010,-5.838617118,42.417630712,8.174374192,85.136328133
189.090277778,186.500000000,50.336917271,-42.016968338,-5.939073392,42.434634687,8.224667058,85.023952602
189.217013889,186.625000000,50.352842187,-42.019928466,-6.039564218,42.451745832,8.274827915,84.911590517
189.343750000,186.750000000,50.368870251,-42.022758084,-6.140089692,42.468963943,8.324856556,84.799671747
189.470486111,186.875000000,50.385001322,-42.025456882,-6.240649918,42.486288818,8.374752829,84.688197732
189.597222222,187.000000000,50.401235263,-42.028024548,-6.341244995,42.503720254,8.424516588,84.577169859
189.723958333,187.125000000,50.417571934,-42.030460768,-6.441875025,42.521258050,8.474147688,84.466589466
189.850694444,187.250000000,50.434011197,-42.032765228,-6.542540105,42.538902004,8.523645990,84.356457846
189.977430556,187.375000000,50.450552911,-42.034937612,-6.643240333,42.556651914,8.573011355,84.246776242
190.104166667,187.500000000,50.467196940,-42.036977602,-6.743975746,42.574507569,8.622243243,84.136446310
190.230902778,187.625000000,50.483943140,-42.038884875,-6.844746331,42.592468746,8.671340744,84.026340287
190.357638889,187.750000000,50.500791372,-42.040659110,-6.945552177,42.610535240,8.720303715,83.916698407
190.484375000,187.875000000,50.517741494,-42.042299985,-7.046393375,42.628706849,8.769132034,83.807521665
190.611111111,188.000000000,50.534793364,-42.043807174,-7.147270014,42.646983368,8.817825581,83.698811011
190.737847222,188.125000000,50.551946841,-42.045180354,-7.248182183,42.665364594,8.866384243,83.590567351
190.864583333,188.250000000,50.569201785,-42.046419197,-7.349129968,42.683850325,8.914807906,83.482791546
190.991319444,188.375000000,50.586558053,-42.047523375,-7.450113454,42.702440358,8.963096463,83.375484415
191.118055556,188.500000000,50.604015505,-42.048492562,-7.551132850,42.721134513,9.011250703,83.270730369
191.244791667,188.625000000,50.621574002,-42.049326430,-7.652188400,42.739932622,9.059271687,83.166582474
191.371527778,188.750000000,50.639233408,-42.050024651,-7.753280185,42.758834488,9.107159317,83.062887710
191.498263889,188.875000000,50.656993586,-42.050586895,-7.854408285,42.777839914,9.154913490,82.959646839
191.625000000,189.000000000,50.674854397,-42.051012831,-7.955572776,42.796948703,9.202534109,82.856860582
191.751736111,189.125000000,50.692815705,-42.051302126,-8.056773734,42.816160658,9.250021080,82.754529623
191.878472222,189.250000000,50.710877373,-42.051454447,-8.158011234,42.835475583,9.297374312,82.652654604
192.005208333,189.375000000,50.729039263,-42.051469459,-8.259285347,42.854893280,9.344593711,82.551065436
192.131944444,189.500000000,50.747301237,-42.051346824,-8.360595849,42.874413497,9.391677082,82.445967803
192.258680556,189.625000000,50.765663150,-42.051086202,-8.461942559,42.894035980,9.438622548,82.341360894
192.385416667,189.750000000,50.784124858,-42.050687247,-8.563325544,42.913760525,9.485430039,82.237244987
192.512152778,189.875000000,50.802686216,-42.050149616,-8.664744870,42.933586927,9.532099488,82.133620320
192.638888889,190.000000000,50.821347079,-42.049472962,-8.766200602,42.953514983,9.578630829,82.030487096
192.765625000,190.125000000,50.840107301,-42.048656938,-8.867692802,42.973544489,9.625024002,81.927845481
192.892361111,190.250000000,50.858966738,-42.047701194,-8.969221532,42.993675240,9.671278947,81.825695608
193.019097222,190.375000000,50.877925245,-42.046605382,-9.070786856,43.013907034,9.717395651,81.724596260
193.145833333,190.500000000,50.896982678,-42.045369148,-9.172389147,43.034239734,9.763376308,81.627120789
193.272569444,190.625000000,50.916138899,-42.043992143,-9.274028642,43.054673179,9.809222152,81.530107873
193.399305556,190.750000000,50.935393770,-42.042474018,-9.375705393,43.075207175,9.854933130,81.433557710
193.526041667,190.875000000,50.954747153,-42.040814424,-9.477419456,43.095841528,9.900509188,81.337470464
193.652777778,191.000000000,50.974198910,-42.039013012,-9.579170880,43.116576044,9.945950278,81.241846270
193.779513889,191.125000000,50.993748904,-42.037069428,-9.680959716,43.137410529,9.991256352,81.146685229
193.906250000,191.250000000,51.013396996,-42.034983322,-9.782786011,43.158344790,10.036427367,81.051987412
194.032986111,191.375000000,51.033143049,-42.032754339,-9.884649781,43.179378627,10.081463060,80.956018427
194.159722222,191.500000000,51.052986921,-42.030382136,-9.986550432,43.200511711,10.126358832,80.855616810
194.286458333,191.625000000,51.072928460,-42.027866355,-10.088487756,43.221743782,10.171112862,80.755731381
194.413194444,191.750000000,51.092967517,-42.025206629,-10.190461793,43.243074633,10.215725131,80.656361710
194.539930556,191.875000000,51.113103940,-42.022402591,-10.292472582,43.264504058,10.260195627,80.557507342
194.666666667,192.000000000,51.133337578,-42.019453873,-10.394520160,43.286031848,10.304524338,80.459167792
194.793402778,192.125000000,51.153668280,-42.016360106,-10.496604562,43.307657797,10.348711256,80.361342548
194.920138889,192.250000000,51.174095895,-42.013120919,-10.598725822,43.329381699,10.392756375,80.264031073
195.046875000,192.375000000,51.194620272,-42.009735941,-10.700883984,43.351203350,10.436659784,80.167717782
195.173611111,192.500000000,51.215241261,-42.006204796,-10.803079213,43.373122574,10.480422454,80.072736142
195.300347222,192.625000000,51.235958713,-42.002527111,-10.905311575,43.395139178,10.524044649,79.978256018
195.427083333,192.750000000,51.256772479,-41.998702514,-11.007581095,43.417252958,10.567526372,79.884276849
195.553819444,192.875000000,51.277682413,-41.994730631,-11.109887798,43.439463713,10.610867627,79.790798049
195.680555556,193.000000000,51.298688364,-41.990611088,-11.212231706,43.461771241,10.654068421,79.697819009
195.807291667,193.125000000,51.319790186,-41.986343510,-11.314612840,43.484175340,10.697128765,79.605339097
195.934027778,193.250000000,51.340987728,-41.981927519,-11.417031219,43.506675811,10.740048671,79.513357657
196.060763889,193.375000000,51.362280844,-41.977362745,-11.519486744,43.529272425,10.782827330,79.418548329
196.187500000,193.500000000,51.383669376,-41.972648836,-11.621978678,43.551964809,10.825459376,79.320666933
196.314236111,193.625000000,51.405153163,-41.967785411,-11.724506898,43.574752717,10.867943874,79.223337743
196.440972222,193.750000000,51.426732042,-41.962772080,-11.827071414,43.597635932,10.910280865,79.126559568
196.567708333,193.875000000,51.448405850,-41.957608450,-11.929672235,43.620614238,10.952470394,79.030331194
196.694444444,194.000000000,51.470174423,-41.952294131,-12.032309367,43.643687420,10.994512507,78.934651390
196.821180556,194.125000000,51.492037599,-41.946828730,-12.134982814,43.666855261,11.036407253,78.839518906
196.947916667,194.250000000,51.513995214,-41.941211853,-12.237692579,43.690117548,11.078154683,78.744932474
197.074652778,194.375000000,51.536047106,-41.935443110,-12.340438580,43.713474046,11.119754266,78.649015621
197.201388889,194.500000000,51.558193108,-41.929522122,-12.443220466,43.736924457,11.161203555,78.552354835
197.328125000,194.625000000,51.580433050,-41.923448492,-12.546038194,43.760468551,11.202502331,78.456262269
197.454861111,194.750000000,51.602766761,-41.917221816,-12.648891756,43.784106106,11.243650666,78.360736360
197.581597222,194.875000000,51.625194073,-41.910841694,-12.751781145,43.807836900,11.284648633,78.265775534
197.708333333,195.000000000,51.647714815,-41.904307721,-12.854706351,43.831660714,11.325496307,78.171378199
197.835069444,195.125000000,51.670328818,-41.897619493,-12.957667360,43.855577326,11.366193766,78.077542750
197.961805556,195.250000000,51.693035911,-41.890776606,-13.060664159,43.879586517,11.406741091,77.984267568
198.088541667,195.375000000,51.715835925,-41.883778657,-13.163696673,43.903688054,11.447137949,77.890456952
198.215277778,195.500000000,51.738728687,-41.876625250,-13.266764714,43.927881674,11.487383218,77.796742352
198.342013889,195.625000000,51.761714025,-41.869315976,-13.369868251,43.952167152,11.527476912,77.703595908
198.468750000,195.750000000,51.784791764,-41.861850425,-13.473007260,43.976544267,11.567419126,77.611015834
198.595486111,195.875000000,51.807961731,-41.854228185,-13.576181715,44.001012795,11.607209957,77.519000335
198.722222222,196.000000000,51.831223754,-41.846448845,-13.679391589,44.025572514,11.646849505,77.427547605
198.848958333,196.125000000,51.854577658,-41.838511992,-13.782636853,44.050223204,11.686337871,77.336655827
198.975694444,196.250000000,51.878023271,-41.830417214,-13.885917474,44.074964644,11.725675159,77.246323174
199.102430556,196.375000000,51.901560417,-41.822164127,-13.989232991,44.099796507,11.764858408,77.149731521
199.229166667,196.500000000,51.925188909,-41.813752378,-14.092582509,44.124718353,11.803881588,77.052141809
199.355902778,196.625000000,51.948908554,-41.805181539,-14.195965964,44.149729933,11.842744664,76.955175764
199.482638889,196.750000000,51.972719160,-41.796451182,-14.299383314,44.174831008,11.881447773,76.858830862
199.609375000,196.875000000,51.996620534,-41.787560876,-14.402834514,44.200021335,11.919991056,76.763104576
199.736111111,197.000000000,52.020612483,-41.778510193,-14.506319517,44.225300675,11.958374655,76.667994374
199.862847222,197.125000000,52.044694814,-41.769298700,-14.609838272,44.250668789,11.996598716,76.573497722
199.989583333,197.250000000,52.068867335,-41.759925967,-14.713390729,44.276125435,12.034663386,76.479612082
200.116319444,197.375000000,52.093129854,-41.750391549,-14.816976985,44.301670414,12.072569911,76.388427319
200.243055556,197.500000000,52.117482182,-41.740694996,-14.920597193,44.327303542,12.110319935,76.298017530
200.369791667,197.625000000,52.141924132,-41.730835879,-15.024251295,44.353024589,12.147913613,76.208192185
200.496527778,197.750000000,52.166455517,-41.720813768,-15.127939231,44.378833320,12.185351096,76.118948921
200.623263889,197.875000000,52.191076149,-41.710628233,-15.231660937,44.404729506,12.222632533,76.030285371
200.750000000,198.000000000,52.215785841,-41.700278842,-15.335416348,44.430712914,12.259758079,75.942199167
200.876736111,198.125000000,52.240584405,-41.689765164,-15.439205395,44.456783314,12.296727887,75.854687938
201.003472222,198.250000000,52.265471655,-41.679086766,-15.543028009,44.482940475,12.333542113,75.767647728
201.130208333,198.375000000,52.290447402,-41.668243247,-15.646883801,44.509184085,12.370198644,75.677587368
201.256944444,198.500000000,52.315511450,-41.657234199,-15.750772410,44.535513836,12.406695608,75.588125402
201.383680556,198.625000000,52.340663603,-41.646059181,-15.854693759,44.561929486,12.443033180,75.499259153
201.510416667,198.750000000,52.365903664,-41.634717755,-15.958647768,44.588430799,12.479211537,75.410985947
201.637152778,198.875000000,52.391231439,-41.623209478,-16.062634352,44.615017534,12.515230857,75.323303109
201.763888889,199.000000000,52.416646729,-41.611533911,-16.166653425,44.641689455,12.551091323,75.236207969
201.890625000,199.125000000,52.442149340,-41.599690611,-16.270704901,44.668446323,12.586793116,75.149697856
202.017361111,199.250000000,52.467739074,-41.587679138,-16.374788685,44.695287901,12.622336402,75.063548447
202.144097222,199.375000000,52.493415734,-41.575499067,-16.478904519,44.722213908,12.657720178,74.976589897
202.270833333,199.500000000,52.519179120,-41.563149966,-16.583052208,44.749224078,12.692943916,74.890221666
202.397569444,199.625000000,52.545029033,-41.550631387,-16.687231651,44.776318170,12.728007812,74.804440959
202.524305556,199.750000000,52.570965270,-41.537942886,-16.791442750,44.803495944,12.762912064,74.719244989
202.651041667,199.875000000,52.596987633,-41.525084016,-16.895685399,44.830757161,12.797656871,74.634630971
202.777777778,200.000000000,52.623095921,-41.512054330,-16.999959493,44.858101581,12.832242433,74.550596127
202.904513889,200.125000000,52.649289934,-41.498853380,-17.104264924,44.885528965,12.866668954,74.467137682
203.031250000,200.250000000,52.675569470,-41.485480718,-17.208601599,44.913039080,12.900936781,74.385198762
203.157986111,200.375000000,52.701934333,-41.471935840,-17.312969851,44.940631809,12.935049327,74.306701721
203.284722222,200.500000000,52.728384332,-41.458218281,-17.417369748,44.968306972,12.969008119,74.228742172
203.411458333,200.625000000,52.754919276,-41.444327598,-17.521801173,44.996064343,13.002813352,74.151317667
203.538194444,200.750000000,52.781538974,-41.430263348,-17.626264006,45.023903695,13.036465225,74.074425763
203.664930556,200.875000000,52.808243237,-41.416025091,-17.730758125,45.051824802,13.069963936,73.998064017
203.791666667,201.000000000,52.835031874,-41.401612382,-17.835283404,45.079827439,13.103309688,73.922229994
203.918402778,201.125000000,52.861904693,-41.387024779,-17.939839717,45.107911381,13.136502681,73.846921258
204.045138889,201.250000000,52.888861506,-41.372261842,-18.044426903,45.136076393,13.169542907,73.771169718
204.171875000,201.375000000,52.915902117,-41.357323174,-18.149044490,45.164322158,13.202428107,73.694207426
204.298611111,201.500000000,52.943026331,-41.342208340,-18.253692243,45.192648417,13.235157795,73.617784269
204.425347222,201.625000000,52.970233949,-41.326916893,-18.358370024,45.221054939,13.267732190,73.541897621
204.552083333,201.750000000,52.997524774,-41.311448382,-18.463077694,45.249541493,13.300151511,73.466544862
204.678819444,201.875000000,53.024898608,-41.295802358,-18.567815107,45.278107847,13.332415981,73.391723377
204.805555556,202.000000000,53.052355253,-41.279978373,-18.672582117,45.306753772,13.364525822,73.317430561
204.932291667,202.125000000,53.079894511,-41.263975976,-18.777378577,45.335479038,13.396481258,73.243663812
205.059027778,202.250000000,53.107516186,-41.247794716,-18.882204349,45.364283418,13.428282613,73.170754400
205.185763889,202.375000000,53.135220080,-41.231434129,-18.987059372,45.393166710,13.459930798,73.098744771
205.312500000,202.500000000,53.163005997,-41.214893764,-19.091943510,45.422128693,13.491426170,73.027247949
205.439236111,202.625000000,53.190873742,-41.198173172,-19.196856603,45.451169139,13.522768955,72.956261415
205.565972222,202.750000000,53.218823120,-41.181271903,-19.301798490,45.480287823,13.553959381,72.885782660
205.692708333,202.875000000,53.246853933,-41.164189508,-19.406769007,45.509484519,13.584997679,72.815809180
205.819444444,203.000000000,53.274965988,-41.146925539,-19.511767988,45.538759001,13.615884079,72.746338479
205.946180556,203.125000000,53.303159087,-41.129479546,-19.616795263,45.568111044,13.646618813,72.677368067
206.072916667,203.250000000,53.331433035,-41.111851081,-19.721850655,45.597540423,13.677202066,72.608764285
206.199652778,203.375000000,53.359787636,-41.094039699,-19.826933959,45.627046902,13.707633852,72.540560373
206.326388889,203.500000000,53.388222695,-41.076044951,-19.932044993,45.656630257,13.737914381,72.472851035
206.453125000,203.625000000,53.416738013,-41.057866387,-20.037183579,45.686290263,13.768043890,72.405633793
206.579861111,203.750000000,53.445333396,-41.039503556,-20.142349535,45.716026696,13.798022620,72.338906179
206.706597222,203.875000000,53.474008646,-41.020956010,-20.247542675,45.745839333,13.827850810,72.272665732
206.833333333,204.000000000,53.502763568,-41.002223297,-20.352762812,45.775727950,13.857528702,72.206909998
206.960069444,204.125000000,53.531597964,-40.983304968,-20.458009757,45.805692324,13.887056537,72.141636531
207.086805556,204.250000000,53.560511639,-40.964200574,-20.563283306,45.835732229,13.916434485,72.076675029
207.213541667,204.375000000,53.589504396,-40.944909672,-20.668583232,45.865847434,13.945662556,72.012115239
207.340277778,204.500000000,53.618576038,-40.925431811,-20.773909334,45.896037715,13.974740982,71.948032228
207.467013889,204.625000000,53.647726367,-40.905766540,-20.879261414,45.926302849,14.003670011,71.884423565
207.593750000,204.750000000,53.676955187,-40.885913409,-20.984639266,45.956642615,14.032449891,71.821286827
207.720486111,204.875000000,53.706262300,-40.865871969,-21.090042686,45.987056791,14.061080871,71.758619602
207.847222222,205.000000000,53.735647510,-40.845641768,-21.195471465,46.017545155,14.089563204,71.696419483
207.973958333,205.125000000,53.765110620,-40.825222358,-21.300925391,46.048107486,14.117897142,71.634684075
208.100694444,205.250000000,53.794651431,-40.804613299,-21.406404187,46.078743545,14.146082460,71.572525988
208.227430556,205.375000000,53.824269745,-40.783814168,-21.511907497,46.109453068,14.174118415,71.510606239
208.354166667,205.500000000,53.853965361,-40.762824514,-21.617435098,46.140235831,14.202005234,71.449152094
208.480902778,205.625000000,53.883738080,-40.741643885,-21.722986768,46.171091611,14.229743177,71.388161112
208.607638889,205.750000000,53.913587700,-40.720271829,-21.828562281,46.202020184,14.257332506,71.327630859
208.734375000,205.875000000,53.943514021,-40.698707895,-21.934161411,46.233021328,14.284773483,71.267558912
208.861111111,206.000000000,53.973516843,-40.676951633,-22.039783926,46.264094821,14.312066370,71.207942857
208.987847222,206.125000000,54.003595966,-40.655002590,-22.145429594,46.295240441,14.339211430,71.148780291
209.114583333,206.250000000,54.033751189,-40.632860312,-22.251098203,46.326457973,14.366209106,71.090351812
209.241319444,206.375000000,54.063982313,-40.610524340,-22.356789550,46.357747208,14.393059915,71.032399931
209.368055556,206.500000000,54.094289139,-40.587994226,-22.462503395,46.389107925,14.419764124,70.974892173
209.494791667,206.625000000,54.124671466,-40.565269519,-22.568239493,46.420539904,14.446321999,70.917826196
209.621527778,206.750000000,54.155129096,-40.542349771,-22.673997599,46.452042927,14.472733806,70.861199667
209.748263889,206.875000000,54.185661829,-40.519234531,-22.779777464,46.483616773,14.498999813,70.805010261
209.875000000,207.000000000,54.216269465,-40.495923353,-22.885578836,46.515261225,14.525120287,70.749255666
210.001736111,207.125000000,54.246951807,-40.472415786,-22.991401462,46.546976064,14.551095498,70.693929706
210.128472222,207.250000000,54.277708652,-40.448711389,-23.097245056,46.578761063,14.576925511,70.638756180
210.255208333,207.375000000,54.308539803,-40.424809719,-23.203109332,46.610615996,14.602610405,70.584012544
210.381944444,207.500000000,54.339445058,-40.400710329,-23.308994029,46.642540644,14.628150452,70.529696502
210.508680556,207.625000000,54.370424217,-40.376412770,-23.414898881,46.674534789,14.653545925,70.475805770
210.635416667,207.750000000,54.401477080,-40.351916595,-23.520823620,46.706598213,14.678797097,70.422338074
210.762152778,207.875000000,54.432603447,-40.327221356,-23.626767976,46.738730699,14.703904242,70.369291147
210.888888889,208.000000000,54.463803117,-40.302326608,-23.732731675,46.770932029,14.728867636,70.316662734
211.015625000,208.125000000,54.495075890,-40.277231904,-23.838714444,46.803201986,14.753687563,70.264573382
211.142361111,208.250000000,54.526421566,-40.251936769,-23.944716121,46.835540392,14.778365164,70.213767433
211.269097222,208.375000000,54.557839949,-40.226440743,-24.050736499,46.867947054,14.802901257,70.163366563
211.395833333,208.500000000,54.589330840,-40.200743382,-24.156775296,46.900421759,14.827296115,70.113368625
211.522569444,208.625000000,54.620894043,-40.174844243,-24.262832226,46.932964296,14.851550012,70.063771479
211.649305556,208.750000000,54.652529361,-40.148742884,-24.368907000,46.965574452,14.875663221,70.014572998
211.776041667,208.875000000,54.684236597,-40.122438863,-24.474999326,46.998252014,14.899636018,69.965771060
211.902777778,209.000000000,54.716015552,-40.095931738,-24.581108911,47.030996771,14.923468676,69.917363557
212.029513889,209.125000000,54.747866032,-40.069221070,-24.687235451,47.063808509,14.947161420,69.869037348
212.156250000,209.250000000,54.779787836,-40.042306462,-24.793378468,47.096686961,14.970713211,69.820082265
212.282986111,209.375000000,54.811780763,-40.015187491,-24.899537583,47.129631887,14.994123761,69.771524165
212.409722222,209.500000000,54.843844614,-39.987863715,-25.005712489,47.162643072,15.017393352,69.723360886
212.536458333,209.625000000,54.875979184,-39.960334692,-25.111902878,47.195720302,15.040522269,69.675590278
212.663194444,209.750000000,54.908184275,-39.932599981,-25.218108438,47.228863362,15.063510795,69.628210199
212.789930556,209.875000000,54.940459683,-39.904659141,-25.324328857,47.262072037,15.086359213,69.581218520
212.916666667,210.000000000,54.972805208,-39.876511732,-25.430563818,47.295346114,15.109067809,69.534613118
213.043402778,210.125000000,55.005220648,-39.848157309,-25.536813025,47.328685386,15.131637043,69.489083419
213.170138889,210.250000000,55.037705804,-39.819595355,-25.643076448,47.362089733,15.154069356,69.445254757
213.296875000,210.375000000,55.070260481,-39.790825413,-25.749353850,47.395558977,15.176365671,69.401793099
213.423611111,210.500000000,55.102884485,-39.761847049,-25.855644908,47.429092911,15.198526265,69.358696494
213.550347222,210.625000000,55.135577620,-39.732659830,-25.961949291,47.462691328,15.220551416,69.315962999
213.677083333,210.750000000,55.168339692,-39.703263322,-26.068266669,47.496354024,15.242441400,69.273590680
213.803819444,210.875000000,55.201170506,-39.673657095,-26.174596708,47.530080793,15.264196498,69.231577614
213.930555556,211.000000000,55.234069868,-39.643840716,-26.280939073,47.563871429,15.285816986,69.189921884
214.057291667,211.125000000,55.267037582,-39.613813753,-26.387293428,47.597725728,15.307303180,69.148723923
214.184027778,211.250000000,55.300073455,-39.583575767,-26.493659466,47.631643499,15.328655611,69.108002513
214.310763889,211.375000000,55.333177291,-39.553126326,-26.600036851,47.665624538,15.349874609,69.067631340
214.437500000,211.500000000,55.366348898,-39.522465002,-26.706425234,47.699668643,15.370960453,69.027608538
214.564236111,211.625000000,55.399588082,-39.491591367,-26.812824268,47.733775610,15.391913421,68.987932249
214.690972222,211.750000000,55.432894647,-39.460504995,-26.919233599,47.767945235,15.412733794,68.948600625
214.817708333,211.875000000,55.466268401,-39.429205458,-27.025652873,47.802177317,15.433421851,68.909611824
214.944444444,212.000000000,55.499709149,-39.397692331,-27.132081732,47.836471653,15.453977871,68.870964016
215.071180556,212.125000000,55.533216698,-39.365965181,-27.238519847,47.870828049,15.474402353,68.833166190
215.197916667,212.250000000,55.566790855,-39.334023542,-27.344966993,47.905246350,15.494696608,68.796100088
215.324652778,212.375000000,55.600431429,-39.301866989,-27.451422822,47.939726363,15.514861045,68.759364058
215.451388889,212.500000000,55.634138229,-39.269495099,-27.557886969,47.974267890,15.534895940,68.722956354
215.578125000,212.625000000,55.667911065,-39.236907454,-27.664359063,48.008870731,15.554801571,68.686875241
215.704861111,212.750000000,55.701749746,-39.204103632,-27.770838732,48.043534690,15.574578214,68.651118992
215.831597222,212.875000000,55.735654081,-39.171083217,-27.877325601,48.078259568,15.594226147,68.615685888
215.958333333,213.000000000,55.769623879,-39.137845789,-27.983819293,48.113045167,15.613745646,68.580574217
216.085069444,213.125000000,55.803658949,-39.104390925,-28.090319448,48.147891297,15.633137149,68.546089850
216.211805556,213.250000000,55.837759102,-39.070718189,-28.196825752,48.182797784,15.652401441,68.512071912
216.338541667,213.375000000,55.871924147,-39.036827163,-28.303337825,48.217764434,15.671538837,68.478367646
216.465277778,213.500000000,55.906153898,-39.002717435,-28.409855279,48.252791052,15.690549612,68.444975399
216.592013889,213.625000000,55.940448162,-38.968388592,-28.516377725,48.287877443,15.709434042,68.411893526
216.718750000,213.750000000,55.974806753,-38.933840221,-28.622904769,48.323023413,15.728192403,68.379120388
216.845486111,213.875000000,56.009229480,-38.899071911,-28.729436016,48.358228766,15.746824971,68.346654355
216.972222222,214.000000000,56.043716154,-38.864083253,-28.835971068,48.393493308,15.765332023,68.314493806
217.098958333,214.125000000,56.078266587,-38.828873782,-28.942509690,48.428816900,15.783715080,68.284678135
217.225694444,214.250000000,56.112880596,-38.793442975,-29.049051844,48.464199476,15.801977154,68.255724473
217.352430556,214.375000000,56.147558001,-38.757790423,-29.155597140,48.499640855,15.820118606,68.227056816
217.479166667,214.500000000,56.182298623,-38.721915727,-29.262145173,48.535140854,15.838139701,68.198673711
217.605902778,214.625000000,56.217102281,-38.685818484,-29.368695535,48.570699287,15.856040704,68.170573714
217.732638889,214.750000000,56.251968797,-38.649498297,-29.475247815,48.606315972,15.873821878,68.142755385
217.859375000,214.875000000,56.286897990,-38.612954766,-29.581801600,48.641990724,15.891483489,68.115217292
217.986111111,215.000000000,56.321889679,-38.576187493,-29.688356474,48.677723361,15.909025802,68.087958010
218.112847222,215.125000000,56.356943687,-38.539196094,-29.794911980,48.713513685,15.926448792,68.060568012
218.239583333,215.250000000,56.392059830,-38.501980193,-29.901467642,48.749361493,15.943752293,68.033406130
218.366319444,215.375000000,56.427237929,-38.464539394,-30.008023034,48.785266600,15.960936568,68.006521300
218.493055556,215.500000000,56.462477800,-38.426873302,-30.114577729,48.821228821,15.978001883,67.979912098
218.619791667,215.625000000,56.497779263,-38.388981523,-30.221131300,48.857247973,15.994948505,67.953577107
218.746527778,215.750000000,56.533142137,-38.350863665,-30.327683315,48.893323871,16.011776702,67.927514916
218.873263889,215.875000000,56.568566239,-38.312519335,-30.434233340,48.929456330,16.028486739,67.901724122
219.000000000,216.000000000,56.604051389,-38.273948142,-30.540780939,48.965645168,16.045078885,67.876203327
219.126736111,216.125000000,56.639597407,-38.235149567,-30.647326036,49.001890326,16.061556161,67.854395181
219.253472222,216.250000000,56.675204122,-38.196123094,-30.753868554,49.038191754,16.077921580,67.832836200
219.380208333,216.375000000,56.710871366,-38.156868344,-30.860408054,49.074549280,16.094175393,67.811525173
219.506944444,216.500000000,56.746598970,-38.117384936,-30.966944094,49.110962736,16.110317849,67.790460896
219.633680556,216.625000000,56.782386765,-38.077672492,-31.073476228,49.147431951,16.126349199,67.769642166
219.760416667,216.750000000,56.818234583,-38.037730634,-31.180004010,49.183956753,16.142269693,67.749067790
219.887152778,216.875000000,56.854142256,-37.997558986,-31.286526991,49.220536974,16.158079581,67.728736578
220.013888889,217.000000000,56.890109614,-37.957157171,-31.393044718,49.257172444,16.173779120,67.708728662
220.140625000,217.125000000,56.926136489,-37.916524780,-31.499556833,49.293863026,16.189369276,67.689620188
220.267361111,217.250000000,56.962222717,-37.875661417,-31.606062939,49.330608574,16.204850770,67.670747638
220.394097222,217.375000000,56.998368130,-37.834566712,-31.712562580,49.367408922,16.220223850,67.652109877
220.520833333,217.500000000,57.034572563,-37.793240294,-31.819055294,49.404263902,16.235488761,67.633705772
220.647569444,217.625000000,57.070835850,-37.751681795,-31.925540619,49.441173349,16.250645750,67.615534198
220.774305556,217.750000000,57.107157826,-37.709890847,-32.032018089,49.478137097,16.265695063,67.597594033
220.901041667,217.875000000,57.143538324,-37.667867085,-32.138487236,49.515154979,16.280636946,67.579884160
221.027777778,218.000000000,57.179977179,-37.625610141,-32.244947592,49.552226829,16.295471659,67.562485547
221.154513889,218.125000000,57.216474226,-37.583119631,-32.351398738,49.589352502,16.310199858,67.545606301
221.281250000,218.250000000,57.253029299,-37.540395183,-32.457840224,49.626531840,16.324821974,67.528952215
221.407986111,218.375000000,57.289642236,-37.497436435,-32.564271572,49.663764680,16.339338250,67.512522207
221.534722222,218.500000000,57.326312870,-37.454243029,-32.670692303,49.701050858,16.353748930,67.496315201
221.661458333,218.625000000,57.363041039,-37.410814604,-32.777101937,49.738390210,16.368054258,67.480330125
221.788194444,218.750000000,57.399826577,-37.367150804,-32.883499988,49.775782572,16.382254478,67.464565911
221.914930556,218.875000000,57.436669321,-37.323251272,-32.989885971,49.813227780,16.396349832,67.449021496
222.041666667,219.000000000,57.473569105,-37.279115645,-33.096259417,49.850725678,16.410340711,67.434236088
222.168402778,219.125000000,57.510525769,-37.234743465,-33.202620086,49.888276193,16.424229306,67.420766283
222.295138889,219.250000000,57.547539153,-37.190134352,-33.308967566,49.925879195,16.438016462,67.407505451
222.421875000,219.375000000,57.584609100,-37.145287955,-33.415301365,49.963534528,16.451702415,67.394452617
222.548611111,219.500000000,57.621735452,-37.100203929,-33.521620985,50.001242035,16.465287398,67.381606808
222.675347222,219.625000000,57.658918052,-37.054881928,-33.627925930,50.039001559,16.478771647,67.368967056
222.802083333,219.750000000,57.696156740,-37.009321608,-33.734215698,50.076812944,16.492155397,67.356532397
222.928819444,219.875000000,57.733451360,-36.963522624,-33.840489789,50.114676033,16.505438880,67.344301871
223.055555556,220.000000000,57.770801753,-36.917484645,-33.946747673,50.152590662,16.518622150,67.331775997
223.182291667,220.125000000,57.808207759,-36.871207409,-34.052988662,50.190556607,16.531704034,67.318817353
223.309027778,220.250000000,57.845669217,-36.824690588,-34.159212206,50.228573695,16.544684471,67.306065150
223.435763889,220.375000000,57.883185963,-36.777933844,-34.265417794,50.266641766,16.557563702,67.293518397
223.562500000,220.500000000,57.920757835,-36.730936836,-34.371604909,50.304760659,16.570341966,67.281176106
223.689236111,220.625000000,57.958384671,-36.683699228,-34.477773034,50.342930213,16.583019501,67.269037298
223.815972222,220.750000000,57.996066308,-36.636220682,-34.583921648,50.381150269,16.595596547,67.257100993
223.942708333,220.875000000,58.033802585,-36.588500864,-34.690050229,50.419420667,16.608073343,67.245366219
224.069444444,221.000000000,58.071593337,-36.540539454,-34.796158221,50.457741235,16.620449871,67.233278645
224.196180556,221.125000000,58.109438402,-36.492336192,-34.902244934,50.496111753,16.632725108,67.220937685
224.322916667,221.250000000,58.147337611,-36.443890754,-35.008309815,50.534532049,16.644899124,67.208799897
224.449652778,221.375000000,58.185290800,-36.395202808,-35.114352333,50.573001959,16.656972160,67.196864286
224.576388889,221.500000000,58.223297800,-36.346272025,-35.220371951,50.611521321,16.668944461,67.185129856
224.703125000,221.625000000,58.261358447,-36.297098076,-35.326368132,50.650089971,16.680816268,67.173595620
224.829861111,221.750000000,58.299472572,-36.247680632,-35.432340336,50.688707746,16.692587824,67.162260592
224.956597222,221.875000000,58.337640011,-36.198019369,-35.538288022,50.727374482,16.704259370,67.151123793
225.083333333,222.000000000,58.375860595,-36.148114006,-35.644210551,50.766089981,16.715830404,67.138845205
225.210069444,222.125000000,58.414134154,-36.097964365,-35.750107059,50.804853961,16.727298677,67.126073093
225.336805556,222.250000000,58.452460512,-36.047570134,-35.855976968,50.843666241,16.738664237,67.113505404
225.463541667,222.375000000,58.490839494,-35.996930987,-35.961819724,50.882526651,16.749927336,67.101141092
225.590277778,222.500000000,58.529270926,-35.946046603,-36.067634771,50.921435018,16.761088224,67.088979115
225.717013889,222.625000000,58.567754633,-35.894916659,-36.173421549,50.960391173,16.772147153,67.077018436
225.843750000,222.750000000,58.606290440,-35.843540837,-36.279179499,50.999394946,16.783104374,67.065258024
225.970486111,222.875000000,58.644878173,-35.791918818,-36.384908055,51.038446165,16.793960135,67.053696852
226.097222222,223.000000000,58.683517655,-35.740050267,-36.490606694,51.077544675,16.804715010,67.042827534
226.223958333,223.125000000,58.722208715,-35.687934824,-36.596274941,51.116690342,16.815369991,67.032302747
226.350694444,223.250000000,58.760951181,-35.635572175,-36.701912231,51.155883001,16.825925355,67.021971314
226.477430556,223.375000000,58.799744880,-35.582962009,-36.807517992,51.195122483,16.836381346,67.011832255
226.604166667,223.500000000,58.838589640,-35.530104018,-36.913091651,51.234408622,16.846738211,67.001884591
226.730902778,223.625000000,58.877485288,-35.476997896,-37.018632632,51.273741249,16.856996194,66.992127349
226.857638889,223.750000000,58.916431653,-35.423643336,-37.124140357,51.313120198,16.867155540,66.982559561
226.984375000,223.875000000,58.955428563,-35.370040035,-37.229614245,51.352545301,16.877216494,66.973180262
227.111111111,224.000000000,58.994475843,-35.316187862,-37.335053376,51.392016264,16.887176596,66.960400832
227.237847222,224.125000000,59.033573308,-35.262086780,-37.440456628,51.431532707,16.897031826,66.947320481
227.364583333,224.250000000,59.072720768,-35.207736487,-37.545823400,51.471094445,16.906782393,66.934443730
227.491319444,224.375000000,59.111918035,-35.153136677,-37.651153096,51.510701293,16.916428562,66.921769465
227.618055556,224.500000000,59.151164918,-35.098287046,-37.756445118,51.550353069,16.925970597,66.909296576
227.744791667,224.625000000,59.190461229,-35.043187293,-37.861698865,51.590049589,16.935408761,66.897023959
227.871527778,224.750000000,59.229806777,-34.987837117,-37.966913734,51.629790669,16.944743316,66.884950517
227.998263889,224.875000000,59.269201374,-34.932236220,-38.072089119,51.669576128,16.953974525,66.873075158
228.125000000,225.000000000,59.308644831,-34.876384174,-38.177224666,51.709405878,16.963104700,66.863793891
228.251736111,225.125000000,59.348136969,-34.820280545,-38.282320037,51.749279847,16.972136259,66.854731295
228.378472222,225.250000000,59.387677606,-34.763925045,-38.387374624,51.789197861,16.981069451,66.845853026
228.505208333,225.375000000,59.427266566,-34.707317390,-38.492387816,51.829159748,16.989904524,66.837158112
228.631944444,225.500000000,59.466903668,-34.650457294,-38.597359002,51.869165336,16.998641727,66.828645586
228.758680556,225.625000000,59.506588734,-34.593344476,-38.702287566,51.909214451,17.007281306,66.820314484
228.885416667,225.750000000,59.546321584,-34.535978656,-38.807172892,51.949306921,17.015823511,66.812163848
229.012152778,225.875000000,59.586102040,-34.478359555,-38.912014358,51.989442572,17.024268562,66.803898491
229.138888889,226.000000000,59.625929920,-34.420487108,-39.016810957,52.029621083,17.032613568,66.793044718
229.265625000,226.125000000,59.665805033,-34.362361182,-39.121561794,52.069842166,17.040856600,66.782381651
229.392361111,226.250000000,59.705727186,-34.303981497,-39.226266238,52.110105638,17.048997918,66.771908228
229.519097222,226.375000000,59.745696188,-34.245347776,-39.330923656,52.150411312,17.057037784,66.761623389
229.645833333,226.500000000,59.785711845,-34.186459745,-39.435533413,52.190759004,17.064976458,66.751526082
229.772569444,226.625000000,59.825773966,-34.127317129,-39.540094870,52.231148529,17.072814201,66.741615259
229.899305556,226.750000000,59.865882359,-34.067919657,-39.644607388,52.271579703,17.080551272,66.731889878
230.026041667,226.875000000,59.906036830,-34.008267054,-39.749070335,52.312052345,17.088188011,66.722791074
230.152777778,227.000000000,59.946237191,-33.948358881,-39.853483373,52.352566390,17.095727186,66.715579918
230.279513889,227.125000000,59.986483258,-33.888194792,-39.957846003,52.393121719,17.103170240,66.708542116
230.406250000,227.250000000,60.026774848,-33.827774530,-40.062157581,52.433718156,17.110517420,66.701676730
230.532986111,227.375000000,60.067111778,-33.767097836,-40.166417461,52.474355527,17.117768972,66.694982829
230.659722222,227.500000000,60.107493864,-33.706164456,-40.270624994,52.515033655,17.124925143,66.688459485
230.786458333,227.625000000,60.147920926,-33.644974138,-40.374779529,52.555752366,17.131986179,66.682105773
230.913194444,227.750000000,60.188392778,-33.583526629,-40.478880414,52.596511485,17.138952324,66.675920774
231.039930556,227.875000000,60.228909239,-33.521821684,-40.582926987,52.637310834,17.145823779,66.669746631
231.166666667,228.000000000,60.269470126,-33.459859102,-40.686918516,52.678150209,17.152600158,66.663399524
231.293402778,228.125000000,60.310075252,-33.397638650,-40.790854316,52.719029422,17.159281499,66.657220403
231.420138889,228.250000000,60.350724432,-33.335160085,-40.894733724,52.759948297,17.165868048,66.651208348
231.546875000,228.375000000,60.391417483,-33.272423166,-40.998556076,52.800906656,17.172360051,66.645362442
231.673611111,228.500000000,60.432154218,-33.209427652,-41.102320707,52.841904323,17.178757754,66.639681773
231.800347222,228.625000000,60.472934453,-33.146173307,-41.206026947,52.882941121,17.185061399,66.634165435
231.927083333,228.750000000,60.513758002,-33.082659894,-41.309674126,52.924016874,17.191271233,66.628812524
232.053819444,228.875000000,60.554624681,-33.018887180,-41.413261573,52.965131404,17.197387510,66.623654227
232.180555556,229.000000000,60.595534304,-32.954854925,-41.516788626,53.006284542,17.203410574,66.618700823
232.307291667,229.125000000,60.636486687,-32.890562901,-41.620254610,53.047476111,17.209340690,66.613907865
232.434027778,229.250000000,60.677481645,-32.826010879,-41.723658848,53.088705935,17.215178100,66.609274471
232.560763889,229.375000000,60.718518993,-32.761198635,-41.827000659,53.129973839,17.220923044,66.604799760
232.687500000,229.500000000,60.759598547,-32.696125946,-41.930279361,53.171279646,17.226575764,66.600482859
232.814236111,229.625000000,60.800720121,-32.630792594,-42.033494268,53.212623180,17.232136501,66.596322896
232.940972222,229.750000000,60.841883532,-32.565198358,-42.136644695,53.254004265,17.237605494,66.592319004
233.067708333,229.875000000,60.883088594,-32.499342988,-42.239730010,53.295422749,17.242983461,66.589465002
233.194444444,230.000000000,60.924335127,-32.433226084,-42.342749818,53.336878578,17.248273142,66.587627077
233.321180556,230.125000000,60.965622954,-32.366847410,-42.445703475,53.378371601,17.253475130,66.585935625
233.447916667,230.250000000,61.006951901,-32.300206761,-42.548590290,53.419901652,17.258589653,66.584389860
233.574652778,230.375000000,61.048321790,-32.233303933,-42.651409570,53.461468562,17.263616939,66.582989002
233.701388889,230.500000000,61.089732445,-32.166138725,-42.754160622,53.503072164,17.268557216,66.581732272
233.828125000,230.625000000,61.131183689,-32.098710939,-42.856842748,53.544712290,17.273410710,66.580618896
233.954861111,230.750000000,61.172675348,-32.031020376,-42.959455252,53.586388774,17.278177649,66.579648103
234.081597222,230.875000000,61.214207243,-31.963066869,-43.061997394,53.628101432,17.282857937,66.578265866
234.208333333,231.000000000,61.255779198,-31.894850309,-43.164468342,53.669850042,17.287450667,66.576721218
234.335069444,231.125000000,61.297391030,-31.826370514,-43.266867377,53.711634426,17.291955972,66.575319997
234.461805556,231.250000000,61.339042561,-31.757627294,-43.369193792,53.753454415,17.296374081,66.574061415
234.588541667,231.375000000,61.380733610,-31.688620462,-43.471446878,53.795309837,17.300705222,66.572944691
234.715277778,231.500000000,61.422463996,-31.619349832,-43.573625925,53.837200522,17.304949623,66.571969045
234.842013889,231.625000000,61.464233540,-31.549815222,-43.675730218,53.879126298,17.309107513,66.571133703
234.968750000,231.750000000,61.506042061,-31.480016451,-43.777759044,53.921086995,17.313179118,66.570437891
235.095486111,231.875000000,61.547889380,-31.409953294,-43.879711756,53.963082470,17.317165275,66.570771336
235.222222222,232.000000000,61.589775320,-31.339625460,-43.981587807,54.005112628,17.321067683,66.571530511
235.348958333,232.125000000,61.631699706,-31.269032773,-44.083386487,54.047177305,17.324886625,66.572422734
235.475694444,232.250000000,61.673662364,-31.198175063,-44.185107076,54.089276337,17.328622321,66.573447286
235.602430556,232.375000000,61.715663119,-31.127052165,-44.286748855,54.131409556,17.332274990,66.574603452
235.729166667,232.500000000,61.757701797,-31.055663913,-44.388311098,54.173576800,17.335844850,66.575890519
235.855902778,232.625000000,61.799778222,-30.984010148,-44.489793083,54.215777901,17.339332119,66.577307777
235.982638889,232.750000000,61.841892220,-30.912090708,-44.591194081,54.258012694,17.342737014,66.578854520
236.109375000,232.875000000,61.884043616,-30.839905456,-44.692513339,54.300281004,17.346059519,66.580234472
236.236111111,233.000000000,61.926232234,-30.767454268,-44.793750082,54.342582645,17.349299464,66.581696692
236.362847222,233.125000000,61.968457898,-30.694736991,-44.894903576,54.384917450,17.352457062,66.583287471
236.489583333,233.250000000,62.010720432,-30.621753475,-44.995973088,54.427285253,17.355532528,66.585006103
236.616319444,233.375000000,62.053019659,-30.548503572,-45.096957881,54.469685887,17.358526081,66.586851887
236.743055556,233.500000000,62.095355403,-30.474987136,-45.197857219,54.512119186,17.361437935,66.588824124
236.869791667,233.625000000,62.137727488,-30.401204023,-45.298670360,54.554584981,17.364268307,66.590922119
236.996527778,233.750000000,62.180135737,-30.327154093,-45.399396566,54.597083108,17.367017413,66.593145178
237.123263889,233.875000000,62.222579975,-30.252837123,-45.500035206,54.639613448,17.369686477,66.596624185
237.250000000,234.000000000,62.265060031,-30.178252887,-45.600585666,54.682175893,17.372276837,66.600254915
237.376736111,234.125000000,62.307575732,-30.103401251,-45.701047203,54.724770281,17.374788701,66.604004791
237.503472222,234.250000000,62.350126910,-30.028282089,-45.801419071,54.767396451,17.377222276,66.607873168
237.630208333,234.375000000,62.392713392,-29.952895272,-45.901700524,54.810054243,17.379577770,66.611859404
237.756944444,234.500000000,62.435335009,-29.877240677,-46.001890813,54.852743494,17.381855388,66.615962860
237.883680556,234.625000000,62.477991589,-29.801318182,-46.101989190,54.895464044,17.384055336,66.620182898
238.010416667,234.750000000,62.520682962,-29.725127669,-46.201994902,54.938215732,17.386177815,66.624456634
238.137152778,234.875000000,62.563408957,-29.648669088,-46.301907106,54.980998357,17.388222227,66.628151893
238.263888889,235.000000000,62.606169398,-29.571942374,-46.401724981,55.023811727,17.390188190,66.631964298
238.390625000,235.125000000,62.648964113,-29.494947414,-46.501447770,55.066655679,17.392075913,66.635893201
238.517361111,235.250000000,62.691792926,-29.417684097,-46.601074713,55.109530047,17.393885604,66.639937956
238.644097222,235.375000000,62.734655663,-29.340152315,-46.700605048,55.152434667,17.395617468,66.644097921
238.770833333,235.500000000,62.777552150,-29.262351962,-46.800038013,55.195369374,17.397271712,66.648372454
238.897569444,235.625000000,62.820482212,-29.184282936,-46.899372844,55.238334005,17.398848542,66.652760919
239.024305556,235.750000000,62.863445675,-29.105945131,-46.998608782,55.281328397,17.400348217,66.657562090
239.151041667,235.875000000,62.906442367,-29.027338285,-47.097745266,55.324352478,17.401772835,66.663734787
239.277777778,236.000000000,62.949472120,-28.948462225,-47.196781637,55.367406135,17.403123538,66.670014619
239.404513889,236.125000000,62.992534768,-28.869316861,-47.295717127,55.410489211,17.404400522,66.676401004
239.531250000,236.250000000,63.035630144,-28.789902104,-47.394550969,55.453601549,17.405603983,66.682893362
239.657986111,236.375000000,63.078758080,-28.710217871,-47.493282393,55.496742992,17.406734114,66.689491116
239.784722222,236.500000000,63.121918410,-28.630264078,-47.591910629,55.539913382,17.407791112,66.696193691
239.911458333,236.625000000,63.165110968,-28.550040646,-47.690434904,55.583112563,17.408775170,66.703000515
240.038194444,236.750000000,63.208335586,-28.469547500,-47.788854442,55.626340377,17.409686462,66.709845200
240.164930556,236.875000000,63.251592098,-28.388784589,-47.887168437,55.669596652,17.410524894,66.716640850
240.291666667,237.000000000,63.294880335,-28.307751851,-47.985376102,55.712881226,17.411290559,66.723539706
240.418402778,237.125000000,63.338200130,-28.226449216,-48.083476658,55.756193942,17.411983652,66.730541197
240.545138889,237.250000000,63.381551314,-28.144876616,-48.181469325,55.799534640,17.412604365,66.737644757
240.671875000,237.375000000,63.424933721,-28.063033986,-48.279353322,55.842903163,17.413152889,66.744849821
240.798611111,237.500000000,63.468347182,-27.980921265,-48.377127866,55.886299353,17.413629418,66.752155827
240.925347222,237.625000000,63.511791529,-27.898538393,-48.474792173,55.929723052,17.414034142,66.759562215
241.052083333,237.750000000,63.555266594,-27.815885309,-48.572345464,55.973174105,17.414367309,66.767216581
241.178819444,237.875000000,63.598772211,-27.732961912,-48.669787007,56.016652378,17.414629608,66.775181819
241.305555556,238.000000000,63.642308213,-27.649768142,-48.767116025,56.060157721,17.414821344,66.783244712
241.432291667,238.125000000,63.685874434,-27.566303951,-48.864331731,56.103689977,17.414942705,66.791404718
241.559027778,238.250000000,63.729470708,-27.482569293,-48.961433336,56.147248991,17.414993878,66.799661298
241.685763889,238.375000000,63.773096870,-27.398564124,-49.058420047,56.190834605,17.414975049,66.808013916
241.812500000,238.500000000,63.816752752,-27.314288406,-49.155291073,56.234446664,17.414886405,66.816462035
241.939236111,238.625000000,63.860438189,-27.229742099,-49.252045620,56.278085012,17.414728131,66.825005123
242.065972222,238.750000000,63.904153015,-27.144925152,-49.348682914,56.321749501,17.414500610,66.834047197
242.192708333,238.875000000,63.947897065,-27.059837432,-49.445202275,56.365440030,17.414205116,66.843554102
242.319444444,239.000000000,63.991670179,-26.974478894,-49.541602923,56.409156454,17.413841999,66.853152188
242.446180556,239.125000000,64.035472192,-26.888849515,-49.637884064,56.452898620,17.413411436,66.862840951
242.572916667,239.250000000,64.079302944,-26.802949271,-49.734044899,56.496666376,17.412913609,66.872619889
242.699652778,239.375000000,64.123162272,-26.716778141,-49.830084628,56.540459569,17.412348695,66.882488501
242.826388889,239.500000000,64.167050014,-26.630336109,-49.926002453,56.584278048,17.411716873,66.892446288
242.953125000,239.625000000,64.210966007,-26.543623160,-50.021797570,56.628121659,17.411018322,66.902492753
243.079861111,239.750000000,64.254910090,-26.456639258,-50.117469204,56.671990262,17.410253462,66.913039952
243.206597222,239.875000000,64.298882103,-26.369384310,-50.213016644,56.715883748,17.409423372,66.923915526
243.333333333,240.000000000,64.342881886,-26.281858303,-50.308439096,56.759801974,17.408528309,66.934876519
243.460069444,240.125000000,64.386909281,-26.194061235,-50.403735755,56.803744789,17.407568447,66.945922457
243.586805556,240.250000000,64.430964128,-26.105993104,-50.498905817,56.847712044,17.406543957,66.957052869
243.713541667,240.375000000,64.475046270,-26.017653914,-50.593948474,56.891703590,17.405455011,66.968267287
243.840277778,240.500000000,64.519155547,-25.929043670,-50.688862919,56.935719278,17.404301781,66.979565241
243.967013889,240.625000000,64.563291799,-25.840162380,-50.783648343,56.979758958,17.403084438,66.990946266
244.093750000,240.750000000,64.607454870,-25.751010016,-50.878303978,57.023822500,17.401803563,67.002999566
244.220486111,240.875000000,64.651644602,-25.661586492,-50.972829121,57.067909808,17.400460366,67.015340661
244.347222222,241.000000000,64.695860840,-25.571891822,-51.067222966,57.112020738,17.399055063,67.027761358
244.473958333,241.125000000,64.740103431,-25.481926025,-51.161484703,57.156155146,17.397587819,67.040261217
244.600694444,241.250000000,64.784372218,-25.391689126,-51.255613521,57.200312884,17.396058798,67.052839800
244.727430556,241.375000000,64.828667048,-25.301181149,-51.349608605,57.244493809,17.394468166,67.065496669
244.854166667,241.500000000,64.872987765,-25.210402124,-51.443469142,57.288697774,17.392816085,67.078231388
244.980902778,241.625000000,64.917334215,-25.119352082,-51.537194317,57.332924634,17.391102720,67.091043525
245.107638889,241.750000000,64.961706243,-25.028030992,-51.630783381,57.377174276,17.389328900,67.104763057
245.234375000,241.875000000,65.006103698,-24.936438779,-51.724235636,57.421446613,17.387495945,67.118704199
245.361111111,242.000000000,65.050526431,-24.844575483,-51.817550267,57.465741504,17.385604033,67.132719026
245.487847222,242.125000000,65.094974292,-24.752441147,-51.910726460,57.510058810,17.383653320,67.146807132
245.614583333,242.250000000,65.139447130,-24.660035818,-52.003763397,57.554398389,17.381643964,67.160968113
245.741319444,242.375000000,65.183944797,-24.567359546,-52.096660259,57.598760102,17.379576120,67.175201566
245.868055556,242.500000000,65.228467142,-24.474412384,-52.189416229,57.643143806,17.377449943,67.189507090
245.994791667,242.625000000,65.273014015,-24.381194386,-52.282030486,57.687549362,17.375265590,67.203884285
246.121527778,242.750000000,65.317585268,-24.287705596,-52.374502223,57.731976635,17.373023349,67.218481441
246.248263889,242.875000000,65.362180750,-24.193946061,-52.466830634,57.776425493,17.370723532,67.233155475
246.375000000,243.000000000,65.406800313,-24.099915843,-52.559014897,57.820895795,17.368366293,67.247899616
246.501736111,243.125000000,65.451443807,-24.005615009,-52.651054190,57.865387402,17.365951785,67.262713472
246.628472222,243.250000000,65.496111085,-23.911043628,-52.742947688,57.909900174,17.363480159,67.277596652
246.755208333,243.375000000,65.540801996,-23.816201772,-52.834694567,57.954433971,17.360951569,67.292548769
246.881944444,243.500000000,65.585516392,-23.721089517,-52.926294002,57.998988652,17.358366164,67.307569434
247.008680556,243.625000000,65.630254124,-23.625706939,-53.017745167,58.043564078,17.355724107,67.322832455
247.135416667,243.750000000,65.675015045,-23.530053844,-53.109047499,58.088160241,17.353028266,67.340529161
247.262152778,243.875000000,65.719799019,-23.434130108,-53.200200380,58.132777109,17.350280873,67.358287457
247.388888889,244.000000000,65.764605909,-23.337935822,-53.291202987,58.177414555,17.347482064,67.376107013
247.515625000,244.125000000,65.809435579,-23.241471078,-53.382054500,58.222072451,17.344631976,67.393987499
247.642361111,244.250000000,65.854287894,-23.144735972,-53.472754094,58.266750670,17.341730746,67.411928588
247.769097222,244.375000000,65.899162718,-23.047730602,-53.563300947,58.311449084,17.338778510,67.429929954
247.895833333,244.500000000,65.944059915,-22.950455069,-53.653694235,58.356167565,17.335775403,67.447991270
248.022569444,244.625000000,65.988979349,-22.852909476,-53.743933132,58.400905987,17.332721558,67.466099881
248.149305556,244.750000000,66.033920885,-22.755093940,-53.834016806,58.445664217,17.329617025,67.484210970
248.276041667,244.875000000,66.078884387,-22.657008575,-53.923944425,58.490442125,17.326461896,67.502381188
248.402777778,245.000000000,66.123869718,-22.558653491,-54.013715163,58.535239583,17.323256303,67.520610211
248.529513889,245.125000000,66.168876743,-22.460028804,-54.103328193,58.580056465,17.320000382,67.538897718
248.656250000,245.250000000,66.213905324,-22.361134632,-54.192782684,58.624892640,17.316694266,67.557243387
248.782986111,245.375000000,66.258955327,-22.261971094,-54.282077810,58.669747983,17.313338089,67.575646898
248.909722222,245.500000000,66.304026615,-22.162538315,-54.371212739,58.714622364,17.309931983,67.594107932
249.036458333,245.625000000,66.349119051,-22.062836407,-54.460186654,58.759515661,17.306476202,67.613066403
249.163194444,245.750000000,66.394232503,-21.962865287,-54.548998916,58.804427846,17.302972925,67.633169813
249.289930556,245.875000000,66.439366842,-21.862625010,-54.637648765,58.849358832,17.299423016,67.653326635
249.416666667,246.000000000,66.484521940,-21.762115715,-54.726135375,58.894308498,17.295826598,67.673536582
249.543402778,246.125000000,66.529697668,-21.661337540,-54.814457918,58.939276725,17.292183795,67.693799367
249.670138889,246.250000000,66.574893900,-21.560290627,-54.902615566,58.984263392,17.288494730,67.714114706
249.796875000,246.375000000,66.620110506,-21.458975121,-54.990607489,59.029268378,17.284759527,67.734482313
249.923611111,246.500000000,66.665347359,-21.357391170,-55.078432858,59.074291563,17.280978308,67.754901905
250.050347222,246.625000000,66.710604330,-21.255538918,-55.166090849,59.119332830,17.277151265,67.775555257
250.177083333,246.750000000,66.755881294,-21.153418449,-55.253580691,59.164392089,17.273279162,67.796535621
250.303819444,246.875000000,66.801178123,-21.051029903,-55.340901569,59.209469230,17.269362277,67.817566225
250.430555556,247.000000000,66.846494692,-20.948373441,-55.428052654,59.254564135,17.265400730,67.838646798
250.557291667,247.125000000,66.891830876,-20.845449224,-55.515033113,59.299676685,17.261394639,67.859777068
250.684027778,247.250000000,66.937186549,-20.742257417,-55.601842117,59.344806762,17.257344122,67.880956763
250.810763889,247.375000000,66.982561585,-20.638798188,-55.688478834,59.389954248,17.253249299,67.902185614
250.937500000,247.500000000,67.027955859,-20.535071709,-55.774942432,59.435119024,17.249110285,67.923463351
251.064236111,247.625000000,67.073369245,-20.431078167,-55.861232067,59.480300967,17.244927054,67.944486429
251.190972222,247.750000000,67.118801616,-20.326817831,-55.947346827,59.525499915,17.240698868,67.965263649
251.317708333,247.875000000,67.164252843,-20.222290893,-56.033285867,59.570715742,17.236425711,67.986090099
251.444444444,248.000000000,67.209722797,-20.117497536,-56.119048350,59.615948326,17.232107701,68.006965502
251.571180556,248.125000000,67.255211350,-20.012437942,-56.204633441,59.661197545,17.227744956,68.027889582
251.697916667,248.250000000,67.300718372,-19.907112298,-56.290040303,59.706463280,17.223337596,68.048862064
251.824652778,248.375000000,67.346243735,-19.801520794,-56.375268102,59.751745408,17.218885739,68.069882671
251.951388889,248.500000000,67.391787310,-19.695663623,-56.460315998,59.797043808,17.214389504,68.090951131
252.078125000,248.625000000,67.437348968,-19.589541026,-56.545183118,59.842358338,17.209848578,68.111336139
252.204861111,248.750000000,67.482928577,-19.483153382,-56.629868478,59.887688797,17.205261420,68.131315450
252.331597222,248.875000000,67.528526000,-19.376500907,-56.714371220,59.933035050,17.200627988,68.151344080
252.458333333,249.000000000,67.574141104,-19.269583806,-56.798690503,59.978396968,17.195948403,68.171421735
252.585069444,249.125000000,67.619773753,-19.162402282,-56.882825484,60.023774426,17.191222788,68.191548126
252.711805556,249.250000000,67.665423811,-19.054956544,-56.966775322,60.069167295,17.186451264,68.211722960
252.838541667,249.375000000,67.711091144,-18.947246803,-57.050539172,60.114575448,17.181633953,68.231945949
252.965277778,249.500000000,67.756775616,-18.839273273,-57.134116193,60.159998758,17.176770975,68.252216804
253.092013889,249.625000000,67.802477093,-18.731036214,-57.217505505,60.205437079,17.171862059,68.271968367
253.218750000,249.750000000,67.848195435,-18.622535960,-57.300706177,60.250890234,17.166906290,68.291554622
253.345486111,249.875000000,67.893930504,-18.513772738,-57.383717355,60.296358087,17.161903734,68.311189394
253.472222222,250.000000000,67.939682161,-18.404746774,-57.466538194,60.341840508,17.156854515,68.330872381
253.598958333,250.125000000,67.985450265,-18.295458296,-57.549167846,60.387337365,17.151758757,68.350603286
253.725694444,250.250000000,68.031234678,-18.185907533,-57.631605464,60.432848527,17.146616581,68.370381809
253.852430556,250.375000000,68.077035260,-18.076094719,-57.713850199,60.478373863,17.141428110,68.390207654
253.979166667,250.500000000,68.122851873,-17.966020091,-57.795901205,60.523913241,17.136193465,68.410080524
254.105902778,250.625000000,68.168684374,-17.855684022,-57.877757532,60.569466473,17.130911567,68.428488859
254.232638889,250.750000000,68.214532619,-17.745087001,-57.959418145,60.615033320,17.125580345,68.446649621
254.359375000,250.875000000,68.260396457,-17.634229275,-58.040882186,60.660613639,17.120199883,68.464860078
254.486111111,251.000000000,68.306275740,-17.523111091,-58.122148799,60.706207288,17.114770309,68.483119903
254.612847222,251.125000000,68.352170318,-17.411732698,-58.203217131,60.751814129,17.109291752,68.501428771
254.739583333,251.250000000,68.398080042,-17.300094348,-58.284086325,60.797434018,17.103764341,68.519786357
254.866319444,251.375000000,68.444004764,-17.188196297,-58.364755528,60.843066817,17.098188203,68.538192338
254.993055556,251.500000000,68.489944334,-17.076038804,-58.445223882,60.888712385,17.092563465,68.556646391
255.119791667,251.625000000,68.535898602,-16.963622176,-58.525490501,60.934370561,17.086889845,68.574692344
255.246527778,251.750000000,68.581867417,-16.850946735,-58.605554484,60.980041180,17.081166963,68.592760239
255.373263889,251.875000000,68.627850627,-16.738012750,-58.685414975,61.025724097,17.075394946,68.610876200
255.500000000,252.000000000,68.673848081,-16.624820489,-58.765071116,61.071419171,17.069573923,68.629039899
255.626736111,252.125000000,68.719859627,-16.511370227,-58.844522050,61.117126258,17.063704021,68.647251009
255.753472222,252.250000000,68.765885113,-16.397662239,-58.923766918,61.162845214,17.057785367,68.665509205
255.880208333,252.375000000,68.811924387,-16.283696805,-59.002804863,61.208575897,17.051818089,68.683814159
256.006944444,252.500000000,68.857977298,-16.169474210,-59.081635027,61.254318163,17.045802308,68.702052691
256.133680556,252.625000000,68.904043691,-16.054994986,-59.160256378,61.300071767,17.039735983,68.718392731
256.260416667,252.750000000,68.950123405,-15.940259624,-59.238667913,61.345836476,17.033617494,68.734782729
256.387152778,252.875000000,68.996216277,-15.825268411,-59.316868767,61.391612136,17.027446976,68.751222326
256.513888889,253.000000000,69.042322144,-15.710021643,-59.394858076,61.437398593,17.021224563,68.767711162
256.640625000,253.125000000,69.088440842,-15.594519614,-59.472634974,61.483195694,17.014950391,68.784248877
256.767361111,253.250000000,69.134572210,-15.478762624,-59.550198595,61.529003284,17.008624592,68.800835116
256.894097222,253.375000000,69.180716083,-15.362750975,-59.627548075,61.574821210,17.002247301,68.817469521
257.020833333,253.500000000,69.226872299,-15.246484970,-59.704682550,61.620649318,16.995818670,68.834283655
257.147569444,253.625000000,69.273040695,-15.129964806,-59.781601231,61.666487501,16.989339809,68.851814880
257.274305556,253.750000000,69.319221113,-15.013190732,-59.858303295,61.712335633,16.982811380,68.869391596
257.401041667,253.875000000,69.365413394,-14.896163065,-59.934787881,61.758193565,16.976233513,68.887013467
257.527777778,254.000000000,69.411617380,-14.778882124,-60.011054126,61.804061146,16.969606335,68.904680157
257.654513889,254.125000000,69.457832911,-14.661348231,-60.087101167,61.849938226,16.962929973,68.922391332
257.781250000,254.250000000,69.504059830,-14.543561712,-60.162928142,61.895824657,16.956204553,68.940146657
257.907986111,254.375000000,69.550297977,-14.425522897,-60.238534189,61.941720287,16.949430203,68.957945800
258.034722222,254.500000000,69.596547194,-14.307232126,-60.313918440,61.987624964,16.942606962,68.975466189
258.161458333,254.625000000,69.642807319,-14.188689920,-60.389079912,62.033538463,16.935733388,68.992177284
258.288194444,254.750000000,69.689078189,-14.069896686,-60.464017696,62.079460602,16.928809018,69.008933524
258.414930556,254.875000000,69.735359639,-13.950852765,-60.538730925,62.125391226,16.921833981,69.025734556
258.541666667,255.000000000,69.781651502,-13.831558500,-60.613218735,62.171330177,16.914808408,69.042580031
258.668402778,255.125000000,69.827953614,-13.712014238,-60.687480258,62.217277299,16.907732428,69.059469600
258.795138889,255.250000000,69.874265810,-13.592220329,-60.761514630,62.263232438,16.900606169,69.076402914
258.921875000,255.375000000,69.920587924,-13.472177127,-60.835320986,62.309195437,16.893429761,69.093379626
259.048611111,255.500000000,69.966919792,-13.351884989,-60.908898459,62.355166139,16.886203333,69.110405528
259.175347222,255.625000000,70.013261247,-13.231344271,-60.982246187,62.401144390,16.878927035,69.127483979
259.302083333,255.750000000,70.059612127,-13.110555336,-61.055363305,62.447130034,16.871601001,69.144604762
259.428819444,255.875000000,70.105972264,-12.989518550,-61.128248949,62.493122916,16.864225357,69.161767534
259.555555556,256.000000000,70.152341494,-12.868234284,-61.200902254,62.539122878,16.856800230,69.178971954
259.682291667,256.125000000,70.198719653,-12.746702910,-61.273322357,62.585129765,16.849325745,69.196217680
259.809027778,256.250000000,70.245106574,-12.624924804,-61.345508393,62.631143421,16.841802027,69.213504374
259.935763889,256.375000000,70.291502093,-12.502900347,-61.417459498,62.677163690,16.834229202,69.230831696
260.062500000,256.500000000,70.337906045,-12.380629916,-61.489174811,62.723190417,16.826607421,69.248254813
260.189236111,256.625000000,70.384318266,-12.258113880,-61.560653481,62.769223453,16.818936969,69.265774768
260.315972222,256.750000000,70.430738590,-12.135352625,-61.631894647,62.815262645,16.811217996,69.283334126
260.442708333,256.875000000,70.477166853,-12.012346542,-61.702897447,62.861307836,16.803450627,69.300932556
260.569444444,257.000000000,70.523602891,-11.889096028,-61.773661019,62.907358871,16.795634983,69.318569724
260.696180556,257.125000000,70.570046539,-11.765601482,-61.844184502,62.953415594,16.787771186,69.336245299
260.822916667,257.250000000,70.616497633,-11.641863306,-61.914467035,62.999477851,16.779859359,69.353958953
260.949652778,257.375000000,70.662956009,-11.517881907,-61.984507757,63.045545484,16.771899621,69.371710355
261.076388889,257.500000000,70.709421502,-11.393657705,-62.054305799,63.091618335,16.763891987,69.389315007
261.203125000,257.625000000,70.755893947,-11.269191167,-62.123860273,63.137696226,16.755836146,69.406835828
261.329861111,257.750000000,70.802373176,-11.144482712,-62.193170314,63.183778999,16.747732172,69.424393985
261.456597222,257.875000000,70.848859026,-11.019532759,-62.262235061,63.229866495,16.739580186,69.441989147
261.583333333,258.000000000,70.895351328,-10.894341731,-62.331053655,63.275958559,16.731380308,69.459620984
261.710069444,258.125000000,70.941849918,-10.768910052,-62.399625237,63.322055032,16.723132659,69.477289167
261.836805556,258.250000000,70.988354628,-10.643238151,-62.467948947,63.368155757,16.714837358,69.494993367
261.963541667,258.375000000,71.034865293,-10.517326459,-62.536023927,63.414260576,16.706494525,69.512733258
262.090277778,258.500000000,71.081381747,-10.391175385,-62.603849333,63.460369344,16.698104496,69.530826081
262.217013889,258.625000000,71.127903825,-10.264785293,-62.671424349,63.506481929,16.689667990,69.549081492
262.343750000,258.750000000,71.174431363,-10.138156621,-62.738748121,63.552598180,16.681185159,69.567370808
262.470486111,258.875000000,71.220964199,-10.011289813,-62.805819795,63.598717942,16.672656119,69.585693714
262.597222222,259.000000000,71.267502168,-9.884185318,-62.872638516,63.644841058,16.664080986,69.604049893
262.723958333,259.125000000,71.314045106,-9.756843588,-62.939203429,63.690967375,16.655459873,69.622439032
262.850694444,259.250000000,71.360592851,-9.629265078,-63.005513683,63.737096736,16.646792895,69.640860817
262.977430556,259.375000000,71.407145238,-9.501450247,-63.071568423,63.783228988,16.638080167,69.659314936
263.104166667,259.500000000,71.453702104,-9.373399586,-63.137366782,63.829363963,16.629321550,69.677481446
263.230902778,259.625000000,71.500263283,-9.245113620,-63.202907875,63.875501483,16.620516675,69.695611046
263.357638889,259.750000000,71.546828610,-9.116592819,-63.268190850,63.921641390,16.611665644,69.713772735
263.484375000,259.875000000,71.593397918,-8.987837654,-63.333214854,63.967783527,16.602768573,69.731966197
263.611111111,260.000000000,71.639971043,-8.858848599,-63.397979037,64.013927738,16.593825574,69.750191117
263.737847222,260.125000000,71.686547817,-8.729626132,-63.462482547,64.060073864,16.584836762,69.768447180
263.864583333,260.250000000,71.733128076,-8.600170734,-63.526724535,64.106221748,16.575802249,69.786734073
263.991319444,260.375000000,71.779711652,-8.470482889,-63.590704151,64.152371233,16.566722147,69.805051482
264.118055556,260.500000000,71.826298382,-8.340563017,-63.654420581,64.198522187,16.557597108,69.824001234
264.244791667,260.625000000,71.872888102,-8.210411522,-63.717873021,64.244674485,16.548427941,69.843024070
264.371527778,260.750000000,71.919480650,-8.080028897,-63.781060627,64.290827975,16.539214759,69.862075380
264.498263889,260.875000000,71.966075864,-7.949415640,-63.843982554,64.336982501,16.529957669,69.881154863
264.625000000,261.000000000,72.012673582,-7.818572253,-63.906637959,64.383137911,16.520656779,69.900262224
264.751736111,261.125000000,72.059273641,-7.687499240,-63.969026000,64.429294051,16.511312195,69.919397163
264.878472222,261.250000000,72.105875879,-7.556197108,-64.031145833,64.475450766,16.501924026,69.938559386
265.005208333,261.375000000,72.152480135,-7.424666369,-64.092996619,64.521607902,16.492492377,69.957710118
265.131944444,261.500000000,72.199086245,-7.292907659,-64.154577458,64.567765262,16.483016382,69.975990529
265.258680556,261.625000000,72.245694042,-7.160921599,-64.215887459,64.613922651,16.473495325,69.994298932
265.385416667,261.750000000,72.292303359,-7.028708710,-64.276925779,64.660079909,16.463929315,70.012635018
265.512152778,261.875000000,72.338914028,-6.896269515,-64.337691578,64.706236877,16.454318460,70.030998478
265.638888889,262.000000000,72.385525882,-6.763604541,-64.398184013,64.752393397,16.444662870,70.049389006
265.765625000,262.125000000,72.432138754,-6.630714318,-64.458402246,64.798549309,16.434962653,70.067806294
265.892361111,262.250000000,72.478752475,-6.497599379,-64.518345438,64.844704454,16.425217917,70.086250036
266.019097222,262.375000000,72.525366879,-6.364260259,-64.578012750,64.890858674,16.415428783,70.104818427
266.145833333,262.500000000,72.571981798,-6.230697397,-64.637403392,64.937011845,16.405596148,70.123967206
266.272569444,262.625000000,72.618597069,-6.096911279,-64.696516555,64.983163831,16.395720569,70.143140436
266.399305556,262.750000000,72.665212528,-5.962902451,-64.755351406,65.029314477,16.385802150,70.162337825
266.526041667,262.875000000,72.711828011,-5.828671465,-64.813907112,65.075463627,16.375840993,70.181559080
266.652777778,263.000000000,72.758443354,-5.694218872,-64.872182844,65.121611125,16.365837201,70.200803913
266.779513889,263.125000000,72.805058393,-5.559545230,-64.930177770,65.167756816,16.355790877,70.220072031
266.906250000,263.250000000,72.851672966,-5.424651099,-64.987891061,65.213900543,16.345702123,70.239363147
267.032986111,263.375000000,72.898286908,-5.289537040,-65.045321889,65.260042152,16.335571047,70.258702761
267.159722222,263.500000000,72.944900055,-5.154203604,-65.102469434,65.306181493,16.325397881,70.278137993
267.286458333,263.625000000,72.991512244,-5.018651353,-65.159332873,65.352318413,16.315182779,70.297595198
267.413194444,263.750000000,73.038123313,-4.882880860,-65.215911382,65.398452756,16.304925841,70.317074093
267.539930556,263.875000000,73.084733097,-4.746892701,-65.272204135,65.444584367,16.294627166,70.336574393
267.666666667,264.000000000,73.131341435,-4.610687456,-65.328210311,65.490713091,16.284286853,70.356095814
267.793402778,264.125000000,73.177948162,-4.474265708,-65.383929086,65.536838773,16.273905001,70.375638073
267.920138889,264.250000000,73.224553115,-4.337628042,-65.439359642,65.582961258,16.263481710,70.395200888
268.046875000,264.375000000,73.271156132,-4.200775056,-65.494501153,65.629080386,16.253017013,70.414603827
268.173611111,264.500000000,73.317757048,-4.063707431,-65.549352766,65.675195973,16.242510321,70.433720367
268.300347222,264.625000000,73.364355696,-3.926425787,-65.603913650,65.721307851,16.231961548,70.452857390
268.427083333,264.750000000,73.410951912,-3.788930723,-65.658182989,65.767415864,16.221370792,70.472014608
268.553819444,264.875000000,73.457545529,-3.651222840,-65.712159963,65.813519852,16.210738154,70.491191736
268.680555556,265.000000000,73.504136381,-3.513302744,-65.765843759,65.859619658,16.200063730,70.510388486
268.807291667,265.125000000,73.550724302,-3.375171044,-65.819233559,65.905715123,16.189347620,70.529604573
268.934027778,265.250000000,73.597309126,-3.236828351,-65.872328552,65.951806090,16.178589920,70.548839712
269.060763889,265.375000000,73.643890687,-3.098275271,-65.925127927,65.997892404,16.167790798,70.568244092
269.187500000,265.500000000,73.690468819,-2.959512364,-65.977630896,66.043973927,16.156950802,70.587829962
269.314236111,265.625000000,73.737043360,-2.820540240,-66.029836654,66.090050505,16.146070110,70.607433549
269.440972222,265.750000000,73.783614144,-2.681359524,-66.081744394,66.136121984,16.135148816,70.627054574
269.567708333,265.875000000,73.830181008,-2.541970844,-66.133353308,66.182188205,16.124187015,70.646692760
269.694444444,266.000000000,73.876743786,-2.402374833,-66.184662592,66.228249013,16.113184802,70.666347833
269.821180556,266.125000000,73.923302316,-2.262572124,-66.235671442,66.274304251,16.102142269,70.686019516
269.947916667,266.250000000,73.969856432,-2.122563355,-66.286379053,66.320353763,16.091059510,70.705707534
270.074652778,266.375000000,74.016405971,-1.982349175,-66.336784623,66.366397389,16.079936550,70.725292183
270.201388889,266.500000000,74.062950768,-1.841930269,-66.386887335,66.412434959,16.068773194,70.744809541
270.328125000,266.625000000,74.109490658,-1.701307286,-66.436686390,66.458466315,16.057569500,70.764342719
270.454861111,266.750000000,74.156025474,-1.560480878,-66.486180988,66.504491299,16.046325561,70.783891442
270.581597222,266.875000000,74.202555052,-1.419451699,-66.535370332,66.550509752,16.035041471,70.803455435
270.708333333,267.000000000,74.249079226,-1.278220405,-66.584253626,66.596521519,16.023717321,70.823034424
270.835069444,267.125000000,74.295597832,-1.136787657,-66.632830077,66.642526439,16.012353202,70.842628135
270.961805556,267.250000000,74.342110703,-0.995154119,-66.681098890,66.688524357,16.000949207,70.862236294
271.088541667,267.375000000,74.388617674,-0.853320401,-66.729059294,66.734515132,15.989505850,70.882490763
271.215277778,267.500000000,74.435118584,-0.711287009,-66.776710555,66.780498663,15.978024459,70.903030693
271.342013889,267.625000000,74.481613273,-0.569054606,-66.824051892,66.826474802,15.966505199,70.923582940
271.468750000,267.750000000,74.528101580,-0.426623869,-66.871082521,66.872443394,15.954948157,70.944147246
271.595486111,267.875000000,74.574583346,-0.283995477,-66.917801659,66.918404287,15.943353418,70.964723354
271.722222222,268.000000000,74.621058410,-0.141170113,-66.964208525,66.964357329,15.931721067,70.985311008
271.848958333,268.125000000,74.667526613,0.001851537,-67.010302340,67.010302366,15.920051190,71.005909953
271.975694444,268.250000000,74.713987794,0.145068784,-67.056082325,67.056239245,15.908343871,71.026519933
272.102430556,268.375000000,74.760441793,0.288480845,-67.101547674,67.102167785,15.896598518,71.046269304
272.229166667,268.500000000,74.806888446,0.432086845,-67.146697552,67.148087770,15.884813856,71.065823835
272.355902778,268.625000000,74.853327585,0.575886079,-67.191531178,67.193999039,15.872989936,71.085390177
272.482638889,268.750000000,74.899759044,0.719877846,-67.236047777,67.239901434,15.861126846,71.104968061
272.609375000,268.875000000,74.946182658,0.864061441,-67.280246574,67.285794795,15.849224674,71.124557218
272.736111111,269.000000000,74.992598259,1.008436156,-67.324126794,67.331678964,15.837283505,71.144157380
272.862847222,269.125000000,75.039005682,1.153001280,-67.367687667,67.377553782,15.825303428,71.163768279
272.989583333,269.250000000,75.085404759,1.297756099,-67.410928422,67.423419089,15.813284528,71.183389650
273.116319444,269.375000000,75.131795326,1.442700089,-67.453848349,67.469274790,15.801228344,71.204665067
273.243055556,269.500000000,75.178177224,1.587832796,-67.496446765,67.515120817,15.789136941,71.226095250
273.369791667,269.625000000,75.224550299,1.733153496,-67.538722913,67.560957022,15.777010408,71.247532647
273.496527778,269.750000000,75.270914394,1.878661464,-67.580676035,67.606783256,15.764848824,71.268977018
273.623263889,269.875000000,75.317269353,2.024355969,-67.622305376,67.652599370,15.752652266,71.290428124
273.750000000,270.000000000,75.363615021,2.170236278,-67.663610184,67.698405214,15.740420810,71.311885729
273.876736111,270.125000000,75.409951242,2.316301654,-67.704589704,67.744200640,15.728154535,71.333349593
274.003472222,270.250000000,75.456277860,2.462551359,-67.745243189,67.789985499,15.715853515,71.354796342
274.130208333,270.375000000,75.502594719,2.608984535,-67.785569856,67.835759603,15.703516971,71.375428071
274.256944444,270.500000000,75.548901658,2.755600332,-67.825568926,67.881522769,15.691144214,71.396066474
274.383680556,270.625000000,75.595198517,2.902398003,-67.865239653,67.927274841,15.678735322,71.416711302
274.510416667,270.750000000,75.641485134,3.049376796,-67.904581288,67.973015666,15.666290374,71.437362308
274.637152778,270.875000000,75.687761350,3.196535956,-67.943593087,68.018745090,15.653809448,71.458019246
274.763888889,271.000000000,75.734027003,3.343874726,-67.982274306,68.064462960,15.641292621,71.478681869
274.890625000,271.125000000,75.780281933,3.491392344,-68.020624204,68.110169120,15.628739973,71.499349931
275.017361111,271.250000000,75.826525978,3.639088050,-68.058642042,68.155863419,15.616151610,71.520259838
275.144097222,271.375000000,75.872758981,3.786961357,-68.096327155,68.201545791,15.603529664,71.542664330
275.270833333,271.500000000,75.918980790,3.935011661,-68.133678855,68.247216142,15.590875442,71.565071322
275.397569444,271.625000000,75.965191254,4.083238189,-68.170696415,68.292874327,15.578189014,71.587480594
275.524305556,271.750000000,76.011390223,4.231640165,-68.207379110,68.338520203,15.565470449,71.609891924
275.651041667,271.875000000,76.057577547,4.380216812,-68.243726215,68.384153625,15.552719817,71.632305093
275.777777778,272.000000000,76.103753075,4.528967346,-68.279737009,68.429774449,15.539937185,71.654719883
275.904513889,272.125000000,76.149916656,4.677890983,-68.315410770,68.475382530,15.527122621,71.677136072
276.031250000,272.250000000,76.196068141,4.826986935,-68.350746780,68.520977724,15.514276186,71.699517174
276.157986111,272.375000000,76.242207378,4.976254384,-68.385744317,68.566559878,15.501397753,71.721788530
276.284722222,272.500000000,76.288334216,5.125692525,-68.420402662,68.612128843,15.488487310,71.744060808
276.411458333,272.625000000,76.334448505,5.275300562,-68.454721103,68.657684473,15.475544924,71.766333788
276.538194444,272.750000000,76.380550091,5.425077695,-68.488698927,68.703226625,15.462570662,71.788607252
276.664930556,272.875000000,76.426638825,5.575023122,-68.522335425,68.748755152,15.449564593,71.810880979
276.791666667,273.000000000,76.472714555,5.725136038,-68.555629890,68.794269909,15.436526781,71.833154751
276.918402778,273.125000000,76.518777129,5.875415633,-68.588581616,68.839770751,15.423457295,71.855428351
277.045138889,273.250000000,76.564826397,6.025861124,-68.621189906,68.885257540,15.410356401,71.878289502
277.171875000,273.375000000,76.610862210,6.176472013,-68.653454127,68.930730231,15.397226477,71.902211581
277.298611111,273.500000000,76.656884428,6.327247572,-68.685373608,68.976188714,15.384068240,71.926130955
277.425347222,273.625000000,76.702892908,6.478186983,-68.716947656,69.021632853,15.370881748,71.950047429
277.552083333,273.750000000,76.748887509,6.629289421,-68.748175582,69.067062512,15.357667061,71.973960807
277.678819444,273.875000000,76.794868090,6.780554063,-68.779056699,69.112477555,15.344424237,71.997870893
277.805555556,274.000000000,76.840834510,6.931980080,-68.809590322,69.157877846,15.331153334,72.021777492
277.932291667,274.125000000,76.886786627,7.083566641,-68.839775769,69.203263248,15.317854409,72.045680408
278.059027778,274.250000000,76.932724300,7.235312894,-68.869612353,69.248633621,15.304527388,72.069280788
278.185763889,274.375000000,76.978647385,7.387217876,-68.899099371,69.293988788,15.291171406,72.092535031
278.312500000,274.500000000,77.024555737,7.539280723,-68.928236138,69.339328602,15.277786348,72.115785705
278.439236111,274.625000000,77.070449211,7.691500593,-68.957021977,69.384652924,15.264372272,72.139032608
278.565972222,274.750000000,77.116327663,7.843876641,-68.985456213,69.429961613,15.250929238,72.162275537
278.692708333,274.875000000,77.162190945,7.996408018,-69.013538171,69.475254531,15.237457305,72.185514292
278.819444444,275.000000000,77.208038914,8.149093874,-69.041267183,69.520531537,15.223956530,72.208748672
278.946180556,275.125000000,77.253871424,8.301933354,-69.068642577,69.565792491,15.210426974,72.231978475
279.072916667,275.250000000,77.299688330,8.454925603,-69.095663688,69.611037253,15.196868687,72.255193725
279.199652778,275.375000000,77.345489486,8.608069756,-69.122329850,69.656265682,15.183281703,72.278396798
279.326388889,275.500000000,77.391274747,8.761364952,-69.148640400,69.701477638,15.169666078,72.301594713
279.453125000,275.625000000,77.437043968,8.914810325,-69.174594678,69.746672982,15.156021867,72.324787268
279.579861111,275.750000000,77.482797003,9.068405008,-69.200192026,69.791851572,15.142349129,72.347974266
279.706597222,275.875000000,77.528533707,9.222148130,-69.225431788,69.837013269,15.128647920,72.371155506
279.833333333,276.000000000,77.574253935,9.376038818,-69.250313310,69.882157933,15.114918297,72.394330789
279.960069444,276.125000000,77.619957541,9.530076197,-69.274835940,69.927285424,15.101160315,72.417499917
280.086805556,276.250000000,77.665644379,9.684259339,-69.298999022,69.972395588,15.087373685,72.440135958
280.213541667,276.375000000,77.711314302,9.838587217,-69.322801882,70.017488239,15.073557410,72.462523855
280.340277778,276.500000000,77.756967160,9.993058937,-69.346243873,70.062563229,15.059711474,72.484905834
280.467013889,276.625000000,77.802602801,10.147673611,-69.369324347,70.107620414,15.045835936,72.507281686
280.593750000,276.750000000,77.848221077,10.302430349,-69.392042662,70.152659650,15.031930852,72.529651204
280.720486111,276.875000000,77.893821837,10.457328258,-69.414398177,70.197680792,15.017996282,72.552014183
280.847222222,277.000000000,77.939404931,10.612366443,-69.436390251,70.242683695,15.004032281,72.574370416
280.973958333,277.125000000,77.984970209,10.767544004,-69.458018250,70.287668215,14.990038908,72.596719697
281.100694444,277.250000000,78.030517520,10.922859842,-69.479281510,70.332634149,14.976014782,72.617174115
281.227430556,277.375000000,78.076046704,11.078312634,-69.500179336,70.377581221,14.961956947,72.637135432
281.354166667,277.500000000,78.121557596,11.233901459,-69.520711085,70.422509269,14.947865374,72.657091898
281.480902778,277.625000000,78.167050031,11.389625406,-69.540876122,70.467418136,14.933740125,72.677043276
281.607638889,277.750000000,78.212523845,11.545483561,-69.560673812,70.512307662,14.919581266,72.696989334
281.734375000,277.875000000,78.257978873,11.701475009,-69.580103523,70.557177690,14.905388861,72.716929836
281.861111111,278.000000000,78.303414952,11.857598829,-69.599164625,70.602028062,14.891162972,72.736864549
281.987847222,278.125000000,78.348831916,12.013854099,-69.617856490,70.646858618,14.876903664,72.756793241
282.114583333,278.250000000,78.394229600,12.170239828,-69.636178487,70.691669182,14.862610520,72.776160678
282.241319444,278.375000000,78.439607837,12.326754992,-69.654129979,70.736459564,14.848282914,72.795463472
282.368055556,278.500000000,78.484966459,12.483398659,-69.671710343,70.781229604,14.833920905,72.814760283
282.494791667,278.625000000,78.530305298,12.640169896,-69.688918960,70.825979137,14.819524558,72.834050870
282.621527778,278.750000000,78.575624184,12.797067765,-69.705755212,70.870708004,14.805093936,72.853334994
282.748263889,278.875000000,78.620922951,12.954091329,-69.722218484,70.915416042,14.790629105,72.872612417
282.875000000,279.000000000,78.666201429,13.111239643,-69.738308163,70.960103089,14.776130126,72.891882898
283.001736111,279.125000000,78.711459450,13.268511765,-69.754023640,71.004768984,14.761597064,72.911120160
283.128472222,279.250000000,78.756696844,13.425906485,-69.769364280,71.049413488,14.747028113,72.928476267
283.255208333,279.375000000,78.801913433,13.583422607,-69.784329446,71.094036360,14.732421571,72.945827104
283.381944444,279.500000000,78.847109038,13.741059175,-69.798918530,71.138637429,14.717777509,72.963172408
283.508680556,279.625000000,78.892283477,13.898815233,-69.813130923,71.183216520,14.703095995,72.980511917
283.635416667,279.750000000,78.937436571,14.056689820,-69.826966020,71.227773462,14.688377097,72.997845370
283.762152778,279.875000000,78.982568141,14.214681973,-69.840423219,71.272308080,14.673620883,73.015172506
283.888888889,280.000000000,79.027678006,14.372790726,-69.853501920,71.316820202,14.658827422,73.032493063
284.015625000,280.125000000,79.072765986,14.531015108,-69.866201526,71.361309655,14.643996765,73.049690962
284.142361111,280.250000000,79.117831900,14.689353995,-69.878521428,71.405776222,14.629127888,73.066058843
284.269097222,280.375000000,79.162875563,14.847806317,-69.890461025,71.450219697,14.614220169,73.082420591
284.395833333,280.500000000,79.207896789,15.006371095,-69.902019722,71.494639902,14.599273678,73.098775935
284.522569444,280.625000000,79.252895393,15.165047348,-69.913196930,71.539036658,14.584288484,73.115124604
284.649305556,280.750000000,79.297871188,15.323834094,-69.923992060,71.583409788,14.569264655,73.131466326
284.776041667,280.875000000,79.342823990,15.482730345,-69.934404527,71.627759112,14.554202261,73.147800832
284.902777778,281.000000000,79.387753611,15.641735112,-69.944433749,71.672084453,14.539101370,73.164127852
285.029513889,281.125000000,79.432659868,15.800847395,-69.954079147,71.716385629,14.523961988,73.180174625
285.156250000,281.250000000,79.477542571,15.960065987,-69.963340127,71.760662400,14.508782664,73.195316726
285.282986111,281.375000000,79.522401528,16.119389798,-69.972216108,71.804914556,14.493562809,73.210452095
285.409722222,281.500000000,79.567236546,16.278817826,-69.980706511,71.849141913,14.478302493,73.225580446
285.536458333,281.625000000,79.612047433,16.438349067,-69.988810764,71.893344283,14.463001788,73.240701496
285.663194444,281.750000000,79.656833995,16.597982514,-69.996528297,71.937521483,14.447660763,73.255814963
285.789930556,281.875000000,79.701596040,16.757717157,-70.003858540,71.981673326,14.432279489,73.270920564
285.916666667,282.000000000,79.746333374,16.917551984,-70.010800930,72.025799628,14.416858034,73.286018016
286.043402778,282.125000000,79.791045804,17.077485985,-70.017354904,72.069900203,14.401396505,73.301218730
286.170138889,282.250000000,79.835733139,17.237518205,-70.023519905,72.113974886,14.385895423,73.316624886
286.296875000,282.375000000,79.880395187,17.397647641,-70.029295380,72.158023496,14.370354991,73.332021618
286.423611111,282.500000000,79.925031757,17.557873271,-70.034680776,72.202045852,14.354775274,73.347408650
286.550347222,282.625000000,79.969642659,17.718194069,-70.039675543,72.246041769,14.339156341,73.362785709
286.677083333,282.750000000,80.014227701,17.878609006,-70.044279135,72.290011063,14.323498256,73.378152518
286.803819444,282.875000000,80.058786693,18.039117050,-70.048491008,72.333953552,14.307801085,73.393508805
286.930555556,283.000000000,80.103319443,18.199717168,-70.052310621,72.377869051,14.292064895,73.408854296
287.057291667,283.125000000,80.147825761,18.360408282,-70.055737435,72.421757365,14.276289469,73.423541851
287.184027778,283.250000000,80.192305451,18.521189067,-70.058770907,72.465618230,14.260472822,73.437435375
287.310763889,283.375000000,80.236758315,18.682058421,-70.061410498,72.509451437,14.244614611,73.451319189
287.437500000,283.500000000,80.281184151,18.843015297,-70.063655672,72.553256795,14.228714906,73.465193002
287.564236111,283.625000000,80.325582760,19.004058647,-70.065505898,72.597034112,14.212773774,73.479056522
287.690972222,283.750000000,80.369953943,19.165187419,-70.066960647,72.640783194,14.196791283,73.492909459
287.817708333,283.875000000,80.414297499,19.326400557,-70.068019392,72.684503851,14.180767502,73.506751524
287.944444444,284.000000000,80.458613229,19.487697005,-70.068681612,72.728195890,14.164702497,73.520582428
288.071180556,284.125000000,80.502900933,19.649075697,-70.068946785,72.771859117,14.148596299,73.534335444
288.197916667,284.250000000,80.547160410,19.810535548,-70.068814396,72.815493334,14.132448807,73.548024995
288.324652778,284.375000000,80.591391460,19.972075487,-70.068283928,72.859098347,14.116260064,73.561702680
288.451388889,284.500000000,80.635593882,20.133694448,-70.067354873,72.902673963,14.100030136,73.575368209
288.578125000,284.625000000,80.679767476,20.295391360,-70.066026720,72.946219989,14.083759090,73.589021295
288.704861111,284.750000000,80.723912041,20.457165148,-70.064298965,72.989736233,14.067446991,73.602661650
288.831597222,284.875000000,80.768027377,20.619014737,-70.062171107,73.033222501,14.051093903,73.616288987
288.958333333,285.000000000,80.812113283,20.780939047,-70.059642645,73.076678601,14.034699892,73.629903020
289.085069444,285.125000000,80.856169558,20.942936948,-70.056713086,73.120104325,14.018264663,73.642947037
289.211805556,285.250000000,80.900195998,21.105007195,-70.053381938,73.163499435,14.001787134,73.655705582
289.338541667,285.375000000,80.944192397,21.267148686,-70.049648707,73.206863730,13.985267284,73.668451079
289.465277778,285.500000000,80.988158551,21.429360334,-70.045512904,73.250197012,13.968705180,73.681183232
289.592013889,285.625000000,81.032094252,21.591641044,-70.040974043,73.293499083,13.952100887,73.693901745
289.718750000,285.750000000,81.075999295,21.753989720,-70.036031640,73.336769745,13.935454470,73.706606323
289.845486111,285.875000000,81.119873475,21.916405266,-70.030685216,73.380008801,13.918765994,73.719296673
289.972222222,286.000000000,81.163716585,22.078886580,-70.024934293,73.423216051,13.902035523,73.731972501
290.098958333,286.125000000,81.207528420,22.241432623,-70.018778396,73.466391317,13.885263580,73.745245633
290.225694444,286.250000000,81.251308778,22.404042431,-70.012217051,73.509534440,13.868451240,73.758674552
290.352430556,286.375000000,81.295057457,22.566714901,-70.005249794,73.552645229,13.851598598,73.772087040
290.479166667,286.500000000,81.338774258,22.729448925,-69.997876165,73.595723490,13.834705716,73.785482817
290.605902778,286.625000000,81.382458979,22.892243388,-69.990095706,73.638769030,13.817772653,73.798861600
290.732638889,286.750000000,81.426111420,23.055097177,-69.981907963,73.681781656,13.800799468,73.812223112
290.859375000,286.875000000,81.469731379,23.218009173,-69.973312486,73.724761174,13.783786220,73.825567071
290.986111111,287.000000000,81.513318655,23.380978257,-69.964308826,73.767707391,13.766732969,73.838893201
291.112847222,287.125000000,81.556873048,23.544003158,-69.954896547,73.810620073,13.749638710,73.850961414
291.239583333,287.250000000,81.600394348,23.707082527,-69.945075217,73.853498962,13.732501902,73.862860385
291.366319444,287.375000000,81.643882347,23.870215231,-69.934844392,73.896343856,13.715322592,73.874742512
291.493055556,287.500000000,81.687336835,24.033400140,-69.924203633,73.939154553,13.698100841,73.886607499
291.619791667,287.625000000,81.730757601,24.196636118,-69.913152503,73.981930850,13.680836711,73.898455050
291.746527778,287.750000000,81.774144438,24.359922030,-69.901690569,74.024672547,13.663530263,73.910284871
291.873263889,287.875000000,81.817497133,24.523256736,-69.889817402,74.067379442,13.646181556,73.922096668
292.000000000,288.000000000,81.860815479,24.686639094,-69.877532575,74.110051332,13.628790651,73.933890147
292.126736111,288.125000000,81.904099266,24.850067966,-69.864835664,74.152688018,13.611357641,73.945698729
292.253472222,288.250000000,81.947348283,25.013542208,-69.851726252,74.195289299,13.593882617,73.957488363
292.380208333,288.375000000,81.990562322,25.177060672,-69.838203920,74.237854973,13.576365637,73.969258757
292.506944444,288.500000000,82.033741172,25.340622208,-69.824268258,74.280384838,13.558806761,73.981009621
292.633680556,288.625000000,82.076884626,25.504225660,-69.809918857,74.322878694,13.541206045,73.992740664
292.760416667,288.750000000,82.119992472,25.667869873,-69.795155310,74.365336337,13.523563549,74.004451597
292.887152778,288.875000000,82.163064502,25.831553689,-69.779977216,74.407757568,13.505879328,74.016142129
293.013888889,289.000000000,82.206100506,25.995275947,-69.764384177,74.450142184,13.488153443,74.027832191
293.140625000,289.125000000,82.249100276,26.159035513,-69.748375795,74.492489991,13.470386162,74.039665419
293.267361111,289.250000000,82.292063601,26.322831242,-69.731951678,74.534800794,13.452577681,74.051477143
293.394097222,289.375000000,82.334990275,26.486661965,-69.715111437,74.577074391,13.434728056,74.063267078
293.520833333,289.500000000,82.377880090,26.650526514,-69.697854691,74.619310584,13.416837342,74.075034938
293.647569444,289.625000000,82.420732835,26.814423716,-69.680181059,74.661509170,13.398905592,74.086780442
293.774305556,289.750000000,82.463548305,26.978352396,-69.662090164,74.703669950,13.380932861,74.098503304
293.901041667,289.875000000,82.506326289,27.142311377,-69.643581633,74.745792722,13.362919202,74.110203242
294.027777778,290.000000000,82.549066581,27.306299473,-69.624655100,74.787877284,13.344864615,74.121627218
294.154513889,290.125000000,82.591768968,27.470315295,-69.605310219,74.829923380,13.326767661,74.132128180
294.281250000,290.250000000,82.634433237,27.634357563,-69.585546637,74.871930780,13.308627715,74.142606872
294.407986111,290.375000000,82.677059172,27.798425090,-69.565363990,74.913899275,13.290444833,74.153062998
294.534722222,290.500000000,82.719646557,27.962516686,-69.544761918,74.955828657,13.272219072,74.163496263
294.661458333,290.625000000,82.762195176,28.126631158,-69.523740066,74.997718719,13.253950485,74.173906370
294.788194444,290.750000000,82.804704814,28.290767313,-69.502298082,75.039569254,13.235639127,74.184293026
294.914930556,290.875000000,82.847175254,28.454923952,-69.480435618,75.081380054,13.217285051,74.194655937
295.041666667,291.000000000,82.889606282,28.619099892,-69.458152327,75.123150914,13.198888414,74.205313163
295.168402778,291.125000000,82.931997684,28.783294118,-69.435447844,75.164881677,13.180450616,74.216595202
295.295138889,291.250000000,82.974349250,28.947505487,-69.412321827,75.206572155,13.161972128,74.227851376
295.421875000,291.375000000,83.016660771,29.111732795,-69.388773948,75.248222147,13.143453000,74.239081406
295.548611111,291.500000000,83.058932038,29.275974835,-69.364803880,75.289831450,13.124893282,74.250285014
295.675347222,291.625000000,83.101162840,29.440230400,-69.340411301,75.331399863,13.106293021,74.261461920
295.802083333,291.750000000,83.143352969,29.604498279,-69.315595893,75.372927184,13.087652267,74.272611847
295.928819444,291.875000000,83.185502215,29.768777259,-69.290357341,75.414413211,13.068971066,74.283734518
296.055555556,292.000000000,83.227610368,29.933066075,-69.264695342,75.455857728,13.050249093,74.293946568
296.182291667,292.125000000,83.269677213,30.097363107,-69.238609648,75.497260428,13.031483489,74.303001232
296.309027778,292.250000000,83.311702528,30.261667048,-69.212099962,75.538621074,13.012673690,74.312030401
296.435763889,292.375000000,83.353686091,30.425976674,-69.185165976,75.579939453,12.993819750,74.321033774
296.562500000,292.500000000,83.395627679,30.590290758,-69.157807386,75.621215351,12.974921720,74.330011050
296.689236111,292.625000000,83.437527070,30.754608072,-69.130023892,75.662448553,12.955979653,74.338961928
296.815972222,292.750000000,83.479384041,30.918927385,-69.101815199,75.703638845,12.936993599,74.347886107
296.942708333,292.875000000,83.521198369,31.083247464,-69.073181013,75.744786013,12.917963609,74.356783288
297.069444444,293.000000000,83.562969833,31.247567135,-69.044121037,75.785889858,12.898890178,74.366488340
297.196180556,293.125000000,83.604698216,31.411885468,-69.014634935,75.826950248,12.879775561,74.376853293
297.322916667,293.250000000,83.646383304,31.576201266,-68.984722427,75.867966987,12.860620106,74.387188408
297.449652778,293.375000000,83.688024885,31.740513293,-68.954383240,75.908939870,12.841423857,74.397493407
297.576388889,293.500000000,83.729622747,31.904820307,-68.923617110,75.949868692,12.822186859,74.407768013
297.703125000,293.625000000,83.771176676,32.069121066,-68.892423774,75.990753249,12.802909155,74.418011949
297.829861111,293.750000000,83.812686462,32.233414327,-68.860802972,76.031593335,12.783590790,74.428224939
297.956597222,293.875000000,83.854151890,32.397698844,-68.828754450,76.072388746,12.764231805,74.438406707
298.083333333,294.000000000,83.895572747,32.561973252,-68.796277980,76.113139246,12.744831394,74.447222772
298.210069444,294.125000000,83.936948814,32.726235907,-68.763373387,76.153844527,12.725386747,74.455314319
298.336805556,294.250000000,83.978279864,32.890485523,-68.730040427,76.194504362,12.705897681,74.463376392
298.463541667,294.375000000,84.019565671,33.054720842,-68.696278852,76.235118535,12.686364243,74.471408690
298.590277778,294.500000000,84.060806010,33.218940605,-68.662088420,76.275686828,12.666786481,74.479410916
298.717013889,294.625000000,84.102000655,33.383143550,-68.627468892,76.316209024,12.647164441,74.487382768
298.843750000,294.750000000,84.143149380,33.547328415,-68.592420032,76.356684905,12.627498170,74.495323950
298.970486111,294.875000000,84.184251959,33.711493933,-68.556941611,76.397114253,12.607787713,74.503234163
299.097222222,295.000000000,84.225308168,33.875638985,-68.521033369,76.437496889,12.588034191,74.512555178
299.223958333,295.125000000,84.266317789,34.039762643,-68.484695016,76.477832685,12.568240125,74.522280305
299.350694444,295.250000000,84.307280608,34.203863653,-68.447926338,76.518121440,12.548405653,74.531971223
299.477430556,295.375000000,84.348196413,34.367940746,-68.410727127,76.558362947,12.528530814,74.541627660
299.604166667,295.500000000,84.389064990,34.531992652,-68.373097180,76.598557000,12.508615646,74.551249345
299.730902778,295.625000000,84.429886125,34.696018098,-68.335036299,76.638703394,12.488660188,74.560836007
299.857638889,295.750000000,84.470659605,34.860015810,-68.296544289,76.678801922,12.468664476,74.570387375
299.984375000,295.875000000,84.511385216,35.023984513,-68.257620959,76.718852378,12.448628550,74.579903179
300.111111111,296.000000000,84.552062743,35.187922713,-68.218266173,76.758854503,12.428550864,74.587528859
300.237847222,296.125000000,84.592691962,35.351828788,-68.178479823,76.798807997,12.408428957,74.594860156
300.364583333,296.250000000,84.633272646,35.515701449,-68.138261724,76.838712640,12.388262839,74.602157696
300.491319444,296.375000000,84.673804568,35.679539408,-68.097611692,76.878568213,12.368052553,74.609421184
300.618055556,296.500000000,84.714287499,35.843341378,-68.056529550,76.918374498,12.347798140,74.616650327
300.744791667,296.625000000,84.754721213,36.007106066,-68.015015122,76.958131275,12.327499640,74.623844830
300.871527778,296.750000000,84.795105483,36.170832182,-67.973068240,76.997838325,12.307157095,74.631004401
300.998263889,296.875000000,84.835440080,36.334518432,-67.930688737,77.037495429,12.286770545,74.638128746
301.125000000,297.000000000,84.875724779,36.498163711,-67.887876403,77.077102415,12.266341451,74.646697884
301.251736111,297.125000000,84.915959362,36.661766930,-67.844631031,77.116659123,12.245871352,74.655249917
301.378472222,297.250000000,84.956143609,36.825326792,-67.800952476,77.156165341,12.225360284,74.663764000
301.505208333,297.375000000,84.996277305,36.988842000,-67.756840595,77.195620860,12.204808279,74.672239860
301.631944444,297.500000000,85.036360231,37.152311256,-67.712295247,77.235025470,12.184215373,74.680677225
301.758680556,297.625000000,85.076392170,37.315733258,-67.667316300,77.274378961,12.163581599,74.689075824
301.885416667,297.750000000,85.116372905,37.479106705,-67.621903622,77.313681123,12.142906990,74.697435387
302.012152778,297.875000000,85.156302218,37.642430294,-67.576057087,77.352931747,12.122191577,74.705726337
302.138888889,298.000000000,85.196179890,37.805702671,-67.529776588,77.392130611,12.101435041,74.713701607
302.265625000,298.125000000,85.236005704,37.968922498,-67.483062014,77.431277495,12.080637173,74.721637396
302.392361111,298.250000000,85.275779439,38.132088466,-67.435913252,77.470372187,12.059798005,74.729533430
302.519097222,298.375000000,85.315500876,38.295199265,-67.388330190,77.509414477,12.038917568,74.737389438
302.645833333,298.500000000,85.355169795,38.458253583,-67.340312724,77.548404151,12.017995896,74.745205147
302.772569444,298.625000000,85.394785977,38.621250107,-67.291860752,77.587340999,11.997033018,74.752980287
302.899305556,298.750000000,85.434349203,38.784187524,-67.242974176,77.626224808,11.976028966,74.760714585
303.026041667,298.875000000,85.473859252,38.947064514,-67.193652905,77.665055366,11.954983757,74.768336087
303.152777778,299.000000000,85.513315905,39.109879702,-67.143896867,77.703832446,11.933896968,74.775639280
303.279513889,299.125000000,85.552718941,39.272631737,-67.093705987,77.742555828,11.912768416,74.782901238
303.406250000,299.250000000,85.592068136,39.435319300,-67.043080183,77.781225297,11.891598130,74.790121689
303.532986111,299.375000000,85.631363270,39.597941069,-66.992019378,77.819840640,11.870386141,74.797300358
303.659722222,299.500000000,85.670604120,39.760495720,-66.940523499,77.858401642,11.849132478,74.804436973
303.786458333,299.625000000,85.709790466,39.922981928,-66.888592480,77.896908090,11.827837171,74.811531263
303.913194444,299.750000000,85.748922084,40.085398368,-66.836226255,77.935359769,11.806500248,74.818582956
304.039930556,299.875000000,85.787998754,40.247743736,-66.783424759,77.973756472,11.785121929,74.826215593
304.166666667,300.000000000,85.827020258,40.410017075,-66.730187818,78.012098076,11.763705015,74.835159717
304.293402778,300.125000000,85.865986387,40.572217179,-66.676515350,78.050384407,11.742250437,74.844058187
304.420138889,300.250000000,85.904896932,40.734342722,-66.622407317,78.088615263,11.720758217,74.852910755
304.546875000,300.375000000,85.943751685,40.896392376,-66.567863686,78.126790444,11.699228376,74.861717174
304.673611111,300.500000000,85.982550436,41.058364812,-66.512884426,78.164909746,11.677660937,74.870477199
304.800347222,300.625000000,86.021292979,41.220258700,-66.457469512,78.202972969,11.656055919,74.879190583
304.927083333,300.750000000,86.059979103,41.382072709,-66.401618924,78.240979911,11.634413344,74.887857081
305.053819444,300.875000000,86.098608601,41.543805487,-66.345332652,78.278930365,11.612733087,74.896126524
305.180555556,301.000000000,86.137181260,41.705455543,-66.288610738,78.316824091,11.591013966,74.903875148
305.307291667,301.125000000,86.175696868,41.867021504,-66.231453184,78.354660873,11.569255738,74.911577048
305.434027778,301.250000000,86.214155210,42.028502032,-66.173859983,78.392440504,11.547458422,74.919231969
305.560763889,301.375000000,86.252556072,42.189895790,-66.115831134,78.430162778,11.525622039,74.926839659
305.687500000,301.500000000,86.290899239,42.351201437,-66.057366640,78.467827487,11.503746612,74.934399866
305.814236111,301.625000000,86.329184498,42.512417633,-65.998466507,78.505434425,11.481832159,74.941912336
305.940972222,301.750000000,86.367411635,42.673543036,-65.939130748,78.542983385,11.459878701,74.949376818
306.067708333,301.875000000,86.405580436,42.834576363,-65.879359357,78.580474174,11.437886709,74.957653379
306.194444444,302.000000000,86.443690691,42.995516581,-65.819152243,78.617906663,11.415858564,74.966630156
306.321180556,302.125000000,86.481742199,43.156362394,-65.758509421,78.655280664,11.393794624,74.975556493
306.447916667,302.250000000,86.519734755,43.317112462,-65.697430926,78.692595982,11.371694904,74.984432157
306.574652778,302.375000000,86.557668156,43.477765441,-65.635916800,78.729852418,11.349559418,74.993256914
306.701388889,302.500000000,86.595542199,43.638319988,-65.573967086,78.767049778,11.327388179,75.002030532
306.828125000,302.625000000,86.633356680,43.798774758,-65.511581834,78.804187863,11.305181201,75.010752779
306.954861111,302.750000000,86.671111397,43.959128408,-65.448761099,78.841266477,11.282938498,75.019423423
307.081597222,302.875000000,86.708806145,44.119379520,-65.385504965,78.878285407,11.260659540,75.027185569
307.208333333,303.000000000,86.746440716,44.279526498,-65.321813591,78.915244393,11.238342436,75.034422892
307.335069444,303.125000000,86.784014898,44.439567969,-65.257687047,78.952143226,11.215987036,75.041609297
307.461805556,303.250000000,86.821528477,44.599502583,-65.193125399,78.988981700,11.193593356,75.048744537
307.588541667,303.375000000,86.858981243,44.759328986,-65.128128720,79.025759609,11.171161409,75.055828369
307.715277778,303.500000000,86.896372983,44.919045824,-65.062697086,79.062476750,11.148691211,75.062860549
307.842013889,303.625000000,86.933703484,45.078651744,-64.996830576,79.099132916,11.126182775,75.069840832
307.968750000,303.750000000,86.970972534,45.238145391,-64.930529277,79.135727902,11.103636115,75.076768975
308.095486111,303.875000000,87.008179921,45.397525403,-64.863793280,79.172261502,11.081051201,75.083586830
308.222222222,304.000000000,87.045325432,45.556790410,-64.796622685,79.208733507,11.058427943,75.090333180
308.348958333,304.125000000,87.082408855,45.715939055,-64.729017590,79.245143712,11.035766349,75.097026744
308.475694444,304.250000000,87.119429976,45.874969979,-64.660978100,79.281491910,11.013066431,75.103667278
308.602430556,304.375000000,87.156388583,46.033881823,-64.592504322,79.317777896,10.990328201,75.110254541
308.729166667,304.500000000,87.193284463,46.192673228,-64.523596369,79.354001464,10.967551672,75.116788290
308.855902778,304.625000000,87.230117404,46.351342834,-64.454254357,79.390162408,10.944736854,75.123268283
308.982638889,304.750000000,87.266887192,46.509889280,-64.384478409,79.426260524,10.921883759,75.129694278
309.109375000,304.875000000,87.303593613,46.668311075,-64.314268707,79.462295574,10.898991385,75.134875139
309.236111111,305.000000000,87.340236449,46.826606639,-64.243625473,79.498267297,10.876058066,75.139813901
309.362847222,305.125000000,87.376815476,46.984774602,-64.172548841,79.534175479,10.853083788,75.144699444
309.489583333,305.250000000,87.413330472,47.142813599,-64.101038943,79.570019905,10.830068566,75.149531515
309.616319444,305.375000000,87.449781216,47.300722260,-64.029095922,79.605800359,10.807012411,75.154309858
309.743055556,305.500000000,87.486167485,47.458499217,-63.956719921,79.641516629,10.783915335,75.159034220
309.869791667,305.625000000,87.522489057,47.616143102,-63.883911090,79.677168499,10.760777351,75.163704347
309.996527778,305.750000000,87.558745709,47.773652545,-63.810669582,79.712755755,10.737598469,75.168319985
310.123263889,305.875000000,87.594937219,47.931025951,-63.736995661,79.748278129,10.714376932,75.171037466
310.250000000,306.000000000,87.631063352,48.088261696,-63.662889600,79.783735342,10.691110787,75.173650221
310.376736111,306.125000000,87.667123874,48.245358404,-63.588351560,79.819127167,10.667800045,75.176209933
310.503472222,306.250000000,87.703118550,48.402314698,-63.513381708,79.854453376,10.644444721,75.178716330
310.630208333,306.375000000,87.739047144,48.559129199,-63.437980214,79.889713744,10.621044830,75.181169140
310.756944444,306.500000000,87.774909423,48.715800529,-63.362147254,79.924908044,10.597600383,75.183568092
310.883680556,306.625000000,87.810705149,48.872327310,-63.285883010,79.960036050,10.574111395,75.185912914
311.010416667,306.750000000,87.846434090,49.028708163,-63.209187665,79.995097533,10.550577873,75.188156234
311.137152778,306.875000000,87.882096007,49.184941624,-63.132061451,80.030092250,10.526999179,75.189819299
311.263888889,307.000000000,87.917690664,49.341026253,-63.054504589,80.065019957,10.503374849,75.191428125
311.390625000,307.125000000,87.953217821,49.496960667,-62.976517278,80.099880423,10.479704894,75.192982438
311.517361111,307.250000000,87.988677239,49.652743484,-62.898099720,80.134673418,10.455989328,75.194481962
311.644097222,307.375000000,88.024068679,49.808373320,-62.819252122,80.169398713,10.432228162,75.195926422
311.770833333,307.500000000,88.059391903,49.963848791,-62.739974697,80.204056076,10.408421407,75.197315546
311.897569444,307.625000000,88.094646670,50.119168513,-62.660267663,80.238645278,10.384569075,75.198649057
312.024305556,307.750000000,88.129832743,50.274331098,-62.580131242,80.273166087,10.360671142,75.199755334
312.151041667,307.875000000,88.164949879,50.429335015,-62.499565737,80.307618240,10.336726462,75.200084000
312.277777778,308.000000000,88.199997836,50.584178807,-62.418571412,80.342001485,10.312734466,75.200357356
312.404513889,308.125000000,88.234976367,50.738861083,-62.337148501,80.376315586,10.288695167,75.200575118
312.531250000,308.250000000,88.269885228,50.893380456,-62.255297243,80.410560308,10.264608574,75.200737007
312.657986111,308.375000000,88.304724174,51.047735536,-62.173017881,80.444735414,10.240474699,75.200842741
312.784722222,308.500000000,88.339492958,51.201924934,-62.090310663,80.478840668,10.216293551,75.200892040
312.911458333,308.625000000,88.374191337,51.355947261,-62.007175843,80.512875834,10.192065140,75.200884625
313.038194444,308.750000000,88.408819065,51.509801111,-61.923613687,80.546840674,10.167789362,75.200444579
313.164930556,308.875000000,88.443375893,51.663484879,-61.839624573,80.580734901,10.143464467,75.199077525
313.291666667,309.000000000,88.477861569,51.816997096,-61.755208806,80.614558255,10.119089864,75.197654535
313.418402778,309.125000000,88.512275839,51.970336366,-61.670366654,80.648310492,10.094665561,75.196175319
313.545138889,309.250000000,88.546618449,52.123501296,-61.585098391,80.681991368,10.070191570,75.194639585
313.671875000,309.375000000,88.580889146,52.276490489,-61.499404295,80.715600639,10.045667899,75.193047042
313.798611111,309.500000000,88.615087675,52.429302551,-61.413284651,80.749138061,10.021094557,75.191397401
313.925347222,309.625000000,88.649213783,52.581936086,-61.326739747,80.782603391,9.996471553,75.189690372
314.052083333,309.750000000,88.683267216,52.734389719,-61.239769865,80.815996388,9.971799069,75.188352765
314.178819444,309.875000000,88.717247724,52.886662242,-61.152375199,80.849316853,9.947078649,75.187568418
314.305555556,310.000000000,88.751155060,53.038752306,-61.064556031,80.882564557,9.922310654,75.186724478
314.432291667,310.125000000,88.784988978,53.190658516,-60.976312674,80.915739265,9.897495091,75.185820672
314.559027778,310.250000000,88.818749230,53.342379481,-60.887645446,80.948840737,9.872631963,75.184856725
314.685763889,310.375000000,88.852435570,53.493913806,-60.798554670,80.981868738,9.847721273,75.183832361
314.812500000,310.500000000,88.886047752,53.645260099,-60.709040672,81.014823029,9.822763025,75.182747308
314.939236111,310.625000000,88.919585530,53.796416967,-60.619103786,81.047703374,9.797757222,75.181601293
315.065972222,310.750000000,88.953048656,53.947382971,-60.528744375,81.080509526,9.772703496,75.179686278
315.192708333,310.875000000,88.986436879,54.098156473,-60.437962926,81.113241190,9.747599818,75.177059210
315.319444444,311.000000000,89.019749944,54.248736038,-60.346759803,81.145898112,9.722445880,75.174372111
315.446180556,311.125000000,89.052987594,54.399120267,-60.255135356,81.178480046,9.697241683,75.171624696
315.572916667,311.250000000,89.086149573,54.549307764,-60.163089937,81.210986746,9.671987233,75.168816679
315.699652778,311.375000000,89.119235625,54.699297131,-60.070623905,81.243417966,9.646682532,75.165947776
315.826388889,311.500000000,89.152245495,54.849086969,-59.977737622,81.275773461,9.621327581,75.163017702
315.953125000,311.625000000,89.185178926,54.998675883,-59.884431457,81.308052983,9.595922384,75.160026173
316.079861111,311.750000000,89.218035663,55.148062521,-59.790705755,81.340256297,9.570467333,75.157596515
316.206597222,311.875000000,89.250815453,55.297245659,-59.696560789,81.372383199,9.544963882,75.155469825
316.333333333,312.000000000,89.283518048,55.446223919,-59.601996935,81.404433452,9.519412165,75.153279559
316.460069444,312.125000000,89.316143199,55.594995909,-59.507014587,81.436406816,9.493812180,75.151025448
316.586805556,312.250000000,89.348690656,55.743560234,-59.411614141,81.468303053,9.468163923,75.148707222
316.713541667,312.375000000,89.381160171,55.891915501,-59.315796000,81.500121923,9.442467393,75.146324612
316.840277778,312.500000000,89.413551494,56.040060316,-59.219560572,81.531863186,9.416722585,75.143877347
316.967013889,312.625000000,89.445864377,56.187993288,-59.122908269,81.563526603,9.390929496,75.141365161
317.093750000,312.750000000,89.478098569,56.335712938,-59.025839564,81.595111916,9.365087400,75.137817941
317.220486111,312.875000000,89.510253815,56.483217660,-58.928355016,81.626618833,9.339194473,75.133865500
317.347222222,313.000000000,89.542329857,56.630506046,-58.830455056,81.658047106,9.313250620,75.129849020
317.473958333,313.125000000,89.574326437,56.777576700,-58.732140113,81.689396485,9.287255841,75.125768221
317.600694444,313.250000000,89.606243297,56.924428226,-58.633410619,81.720666723,9.261210130,75.121622822
317.727430556,313.375000000,89.638080178,57.071059229,-58.534267015,81.751857572,9.235113484,75.117412546
317.854166667,313.500000000,89.669836822,57.217468314,-58.434709744,81.782968784,9.208965898,75.113137112
317.980902778,313.625000000,89.701512970,57.363654086,-58.334739256,81.814000110,9.182767367,75.108796244
318.107638889,313.750000000,89.733108366,57.509615293,-58.234355907,81.844951335,9.156519120,75.105833155
318.234375000,313.875000000,89.764622761,57.655350793,-58.133559993,81.875822271,9.130223299,75.103058174
318.361111111,314.000000000,89.796055907,57.800859203,-58.032351981,81.906612682,9.103879932,75.100214776
318.487847222,314.125000000,89.827407559,57.946139135,-57.930732346,81.937322331,9.077489011,75.097302704
318.614583333,314.250000000,89.858677471,58.091189204,-57.828701569,81.967950982,9.051050523,75.094321700
318.741319444,314.375000000,89.889865395,58.236008022,-57.726260136,81.998498399,9.024564458,75.091271507
318.868055556,314.500000000,89.920971087,58.380594204,-57.623408538,82.028964343,8.998030804,75.088151870
318.994791667,314.625000000,89.951994299,58.524946366,-57.520147272,82.059348580,8.971449550,75.084962532
319.121527778,314.750000000,89.982934784,58.669062970,-57.416476946,82.089650838,8.944819356,75.080333065
319.248263889,314.875000000,90.013792287,58.812942454,-57.312398188,82.119870836,8.918138653,75.075576433
319.375000000,315.000000000,90.044566552,58.956583427,-57.207911508,82.150008329,8.891407429,75.070751127
319.501736111,315.125000000,90.075257323,59.099984503,-57.103017415,82.180063070,8.864625674,75.065856879
319.628472222,315.250000000,90.105864343,59.243144295,-56.997716428,82.210034813,8.837793374,75.060893421
319.755208333,315.375000000,90.136387355,59.386061416,-56.892009068,82.239923312,8.810910518,75.055860486
319.881944444,315.500000000,90.166826104,59.528734480,-56.785895864,82.269728320,8.783977093,75.050757808
320.008680556,315.625000000,90.197180332,59.671162103,-56.679377348,82.299449593,8.756993092,75.045652323
320.135416667,315.750000000,90.227449785,59.813343027,-56.572453964,82.329086911,8.729959620,75.041389856
320.262152778,315.875000000,90.257634213,59.955275967,-56.465126187,82.358640054,8.702877524,75.037055607
320.388888889,316.000000000,90.287733366,60.096959543,-56.357394567,82.388108782,8.675746788,75.032649320
320.515625000,316.125000000,90.317746994,60.238392378,-56.249259662,82.417492857,8.648567396,75.028170743
320.642361111,316.250000000,90.347674848,60.379573093,-56.140722033,82.446792038,8.621339329,75.023619622
320.769097222,316.375000000,90.377516679,60.520500312,-56.031782247,82.476006086,8.594062571,75.018995705
320.895833333,316.500000000,90.407272238,60.661172659,-55.922440878,82.505134762,8.566737104,75.014298740
321.022569444,316.625000000,90.436941274,60.801588759,-55.812698500,82.534177826,8.539362924,75.009619944
321.149305556,316.750000000,90.466523540,60.941747313,-55.702555638,82.563135056,8.511940689,75.005289392
321.276041667,316.875000000,90.496018789,61.081646990,-55.592012852,82.592006223,8.484470729,75.000884411
321.402777778,317.000000000,90.525426776,61.221286416,-55.481070736,82.620791091,8.456953024,74.996404756
321.529513889,317.125000000,90.554747255,61.360664224,-55.369729890,82.649489424,8.429387553,74.991850183
321.656250000,317.250000000,90.583979979,61.499779045,-55.257990918,82.678100987,8.401774294,74.987220447
321.782986111,317.375000000,90.613124704,61.638629510,-55.145854431,82.706625543,8.374113224,74.982515306
321.909722222,317.500000000,90.642181184,61.777214254,-55.033321043,82.735062857,8.346404322,74.977734516
322.036458333,317.625000000,90.671149172,61.915531903,-54.920391381,82.763412691,8.318647502,74.972666057
322.163194444,317.750000000,90.700028422,62.053580979,-54.807066162,82.791674784,8.290841683,74.966997645
322.289930556,317.875000000,90.728818682,62.191360073,-54.693346049,82.819848888,8.262986463,74.961253762
322.416666667,318.000000000,90.757519702,62.328867821,-54.579231675,82.847934761,8.235081817,74.955434159
322.543402778,318.125000000,90.786131230,62.466102860,-54.464723678,82.875932162,8.207127722,74.949538591
322.670138889,318.250000000,90.814653015,62.603063825,-54.349822702,82.903840852,8.179124154,74.943566810
322.796875000,318.375000000,90.843084807,62.739749356,-54.234529397,82.931660589,8.151071088,74.937518569
322.923611111,318.500000000,90.871426354,62.876158091,-54.118844416,82.959391133,8.122968500,74.931393624
323.050347222,318.625000000,90.899677405,63.012288693,-54.002768400,82.987032247,8.094816569,74.925695281
323.177083333,318.750000000,90.927837714,63.148140010,-53.886301842,83.014583736,8.066617183,74.920682676
323.303819444,318.875000000,90.955907037,63.283710739,-53.769445372,83.042045378,8.038370785,74.915591102
323.430555556,319.000000000,90.983885133,63.418999529,-53.652199670,83.069416940,8.010077347,74.910420326
323.557291667,319.125000000,91.011771761,63.554005031,-53.534565419,83.096698190,7.981736838,74.905170118
323.684027778,319.250000000,91.039566678,63.688725896,-53.416543308,83.123888896,7.953349230,74.899840247
323.810763889,319.375000000,91.067269642,63.823160777,-53.298134031,83.150988826,7.924914491,74.894430483
323.937500000,319.500000000,91.094880412,63.957308329,-53.179338289,83.177997749,7.896432590,74.888940597
324.064236111,319.625000000,91.122398745,64.091167199,-53.060156791,83.204915429,7.867903424,74.883228963
324.190972222,319.750000000,91.149824399,64.224736000,-52.940590287,83.231741627,7.839326532,74.877299424
324.317708333,319.875000000,91.177157130,64.358013382,-52.820639497,83.258476105,7.810701812,74.871289406
324.444444444,320.000000000,91.204396693,64.490998004,-52.700305141,83.285118631,7.782029233,74.865198681
324.571180556,320.125000000,91.231542846,64.623688525,-52.579587942,83.311668971,7.753308761,74.859027018
324.697916667,320.250000000,91.258595343,64.756083609,-52.458488628,83.338126890,7.724540364,74.852774188
324.824652778,320.375000000,91.285553942,64.888181918,-52.337007936,83.364492156,7.695724009,74.846439963
324.951388889,320.500000000,91.312418397,65.019982117,-52.215146604,83.390764533,7.666859661,74.840024116
325.078125000,320.625000000,91.339188467,65.151482894,-52.092905356,83.416943793,7.637947493,74.833851322
325.204861111,320.750000000,91.365863907,65.282683000,-51.970284869,83.443029721,7.608988267,74.827798111
325.331597222,320.875000000,91.392444480,65.413581113,-51.847285890,83.469022088,7.579982027,74.821661977
325.458333333,321.000000000,91.418929944,65.544175908,-51.723909182,83.494920663,7.550928738,74.815442699
325.585069444,321.125000000,91.445320059,65.674466059,-51.600155510,83.520725217,7.521828360,74.809140057
325.711805556,321.250000000,91.471614586,65.804450242,-51.476025647,83.546435520,7.492680859,74.802753830
325.838541667,321.375000000,91.497813284,65.934127135,-51.351520369,83.572051341,7.463486195,74.796283799
325.965277778,321.500000000,91.523915914,66.063495419,-51.226640458,83.597572450,7.434244330,74.789729744
326.092013889,321.625000000,91.549922234,66.192553799,-51.101386678,83.622998624,7.404955467,74.783413519
326.218750000,321.750000000,91.575832009,66.321301023,-50.975759759,83.648329645,7.375620206,74.777133926
326.345486111,321.875000000,91.601644999,66.449735781,-50.849760497,83.673565288,7.346238541,74.770769145
326.472222222,322.000000000,91.627360970,66.577856762,-50.723389695,83.698705326,7.316810432,74.764318962
326.598958333,322.125000000,91.652979684,66.705662657,-50.596648162,83.723749532,7.287335838,74.757783165
326.725694444,322.250000000,91.678500903,66.833152156,-50.469536711,83.748697679,7.257814716,74.751161541
326.852430556,322.375000000,91.703924392,66.960323955,-50.342056161,83.773549541,7.228247025,74.744453879
326.979166667,322.500000000,91.729249914,67.087176748,-50.214207336,83.798304890,7.198632722,74.737659967
327.105902778,322.625000000,91.754477231,67.213709254,-50.085991044,83.822963503,7.168971969,74.731016185
327.232638889,322.750000000,91.779606108,67.339920209,-49.957408082,83.847525164,7.139265096,74.724331979
327.359375000,322.875000000,91.804636312,67.465808317,-49.828459290,83.871989646,7.109512067,74.717560570
327.486111111,323.000000000,91.829567606,67.591372283,-49.699145512,83.896356725,7.079712838,74.710701752
327.612847222,323.125000000,91.854399757,67.716610812,-49.569467598,83.920626176,7.049867362,74.703755319
327.739583333,323.250000000,91.879132529,67.841522613,-49.439426402,83.944797775,7.019975595,74.696721063
327.866319444,323.375000000,91.903765688,67.966106397,-49.309022785,83.968871296,6.990037491,74.689598781
327.993055556,323.500000000,91.928299000,68.090360875,-49.178257611,83.992846516,6.960053003,74.682388266
328.119791667,323.625000000,91.952732229,68.214284853,-49.047131656,84.016723227,6.930023018,74.676039984
328.246527778,323.750000000,91.977065148,68.337877162,-48.915645680,84.040501232,6.899948640,74.669657085
328.373263889,323.875000000,92.001297529,68.461136523,-48.783800566,84.064180313,6.869829822,74.663184232
328.500000000,324.000000000,92.025429145,68.584061662,-48.651597200,84.087760252,6.839666515,74.656621230
328.626736111,324.125000000,92.049459768,68.706651306,-48.519036476,84.111240832,6.809458670,74.649967885
328.753472222,324.250000000,92.073389172,68.828904185,-48.386119292,84.134621835,6.779206237,74.643224001
328.880208333,324.375000000,92.097217128,68.950819028,-48.252846548,84.157903044,6.748909163,74.636389386
329.006944444,324.500000000,92.120943410,69.072394571,-48.119219154,84.181084240,6.718567401,74.629493241
329.133680556,324.625000000,92.144567791,69.193629607,-47.985237957,84.204165218,6.688181514,74.623012737
329.260416667,324.750000000,92.168090047,69.314522923,-47.850903826,84.227145772,6.657751949,74.616440346
329.387152778,324.875000000,92.191509955,69.435073261,-47.716217682,84.250025689,6.627278653,74.609775881
329.513888889,325.000000000,92.214827291,69.555279367,-47.581180455,84.272804755,6.596761572,74.603019155
329.640625000,325.125000000,92.238041832,69.675139987,-47.445793079,84.295482756,6.566200652,74.596169980
329.767361111,325.250000000,92.261153354,69.794653871,-47.310056491,84.318059478,6.535595840,74.589228171
329.894097222,325.375000000,92.284161635,69.913819770,-47.173971635,84.340534707,6.504947079,74.582193541
330.020833333,325.500000000,92.307066451,70.032636442,-47.037539456,84.362908231,6.474254344,74.575227414
330.147569444,325.625000000,92.329867580,70.151102764,-46.900760771,84.385179859,6.443518885,74.568988498
330.274305556,325.750000000,92.352564806,70.269217564,-46.763636463,84.407349397,6.412741361,74.562655184
330.401041667,325.875000000,92.375157912,70.386979607,-46.626167498,84.429416638,6.381921716,74.556227296
330.527777778,326.000000000,92.397646683,70.504387663,-46.488354846,84.451381374,6.351059891,74.549704657
330.654513889,326.125000000,92.420030903,70.621440500,-46.350199483,84.473243399,6.320155827,74.543087090
330.781250000,326.250000000,92.442310354,70.738136893,-46.211702388,84.495002507,6.289209466,74.536374421
330.907986111,326.375000000,92.464484823,70.854475617,-46.072864545,84.516658491,6.258220748,74.529566474
331.034722222,326.500000000,92.486554091,70.970455455,-45.933686940,84.538211143,6.227189661,74.522824728
331.161458333,326.625000000,92.508517946,71.086075264,-45.794170473,84.559660275,6.196117007,74.516415359
331.288194444,326.750000000,92.530376174,71.201333861,-45.654316111,84.581005687,6.165003051,74.509909595
331.414930556,326.875000000,92.552128564,71.316230032,-45.514124859,84.602247179,6.133847732,74.503307267
331.541666667,327.000000000,92.573774905,71.430762570,-45.373597726,84.623384546,6.102650987,74.496608206
331.668402778,327.125000000,92.595314985,71.544930268,-45.232735728,84.644417586,6.071412755,74.489812244
331.795138889,327.250000000,92.616748592,71.658731923,-45.091539884,84.665346098,6.040132973,74.482919212
331.921875000,327.375000000,92.638075515,71.772166333,-44.950011219,84.686169879,6.008811577,74.475928943
332.048611111,327.500000000,92.659295541,71.885232327,-44.808150728,84.706888730,5.977448799,74.469572631
332.175347222,327.625000000,92.680408466,71.997928969,-44.665959125,84.727502503,5.946047523,74.464292890
332.302083333,327.750000000,92.701414091,72.110255140,-44.523437371,84.748011019,5.914608443,74.458913604
332.428819444,327.875000000,92.722312220,72.222209658,-44.380586514,84.768414090,5.883131492,74.453434617
332.555555556,328.000000000,92.743102653,72.333791346,-44.237407605,84.788711526,5.851616603,74.447855779
332.682291667,328.125000000,92.763785196,72.444999028,-44.093901703,84.808903138,5.820063710,74.442176935
332.809027778,328.250000000,92.784359648,72.555831530,-43.950069868,84.828988739,5.788472743,74.436397934
332.935763889,328.375000000,92.804825815,72.666287682,-43.805913168,84.848968137,5.756843634,74.430518623
333.062500000,328.500000000,92.825183498,72.776366340,-43.661432643,84.868841149,5.725176573,74.425035883
333.189236111,328.625000000,92.845432503,72.886066475,-43.516629195,84.888607614,5.693473082,74.419962700
333.315972222,328.750000000,92.865572641,72.995386954,-43.371503875,84.908267354,5.661733363,74.414787866
333.442708333,328.875000000,92.885603722,73.104326624,-43.226057771,84.927820186,5.629957345,74.409511237
333.569444444,329.000000000,92.905525556,73.212884333,-43.080291974,84.947265930,5.598144957,74.404132670
333.696180556,329.125000000,92.925337953,73.321058934,-42.934207579,84.966604402,5.566296127,74.398652020
333.822916667,329.250000000,92.945040724,73.428849282,-42.787805688,84.985835423,5.534410783,74.393069145
333.949652778,329.375000000,92.964633679,73.536254235,-42.641087406,85.004958809,5.502488854,74.387383902
334.076388889,329.500000000,92.984116628,73.643272703,-42.494053777,85.023974388,5.470530838,74.382494524
334.203125000,329.625000000,93.003489388,73.749903744,-42.346705655,85.042882019,5.438538988,74.378093610
334.329861111,329.750000000,93.022751780,73.856146253,-42.199044134,85.061681533,5.406513477,74.373588669
334.456597222,329.875000000,93.041903626,73.961999108,-42.051070340,85.080372759,5.374454230,74.368979569
334.583333333,330.000000000,93.060944747,74.067461190,-41.902785405,85.098955527,5.342361171,74.364266179
334.710069444,330.125000000,93.079874965,74.172531382,-41.754190462,85.117429665,5.310234225,74.359448366
334.836805556,330.250000000,93.098694101,74.277208572,-41.605286653,85.135795002,5.278073315,74.354525999
334.963541667,330.375000000,93.117401977,74.381491649,-41.456075119,85.154051368,5.245878366,74.349498947
335.090277778,330.500000000,93.135998414,74.485379554,-41.306556946,85.172198598,5.213649866,74.345116729
335.217013889,330.625000000,93.154483239,74.588871311,-41.156733107,85.190236550,5.181389305,74.340931606
335.343750000,330.750000000,93.172856282,74.691965832,-41.006604751,85.208165061,5.149096698,74.336640593
335.470486111,330.875000000,93.191117372,74.794662026,-40.856173041,85.225983967,5.116771966,74.332243567
335.597222222,331.000000000,93.209266338,74.896958804,-40.705439145,85.243693105,5.084415031,74.327740404
335.723958333,331.125000000,93.227303010,74.998855082,-40.554404236,85.261292311,5.052025811,74.323130980
335.850694444,331.250000000,93.245227216,75.100349777,-40.403069488,85.278781422,5.019604229,74.318415173
335.977430556,331.375000000,93.263038788,75.201441813,-40.251436084,85.296160274,4.987150205,74.313592861
336.104166667,331.500000000,93.280737553,75.302130136,-40.099505172,85.313428709,4.954663951,74.309001275
336.230902778,331.625000000,93.298323345,75.402413720,-39.947277878,85.330586572,4.922145950,74.304375750
336.357638889,331.750000000,93.315795995,75.502291501,-39.794755394,85.347633703,4.889596134,74.299643047
336.484375000,331.875000000,93.333155336,75.601762416,-39.641938918,85.364569943,4.857014421,74.294803047
336.611111111,332.000000000,93.350401200,75.700825405,-39.488829651,85.381395129,4.824400731,74.289855630
336.737847222,332.125000000,93.367533420,75.799479414,-39.335428801,85.398109103,4.791754981,74.284800678
336.864583333,332.250000000,93.384551829,75.897723390,-39.181737578,85.414711704,4.759077088,74.279638074
336.991319444,332.375000000,93.401456258,75.995556286,-39.027757196,85.431202771,4.726366970,74.274367699
337.118055556,332.500000000,93.418246541,76.092977044,-38.873488892,85.447582143,4.693624395,74.268838615
337.244791667,332.625000000,93.434922509,76.189984609,-38.718933912,85.463849655,4.660849086,74.263190555
337.371527778,332.750000000,93.451483993,76.286577941,-38.564093481,85.480005147,4.628040958,74.257434498
337.498263889,332.875000000,93.467930825,76.382756007,-38.408968831,85.496048458,4.595199928,74.251570324
337.625000000,333.000000000,93.484262835,76.478517775,-38.253561196,85.511979425,4.562325911,74.245597919
337.751736111,333.125000000,93.500479855,76.573862217,-38.097871814,85.527797888,4.529418824,74.239517166
337.878472222,333.250000000,93.516581717,76.668788309,-37.941901930,85.543503686,4.496478582,74.233327948
338.005208333,333.375000000,93.532568251,76.763295031,-37.785652789,85.559096657,4.463505101,74.227044004
338.131944444,333.500000000,93.548439290,76.857381395,-37.629125597,85.574576646,4.430498681,74.220974476
338.258680556,333.625000000,93.564194666,76.951046413,-37.472321568,85.589943497,4.397459568,74.214795876
338.385416667,333.750000000,93.579834214,77.044289077,-37.315241964,85.605197052,4.364387675,74.208508092
338.512152778,333.875000000,93.595357767,77.137108384,-37.157888048,85.620337152,4.331282916,74.202111012
338.638888889,334.000000000,93.610765160,77.229503333,-37.000261088,85.635363639,4.298145204,74.195604523
338.765625000,334.125000000,93.626056227,77.321472927,-36.842362354,85.650276354,4.264974451,74.188988513
338.892361111,334.250000000,93.641230800,77.413016176,-36.684193123,85.665075138,4.231770572,74.182262871
339.019097222,334.375000000,93.656288714,77.504132088,-36.525754674,85.679759834,4.198533477,74.175425755
339.145833333,334.500000000,93.671229803,77.594819680,-36.367048292,85.694330283,4.165263063,74.168469036
339.272569444,334.625000000,93.686053901,77.685077968,-36.208075266,85.708786325,4.131959233,74.161402362
339.399305556,334.750000000,93.700760841,77.774905975,-36.048836887,85.723127803,4.098621899,74.154225623
339.526041667,334.875000000,93.715350457,77.864302728,-35.889334450,85.737354558,4.065250971,74.146938709
339.652777778,335.000000000,93.729822583,77.953267258,-35.729569254,85.751466432,4.031846361,74.139541512
339.779513889,335.125000000,93.744177052,78.041798598,-35.569542603,85.765463267,3.998407979,74.132033923
339.906250000,335.250000000,93.758413699,78.129895787,-35.409255802,85.779344904,3.964935735,74.124415833
340.032986111,335.375000000,93.772532357,78.217557867,-35.248710163,85.793111185,3.931429543,74.116701662
340.159722222,335.500000000,93.786532860,78.304783890,-35.087906988,85.806761953,3.897889396,74.108918037
340.286458333,335.625000000,93.800415043,78.391572908,-34.926847594,85.820297051,3.864315234,74.101023543
340.413194444,335.750000000,93.814178739,78.477923976,-34.765533301,85.833716320,3.830706968,74.093018074
340.539930556,335.875000000,93.827823782,78.563836152,-34.603965437,85.847019604,3.797064505,74.084901524
340.666666667,336.000000000,93.841350008,78.649308498,-34.442145331,85.860206744,3.763387753,74.076673787
340.793402778,336.125000000,93.854757249,78.734340079,-34.280074316,85.873277583,3.729676622,74.068334758
340.920138889,336.250000000,93.868045341,78.818929968,-34.117753730,85.886231963,3.695931018,74.059884331
341.046875000,336.375000000,93.881214117,78.903077256,-33.955184877,85.899069731,3.662151147,74.052077200
341.173611111,336.500000000,93.894263418,78.986781233,-33.792368707,85.911790764,3.628340126,74.045443346
341.300347222,336.625000000,93.907193094,79.070041046,-33.629306462,85.924394930,3.594498727,74.038696228
341.427083333,336.750000000,93.920002994,79.152855790,-33.465999501,85.936882084,3.560626855,74.031835751
341.553819444,336.875000000,93.932692968,79.235224568,-33.302449183,85.949252084,3.526724416,74.024861823
341.680555556,337.000000000,93.945262866,79.317146483,-33.138656871,85.961504788,3.492791313,74.017774348
341.807291667,337.125000000,93.957712538,79.398620644,-32.974623933,85.973640051,3.458827452,74.010573236
341.934027778,337.250000000,93.970041834,79.479646165,-32.810351739,85.985657733,3.424832734,74.003258392
342.060763889,337.375000000,93.982250604,79.560222169,-32.645841650,85.997557690,3.390807172,73.996037629
342.187500000,337.500000000,93.994338699,79.640347822,-32.481094957,86.009339788,3.356751367,73.988928443
342.314236111,337.625000000,94.006305972,79.720022259,-32.316113027,86.021003890,3.322665348,73.981704941
342.440972222,337.750000000,94.018152278,79.799244613,-32.150897244,86.032549854,3.288549017,73.974367033
342.567708333,337.875000000,94.029877468,79.878014020,-31.985448998,86.043977542,3.254402277,73.966914631
342.694444444,338.000000000,94.041481396,79.956329620,-31.819769682,86.055286815,3.220225029,73.959347646
342.821180556,338.125000000,94.052963917,80.034190558,-31.653860692,86.066477533,3.186017176,73.951665991
342.947916667,338.250000000,94.064324881,80.111595984,-31.487723427,86.077549557,3.151778617,73.943869576
343.074652778,338.375000000,94.075564145,80.188545086,-31.321359217,86.088502753,3.117509836,73.936875118
343.201388889,338.500000000,94.086681567,80.265037172,-31.154769154,86.099337008,3.083213222,73.930404508
343.328125000,338.625000000,94.097677012,80.341071428,-30.987954616,86.110052198,3.048888957,73.923817818
343.454861111,338.750000000,94.108550347,80.416647028,-30.820917019,86.120648193,3.014536940,73.917114968
343.581597222,338.875000000,94.119301435,80.491763152,-30.653657780,86.131124866,2.980157070,73.910295877
343.708333333,339.000000000,94.129930144,80.566418982,-30.486178325,86.141482089,2.945749247,73.903360468
343.835069444,339.125000000,94.140436337,80.640613707,-30.318480077,86.151719734,2.911313369,73.896308661
343.961805556,339.250000000,94.150819880,80.714346517,-30.150564466,86.161837674,2.876849333,73.889140377
344.088541667,339.375000000,94.161080639,80.787616667,-29.982432796,86.171835788,2.842358053,73.883201114
344.215277778,339.500000000,94.171218490,80.860423529,-29.814086125,86.181713981,2.807842380,73.877724660
344.342013889,339.625000000,94.181233313,80.932766328,-29.645525872,86.191472141,2.773302400,73.872130323
344.468750000,339.750000000,94.191124987,81.004644285,-29.476753482,86.201110153,2.738738009,73.866418033
344.595486111,339.875000000,94.200893392,81.076056622,-29.307770404,86.210627903,2.704149103,73.860587722
344.722222222,340.000000000,94.210538410,81.147002568,-29.138578089,86.220025278,2.669535577,73.854639320
344.848958333,340.125000000,94.220059921,81.217481358,-28.969177991,86.229302163,2.634897327,73.848572759
344.975694444,340.250000000,94.229457804,81.287492228,-28.799571568,86.238458446,2.600234249,73.842387971
345.102430556,340.375000000,94.238731940,81.357034454,-28.629760200,86.247494018,2.565546870,73.836808350
345.229166667,340.500000000,94.247882216,81.426107356,-28.459745187,86.256408777,2.530836352,73.831281582
345.355902778,340.625000000,94.256908517,81.494710189,-28.289527992,86.265202618,2.496102626,73.825635887
345.482638889,340.750000000,94.265810731,81.562842215,-28.119110088,86.273875433,2.461345585,73.819871201
345.609375000,340.875000000,94.274588746,81.630502700,-27.948492947,86.282427116,2.426565124,73.813987460
345.736111111,341.000000000,94.283242449,81.697690912,-27.777678048,86.290857558,2.391761135,73.807984602
345.862847222,341.125000000,94.291771726,81.764406128,-27.606666869,86.299166654,2.356933512,73.801862565
345.989583333,341.250000000,94.300176465,81.830647627,-27.435460893,86.307354296,2.322082149,73.795621285
346.116319444,341.375000000,94.308456555,81.896414788,-27.264061362,86.315420390,2.287208824,73.791157976
346.243055556,341.500000000,94.316611897,81.961707038,-27.092469430,86.323364858,2.252316007,73.786744211
346.369791667,341.625000000,94.324642393,82.026523682,-26.920686589,86.331187608,2.217403606,73.782209986
346.496527778,341.750000000,94.332547947,82.090864029,-26.748714338,86.338888548,2.182471510,73.777555248
346.623263889,341.875000000,94.340328462,82.154727391,-26.576554175,86.346467586,2.147519613,73.772779943
346.750000000,342.000000000,94.347983841,82.218113088,-26.404207604,86.353924630,2.112547804,73.767884018
346.876736111,342.125000000,94.355513988,82.281020442,-26.231676131,86.361259588,2.077555974,73.762867421
347.003472222,342.250000000,94.362918807,82.343448782,-26.058961263,86.368472369,2.042544016,73.757752457
347.130208333,342.375000000,94.370198200,82.405397485,-25.886064388,86.375562887,2.007512751,73.753310304
347.256944444,342.500000000,94.377352078,82.466865931,-25.712986912,86.382531060,1.972462908,73.748746954
347.383680556,342.625000000,94.384380350,82.527853468,-25.539730350,86.389376803,1.937394376,73.744062360
347.510416667,342.750000000,94.391282926,82.588359446,-25.366296224,86.396100029,1.902307046,73.739256472
347.637152778,342.875000000,94.398059715,82.648383223,-25.192686055,86.402700652,1.867200805,73.734329242
347.763888889,343.000000000,94.404710626,82.707924159,-25.018901367,86.409178589,1.832075545,73.729280622
347.890625000,343.125000000,94.411235571,82.766981621,-24.844943689,86.415533751,1.796931154,73.724110565
348.017361111,343.250000000,94.417634457,82.825554981,-24.670814544,86.421766056,1.761767564,73.719114318
348.144097222,343.375000000,94.423907200,82.883643747,-24.496515083,86.427875433,1.726587561,73.715856419
348.270833333,343.500000000,94.430053724,82.941247386,-24.322046611,86.433861821,1.691392776,73.712476094
348.397569444,343.625000000,94.436073955,82.998365296,-24.147410669,86.439725149,1.656183098,73.708973301
348.524305556,343.750000000,94.441967820,83.054996879,-23.972608799,86.445465348,1.620958413,73.705348003
348.651041667,343.875000000,94.447735246,83.111141540,-23.797642546,86.451082347,1.585718610,73.701600160
348.777777778,344.000000000,94.453376159,83.166798693,-23.622513458,86.456576077,1.550463576,73.697729732
348.904513889,344.125000000,94.458890485,83.221967753,-23.447223084,86.461946468,1.515193197,73.693736683
349.031250000,344.250000000,94.464278151,83.276648147,-23.271772961,86.467193451,1.479907469,73.690020818
349.157986111,344.375000000,94.469539088,83.330839405,-23.096164321,86.472316970,1.444608697,73.687403684
349.284722222,344.500000000,94.474673234,83.384541007,-22.920398589,86.477316971,1.409297769,73.684663299
349.411458333,344.625000000,94.479680528,83.437752399,-22.744477326,86.482193394,1.373974571,73.681799633
349.538194444,344.750000000,94.484560910,83.490473032,-22.568402093,86.486946183,1.338638989,73.678812651
349.664930556,344.875000000,94.489314318,83.542702360,-22.392174456,86.491575281,1.303290909,73.675702323
349.791666667,345.000000000,94.493940693,83.594439844,-22.215795981,86.496080628,1.267930218,73.672468617
349.918402778,345.125000000,94.498439972,83.645684950,-22.039268237,86.500462168,1.232556800,73.669111502
350.045138889,345.250000000,94.502812096,83.696437155,-21.862592774,86.504719843,1.197170707,73.666055087
350.171875000,345.375000000,94.507057008,83.746696009,-21.685770909,86.508853607,1.161773715,73.663641702
350.298611111,345.500000000,94.511174655,83.796461020,-21.508804148,86.512863410,1.126366245,73.661104497
350.425347222,345.625000000,94.515164986,83.845731681,-21.331694069,86.516749205,1.090948184,73.658443447
350.552083333,345.750000000,94.519027950,83.894507488,-21.154442252,86.520510942,1.055519417,73.655658523
350.678819444,345.875000000,94.522763495,83.942787944,-20.977050279,86.524148572,1.020079827,73.652749701
350.805555556,346.000000000,94.526371570,83.990572556,-20.799519734,86.527662048,0.984629301,73.649716955
350.932291667,346.125000000,94.529852123,84.037860839,-20.621852203,86.531051320,0.949167723,73.646560258
351.059027778,346.250000000,94.533205103,84.084652321,-20.444049223,86.534316341,0.913695345,73.644003890
351.185763889,346.375000000,94.536430465,84.130946622,-20.266112044,86.537457074,0.878214589,73.642154088
351.312500000,346.500000000,94.539528169,84.176743294,-20.088042191,86.540473483,0.842725822,73.640179922
351.439236111,346.625000000,94.542498176,84.222041879,-19.909841261,86.543365530,0.807228930,73.638081369
351.565972222,346.750000000,94.545340446,84.266841923,-19.731510850,86.546133178,0.771723796,73.635858412
351.692708333,346.875000000,94.548054940,84.311142979,-19.553052555,86.548776390,0.736210303,73.633511030
351.819444444,347.000000000,94.550641620,84.354944604,-19.374467977,86.551295129,0.700688337,73.631039203
351.946180556,347.125000000,94.553100445,84.398246361,-19.195758718,86.553689358,0.665157780,73.628442914
352.072916667,347.250000000,94.555431378,84.441047843,-19.016926270,86.555959042,0.629619324,73.627009557
352.199652778,347.375000000,94.557634388,84.483348750,-18.837971747,86.558104159,0.594076484,73.626401679
352.326388889,347.500000000,94.559709454,84.525148684,-18.658896697,86.560124688,0.558529583,73.625668964
352.453125000,347.625000000,94.561656555,84.566447242,-18.479702732,86.562020610,0.522978505,73.624811399
352.579861111,347.750000000,94.563475667,84.607244023,-18.300391462,86.563791904,0.487423133,73.623828973
352.706597222,347.875000000,94.565166771,84.647538634,-18.120964501,86.565438549,0.451863350,73.622721675
352.833333333,348.000000000,94.566729844,84.687330685,-17.941423463,86.566960524,0.416299039,73.621489494
352.960069444,348.125000000,94.568164864,84.726619793,-17.761769963,86.568357809,0.380730083,73.620132419
353.086805556,348.250000000,94.569471811,84.765405586,-17.582005593,86.569630384,0.345156566,73.618917193
353.213541667,348.375000000,94.570650663,84.803687711,-17.402131888,86.570778231,0.309578977,73.617699725
353.340277778,348.500000000,94.571701404,84.841465802,-17.222150461,86.571801333,0.273997242,73.616357296
353.467013889,348.625000000,94.572624013,84.878739500,-17.042062936,86.572699671,0.238411244,73.614889895
353.593750000,348.750000000,94.573418473,84.915508450,-16.861870934,86.573473228,0.202820866,73.613297515
353.720486111,348.875000000,94.574084765,84.951772303,-16.681576079,86.574121987,0.167225991,73.611580149
353.847222222,349.000000000,94.574622870,84.987530714,-16.501179998,86.574645931,0.131626501,73.609737788
353.973958333,349.125000000,94.575032770,85.022783344,-16.320684316,86.575045043,0.096022279,73.607770425
354.100694444,349.250000000,94.575314448,85.057529911,-16.140090405,86.575319306,0.060415072,73.607828244
354.227430556,349.375000000,94.575467900,85.091770201,-15.959399361,86.575468719,0.024808679,73.608317025
354.354166667,349.500000000,94.575493129,85.125503908,-15.778612798,86.575493284,0.010796892,73.608680671
354.480902778,349.625000000,94.575390138,85.158730729,-15.597732349,86.575393004,0.046401759,73.608919183
354.607638889,349.750000000,94.575158929,85.191450366,-15.416759650,86.575167880,0.082006039,73.609032562
354.734375000,349.875000000,94.574799505,85.223662527,-15.235696335,86.574817917,0.117609850,73.609020809
354.861111111,350.000000000,94.574311869,85.255366925,-15.054544042,86.574343115,0.153213308,73.608883926
354.987847222,350.125000000,94.573696024,85.286563278,-14.873304408,86.573743478,0.188816532,73.608621915
355.114583333,350.250000000,94.572951971,85.317251318,-14.691979031,86.573019009,0.224419354,73.608522974
355.241319444,350.375000000,94.572079717,85.347430785,-14.510569495,86.572169712,0.260021483,73.608329481
355.368055556,350.500000000,94.571079266,85.377101414,-14.329077440,86.571195591,0.295623033,73.608010871
355.494791667,350.625000000,94.569950623,85.406262948,-14.147504508,86.570096653,0.331224122,73.607567149
355.621527778,350.750000000,94.568693793,85.434915134,-13.965852339,86.568872902,0.366824868,73.606998319
355.748263889,350.875000000,94.567308783,85.463057725,-13.784122578,86.567524344,0.402425386,73.606304386
355.875000000,351.000000000,94.565795596,85.490690479,-13.602316866,86.566050983,0.438025795,73.605485355
356.001736111,351.125000000,94.564154238,85.517813160,-13.420436850,86.564452825,0.473626211,73.604590039
356.128472222,351.250000000,94.562384719,85.544425621,-13.238483622,86.562729875,0.509222759,73.607083944
356.255208333,351.375000000,94.560487067,85.570527729,-13.056458310,86.560882155,0.544811775,73.609453083
356.381944444,351.500000000,94.558461317,85.596119284,-12.874362561,86.558909696,0.580393375,73.611697472
356.508680556,351.625000000,94.556307500,85.621200089,-12.692198026,86.556812530,0.615967677,73.613817125
356.635416667,351.750000000,94.554025651,85.645769953,-12.509966354,86.554590687,0.651534797,73.615812060
356.762152778,351.875000000,94.551615802,85.669828693,-12.327669198,86.552244200,0.687094851,73.617682291
356.888888889,352.000000000,94.549077986,85.693376128,-12.145308206,86.549773100,0.722647957,73.619427836
357.015625000,352.125000000,94.546412237,85.716412083,-11.962885043,86.547177417,0.758194307,73.620478395
357.142361111,352.250000000,94.543618580,85.738936277,-11.780402208,86.544457189,0.793740152,73.617348633
357.269097222,352.375000000,94.540697015,85.760948459,-11.597861888,86.541612424,0.829289486,73.614094085
357.395833333,352.500000000,94.537647538,85.782448447,-11.415265733,86.538643122,0.864842426,73.610714755
357.522569444,352.625000000,94.534470148,85.803436064,-11.232615394,86.535549279,0.900399090,73.607210650
357.649305556,352.750000000,94.531164840,85.823911140,-11.049912520,86.532330894,0.935959593,73.603581776
357.776041667,352.875000000,94.527731612,85.843873508,-10.867158764,86.528987966,0.971524055,73.599828141
357.902777778,353.000000000,94.524170460,85.863323009,-10.684355778,86.525520493,1.007092591,73.595949750
358.029513889,353.125000000,94.520481382,85.882259510,-10.501505006,86.521928469,1.042663826,73.597829847
358.156250000,353.250000000,94.516664435,85.900683437,-10.318602911,86.518211846,1.078200467,73.618974066
358.282986111,353.375000000,94.512719799,85.918595000,-10.135648909,86.514370746,1.113686409,73.640007883
358.409722222,353.500000000,94.508647671,85.935994194,-9.952644668,86.510405351,1.149121765,73.660931386
358.536458333,353.625000000,94.504448244,85.952881020,-9.769591854,86.506315842,1.184506645,73.681744669
358.663194444,353.750000000,94.500121715,85.969255483,-9.586492135,86.502102401,1.219841159,73.702447822
358.789930556,353.875000000,94.495668279,85.985117596,-9.403347174,86.497765209,1.255125419,73.723040940
358.916666667,354.000000000,94.491088131,86.000467376,-9.220158638,86.493304447,1.290359533,73.743524115
359.043402778,354.125000000,94.486381461,86.015304714,-9.036929777,86.488720333,1.325555028,73.733202669
359.170138889,354.250000000,94.481548196,86.029627877,-8.853681885,86.484013295,1.360853203,73.663909719
359.296875000,354.375000000,94.476587865,86.043435979,-8.670422434,86.479183045,1.396296276,73.594614280
359.423611111,354.500000000,94.471499961,86.056728588,-8.487153045,86.474229121,1.431884380,73.525315913
359.550347222,354.625000000,94.466283979,86.069505280,-8.303875339,86.469151058,1.467617650,73.456014184
359.677083333,354.750000000,94.460939414,86.081765633,-8.120590943,86.463948393,1.503496222,73.386708663
359.803819444,354.875000000,94.455465759,86.093509233,-7.937301488,86.458620663,1.539520234,73.317398925
359.930555556,355.000000000,94.449862510,86.104735670,-7.754008607,86.453167404,1.575689823,73.248084548
360.057291667,355.125000000,94.444129202,86.115445189,-7.570703254,86.447587866,1.611928451,73.332915087
360.184027778,355.250000000,94.438266584,86.125642792,-7.387308930,86.441880357,1.647675098,73.605999984
360.310763889,355.375000000,94.432276776,86.135330762,-7.203811723,86.436046351,1.682817143,73.881043812
360.437500000,355.500000000,94.426161975,86.144510527,-7.020213409,86.430087876,1.717354610,74.158072035
360.564236111,355.625000000,94.419924374,86.153183525,-6.836515751,86.424006960,1.751287518,74.437110565
360.690972222,355.750000000,94.413566171,86.161351200,-6.652720496,86.417805635,1.784615881,74.718185769
360.817708333,355.875000000,94.407089559,86.169015010,-6.468829374,86.411485934,1.817339703,75.001324473
360.944444444,356.000000000,94.400496735,86.176176419,-6.284844100,86.405049896,1.849458984,75.286553978
361.071180556,356.125000000,94.393789598,86.182834468,-6.100827720,86.398501467,1.881413502,74.823785887
361.197916667,356.250000000,94.386964863,86.188976367,-5.917071974,86.391847925,1.915284112,73.798212486
361.324652778,356.375000000,94.380014834,86.194595550,-5.733615485,86.385083484,1.951339180,72.800075545
361.451388889,356.500000000,94.372931674,86.199686754,-5.550459546,86.378200940,1.989579188,71.828287606
361.578125000,356.625000000,94.365707546,86.204244749,-5.367605506,86.371193124,2.030004626,70.881818120
361.704861111,356.750000000,94.358334611,86.208264347,-5.185054767,86.364052908,2.072615982,69.959689832
361.831597222,356.875000000,94.350805034,86.211740395,-5.002808786,86.356773201,2.117413751,69.060975436
361.958333333,357.000000000,94.343110975,86.214667778,-4.820869074,86.349346950,2.164398429,68.184794482
362.085069444,357.125000000,94.335246490,86.217047103,-4.638909282,86.341755196,2.211221176,70.131274446
362.211805556,357.250000000,94.327227253,86.218902913,-4.455882649,86.333968458,2.250365997,73.739124710
362.338541667,357.375000000,94.319082721,86.220255913,-4.271713361,86.326010360,2.281267964,77.739073439
362.465277778,357.500000000,94.310842570,86.221126390,-4.086404046,86.317908535,2.303925375,82.199013312
362.592013889,357.625000000,94.302536479,86.221535143,-3.899957078,86.309691157,2.318336185,87.203468877
362.718750000,357.750000000,94.294194126,86.221503482,-3.712374571,86.301386939,2.324498014,92.859016105
362.845486111,357.875000000,94.285845188,86.221053222,-3.523658372,86.293025135,2.322408163,99.301968878
362.972222222,358.000000000,94.277519344,86.220206686,-3.333810064,86.284635541,2.312063641,106.709521566
363.098958333,358.125000000,94.269235167,86.218987876,-3.144487564,86.276310030,2.305328661,88.893684787
363.225694444,358.250000000,94.260923908,86.217367288,-2.959337832,86.268140716,2.328334527,72.192152487
363.352430556,358.375000000,94.252475530,86.215268927,-2.778490114,86.260029002,2.382024094,60.771836814
363.479166667,358.500000000,94.243779748,86.212622699,-2.601943257,86.251877785,2.466401494,52.471094816
363.605902778,358.625000000,94.234726280,86.209365371,-2.429696142,86.243597449,2.581466985,46.166445444
363.732638889,358.750000000,94.225204841,86.205440553,-2.261747506,86.235105860,2.727216583,41.216194228
363.859375000,358.875000000,94.215105148,86.200798688,-2.098095708,86.226328347,2.903641433,37.227228504
363.986111111,359.000000000,94.204316917,86.195397016,-1.938738445,86.217197667,3.110726911,33.945313706
364.112847222,359.125000000,94.192762761,86.189047985,-1.779376427,86.207413678,3.317651812,38.184824653
364.239583333,359.250000000,94.180548516,86.181545925,-1.613541328,86.196649434,3.477994832,45.046067045
364.366319444,359.375000000,94.167843434,86.172959847,-1.441181741,86.185010376,3.591311976,54.905358387
364.493055556,359.500000000,94.154816828,86.163377401,-1.262308125,86.172623419,3.657612775,70.285593958
364.619791667,359.625000000,94.141638009,86.152902332,-1.076927155,86.159632963,3.676892168,97.645438625
364.746527778,359.750000000,94.128476291,86.141654429,-0.885041381,86.146200880,3.649129995,159.958032778
364.873263889,359.875000000,94.115500987,86.129769509,-0.686649088,86.132506539,3.574291430,442.997359997
