  0
SECTION
  2
HEADER
  9
$ACADVER
  1
AC1027
  9
$ACADMAINTVER
 70
105
  9
$DWGCODEPAGE
  3
ANSI_1252
  9
$LASTSAVEDBY
  1
ezdxf
  9
$REQUIREDVERSIONS
160
0
  9
$INSBASE
 10
0.0
 20
0.0
 30
0.0
  9
$EXTMIN
 10
1e+20
 20
1e+20
 30
1e+20
  9
$EXTMAX
 10
-1e+20
 20
-1e+20
 30
-1e+20
  9
$LIMMIN
 10
0.0
 20
0.0
  9
$LIMMAX
 10
420.0
 20
297.0
  9
$ORTHOMODE
 70
0
  9
$REGENMODE
 70
1
  9
$FILLMODE
 70
1
  9
$QTEXTMODE
 70
0
  9
$MIRRTEXT
 70
1
  9
$LTSCALE
 40
1.0
  9
$ATTMODE
 70
1
  9
$TEXTSIZE
 40
2.5
  9
$TRACEWID
 40
1.0
  9
$TEXTSTYLE
  7
Standard
  9
$CLAYER
  8
0
  9
$CELTYPE
  6
ByLayer
  9
$CECOLOR
 62
256
  9
$CELTSCALE
 40
1.0
  9
$DISPSILH
 70
0
  9
$DIMSCALE
 40
1.0
  9
$DIMASZ
 40
2.5
  9
$DIMEXO
 40
0.625
  9
$DIMDLI
 40
3.75
  9
$DIMRND
 40
0.0
  9
$DIMDLE
 40
0.0
  9
$DIMEXE
 40
1.25
  9
$DIMTP
 40
0.0
  9
$DIMTM
 40
0.0
  9
$DIMTXT
 40
2.5
  9
$DIMCEN
 40
2.5
  9
$DIMTSZ
 40
0.0
  9
$DIMTOL
 70
0
  9
$DIMLIM
 70
0
  9
$DIMTIH
 70
0
  9
$DIMTOH
 70
0
  9
$DIMSE1
 70
0
  9
$DIMSE2
 70
0
  9
$DIMTAD
 70
1
  9
$DIMZIN
 70
8
  9
$DIMBLK
  1

  9
$DIMASO
 70
1
  9
$DIMSHO
 70
1
  9
$DIMPOST
  1

  9
$DIMAPOST
  1

  9
$DIMALT
 70
0
  9
$DIMALTD
 70
3
  9
$DIMALTF
 40
0.03937007874
  9
$DIMLFAC
 40
1.0
  9
$DIMTOFL
 70
1
  9
$DIMTVP
 40
0.0
  9
$DIMTIX
 70
0
  9
$DIMSOXD
 70
0
  9
$DIMSAH
 70
0
  9
$DIMBLK1
  1

  9
$DIMBLK2
  1

  9
$DIMSTYLE
  2
ISO-25
  9
$DIMCLRD
 70
0
  9
$DIMCLRE
 70
0
  9
$DIMCLRT
 70
0
  9
$DIMTFAC
 40
1.0
  9
$DIMGAP
 40
0.625
  9
$DIMJUST
 70
0
  9
$DIMSD1
 70
0
  9
$DIMSD2
 70
0
  9
$DIMTOLJ
 70
0
  9
$DIMTZIN
 70
8
  9
$DIMALTZ
 70
0
  9
$DIMALTTZ
 70
0
  9
$DIMUPT
 70
0
  9
$DIMDEC
 70
2
  9
$DIMTDEC
 70
2
  9
$DIMALTU
 70
2
  9
$DIMALTTD
 70
3
  9
$DIMTXSTY
  7
Standard
  9
$DIMAUNIT
 70
0
  9
$DIMADEC
 70
0
  9
$DIMALTRND
 40
0.0
  9
$DIMAZIN
 70
0
  9
$DIMDSEP
 70
44
  9
$DIMATFIT
 70
3
  9
$DIMFRAC
 70
0
  9
$DIMLDRBLK
  1

  9
$DIMLUNIT
 70
2
  9
$DIMLWD
 70
-2
  9
$DIMLWE
 70
-2
  9
$DIMTMOVE
 70
0
  9
$DIMFXL
 40
1.0
  9
$DIMFXLON
 70
0
  9
$DIMJOGANG
 40
0.785398163397
  9
$DIMTFILL
 70
0
  9
$DIMTFILLCLR
 70
0
  9
$DIMARCSYM
 70
0
  9
$DIMLTYPE
  6

  9
$DIMLTEX1
  6

  9
$DIMLTEX2
  6

  9
$DIMTXTDIRECTION
 70
0
  9
$LUNITS
 70
2
  9
$LUPREC
 70
4
  9
$SKETCHINC
 40
1.0
  9
$FILLETRAD
 40
10.0
  9
$AUNITS
 70
0
  9
$AUPREC
 70
2
  9
$MENU
  1
.
  9
$ELEVATION
 40
0.0
  9
$PELEVATION
 40
0.0
  9
$THICKNESS
 40
0.0
  9
$LIMCHECK
 70
0
  9
$CHAMFERA
 40
0.0
  9
$CHAMFERB
 40
0.0
  9
$CHAMFERC
 40
0.0
  9
$CHAMFERD
 40
0.0
  9
$SKPOLY
 70
0
  9
$TDCREATE
 40
2451544.5
  9
$TDUCREATE
 40
2458532.153996898
  9
$TDUPDATE
 40
2461306.338425926
  9
$TDUUPDATE
 40
2458532.1544311
  9
$TDINDWG
 40
0.0
  9
$TDUSRTIMER
 40
0.0
  9
$USRTIMER
 70
1
  9
$ANGBASE
 50
0.0
  9
$ANGDIR
 70
0
  9
$PDMODE
 70
0
  9
$PDSIZE
 40
0.0
  9
$PLINEWID
 40
0.0
  9
$SPLFRAME
 70
0
  9
$SPLINETYPE
 70
6
  9
$SPLINESEGS
 70
8
  9
$HANDSEED
  5
B78
  9
$SURFTAB1
 70
6
  9
$SURFTAB2
 70
6
  9
$SURFTYPE
 70
6
  9
$SURFU
 70
6
  9
$SURFV
 70
6
  9
$UCSBASE
  2

  9
$UCSNAME
  2

  9
$UCSORG
 10
0.0
 20
0.0
 30
0.0
  9
$UCSXDIR
 10
1.0
 20
0.0
 30
0.0
  9
$UCSYDIR
 10
0.0
 20
1.0
 30
0.0
  9
$UCSORTHOREF
  2

  9
$UCSORTHOVIEW
 70
0
  9
$UCSORGTOP
 10
0.0
 20
0.0
 30
0.0
  9
$UCSORGBOTTOM
 10
0.0
 20
0.0
 30
0.0
  9
$UCSORGLEFT
 10
0.0
 20
0.0
 30
0.0
  9
$UCSORGRIGHT
 10
0.0
 20
0.0
 30
0.0
  9
$UCSORGFRONT
 10
0.0
 20
0.0
 30
0.0
  9
$UCSORGBACK
 10
0.0
 20
0.0
 30
0.0
  9
$PUCSBASE
  2

  9
$PUCSNAME
  2

  9
$PUCSORG
 10
0.0
 20
0.0
 30
0.0
  9
$PUCSXDIR
 10
1.0
 20
0.0
 30
0.0
  9
$PUCSYDIR
 10
0.0
 20
1.0
 30
0.0
  9
$PUCSORTHOREF
  2

  9
$PUCSORTHOVIEW
 70
0
  9
$PUCSORGTOP
 10
0.0
 20
0.0
 30
0.0
  9
$PUCSORGBOTTOM
 10
0.0
 20
0.0
 30
0.0
  9
$PUCSORGLEFT
 10
0.0
 20
0.0
 30
0.0
  9
$PUCSORGRIGHT
 10
0.0
 20
0.0
 30
0.0
  9
$PUCSORGFRONT
 10
0.0
 20
0.0
 30
0.0
  9
$PUCSORGBACK
 10
0.0
 20
0.0
 30
0.0
  9
$USERI1
 70
0
  9
$USERI2
 70
0
  9
$USERI3
 70
0
  9
$USERI4
 70
0
  9
$USERI5
 70
0
  9
$USERR1
 40
0.0
  9
$USERR2
 40
0.0
  9
$USERR3
 40
0.0
  9
$USERR4
 40
0.0
  9
$USERR5
 40
0.0
  9
$WORLDVIEW
 70
1
  9
$SHADEDGE
 70
3
  9
$SHADEDIF
 70
70
  9
$TILEMODE
 70
1
  9
$MAXACTVP
 70
64
  9
$PINSBASE
 10
0.0
 20
0.0
 30
0.0
  9
$PLIMCHECK
 70
0
  9
$PEXTMIN
 10
1e+20
 20
1e+20
 30
1e+20
  9
$PEXTMAX
 10
-1e+20
 20
-1e+20
 30
-1e+20
  9
$PLIMMIN
 10
0.0
 20
0.0
  9
$PLIMMAX
 10
420.0
 20
297.0
  9
$UNITMODE
 70
0
  9
$VISRETAIN
 70
1
  9
$PLINEGEN
 70
0
  9
$PSLTSCALE
 70
1
  9
$TREEDEPTH
 70
3020
  9
$CMLSTYLE
  2
Standard
  9
$CMLJUST
 70
0
  9
$CMLSCALE
 40
20.0
  9
$PROXYGRAPHICS
 70
1
  9
$MEASUREMENT
 70
1
  9
$CELWEIGHT
370
-1
  9
$ENDCAPS
280
0
  9
$JOINSTYLE
280
0
  9
$LWDISPLAY
290
0
  9
$INSUNITS
 70
4
  9
$HYPERLINKBASE
  1

  9
$STYLESHEET
  1

  9
$XEDIT
290
1
  9
$CEPSNTYPE
380
0
  9
$PSTYLEMODE
290
1
  9
$FINGERPRINTGUID
  2
{00000000-0000-0000-0000-000000000001}
  9
$VERSIONGUID
  2
{00000000-0000-0000-0000-000000000002}
  9
$EXTNAMES
290
1
  9
$PSVPSCALE
 40
0.0
  9
$OLESTARTUP
290
0
  9
$SORTENTS
280
127
  9
$INDEXCTL
280
0
  9
$HIDETEXT
280
1
  9
$XCLIPFRAME
280
1
  9
$HALOGAP
280
0
  9
$OBSCOLOR
 70
257
  9
$OBSLTYPE
280
0
  9
$INTERSECTIONDISPLAY
280
0
  9
$INTERSECTIONCOLOR
 70
257
  9
$DIMASSOC
280
2
  9
$PROJECTNAME
  1

  9
$CAMERADISPLAY
290
0
  9
$LENSLENGTH
 40
50.0
  9
$CAMERAHEIGHT
 40
0.0
  9
$STEPSPERSEC
 40
24.0
  9
$STEPSIZE
 40
100.0
  9
$3DDWFPREC
 40
2.0
  9
$PSOLWIDTH
 40
0.005
  9
$PSOLHEIGHT
 40
0.08
  9
$LOFTANG1
 40
1.570796326795
  9
$LOFTANG2
 40
1.570796326795
  9
$LOFTMAG1
 40
0.0
  9
$LOFTMAG2
 40
0.0
  9
$LOFTPARAM
 70
7
  9
$LOFTNORMALS
280
1
  9
$LATITUDE
 40
37.795
  9
$LONGITUDE
 40
-122.394
  9
$NORTHDIRECTION
 40
0.0
  9
$TIMEZONE
 70
-8000
  9
$LIGHTGLYPHDISPLAY
280
1
  9
$TILEMODELIGHTSYNCH
280
1
  9
$CMATERIAL
347
20
  9
$SOLIDHIST
280
0
  9
$SHOWHIST
280
1
  9
$DWFFRAME
280
2
  9
$DGNFRAME
280
2
  9
$REALWORLDSCALE
290
1
  9
$INTERFERECOLOR
 62
256
  9
$CSHADOW
280
0
  9
$SHADOWPLANELOCATION
 40
0.0
  0
ENDSEC
  0
SECTION
  2
CLASSES
  0
CLASS
  1
ACDBDICTIONARYWDFLT
  2
AcDbDictionaryWithDefault
  3
ObjectDBX Classes
 90
0
 91
0
280
0
281
0
  0
CLASS
  1
SUN
  2
AcDbSun
  3
SCENEOE
 90
1153
 91
0
280
0
281
0
  0
CLASS
  1
VISUALSTYLE
  2
AcDbVisualStyle
  3
ObjectDBX Classes
 90
4095
 91
0
280
0
281
0
  0
CLASS
  1
MATERIAL
  2
AcDbMaterial
  3
ObjectDBX Classes
 90
1153
 91
0
280
0
281
0
  0
CLASS
  1
SCALE
  2
AcDbScale
  3
ObjectDBX Classes
 90
1153
 91
0
280
0
281
0
  0
CLASS
  1
TABLESTYLE
  2
AcDbTableStyle
  3
ObjectDBX Classes
 90
4095
 91
0
280
0
281
0
  0
CLASS
  1
MLEADERSTYLE
  2
AcDbMLeaderStyle
  3
ACDB_MLEADERSTYLE_CLASS
 90
4095
 91
0
280
0
281
0
  0
CLASS
  1
DICTIONARYVAR
  2
AcDbDictionaryVar
  3
ObjectDBX Classes
 90
0
 91
0
280
0
281
0
  0
CLASS
  1
CELLSTYLEMAP
  2
AcDbCellStyleMap
  3
ObjectDBX Classes
 90
1152
 91
0
280
0
281
0
  0
CLASS
  1
MENTALRAYRENDERSETTINGS
  2
AcDbMentalRayRenderSettings
  3
SCENEOE
 90
1024
 91
0
280
0
281
0
  0
CLASS
  1
ACDBDETAILVIEWSTYLE
  2
AcDbDetailViewStyle
  3
ObjectDBX Classes
 90
1025
 91
0
280
0
281
0
  0
CLASS
  1
ACDBSECTIONVIEWSTYLE
  2
AcDbSectionViewStyle
  3
ObjectDBX Classes
 90
1025
 91
0
280
0
281
0
  0
CLASS
  1
RASTERVARIABLES
  2
AcDbRasterVariables
  3
ISM
 90
0
 91
0
280
0
281
0
  0
CLASS
  1
LAYOUT
  2
AcDbLayout
  3
ObjectDBX Classes
 90
0
 91
0
280
0
281
0
  0
CLASS
  1
ACDBPLACEHOLDER
  2
AcDbPlaceHolder
  3
ObjectDBX Classes
 90
0
 91
0
280
0
281
0
  0
ENDSEC
  0
SECTION
  2
TABLES
  0
TABLE
  2
VPORT
  5
8
330
0
100
AcDbSymbolTable
 70
1
  0
VPORT
  5
B74
330
8
100
AcDbSymbolTableRecord
100
AcDbViewportTableRecord
  2
*Active
 70
0
 10
0.0
 20
0.0
 11
1.0
 21
1.0
 12
12.026874570530993
 22
-21.19639304549949
 13
0.0
 23
0.0
 14
0.5
 24
0.5
 15
0.5
 25
0.5
 16
0.0
 26
0.0
 36
1.0
 17
0.0
 27
0.0
 37
0.0
 40
132.21786754787712
 41
1.34
 42
50.0
 43
0.0
 44
0.0
 50
0.0
 51
0.0
 71
0
 72
1000
 73
1
 74
3
 75
0
 76
0
 77
0
 78
0
281
0
 65
1
110
0.0
120
0.0
130
0.0
111
1.0
121
0.0
131
0.0
112
0.0
122
1.0
132
0.0
 79
0
146
0.0
  0
ENDTAB
  0
TABLE
  2
LTYPE
  5
2
330
0
100
AcDbSymbolTable
 70
3
  0
LTYPE
  5
24
330
2
100
AcDbSymbolTableRecord
100
AcDbLinetypeTableRecord
  2
ByBlock
 70
0
  3

 72
65
 73
0
 40
0.0
  0
LTYPE
  5
25
330
2
100
AcDbSymbolTableRecord
100
AcDbLinetypeTableRecord
  2
ByLayer
 70
0
  3

 72
65
 73
0
 40
0.0
  0
LTYPE
  5
26
330
2
100
AcDbSymbolTableRecord
100
AcDbLinetypeTableRecord
  2
Continuous
 70
0
  3

 72
65
 73
0
 40
0.0
  0
ENDTAB
  0
TABLE
  2
LAYER
  5
1
330
0
100
AcDbSymbolTable
 70
2
  0
LAYER
  5
27
330
1
100
AcDbSymbolTableRecord
100
AcDbLayerTableRecord
  2
0
 70
0
 62
7
  6
Continuous
370
-3
390
13
347
21
  0
LAYER
  5
28
330
1
100
AcDbSymbolTableRecord
100
AcDbLayerTableRecord
  2
Defpoints
 70
0
 62
7
  6
Continuous
290
0
370
-3
390
13
347
21
  0
ENDTAB
  0
TABLE
  2
STYLE
  5
5
330
0
100
AcDbSymbolTable
 70
1
  0
STYLE
  5
29
330
5
100
AcDbSymbolTableRecord
100
AcDbTextStyleTableRecord
  2
Standard
 70
0
 40
0.0
 41
1.0
 50
0.0
 71
0
 42
2.5
  3
txt
  4

  0
ENDTAB
  0
TABLE
  2
VIEW
  5
7
330
0
100
AcDbSymbolTable
 70
0
  0
ENDTAB
  0
TABLE
  2
UCS
  5
6
330
0
100
AcDbSymbolTable
 70
0
  0
ENDTAB
  0
TABLE
  2
APPID
  5
3
330
0
100
AcDbSymbolTable
 70
3
  0
APPID
  5
2A
330
3
100
AcDbSymbolTableRecord
100
AcDbRegAppTableRecord
  2
ACAD
 70
0
  0
APPID
  5
B75
330
3
100
AcDbSymbolTableRecord
100
AcDbRegAppTableRecord
  2
HATCHBACKGROUNDCOLOR
 70
0
  0
APPID
  5
B76
330
3
100
AcDbSymbolTableRecord
100
AcDbRegAppTableRecord
  2
EZDXF
 70
0
  0
ENDTAB
  0
TABLE
  2
DIMSTYLE
  5
4
330
0
100
AcDbSymbolTable
 70
1
100
AcDbDimStyleTable
  0
DIMSTYLE
105
2B
330
4
100
AcDbSymbolTableRecord
100
AcDbDimStyleTableRecord
  2
Standard
 70
0
 40
1.0
 41
2.5
 42
0.625
 43
3.75
 44
1.25
 45
0.0
 46
0.0
 47
0.0
 48
0.0
 49
2.5
140
2.5
141
2.5
142
0.0
143
0.03937007874
144
1.0
145
0.0
146
1.0
147
0.625
148
0.0
 69
0
 70
0
 71
0
 72
0
 73
0
 74
0
 75
0
 76
0
 77
1
 78
8
 79
3
170
0
171
3
172
1
173
0
174
0
175
0
176
0
177
0
178
0
179
2
271
2
272
2
273
2
274
3
275
0
276
0
277
2
278
44
279
0
280
0
281
0
282
0
283
0
284
8
285
0
286
0
288
0
289
3
290
0
371
-2
372
-2
  0
ENDTAB
  0
TABLE
  2
BLOCK_RECORD
  5
9
330
0
100
AcDbSymbolTable
 70
2
  0
BLOCK_RECORD
  5
17
330
9
100
AcDbSymbolTableRecord
100
AcDbBlockTableRecord
  2
*Model_Space
340
1A
 70
0
280
1
281
0
  0
BLOCK_RECORD
  5
1B
330
9
100
AcDbSymbolTableRecord
100
AcDbBlockTableRecord
  2
*Paper_Space
340
1E
 70
0
280
1
281
0
  0
ENDTAB
  0
ENDSEC
  0
SECTION
  2
BLOCKS
  0
BLOCK
  5
18
330
17
100
AcDbEntity
  8
0
100
AcDbBlockBegin
  2
*Model_Space
 70
0
 10
0.0
 20
0.0
 30
0.0
  3
*Model_Space
  1

  0
ENDBLK
  5
19
330
17
100
AcDbEntity
  8
0
100
AcDbBlockEnd
  0
BLOCK
  5
1C
330
1B
100
AcDbEntity
  8
0
100
AcDbBlockBegin
  2
*Paper_Space
 70
0
 10
0.0
 20
0.0
 30
0.0
  3
*Paper_Space
  1

  0
ENDBLK
  5
1D
330
1B
100
AcDbEntity
  8
0
100
AcDbBlockEnd
  0
ENDSEC
  0
SECTION
  2
ENTITIES
  0
LINE
  5
2F
330
17
100
AcDbEntity
  8
0
100
AcDbLine
 10
75.99431144612424
 20
-17.80159809031349
 30
0.0
 11
75.98193025378889
 21
-17.59576405587845
 31
0.0
  0
LINE
  5
30
330
17
100
AcDbEntity
  8
0
100
AcDbLine
 10
75.98193025378889
 20
-17.59576405587845
 30
0.0
 11
75.96976415558231
 21
-17.39400073783513
 31
0.0
  0
LINE
  5
31
330
17
100
AcDbEntity
  8
0
100
AcDbLine
 10
75.96976415558231
 20
-17.39400073783513
 30
0.0
 11
75.95771464537866
 21
-17.19631148005685
 31
0.0
  0
LINE
  5
32
330
17
100
AcDbEntity
  8
0
100
AcDbLine
 10
75.95771464537866
 20
-17.19631148005685
 30
0.0
 11
75.94568924854089
 21
-17.002699216376662
 31
0.0
  0
LINE
  5
33
330
17
100
AcDbEntity
  8
0
100
AcDbLine
 10
75.94568924854089
 20
-17.002699216376662
 30
0.0
 11
75.93360154782378
 21
-16.81316656214665
 31
0.0
  0
LINE
  5
34
330
17
100
AcDbEntity
  8
0
100
AcDbLine
 10
75.93360154782378
 20
-16.81316656214665
 30
0.0
 11
75.92137120086826
 21
-16.627715860653318
 31
0.0
  0
LINE
  5
35
330
17
100
AcDbEntity
  8
0
100
AcDbLine
 10
75.92137120086826
 20
-16.627715860653318
 30
0.0
 11
75.90892394976159
 21
-16.44634918405105
 31
0.0
  0
LINE
  5
36
330
17
100
AcDbEntity
  8
0
100
AcDbLine
 10
75.90892394976159
 20
-16.44634918405105
 30
0.0
 11
75.89618939096691
 21
-16.269037569392786
 31
0.0
  0
LINE
  5
37
330
17
100
AcDbEntity
  8
0
100
AcDbLine
 10
75.89618939096691
 20
-16.269037569392786
 30
0.0
 11
75.8828986059736
 21
-16.0927257083692
 31
0.0
  0
LINE
  5
38
330
17
100
AcDbEntity
  8
0
100
AcDbLine
 10
75.8828986059736
 20
-16.0927257083692
 30
0.0
 11
75.86891071224824
 21
-15.915388229013043
 31
0.0
  0
LINE
  5
39
330
17
100
AcDbEntity
  8
0
100
AcDbLine
 10
75.86891071224824
 20
-15.915388229013043
 30
0.0
 11
75.85424280016312
 21
-15.73702767863446
 31
0.0
  0
LINE
  5
3A
330
17
100
AcDbEntity
  8
0
100
AcDbLine
 10
75.85424280016312
 20
-15.73702767863446
 30
0.0
 11
75.83891240400135
 21
-15.557646335227442
 31
0.0
  0
LINE
  5
3B
330
17
100
AcDbEntity
  8
0
100
AcDbLine
 10
75.83891240400135
 20
-15.557646335227442
 30
0.0
 11
75.82293749939306
 21
-15.37724619868776
 31
0.0
  0
LINE
  5
3C
330
17
100
AcDbEntity
  8
0
100
AcDbLine
 10
75.82293749939306
 20
-15.37724619868776
 30
0.0
 11
75.80633650086207
 21
-15.195828982928031
 31
0.0
  0
LINE
  5
3D
330
17
100
AcDbEntity
  8
0
100
AcDbLine
 10
75.80633650086207
 20
-15.195828982928031
 30
0.0
 11
75.78912825950512
 21
-15.013396108886328
 31
0.0
  0
LINE
  5
3E
330
17
100
AcDbEntity
  8
0
100
AcDbLine
 10
75.78912825950512
 20
-15.013396108886328
 30
0.0
 11
75.77133522821464
 21
-14.829981549462428
 31
0.0
  0
LINE
  5
3F
330
17
100
AcDbEntity
  8
0
100
AcDbLine
 10
75.77133522821464
 20
-14.829981549462428
 30
0.0
 11
75.75305946284287
 21
-14.646504244289524
 31
0.0
  0
LINE
  5
40
330
17
100
AcDbEntity
  8
0
100
AcDbLine
 10
75.75305946284287
 20
-14.646504244289524
 30
0.0
 11
75.73433879805009
 21
-14.463382564968484
 31
0.0
  0
LINE
  5
41
330
17
100
AcDbEntity
  8
0
100
AcDbLine
 10
75.73433879805009
 20
-14.463382564968484
 30
0.0
 11
75.71516839872638
 21
-14.280618075108231
 31
0.0
  0
LINE
  5
42
330
17
100
AcDbEntity
  8
0
100
AcDbLine
 10
75.71516839872638
 20
-14.280618075108231
 30
0.0
 11
75.69554346697875
 21
-14.098212384517096
 31
0.0
  0
LINE
  5
43
330
17
100
AcDbEntity
  8
0
100
AcDbLine
 10
75.69554346697875
 20
-14.098212384517096
 30
0.0
 11
75.67545924240798
 21
-13.916167148841064
 31
0.0
  0
LINE
  5
44
330
17
100
AcDbEntity
  8
0
100
AcDbLine
 10
75.67545924240798
 20
-13.916167148841064
 30
0.0
 11
75.65491100238023
 21
-13.73448406918426
 31
0.0
  0
LINE
  5
45
330
17
100
AcDbEntity
  8
0
100
AcDbLine
 10
75.65491100238023
 20
-13.73448406918426
 30
0.0
 11
75.63389406229349
 21
-13.553164891711665
 31
0.0
  0
LINE
  5
46
330
17
100
AcDbEntity
  8
0
100
AcDbLine
 10
75.63389406229349
 20
-13.553164891711665
 30
0.0
 11
75.6124014517376
 21
-13.372191602737981
 31
0.0
  0
LINE
  5
47
330
17
100
AcDbEntity
  8
0
100
AcDbLine
 10
75.6124014517376
 20
-13.372191602737981
 30
0.0
 11
75.59039942893475
 21
-13.191301866272827
 31
0.0
  0
LINE
  5
48
330
17
100
AcDbEntity
  8
0
100
AcDbLine
 10
75.59039942893475
 20
-13.191301866272827
 30
0.0
 11
75.56787956261796
 21
-13.010414739571516
 31
0.0
  0
LINE
  5
49
330
17
100
AcDbEntity
  8
0
100
AcDbLine
 10
75.56787956261796
 20
-13.010414739571516
 30
0.0
 11
75.544843591619
 21
-12.829531798629123
 31
0.0
  0
LINE
  5
4A
330
17
100
AcDbEntity
  8
0
100
AcDbLine
 10
75.544843591619
 20
-12.829531798629123
 30
0.0
 11
75.52129326165216
 21
-12.648654602302718
 31
0.0
  0
LINE
  5
4B
330
17
100
AcDbEntity
  8
0
100
AcDbLine
 10
75.52129326165216
 20
-12.648654602302718
 30
0.0
 11
75.49723032520951
 21
-12.467784692268388
 31
0.0
  0
LINE
  5
4C
330
17
100
AcDbEntity
  8
0
100
AcDbLine
 10
75.49723032520951
 20
-12.467784692268388
 30
0.0
 11
75.47265654145578
 21
-12.286923592979086
 31
0.0
  0
LINE
  5
4D
330
17
100
AcDbEntity
  8
0
100
AcDbLine
 10
75.47265654145578
 20
-12.286923592979086
 30
0.0
 11
75.44757367612345
 21
-12.106072811623363
 31
0.0
  0
LINE
  5
4E
330
17
100
AcDbEntity
  8
0
100
AcDbLine
 10
75.44757367612345
 20
-12.106072811623363
 30
0.0
 11
75.421984805921
 21
-11.925243216352731
 31
0.0
  0
LINE
  5
4F
330
17
100
AcDbEntity
  8
0
100
AcDbLine
 10
75.421984805921
 20
-11.925243216352731
 30
0.0
 11
75.39590125100517
 21
-11.744509153464865
 31
0.0
  0
LINE
  5
50
330
17
100
AcDbEntity
  8
0
100
AcDbLine
 10
75.39590125100517
 20
-11.744509153464865
 30
0.0
 11
75.36932531604722
 21
-11.563887583200934
 31
0.0
  0
LINE
  5
51
330
17
100
AcDbEntity
  8
0
100
AcDbLine
 10
75.36932531604722
 20
-11.563887583200934
 30
0.0
 11
75.34225707966247
 21
-11.383380077140668
 31
0.0
  0
LINE
  5
52
330
17
100
AcDbEntity
  8
0
100
AcDbLine
 10
75.34225707966247
 20
-11.383380077140668
 30
0.0
 11
75.31469662585398
 21
-11.202988208499752
 31
0.0
  0
LINE
  5
53
330
17
100
AcDbEntity
  8
0
100
AcDbLine
 10
75.31469662585398
 20
-11.202988208499752
 30
0.0
 11
75.28664404402579
 21
-11.022713552110817
 31
0.0
  0
LINE
  5
54
330
17
100
AcDbEntity
  8
0
100
AcDbLine
 10
75.28664404402579
 20
-11.022713552110817
 30
0.0
 11
75.25809942899626
 21
-10.842557684404326
 31
0.0
  0
LINE
  5
55
330
17
100
AcDbEntity
  8
0
100
AcDbLine
 10
75.25809942899626
 20
-10.842557684404326
 30
0.0
 11
75.22906288101116
 21
-10.662522183389402
 31
0.0
  0
LINE
  5
56
330
17
100
AcDbEntity
  8
0
100
AcDbLine
 10
75.22906288101116
 20
-10.662522183389402
 30
0.0
 11
75.19953385785607
 21
-10.482604598250264
 31
0.0
  0
LINE
  5
57
330
17
100
AcDbEntity
  8
0
100
AcDbLine
 10
75.19953385785607
 20
-10.482604598250264
 30
0.0
 11
75.1695094312437
 21
-10.302786421619107
 31
0.0
  0
LINE
  5
58
330
17
100
AcDbEntity
  8
0
100
AcDbLine
 10
75.1695094312437
 20
-10.302786421619107
 30
0.0
 11
75.13898973007356
 21
-10.123066454809035
 31
0.0
  0
LINE
  5
59
330
17
100
AcDbEntity
  8
0
100
AcDbLine
 10
75.13898973007356
 20
-10.123066454809035
 30
0.0
 11
75.10797534512224
 21
-9.943446237632624
 31
0.0
  0
LINE
  5
5A
330
17
100
AcDbEntity
  8
0
100
AcDbLine
 10
75.10797534512224
 20
-9.943446237632624
 30
0.0
 11
75.07646687204584
 21
-9.763927306369695
 31
0.0
  0
LINE
  5
5B
330
17
100
AcDbEntity
  8
0
100
AcDbLine
 10
75.07646687204584
 20
-9.763927306369695
 30
0.0
 11
75.04446491136187
 21
-9.584511193752139
 31
0.0
  0
LINE
  5
5C
330
17
100
AcDbEntity
  8
0
100
AcDbLine
 10
75.04446491136187
 20
-9.584511193752139
 30
0.0
 11
75.01197006843137
 21
-9.405199428948855
 31
0.0
  0
LINE
  5
5D
330
17
100
AcDbEntity
  8
0
100
AcDbLine
 10
75.01197006843137
 20
-9.405199428948855
 30
0.0
 11
74.97898295344073
 21
-9.225993537550725
 31
0.0
  0
LINE
  5
5E
330
17
100
AcDbEntity
  8
0
100
AcDbLine
 10
74.97898295344073
 20
-9.225993537550725
 30
0.0
 11
74.94550445137506
 21
-9.046896520419804
 31
0.0
  0
LINE
  5
5F
330
17
100
AcDbEntity
  8
0
100
AcDbLine
 10
74.94550445137506
 20
-9.046896520419804
 30
0.0
 11
74.91153603276477
 21
-8.867914862205678
 31
0.0
  0
LINE
  5
60
330
17
100
AcDbEntity
  8
0
100
AcDbLine
 10
74.91153603276477
 20
-8.867914862205678
 30
0.0
 11
74.87707827778154
 21
-8.689050490873512
 31
0.0
  0
LINE
  5
61
330
17
100
AcDbEntity
  8
0
100
AcDbLine
 10
74.87707827778154
 20
-8.689050490873512
 30
0.0
 11
74.84213169588578
 21
-8.510304931095732
 31
0.0
  0
LINE
  5
62
330
17
100
AcDbEntity
  8
0
100
AcDbLine
 10
74.84213169588578
 20
-8.510304931095732
 30
0.0
 11
74.80669680140376
 21
-8.331679705192512
 31
0.0
  0
LINE
  5
63
330
17
100
AcDbEntity
  8
0
100
AcDbLine
 10
74.80669680140376
 20
-8.331679705192512
 30
0.0
 11
74.7707741135173
 21
-8.153176333116603
 31
0.0
  0
LINE
  5
64
330
17
100
AcDbEntity
  8
0
100
AcDbLine
 10
74.7707741135173
 20
-8.153176333116603
 30
0.0
 11
74.73436415625355
 21
-7.974796332438194
 31
0.0
  0
LINE
  5
65
330
17
100
AcDbEntity
  8
0
100
AcDbLine
 10
74.73436415625355
 20
-7.974796332438194
 30
0.0
 11
74.69746745847434
 21
-7.796541218329848
 31
0.0
  0
LINE
  5
66
330
17
100
AcDbEntity
  8
0
100
AcDbLine
 10
74.69746745847434
 20
-7.796541218329848
 30
0.0
 11
74.66008442927028
 21
-7.618411894270762
 31
0.0
  0
LINE
  5
67
330
17
100
AcDbEntity
  8
0
100
AcDbLine
 10
74.66008442927028
 20
-7.618411894270762
 30
0.0
 11
74.62221533871454
 21
-7.4404084631811465
 31
0.0
  0
LINE
  5
68
330
17
100
AcDbEntity
  8
0
100
AcDbLine
 10
74.62221533871454
 20
-7.4404084631811465
 30
0.0
 11
74.5838607546718
 21
-7.262532372472995
 31
0.0
  0
LINE
  5
69
330
17
100
AcDbEntity
  8
0
100
AcDbLine
 10
74.5838607546718
 20
-7.262532372472995
 30
0.0
 11
74.54502126156262
 21
-7.084785122821097
 31
0.0
  0
LINE
  5
6A
330
17
100
AcDbEntity
  8
0
100
AcDbLine
 10
74.54502126156262
 20
-7.084785122821097
 30
0.0
 11
74.5056974485389
 21
-6.9071682120352556
 31
0.0
  0
LINE
  5
6B
330
17
100
AcDbEntity
  8
0
100
AcDbLine
 10
74.5056974485389
 20
-6.9071682120352556
 30
0.0
 11
74.46588990947083
 21
-6.729683135045695
 31
0.0
  0
LINE
  5
6C
330
17
100
AcDbEntity
  8
0
100
AcDbLine
 10
74.46588990947083
 20
-6.729683135045695
 30
0.0
 11
74.42559924293379
 21
-6.552331383888621
 31
0.0
  0
LINE
  5
6D
330
17
100
AcDbEntity
  8
0
100
AcDbLine
 10
74.42559924293379
 20
-6.552331383888621
 30
0.0
 11
74.38482605219531
 21
-6.375114447691772
 31
0.0
  0
LINE
  5
6E
330
17
100
AcDbEntity
  8
0
100
AcDbLine
 10
74.38482605219531
 20
-6.375114447691772
 30
0.0
 11
74.34357094479215
 21
-6.198033810852511
 31
0.0
  0
LINE
  5
6F
330
17
100
AcDbEntity
  8
0
100
AcDbLine
 10
74.34357094479215
 20
-6.198033810852511
 30
0.0
 11
74.30183453273698
 21
-6.021090953772212
 31
0.0
  0
LINE
  5
70
330
17
100
AcDbEntity
  8
0
100
AcDbLine
 10
74.30183453273698
 20
-6.021090953772212
 30
0.0
 11
74.25961743336875
 21
-5.844287356719995
 31
0.0
  0
LINE
  5
71
330
17
100
AcDbEntity
  8
0
100
AcDbLine
 10
74.25961743336875
 20
-5.844287356719995
 30
0.0
 11
74.21692026867363
 21
-5.667624497034154
 31
0.0
  0
LINE
  5
72
330
17
100
AcDbEntity
  8
0
100
AcDbLine
 10
74.21692026867363
 20
-5.667624497034154
 30
0.0
 11
74.17374366526347
 21
-5.491103849072282
 31
0.0
  0
LINE
  5
73
330
17
100
AcDbEntity
  8
0
100
AcDbLine
 10
74.17374366526347
 20
-5.491103849072282
 30
0.0
 11
74.13008825436235
 21
-5.31472688419716
 31
0.0
  0
LINE
  5
74
330
17
100
AcDbEntity
  8
0
100
AcDbLine
 10
74.13008825436235
 20
-5.31472688419716
 30
0.0
 11
74.08595467179308
 21
-5.138495070762721
 31
0.0
  0
LINE
  5
75
330
17
100
AcDbEntity
  8
0
100
AcDbLine
 10
74.08595467179308
 20
-5.138495070762721
 30
0.0
 11
74.0413435579639
 21
-4.96240987410005
 31
0.0
  0
LINE
  5
76
330
17
100
AcDbEntity
  8
0
100
AcDbLine
 10
74.0413435579639
 20
-4.96240987410005
 30
0.0
 11
73.9962555725616
 21
-4.786472815607649
 31
0.0
  0
LINE
  5
77
330
17
100
AcDbEntity
  8
0
100
AcDbLine
 10
73.9962555725616
 20
-4.786472815607649
 30
0.0
 11
73.95069137923967
 21
-4.61068541713758
 31
0.0
  0
LINE
  5
78
330
17
100
AcDbEntity
  8
0
100
AcDbLine
 10
73.95069137923967
 20
-4.61068541713758
 30
0.0
 11
73.90465162994025
 21
-4.435049135215861
 31
0.0
  0
LINE
  5
79
330
17
100
AcDbEntity
  8
0
100
AcDbLine
 10
73.90465162994025
 20
-4.435049135215861
 30
0.0
 11
73.85813698113725
 21
-4.25956542330206
 31
0.0
  0
LINE
  5
7A
330
17
100
AcDbEntity
  8
0
100
AcDbLine
 10
73.85813698113725
 20
-4.25956542330206
 30
0.0
 11
73.81114809382579
 21
-4.084235731786931
 31
0.0
  0
LINE
  5
7B
330
17
100
AcDbEntity
  8
0
100
AcDbLine
 10
73.81114809382579
 20
-4.084235731786931
 30
0.0
 11
73.76368563350863
 21
-3.9090615079787643
 31
0.0
  0
LINE
  5
7C
330
17
100
AcDbEntity
  8
0
100
AcDbLine
 10
73.76368563350863
 20
-3.9090615079787643
 30
0.0
 11
73.71575027018253
 21
-3.734044196089741
 31
0.0
  0
LINE
  5
7D
330
17
100
AcDbEntity
  8
0
100
AcDbLine
 10
73.71575027018253
 20
-3.734044196089741
 30
0.0
 11
73.66734267816628
 21
-3.5591852366514054
 31
0.0
  0
LINE
  5
7E
330
17
100
AcDbEntity
  8
0
100
AcDbLine
 10
73.66734267816628
 20
-3.5591852366514054
 30
0.0
 11
73.61846351663043
 21
-3.384485994712078
 31
0.0
  0
LINE
  5
7F
330
17
100
AcDbEntity
  8
0
100
AcDbLine
 10
73.61846351663043
 20
-3.384485994712078
 30
0.0
 11
73.56911345679168
 21
-3.209947854044019
 31
0.0
  0
LINE
  5
80
330
17
100
AcDbEntity
  8
0
100
AcDbLine
 10
73.56911345679168
 20
-3.209947854044019
 30
0.0
 11
73.5192931886839
 21
-3.0355722459554446
 31
0.0
  0
LINE
  5
81
330
17
100
AcDbEntity
  8
0
100
AcDbLine
 10
73.5192931886839
 20
-3.0355722459554446
 30
0.0
 11
73.46900340676221
 21
-2.861360598567389
 31
0.0
  0
LINE
  5
82
330
17
100
AcDbEntity
  8
0
100
AcDbLine
 10
73.46900340676221
 20
-2.861360598567389
 30
0.0
 11
73.41824480988903
 21
-2.6873143368004477
 31
0.0
  0
LINE
  5
83
330
17
100
AcDbEntity
  8
0
100
AcDbLine
 10
73.41824480988903
 20
-2.6873143368004477
 30
0.0
 11
73.36701810131989
 21
-2.513434882361599
 31
0.0
  0
LINE
  5
84
330
17
100
AcDbEntity
  8
0
100
AcDbLine
 10
73.36701810131989
 20
-2.513434882361599
 30
0.0
 11
73.31532398868953
 21
-2.3397236537310064
 31
0.0
  0
LINE
  5
85
330
17
100
AcDbEntity
  8
0
100
AcDbLine
 10
73.31532398868953
 20
-2.3397236537310064
 30
0.0
 11
73.26316318384525
 21
-2.166182065640683
 31
0.0
  0
LINE
  5
86
330
17
100
AcDbEntity
  8
0
100
AcDbLine
 10
73.26316318384525
 20
-2.166182065640683
 30
0.0
 11
73.21053639844831
 21
-1.992811514090807
 31
0.0
  0
LINE
  5
87
330
17
100
AcDbEntity
  8
0
100
AcDbLine
 10
73.21053639844831
 20
-1.992811514090807
 30
0.0
 11
73.15744435128816
 21
-1.8196134001334219
 31
0.0
  0
LINE
  5
88
330
17
100
AcDbEntity
  8
0
100
AcDbLine
 10
73.15744435128816
 20
-1.8196134001334219
 30
0.0
 11
73.10388776780204
 21
-1.6465891291284969
 31
0.0
  0
LINE
  5
89
330
17
100
AcDbEntity
  8
0
100
AcDbLine
 10
73.10388776780204
 20
-1.6465891291284969
 30
0.0
 11
73.04986737773467
 21
-1.4737401031396793
 31
0.0
  0
LINE
  5
8A
330
17
100
AcDbEntity
  8
0
100
AcDbLine
 10
73.04986737773467
 20
-1.4737401031396793
 30
0.0
 11
72.9953839151238
 21
-1.3010677209215196
 31
0.0
  0
LINE
  5
8B
330
17
100
AcDbEntity
  8
0
100
AcDbLine
 10
72.9953839151238
 20
-1.3010677209215196
 30
0.0
 11
72.94043811828612
 21
-1.1285733779066582
 31
0.0
  0
LINE
  5
8C
330
17
100
AcDbEntity
  8
0
100
AcDbLine
 10
72.94043811828612
 20
-1.1285733779066582
 30
0.0
 11
72.88503072980268
 21
-0.956258466193205
 31
0.0
  0
LINE
  5
8D
330
17
100
AcDbEntity
  8
0
100
AcDbLine
 10
72.88503072980268
 20
-0.956258466193205
 30
0.0
 11
72.82916249655607
 21
-0.7841243746914515
 31
0.0
  0
LINE
  5
8E
330
17
100
AcDbEntity
  8
0
100
AcDbLine
 10
72.82916249655607
 20
-0.7841243746914515
 30
0.0
 11
72.77283417033918
 21
-0.6121724910942632
 31
0.0
  0
LINE
  5
8F
330
17
100
AcDbEntity
  8
0
100
AcDbLine
 10
72.77283417033918
 20
-0.6121724910942632
 30
0.0
 11
72.71604650663048
 21
-0.44040419818436405
 31
0.0
  0
LINE
  5
90
330
17
100
AcDbEntity
  8
0
100
AcDbLine
 10
72.71604650663048
 20
-0.44040419818436405
 30
0.0
 11
72.65880026486725
 21
-0.26882087460799653
 31
0.0
  0
LINE
  5
91
330
17
100
AcDbEntity
  8
0
100
AcDbLine
 10
72.65880026486725
 20
-0.26882087460799653
 30
0.0
 11
72.60109620867907
 21
-0.09742389561489162
 31
0.0
  0
LINE
  5
92
330
17
100
AcDbEntity
  8
0
100
AcDbLine
 10
72.60109620867907
 20
-0.09742389561489162
 30
0.0
 11
72.5429351058731
 21
0.07378536695409821
 31
0.0
  0
LINE
  5
93
330
17
100
AcDbEntity
  8
0
100
AcDbLine
 10
72.5429351058731
 20
0.07378536695409821
 30
0.0
 11
72.48431772841946
 21
0.2448055446792381
 31
0.0
  0
LINE
  5
94
330
17
100
AcDbEntity
  8
0
100
AcDbLine
 10
72.48431772841946
 20
0.2448055446792381
 30
0.0
 11
72.42524485243675
 21
0.41563527257419963
 31
0.0
  0
LINE
  5
95
330
17
100
AcDbEntity
  8
0
100
AcDbLine
 10
72.42524485243675
 20
0.41563527257419963
 30
0.0
 11
72.36571725459143
 21
0.5862731994508543
 31
0.0
  0
LINE
  5
96
330
17
100
AcDbEntity
  8
0
100
AcDbLine
 10
72.36571725459143
 20
0.5862731994508543
 30
0.0
 11
72.30573569034922
 21
0.7567180528359607
 31
0.0
  0
LINE
  5
97
330
17
100
AcDbEntity
  8
0
100
AcDbLine
 10
72.30573569034922
 20
0.7567180528359607
 30
0.0
 11
72.24530094354209
 21
0.926968497546536
 31
0.0
  0
LINE
  5
98
330
17
100
AcDbEntity
  8
0
100
AcDbLine
 10
72.24530094354209
 20
0.926968497546536
 30
0.0
 11
72.18441380878185
 21
1.0970231829238841
 31
0.0
  0
LINE
  5
99
330
17
100
AcDbEntity
  8
0
100
AcDbLine
 10
72.18441380878185
 20
1.0970231829238841
 30
0.0
 11
72.12307508474973
 21
1.2668807618250852
 31
0.0
  0
LINE
  5
9A
330
17
100
AcDbEntity
  8
0
100
AcDbLine
 10
72.12307508474973
 20
1.2668807618250852
 30
0.0
 11
72.06128557418147
 21
1.4365398906348403
 31
0.0
  0
LINE
  5
9B
330
17
100
AcDbEntity
  8
0
100
AcDbLine
 10
72.06128557418147
 20
1.4365398906348403
 30
0.0
 11
71.99904608385225
 21
1.6059992292772414
 31
0.0
  0
LINE
  5
9C
330
17
100
AcDbEntity
  8
0
100
AcDbLine
 10
71.99904608385225
 20
1.6059992292772414
 30
0.0
 11
71.9363574245617
 21
1.7752574412275095
 31
0.0
  0
LINE
  5
9D
330
17
100
AcDbEntity
  8
0
100
AcDbLine
 10
71.9363574245617
 20
1.7752574412275095
 30
0.0
 11
71.87322041258474
 21
1.944313189560532
 31
0.0
  0
LINE
  5
9E
330
17
100
AcDbEntity
  8
0
100
AcDbLine
 10
71.87322041258474
 20
1.944313189560532
 30
0.0
 11
71.80963587422102
 21
2.113165124047857
 31
0.0
  0
LINE
  5
9F
330
17
100
AcDbEntity
  8
0
100
AcDbLine
 10
71.80963587422102
 20
2.113165124047857
 30
0.0
 11
71.74560463288745
 21
2.281811915761047
 31
0.0
  0
LINE
  5
A0
330
17
100
AcDbEntity
  8
0
100
AcDbLine
 10
71.74560463288745
 20
2.281811915761047
 30
0.0
 11
71.68112751483403
 21
2.4502522423716933
 31
0.0
  0
LINE
  5
A1
330
17
100
AcDbEntity
  8
0
100
AcDbLine
 10
71.68112751483403
 20
2.4502522423716933
 30
0.0
 11
71.61620535026088
 21
2.6184847851548483
 31
0.0
  0
LINE
  5
A2
330
17
100
AcDbEntity
  8
0
100
AcDbLine
 10
71.61620535026088
 20
2.6184847851548483
 30
0.0
 11
71.5508389733031
 21
2.7865082290004395
 31
0.0
  0
LINE
  5
A3
330
17
100
AcDbEntity
  8
0
100
AcDbLine
 10
71.5508389733031
 20
2.7865082290004395
 30
0.0
 11
71.48502922201554
 21
2.954321262424557
 31
0.0
  0
LINE
  5
A4
330
17
100
AcDbEntity
  8
0
100
AcDbLine
 10
71.48502922201554
 20
2.954321262424557
 30
0.0
 11
71.41877693835745
 21
3.121922577580733
 31
0.0
  0
LINE
  5
A5
330
17
100
AcDbEntity
  8
0
100
AcDbLine
 10
71.41877693835745
 20
3.121922577580733
 30
0.0
 11
71.35208292415135
 21
3.2893109820861888
 31
0.0
  0
LINE
  5
A6
330
17
100
AcDbEntity
  8
0
100
AcDbLine
 10
71.35208292415135
 20
3.2893109820861888
 30
0.0
 11
71.28494787857471
 21
3.456485569955422
 31
0.0
  0
LINE
  5
A7
330
17
100
AcDbEntity
  8
0
100
AcDbLine
 10
71.28494787857471
 20
3.456485569955422
 30
0.0
 11
71.21737265122475
 21
3.6234450809890077
 31
0.0
  0
LINE
  5
A8
330
17
100
AcDbEntity
  8
0
100
AcDbLine
 10
71.21737265122475
 20
3.6234450809890077
 30
0.0
 11
71.149358109192
 21
3.790188224606897
 31
0.0
  0
LINE
  5
A9
330
17
100
AcDbEntity
  8
0
100
AcDbLine
 10
71.149358109192
 20
3.790188224606897
 30
0.0
 11
71.08090512336597
 21
3.956713714026524
 31
0.0
  0
LINE
  5
AA
330
17
100
AcDbEntity
  8
0
100
AcDbLine
 10
71.08090512336597
 20
3.956713714026524
 30
0.0
 11
71.01201456841906
 21
4.123020266273485
 31
0.0
  0
LINE
  5
AB
330
17
100
AcDbEntity
  8
0
100
AcDbLine
 10
71.01201456841906
 20
4.123020266273485
 30
0.0
 11
70.94268732279042
 21
4.289106602192231
 31
0.0
  0
LINE
  5
AC
330
17
100
AcDbEntity
  8
0
100
AcDbLine
 10
70.94268732279042
 20
4.289106602192231
 30
0.0
 11
70.87292426866983
 21
4.454971446456632
 31
0.0
  0
LINE
  5
AD
330
17
100
AcDbEntity
  8
0
100
AcDbLine
 10
70.87292426866983
 20
4.454971446456632
 30
0.0
 11
70.8027263293183
 21
4.620613438244149
 31
0.0
  0
LINE
  5
AE
330
17
100
AcDbEntity
  8
0
100
AcDbLine
 10
70.8027263293183
 20
4.620613438244149
 30
0.0
 11
70.73209448167881
 21
4.78603109327813
 31
0.0
  0
LINE
  5
AF
330
17
100
AcDbEntity
  8
0
100
AcDbLine
 10
70.73209448167881
 20
4.78603109327813
 30
0.0
 11
70.66102961747997
 21
4.951223136656878
 31
0.0
  0
LINE
  5
B0
330
17
100
AcDbEntity
  8
0
100
AcDbLine
 10
70.66102961747997
 20
4.951223136656878
 30
0.0
 11
70.58953262809733
 21
5.116188306841899
 31
0.0
  0
LINE
  5
B1
330
17
100
AcDbEntity
  8
0
100
AcDbLine
 10
70.58953262809733
 20
5.116188306841899
 30
0.0
 11
70.51760440859405
 21
5.280925346114863
 31
0.0
  0
LINE
  5
B2
330
17
100
AcDbEntity
  8
0
100
AcDbLine
 10
70.51760440859405
 20
5.280925346114863
 30
0.0
 11
70.44524585770516
 21
5.445433000588032
 31
0.0
  0
LINE
  5
B3
330
17
100
AcDbEntity
  8
0
100
AcDbLine
 10
70.44524585770516
 20
5.445433000588032
 30
0.0
 11
70.37245787782157
 21
5.609710020214408
 31
0.0
  0
LINE
  5
B4
330
17
100
AcDbEntity
  8
0
100
AcDbLine
 10
70.37245787782157
 20
5.609710020214408
 30
0.0
 11
70.29924137497406
 21
5.773755158798014
 31
0.0
  0
LINE
  5
B5
330
17
100
AcDbEntity
  8
0
100
AcDbLine
 10
70.29924137497406
 20
5.773755158798014
 30
0.0
 11
70.22559714806485
 21
5.937567424290254
 31
0.0
  0
LINE
  5
B6
330
17
100
AcDbEntity
  8
0
100
AcDbLine
 10
70.22559714806485
 20
5.937567424290254
 30
0.0
 11
70.15152593353773
 21
6.101145995766952
 31
0.0
  0
LINE
  5
B7
330
17
100
AcDbEntity
  8
0
100
AcDbLine
 10
70.15152593353773
 20
6.101145995766952
 30
0.0
 11
70.07702865756687
 21
6.264489648548945
 31
0.0
  0
LINE
  5
B8
330
17
100
AcDbEntity
  8
0
100
AcDbLine
 10
70.07702865756687
 20
6.264489648548945
 30
0.0
 11
70.0021062526902
 21
6.427597155684442
 31
0.0
  0
LINE
  5
B9
330
17
100
AcDbEntity
  8
0
100
AcDbLine
 10
70.0021062526902
 20
6.427597155684442
 30
0.0
 11
69.9267596549639
 21
6.590467294253827
 31
0.0
  0
LINE
  5
BA
330
17
100
AcDbEntity
  8
0
100
AcDbLine
 10
69.9267596549639
 20
6.590467294253827
 30
0.0
 11
69.85098980394568
 21
6.753098845379306
 31
0.0
  0
LINE
  5
BB
330
17
100
AcDbEntity
  8
0
100
AcDbLine
 10
69.85098980394568
 20
6.753098845379306
 30
0.0
 11
69.77479764267761
 21
6.915490594234374
 31
0.0
  0
LINE
  5
BC
330
17
100
AcDbEntity
  8
0
100
AcDbLine
 10
69.77479764267761
 20
6.915490594234374
 30
0.0
 11
69.69818411766926
 21
7.077641330053254
 31
0.0
  0
LINE
  5
BD
330
17
100
AcDbEntity
  8
0
100
AcDbLine
 10
69.69818411766926
 20
7.077641330053254
 30
0.0
 11
69.62115022050648
 21
7.239549757096707
 31
0.0
  0
LINE
  5
BE
330
17
100
AcDbEntity
  8
0
100
AcDbLine
 10
69.62115022050648
 20
7.239549757096707
 30
0.0
 11
69.54369694871244
 21
7.4012145729171905
 31
0.0
  0
LINE
  5
BF
330
17
100
AcDbEntity
  8
0
100
AcDbLine
 10
69.54369694871244
 20
7.4012145729171905
 30
0.0
 11
69.46582525571739
 21
7.562634577834864
 31
0.0
  0
LINE
  5
C0
330
17
100
AcDbEntity
  8
0
100
AcDbLine
 10
69.46582525571739
 20
7.562634577834864
 30
0.0
 11
69.3875360983296
 21
7.723808576301266
 31
0.0
  0
LINE
  5
C1
330
17
100
AcDbEntity
  8
0
100
AcDbLine
 10
69.3875360983296
 20
7.723808576301266
 30
0.0
 11
69.30883043675206
 21
7.884735376838059
 31
0.0
  0
LINE
  5
C2
330
17
100
AcDbEntity
  8
0
100
AcDbLine
 10
69.30883043675206
 20
7.884735376838059
 30
0.0
 11
69.22970923456555
 21
8.045413792046098
 31
0.0
  0
LINE
  5
C3
330
17
100
AcDbEntity
  8
0
100
AcDbLine
 10
69.22970923456555
 20
8.045413792046098
 30
0.0
 11
69.1501734587118
 21
8.205842638614492
 31
0.0
  0
LINE
  5
C4
330
17
100
AcDbEntity
  8
0
100
AcDbLine
 10
69.1501734587118
 20
8.205842638614492
 30
0.0
 11
69.07022407905407
 21
8.366020738174555
 31
0.0
  0
LINE
  5
C5
330
17
100
AcDbEntity
  8
0
100
AcDbLine
 10
69.07022407905407
 20
8.366020738174555
 30
0.0
 11
68.98986199813129
 21
8.525947059855891
 31
0.0
  0
LINE
  5
C6
330
17
100
AcDbEntity
  8
0
100
AcDbLine
 10
68.98986199813129
 20
8.525947059855891
 30
0.0
 11
68.90908814412118
 21
8.685620539312758
 31
0.0
  0
LINE
  5
C7
330
17
100
AcDbEntity
  8
0
100
AcDbLine
 10
68.90908814412118
 20
8.685620539312758
 30
0.0
 11
68.82790350179799
 21
8.845040011213154
 31
0.0
  0
LINE
  5
C8
330
17
100
AcDbEntity
  8
0
100
AcDbLine
 10
68.82790350179799
 20
8.845040011213154
 30
0.0
 11
68.74630905919494
 21
9.00420431440702
 31
0.0
  0
LINE
  5
C9
330
17
100
AcDbEntity
  8
0
100
AcDbLine
 10
68.74630905919494
 20
9.00420431440702
 30
0.0
 11
68.66430580758677
 21
9.163112291934642
 31
0.0
  0
LINE
  5
CA
330
17
100
AcDbEntity
  8
0
100
AcDbLine
 10
68.66430580758677
 20
9.163112291934642
 30
0.0
 11
68.58189474147238
 21
9.321762791035276
 31
0.0
  0
LINE
  5
CB
330
17
100
AcDbEntity
  8
0
100
AcDbLine
 10
68.58189474147238
 20
9.321762791035276
 30
0.0
 11
68.49907685855752
 21
9.480154663155474
 31
0.0
  0
LINE
  5
CC
330
17
100
AcDbEntity
  8
0
100
AcDbLine
 10
68.49907685855752
 20
9.480154663155474
 30
0.0
 11
68.41585315591135
 21
9.638286771231883
 31
0.0
  0
LINE
  5
CD
330
17
100
AcDbEntity
  8
0
100
AcDbLine
 10
68.41585315591135
 20
9.638286771231883
 30
0.0
 11
68.33222450304734
 21
9.796158234833015
 31
0.0
  0
LINE
  5
CE
330
17
100
AcDbEntity
  8
0
100
AcDbLine
 10
68.33222450304734
 20
9.796158234833015
 30
0.0
 11
68.24819184570255
 21
9.953768049514029
 31
0.0
  0
LINE
  5
CF
330
17
100
AcDbEntity
  8
0
100
AcDbLine
 10
68.24819184570255
 20
9.953768049514029
 30
0.0
 11
68.16375620146773
 21
10.11111508621979
 31
0.0
  0
LINE
  5
D0
330
17
100
AcDbEntity
  8
0
100
AcDbLine
 10
68.16375620146773
 20
10.11111508621979
 30
0.0
 11
68.07891859102438
 21
10.268198220221848
 31
0.0
  0
LINE
  5
D1
330
17
100
AcDbEntity
  8
0
100
AcDbLine
 10
68.07891859102438
 20
10.268198220221848
 30
0.0
 11
67.99368003812685
 21
10.425016331126443
 31
0.0
  0
LINE
  5
D2
330
17
100
AcDbEntity
  8
0
100
AcDbLine
 10
67.99368003812685
 20
10.425016331126443
 30
0.0
 11
67.90804156958431
 21
10.58156830288214
 31
0.0
  0
LINE
  5
D3
330
17
100
AcDbEntity
  8
0
100
AcDbLine
 10
67.90804156958431
 20
10.58156830288214
 30
0.0
 11
67.82200421524293
 21
10.737853023787622
 31
0.0
  0
LINE
  5
D4
330
17
100
AcDbEntity
  8
0
100
AcDbLine
 10
67.82200421524293
 20
10.737853023787622
 30
0.0
 11
67.73556901368997
 21
10.893869376141684
 31
0.0
  0
LINE
  5
D5
330
17
100
AcDbEntity
  8
0
100
AcDbLine
 10
67.73556901368997
 20
10.893869376141684
 30
0.0
 11
67.64873708914044
 21
11.049616094474981
 31
0.0
  0
LINE
  5
D6
330
17
100
AcDbEntity
  8
0
100
AcDbLine
 10
67.64873708914044
 20
11.049616094474981
 30
0.0
 11
67.5615095073368
 21
11.205092023104509
 31
0.0
  0
LINE
  5
D7
330
17
100
AcDbEntity
  8
0
100
AcDbLine
 10
67.5615095073368
 20
11.205092023104509
 30
0.0
 11
67.47388730590853
 21
11.360296066221586
 31
0.0
  0
LINE
  5
D8
330
17
100
AcDbEntity
  8
0
100
AcDbLine
 10
67.47388730590853
 20
11.360296066221586
 30
0.0
 11
67.38587152544953
 21
11.51522713235974
 31
0.0
  0
LINE
  5
D9
330
17
100
AcDbEntity
  8
0
100
AcDbLine
 10
67.38587152544953
 20
11.51522713235974
 30
0.0
 11
67.29746320950024
 21
11.6698841344021
 31
0.0
  0
LINE
  5
DA
330
17
100
AcDbEntity
  8
0
100
AcDbLine
 10
67.29746320950024
 20
11.6698841344021
 30
0.0
 11
67.20866340452993
 21
11.824265989588685
 31
0.0
  0
LINE
  5
DB
330
17
100
AcDbEntity
  8
0
100
AcDbLine
 10
67.20866340452993
 20
11.824265989588685
 30
0.0
 11
67.1194731599187
 21
11.978371619523699
 31
0.0
  0
LINE
  5
DC
330
17
100
AcDbEntity
  8
0
100
AcDbLine
 10
67.1194731599187
 20
11.978371619523699
 30
0.0
 11
67.02989351025424
 21
12.13219998069852
 31
0.0
  0
LINE
  5
DD
330
17
100
AcDbEntity
  8
0
100
AcDbLine
 10
67.02989351025424
 20
12.13219998069852
 30
0.0
 11
66.93992535748893
 21
12.285750272480463
 31
0.0
  0
LINE
  5
DE
330
17
100
AcDbEntity
  8
0
100
AcDbLine
 10
66.93992535748893
 20
12.285750272480463
 30
0.0
 11
66.84956972958723
 21
12.439021494742018
 31
0.0
  0
LINE
  5
DF
330
17
100
AcDbEntity
  8
0
100
AcDbLine
 10
66.84956972958723
 20
12.439021494742018
 30
0.0
 11
66.7588276940457
 21
12.59201258927277
 31
0.0
  0
LINE
  5
E0
330
17
100
AcDbEntity
  8
0
100
AcDbLine
 10
66.7588276940457
 20
12.59201258927277
 30
0.0
 11
66.66770032115278
 21
12.744722502333836
 31
0.0
  0
LINE
  5
E1
330
17
100
AcDbEntity
  8
0
100
AcDbLine
 10
66.66770032115278
 20
12.744722502333836
 30
0.0
 11
66.57618868397014
 21
12.897150184664405
 31
0.0
  0
LINE
  5
E2
330
17
100
AcDbEntity
  8
0
100
AcDbLine
 10
66.57618868397014
 20
12.897150184664405
 30
0.0
 11
66.48429385831473
 21
13.049294591488472
 31
0.0
  0
LINE
  5
E3
330
17
100
AcDbEntity
  8
0
100
AcDbLine
 10
66.48429385831473
 20
13.049294591488472
 30
0.0
 11
66.39201692274
 21
13.20115468252125
 31
0.0
  0
LINE
  5
E4
330
17
100
AcDbEntity
  8
0
100
AcDbLine
 10
66.39201692274
 20
13.20115468252125
 30
0.0
 11
66.29935894155109
 21
13.352729449917518
 31
0.0
  0
LINE
  5
E5
330
17
100
AcDbEntity
  8
0
100
AcDbLine
 10
66.29935894155109
 20
13.352729449917518
 30
0.0
 11
66.20632090632928
 21
13.504018017578044
 31
0.0
  0
LINE
  5
E6
330
17
100
AcDbEntity
  8
0
100
AcDbLine
 10
66.20632090632928
 20
13.504018017578044
 30
0.0
 11
66.11290389301375
 21
13.655019383938658
 31
0.0
  0
LINE
  5
E7
330
17
100
AcDbEntity
  8
0
100
AcDbLine
 10
66.11290389301375
 20
13.655019383938658
 30
0.0
 11
66.01910899472972
 21
13.805732528347356
 31
0.0
  0
LINE
  5
E8
330
17
100
AcDbEntity
  8
0
100
AcDbLine
 10
66.01910899472972
 20
13.805732528347356
 30
0.0
 11
65.92493730722892
 21
13.956156434716224
 31
0.0
  0
LINE
  5
E9
330
17
100
AcDbEntity
  8
0
100
AcDbLine
 10
65.92493730722892
 20
13.956156434716224
 30
0.0
 11
65.8303899288711
 21
14.106290091527477
 31
0.0
  0
LINE
  5
EA
330
17
100
AcDbEntity
  8
0
100
AcDbLine
 10
65.8303899288711
 20
14.106290091527477
 30
0.0
 11
65.73546796060513
 21
14.256132491839317
 31
0.0
  0
LINE
  5
EB
330
17
100
AcDbEntity
  8
0
100
AcDbLine
 10
65.73546796060513
 20
14.256132491839317
 30
0.0
 11
65.64017250595035
 21
14.405682633291836
 31
0.0
  0
LINE
  5
EC
330
17
100
AcDbEntity
  8
0
100
AcDbLine
 10
65.64017250595035
 20
14.405682633291836
 30
0.0
 11
65.54450468646462
 21
14.5549394937428
 31
0.0
  0
LINE
  5
ED
330
17
100
AcDbEntity
  8
0
100
AcDbLine
 10
65.54450468646462
 20
14.5549394937428
 30
0.0
 11
65.44846566691946
 21
14.703901989601896
 31
0.0
  0
LINE
  5
EE
330
17
100
AcDbEntity
  8
0
100
AcDbLine
 10
65.44846566691946
 20
14.703901989601896
 30
0.0
 11
65.35205656153457
 21
14.852569122931861
 31
0.0
  0
LINE
  5
EF
330
17
100
AcDbEntity
  8
0
100
AcDbLine
 10
65.35205656153457
 20
14.852569122931861
 30
0.0
 11
65.25527848164828
 21
15.000939908749295
 31
0.0
  0
LINE
  5
F0
330
17
100
AcDbEntity
  8
0
100
AcDbLine
 10
65.25527848164828
 20
15.000939908749295
 30
0.0
 11
65.15813254108686
 21
15.149013366656085
 31
0.0
  0
LINE
  5
F1
330
17
100
AcDbEntity
  8
0
100
AcDbLine
 10
65.15813254108686
 20
15.149013366656085
 30
0.0
 11
65.0606198561458
 21
15.296788520844878
 31
0.0
  0
LINE
  5
F2
330
17
100
AcDbEntity
  8
0
100
AcDbLine
 10
65.0606198561458
 20
15.296788520844878
 30
0.0
 11
64.96274154557125
 21
15.444264400104501
 31
0.0
  0
LINE
  5
F3
330
17
100
AcDbEntity
  8
0
100
AcDbLine
 10
64.96274154557125
 20
15.444264400104501
 30
0.0
 11
64.86449873054127
 21
15.591440037825329
 31
0.0
  0
LINE
  5
F4
330
17
100
AcDbEntity
  8
0
100
AcDbLine
 10
64.86449873054127
 20
15.591440037825329
 30
0.0
 11
64.7658924616296
 21
15.738314581897178
 31
0.0
  0
LINE
  5
F5
330
17
100
AcDbEntity
  8
0
100
AcDbLine
 10
64.7658924616296
 20
15.738314581897178
 30
0.0
 11
64.66692368379991
 21
15.884887354777518
 31
0.0
  0
LINE
  5
F6
330
17
100
AcDbEntity
  8
0
100
AcDbLine
 10
64.66692368379991
 20
15.884887354777518
 30
0.0
 11
64.56759352379942
 21
16.03115742065514
 31
0.0
  0
LINE
  5
F7
330
17
100
AcDbEntity
  8
0
100
AcDbLine
 10
64.56759352379942
 20
16.03115742065514
 30
0.0
 11
64.46790311981933
 21
16.177123834854967
 31
0.0
  0
LINE
  5
F8
330
17
100
AcDbEntity
  8
0
100
AcDbLine
 10
64.46790311981933
 20
16.177123834854967
 30
0.0
 11
64.36785361235053
 21
16.322785657410172
 31
0.0
  0
LINE
  5
F9
330
17
100
AcDbEntity
  8
0
100
AcDbLine
 10
64.36785361235053
 20
16.322785657410172
 30
0.0
 11
64.26744614416455
 21
16.468141953066826
 31
0.0
  0
LINE
  5
FA
330
17
100
AcDbEntity
  8
0
100
AcDbLine
 10
64.26744614416455
 20
16.468141953066826
 30
0.0
 11
64.16668186029437
 21
16.61319179128858
 31
0.0
  0
LINE
  5
FB
330
17
100
AcDbEntity
  8
0
100
AcDbLine
 10
64.16668186029437
 20
16.61319179128858
 30
0.0
 11
64.06556190801514
 21
16.757934246261108
 31
0.0
  0
LINE
  5
FC
330
17
100
AcDbEntity
  8
0
100
AcDbLine
 10
64.06556190801514
 20
16.757934246261108
 30
0.0
 11
63.964087502861204
 21
16.902368301759616
 31
0.0
  0
LINE
  5
FD
330
17
100
AcDbEntity
  8
0
100
AcDbLine
 10
63.964087502861204
 20
16.902368301759616
 30
0.0
 11
63.862259908681395
 21
17.04649287446015
 31
0.0
  0
LINE
  5
FE
330
17
100
AcDbEntity
  8
0
100
AcDbLine
 10
63.862259908681395
 20
17.04649287446015
 30
0.0
 11
63.76008027650816
 21
17.190307047404886
 31
0.0
  0
LINE
  5
FF
330
17
100
AcDbEntity
  8
0
100
AcDbLine
 10
63.76008027650816
 20
17.190307047404886
 30
0.0
 11
63.6575497574683
 21
17.333809911307803
 31
0.0
  0
LINE
  5
100
330
17
100
AcDbEntity
  8
0
100
AcDbLine
 10
63.6575497574683
 20
17.333809911307803
 30
0.0
 11
63.554669504861636
 21
17.47700056157303
 31
0.0
  0
LINE
  5
101
330
17
100
AcDbEntity
  8
0
100
AcDbLine
 10
63.554669504861636
 20
17.47700056157303
 30
0.0
 11
63.45144067414195
 21
17.619878098298976
 31
0.0
  0
LINE
  5
102
330
17
100
AcDbEntity
  8
0
100
AcDbLine
 10
63.45144067414195
 20
17.619878098298976
 30
0.0
 11
63.34786442289817
 21
17.76244162628263
 31
0.0
  0
LINE
  5
103
330
17
100
AcDbEntity
  8
0
100
AcDbLine
 10
63.34786442289817
 20
17.76244162628263
 30
0.0
 11
63.243941910835474
 21
17.904690255023574
 31
0.0
  0
LINE
  5
104
330
17
100
AcDbEntity
  8
0
100
AcDbLine
 10
63.243941910835474
 20
17.904690255023574
 30
0.0
 11
63.13967420030053
 21
18.04662323599161
 31
0.0
  0
LINE
  5
105
330
17
100
AcDbEntity
  8
0
100
AcDbLine
 10
63.13967420030053
 20
18.04662323599161
 30
0.0
 11
63.03506234209924
 21
18.188239850912076
 31
0.0
  0
LINE
  5
106
330
17
100
AcDbEntity
  8
0
100
AcDbLine
 10
63.03506234209924
 20
18.188239850912076
 30
0.0
 11
62.93010750761435
 21
18.329539226467205
 31
0.0
  0
LINE
  5
107
330
17
100
AcDbEntity
  8
0
100
AcDbLine
 10
62.93010750761435
 20
18.329539226467205
 30
0.0
 11
62.82481087042183
 21
18.470520493867134
 31
0.0
  0
LINE
  5
108
330
17
100
AcDbEntity
  8
0
100
AcDbLine
 10
62.82481087042183
 20
18.470520493867134
 30
0.0
 11
62.71917360608745
 21
18.61118278910488
 31
0.0
  0
LINE
  5
109
330
17
100
AcDbEntity
  8
0
100
AcDbLine
 10
62.71917360608745
 20
18.61118278910488
 30
0.0
 11
62.6131968921474
 21
18.75152525295978
 31
0.0
  0
LINE
  5
10A
330
17
100
AcDbEntity
  8
0
100
AcDbLine
 10
62.6131968921474
 20
18.75152525295978
 30
0.0
 11
62.50688190808893
 21
18.89154703100086
 31
0.0
  0
LINE
  5
10B
330
17
100
AcDbEntity
  8
0
100
AcDbLine
 10
62.50688190808893
 20
18.89154703100086
 30
0.0
 11
62.40022983594605
 21
19.031247272786267
 31
0.0
  0
LINE
  5
10C
330
17
100
AcDbEntity
  8
0
100
AcDbLine
 10
62.40022983594605
 20
19.031247272786267
 30
0.0
 11
62.29324200557335
 21
19.170624939589693
 31
0.0
  0
LINE
  5
10D
330
17
100
AcDbEntity
  8
0
100
AcDbLine
 10
62.29324200557335
 20
19.170624939589693
 30
0.0
 11
62.185919710313016
 21
19.309679039808238
 31
0.0
  0
LINE
  5
10E
330
17
100
AcDbEntity
  8
0
100
AcDbLine
 10
62.185919710313016
 20
19.309679039808238
 30
0.0
 11
62.07826413075718
 21
19.448408734812546
 31
0.0
  0
LINE
  5
10F
330
17
100
AcDbEntity
  8
0
100
AcDbLine
 10
62.07826413075718
 20
19.448408734812546
 30
0.0
 11
61.97027644939081
 21
19.586813190708476
 31
0.0
  0
LINE
  5
110
330
17
100
AcDbEntity
  8
0
100
AcDbLine
 10
61.97027644939081
 20
19.586813190708476
 30
0.0
 11
61.86195785057281
 21
19.724891578340255
 31
0.0
  0
LINE
  5
111
330
17
100
AcDbEntity
  8
0
100
AcDbLine
 10
61.86195785057281
 20
19.724891578340255
 30
0.0
 11
61.75330952051722
 21
19.862643073293633
 31
0.0
  0
LINE
  5
112
330
17
100
AcDbEntity
  8
0
100
AcDbLine
 10
61.75330952051722
 20
19.862643073293633
 30
0.0
 11
61.6443326472743
 21
20.000066855898872
 31
0.0
  0
LINE
  5
113
330
17
100
AcDbEntity
  8
0
100
AcDbLine
 10
61.6443326472743
 20
20.000066855898872
 30
0.0
 11
61.535028417360024
 21
20.137162115438805
 31
0.0
  0
LINE
  5
114
330
17
100
AcDbEntity
  8
0
100
AcDbLine
 10
61.535028417360024
 20
20.137162115438805
 30
0.0
 11
61.42539788699773
 21
20.273928213770496
 31
0.0
  0
LINE
  5
115
330
17
100
AcDbEntity
  8
0
100
AcDbLine
 10
61.42539788699773
 20
20.273928213770496
 30
0.0
 11
61.31544218274885
 21
20.410364437449722
 31
0.0
  0
LINE
  5
116
330
17
100
AcDbEntity
  8
0
100
AcDbLine
 10
61.31544218274885
 20
20.410364437449722
 30
0.0
 11
61.205162504874906
 21
20.54646998856858
 31
0.0
  0
LINE
  5
117
330
17
100
AcDbEntity
  8
0
100
AcDbLine
 10
61.205162504874906
 20
20.54646998856858
 30
0.0
 11
61.094560055348424
 21
20.682244074032646
 31
0.0
  0
LINE
  5
118
330
17
100
AcDbEntity
  8
0
100
AcDbLine
 10
61.094560055348424
 20
20.682244074032646
 30
0.0
 11
60.98363603783349
 21
20.8176859055635
 31
0.0
  0
LINE
  5
119
330
17
100
AcDbEntity
  8
0
100
AcDbLine
 10
60.98363603783349
 20
20.8176859055635
 30
0.0
 11
60.8723916576667
 21
20.952794699701037
 31
0.0
  0
LINE
  5
11A
330
17
100
AcDbEntity
  8
0
100
AcDbLine
 10
60.8723916576667
 20
20.952794699701037
 30
0.0
 11
60.76082812183792
 21
21.08756967780576
 31
0.0
  0
LINE
  5
11B
330
17
100
AcDbEntity
  8
0
100
AcDbLine
 10
60.76082812183792
 20
21.08756967780576
 30
0.0
 11
60.64894665134304
 21
21.222010051163046
 31
0.0
  0
LINE
  5
11C
330
17
100
AcDbEntity
  8
0
100
AcDbLine
 10
60.64894665134304
 20
21.222010051163046
 30
0.0
 11
60.53674866527149
 21
21.356114795919318
 31
0.0
  0
LINE
  5
11D
330
17
100
AcDbEntity
  8
0
100
AcDbLine
 10
60.53674866527149
 20
21.356114795919318
 30
0.0
 11
60.42423544496975
 21
21.489883053032955
 31
0.0
  0
LINE
  5
11E
330
17
100
AcDbEntity
  8
0
100
AcDbLine
 10
60.42423544496975
 20
21.489883053032955
 30
0.0
 11
60.311408196955824
 21
21.623314059243945
 31
0.0
  0
LINE
  5
11F
330
17
100
AcDbEntity
  8
0
100
AcDbLine
 10
60.311408196955824
 20
21.623314059243945
 30
0.0
 11
60.19826812934916
 21
21.756407056048715
 31
0.0
  0
LINE
  5
120
330
17
100
AcDbEntity
  8
0
100
AcDbLine
 10
60.19826812934916
 20
21.756407056048715
 30
0.0
 11
60.08481645185218
 21
21.88916128970215
 31
0.0
  0
LINE
  5
121
330
17
100
AcDbEntity
  8
0
100
AcDbLine
 10
60.08481645185218
 20
21.88916128970215
 30
0.0
 11
59.97105437573137
 21
22.021576011219743
 31
0.0
  0
LINE
  5
122
330
17
100
AcDbEntity
  8
0
100
AcDbLine
 10
59.97105437573137
 20
22.021576011219743
 30
0.0
 11
59.85698311379865
 21
22.153650476379525
 31
0.0
  0
LINE
  5
123
330
17
100
AcDbEntity
  8
0
100
AcDbLine
 10
59.85698311379865
 20
22.153650476379525
 30
0.0
 11
59.74260385858439
 21
22.285383970939264
 31
0.0
  0
LINE
  5
124
330
17
100
AcDbEntity
  8
0
100
AcDbLine
 10
59.74260385858439
 20
22.285383970939264
 30
0.0
 11
59.627917623588544
 21
22.41677599765599
 31
0.0
  0
LINE
  5
125
330
17
100
AcDbEntity
  8
0
100
AcDbLine
 10
59.627917623588544
 20
22.41677599765599
 30
0.0
 11
59.51292558175227
 21
22.54782588802435
 31
0.0
  0
LINE
  5
126
330
17
100
AcDbEntity
  8
0
100
AcDbLine
 10
59.51292558175227
 20
22.54782588802435
 30
0.0
 11
59.39762895802653
 21
22.678532920542757
 31
0.0
  0
LINE
  5
127
330
17
100
AcDbEntity
  8
0
100
AcDbLine
 10
59.39762895802653
 20
22.678532920542757
 30
0.0
 11
59.28202897877317
 21
22.808896378547693
 31
0.0
  0
LINE
  5
128
330
17
100
AcDbEntity
  8
0
100
AcDbLine
 10
59.28202897877317
 20
22.808896378547693
 30
0.0
 11
59.16612687174569
 21
22.938915550214844
 31
0.0
  0
LINE
  5
129
330
17
100
AcDbEntity
  8
0
100
AcDbLine
 10
59.16612687174569
 20
22.938915550214844
 30
0.0
 11
59.04992386607029
 21
23.068589728560518
 31
0.0
  0
LINE
  5
12A
330
17
100
AcDbEntity
  8
0
100
AcDbLine
 10
59.04992386607029
 20
23.068589728560518
 30
0.0
 11
58.933421192226746
 21
23.197918211442726
 31
0.0
  0
LINE
  5
12B
330
17
100
AcDbEntity
  8
0
100
AcDbLine
 10
58.933421192226746
 20
23.197918211442726
 30
0.0
 11
58.816620105356705
 21
23.326900275655902
 31
0.0
  0
LINE
  5
12C
330
17
100
AcDbEntity
  8
0
100
AcDbLine
 10
58.816620105356705
 20
23.326900275655902
 30
0.0
 11
58.69952197329965
 21
23.45553507659853
 31
0.0
  0
LINE
  5
12D
330
17
100
AcDbEntity
  8
0
100
AcDbLine
 10
58.69952197329965
 20
23.45553507659853
 30
0.0
 11
58.582128048802915
 21
23.583821899856993
 31
0.0
  0
LINE
  5
12E
330
17
100
AcDbEntity
  8
0
100
AcDbLine
 10
58.582128048802915
 20
23.583821899856993
 30
0.0
 11
58.4644395636745
 21
23.711760060251684
 31
0.0
  0
LINE
  5
12F
330
17
100
AcDbEntity
  8
0
100
AcDbLine
 10
58.4644395636745
 20
23.711760060251684
 30
0.0
 11
58.34645775100785
 21
23.83934887740734
 31
0.0
  0
LINE
  5
130
330
17
100
AcDbEntity
  8
0
100
AcDbLine
 10
58.34645775100785
 20
23.83934887740734
 30
0.0
 11
58.22818384516316
 21
23.966587675753964
 31
0.0
  0
LINE
  5
131
330
17
100
AcDbEntity
  8
0
100
AcDbLine
 10
58.22818384516316
 20
23.966587675753964
 30
0.0
 11
58.10961908174849
 21
24.093475784527747
 31
0.0
  0
LINE
  5
132
330
17
100
AcDbEntity
  8
0
100
AcDbLine
 10
58.10961908174849
 20
24.093475784527747
 30
0.0
 11
57.99076469760122
 21
24.220012537771744
 31
0.0
  0
LINE
  5
133
330
17
100
AcDbEntity
  8
0
100
AcDbLine
 10
57.99076469760122
 20
24.220012537771744
 30
0.0
 11
57.87162190444661
 21
24.346197302422013
 31
0.0
  0
LINE
  5
134
330
17
100
AcDbEntity
  8
0
100
AcDbLine
 10
57.87162190444661
 20
24.346197302422013
 30
0.0
 11
57.75219184076016
 21
24.472029531783612
 31
0.0
  0
LINE
  5
135
330
17
100
AcDbEntity
  8
0
100
AcDbLine
 10
57.75219184076016
 20
24.472029531783612
 30
0.0
 11
57.63247573958046
 21
24.597508586975998
 31
0.0
  0
LINE
  5
136
330
17
100
AcDbEntity
  8
0
100
AcDbLine
 10
57.63247573958046
 20
24.597508586975998
 30
0.0
 11
57.512474845342
 21
24.722633823129442
 31
0.0
  0
LINE
  5
137
330
17
100
AcDbEntity
  8
0
100
AcDbLine
 10
57.512474845342
 20
24.722633823129442
 30
0.0
 11
57.392190403593986
 21
24.84740460021505
 31
0.0
  0
LINE
  5
138
330
17
100
AcDbEntity
  8
0
100
AcDbLine
 10
57.392190403593986
 20
24.84740460021505
 30
0.0
 11
57.27162366098132
 21
24.971820283044913
 31
0.0
  0
LINE
  5
139
330
17
100
AcDbEntity
  8
0
100
AcDbLine
 10
57.27162366098132
 20
24.971820283044913
 30
0.0
 11
57.15077586522581
 21
25.09588024127236
 31
0.0
  0
LINE
  5
13A
330
17
100
AcDbEntity
  8
0
100
AcDbLine
 10
57.15077586522581
 20
25.09588024127236
 30
0.0
 11
57.02964826510727
 21
25.219583849391967
 31
0.0
  0
LINE
  5
13B
330
17
100
AcDbEntity
  8
0
100
AcDbLine
 10
57.02964826510727
 20
25.219583849391967
 30
0.0
 11
56.90824217707029
 21
25.342930418427144
 31
0.0
  0
LINE
  5
13C
330
17
100
AcDbEntity
  8
0
100
AcDbLine
 10
56.90824217707029
 20
25.342930418427144
 30
0.0
 11
56.78655902609556
 21
25.46591914975712
 31
0.0
  0
LINE
  5
13D
330
17
100
AcDbEntity
  8
0
100
AcDbLine
 10
56.78655902609556
 20
25.46591914975712
 30
0.0
 11
56.66460006848531
 21
25.588549419367766
 31
0.0
  0
LINE
  5
13E
330
17
100
AcDbEntity
  8
0
100
AcDbLine
 10
56.66460006848531
 20
25.588549419367766
 30
0.0
 11
56.542366552010776
 21
25.710820617717552
 31
0.0
  0
LINE
  5
13F
330
17
100
AcDbEntity
  8
0
100
AcDbLine
 10
56.542366552010776
 20
25.710820617717552
 30
0.0
 11
56.41985972544515
 21
25.83273214005095
 31
0.0
  0
LINE
  5
140
330
17
100
AcDbEntity
  8
0
100
AcDbLine
 10
56.41985972544515
 20
25.83273214005095
 30
0.0
 11
56.297080838545256
 21
25.95428338639831
 31
0.0
  0
LINE
  5
141
330
17
100
AcDbEntity
  8
0
100
AcDbLine
 10
56.297080838545256
 20
25.95428338639831
 30
0.0
 11
56.17403114203307
 21
26.0754737615758
 31
0.0
  0
LINE
  5
142
330
17
100
AcDbEntity
  8
0
100
AcDbLine
 10
56.17403114203307
 20
26.0754737615758
 30
0.0
 11
56.05071188757718
 21
26.196302675184974
 31
0.0
  0
LINE
  5
143
330
17
100
AcDbEntity
  8
0
100
AcDbLine
 10
56.05071188757718
 20
26.196302675184974
 30
0.0
 11
55.92712428423201
 21
26.316769584520245
 31
0.0
  0
LINE
  5
144
330
17
100
AcDbEntity
  8
0
100
AcDbLine
 10
55.92712428423201
 20
26.316769584520245
 30
0.0
 11
55.80326950738308
 21
26.436873988007292
 31
0.0
  0
LINE
  5
145
330
17
100
AcDbEntity
  8
0
100
AcDbLine
 10
55.80326950738308
 20
26.436873988007292
 30
0.0
 11
55.67914881215789
 21
26.556615312915795
 31
0.0
  0
LINE
  5
146
330
17
100
AcDbEntity
  8
0
100
AcDbLine
 10
55.67914881215789
 20
26.556615312915795
 30
0.0
 11
55.55476345623424
 21
26.675992989672274
 31
0.0
  0
LINE
  5
147
330
17
100
AcDbEntity
  8
0
100
AcDbLine
 10
55.55476345623424
 20
26.675992989672274
 30
0.0
 11
55.43011469812542
 21
26.795006453512613
 31
0.0
  0
LINE
  5
148
330
17
100
AcDbEntity
  8
0
100
AcDbLine
 10
55.43011469812542
 20
26.795006453512613
 30
0.0
 11
55.30520379716191
 21
26.913655144481297
 31
0.0
  0
LINE
  5
149
330
17
100
AcDbEntity
  8
0
100
AcDbLine
 10
55.30520379716191
 20
26.913655144481297
 30
0.0
 11
55.18003201347257
 21
27.031938507430574
 31
0.0
  0
LINE
  5
14A
330
17
100
AcDbEntity
  8
0
100
AcDbLine
 10
55.18003201347257
 20
27.031938507430574
 30
0.0
 11
55.05460060796638
 21
27.149855992019575
 31
0.0
  0
LINE
  5
14B
330
17
100
AcDbEntity
  8
0
100
AcDbLine
 10
55.05460060796638
 20
27.149855992019575
 30
0.0
 11
54.92891098069656
 21
27.2674069216446
 31
0.0
  0
LINE
  5
14C
330
17
100
AcDbEntity
  8
0
100
AcDbLine
 10
54.92891098069656
 20
27.2674069216446
 30
0.0
 11
54.802964561321005
 21
27.384590591086592
 31
0.0
  0
LINE
  5
14D
330
17
100
AcDbEntity
  8
0
100
AcDbLine
 10
54.802964561321005
 20
27.384590591086592
 30
0.0
 11
54.67676260762498
 21
27.50140645983317
 31
0.0
  0
LINE
  5
14E
330
17
100
AcDbEntity
  8
0
100
AcDbLine
 10
54.67676260762498
 20
27.50140645983317
 30
0.0
 11
54.55030637767884
 21
27.617853992550295
 31
0.0
  0
LINE
  5
14F
330
17
100
AcDbEntity
  8
0
100
AcDbLine
 10
54.55030637767884
 20
27.617853992550295
 30
0.0
 11
54.42359713028803
 21
27.733932658642892
 31
0.0
  0
LINE
  5
150
330
17
100
AcDbEntity
  8
0
100
AcDbLine
 10
54.42359713028803
 20
27.733932658642892
 30
0.0
 11
54.29663612497495
 21
27.84964193225379
 31
0.0
  0
LINE
  5
151
330
17
100
AcDbEntity
  8
0
100
AcDbLine
 10
54.29663612497495
 20
27.84964193225379
 30
0.0
 11
54.16942462196096
 21
27.96498129226265
 31
0.0
  0
LINE
  5
152
330
17
100
AcDbEntity
  8
0
100
AcDbLine
 10
54.16942462196096
 20
27.96498129226265
 30
0.0
 11
54.04196388243392
 21
28.07995022202777
 31
0.0
  0
LINE
  5
153
330
17
100
AcDbEntity
  8
0
100
AcDbLine
 10
54.04196388243392
 20
28.07995022202777
 30
0.0
 11
53.914255272254366
 21
28.19454811494348
 31
0.0
  0
LINE
  5
154
330
17
100
AcDbEntity
  8
0
100
AcDbLine
 10
53.914255272254366
 20
28.19454811494348
 30
0.0
 11
53.78630013564424
 21
28.30877438545793
 31
0.0
  0
LINE
  5
155
330
17
100
AcDbEntity
  8
0
100
AcDbLine
 10
53.78630013564424
 20
28.30877438545793
 30
0.0
 11
53.658099732009084
 21
28.422628528842154
 31
0.0
  0
LINE
  5
156
330
17
100
AcDbEntity
  8
0
100
AcDbLine
 10
53.658099732009084
 20
28.422628528842154
 30
0.0
 11
53.52965532139228
 21
28.53611004506068
 31
0.0
  0
LINE
  5
157
330
17
100
AcDbEntity
  8
0
100
AcDbLine
 10
53.52965532139228
 20
28.53611004506068
 30
0.0
 11
53.40096816445737
 21
28.649218438770305
 31
0.0
  0
LINE
  5
158
330
17
100
AcDbEntity
  8
0
100
AcDbLine
 10
53.40096816445737
 20
28.649218438770305
 30
0.0
 11
53.272039522470344
 21
28.761953219318627
 31
0.0
  0
LINE
  5
159
330
17
100
AcDbEntity
  8
0
100
AcDbLine
 10
53.272039522470344
 20
28.761953219318627
 30
0.0
 11
53.14287065728189
 21
28.874313900742656
 31
0.0
  0
LINE
  5
15A
330
17
100
AcDbEntity
  8
0
100
AcDbLine
 10
53.14287065728189
 20
28.874313900742656
 30
0.0
 11
53.01346283373797
 21
28.986299999665952
 31
0.0
  0
LINE
  5
15B
330
17
100
AcDbEntity
  8
0
100
AcDbLine
 10
53.01346283373797
 20
28.986299999665952
 30
0.0
 11
52.8838174286355
 21
29.097910939833078
 31
0.0
  0
LINE
  5
15C
330
17
100
AcDbEntity
  8
0
100
AcDbLine
 10
52.8838174286355
 20
29.097910939833078
 30
0.0
 11
52.75393576542729
 21
29.209146192930774
 31
0.0
  0
LINE
  5
15D
330
17
100
AcDbEntity
  8
0
100
AcDbLine
 10
52.75393576542729
 20
29.209146192930774
 30
0.0
 11
52.623819104992165
 21
29.320005289322104
 31
0.0
  0
LINE
  5
15E
330
17
100
AcDbEntity
  8
0
100
AcDbLine
 10
52.623819104992165
 20
29.320005289322104
 30
0.0
 11
52.49346870873278
 21
29.430487764017734
 31
0.0
  0
LINE
  5
15F
330
17
100
AcDbEntity
  8
0
100
AcDbLine
 10
52.49346870873278
 20
29.430487764017734
 30
0.0
 11
52.36288583855837
 21
29.540593156674248
 31
0.0
  0
LINE
  5
160
330
17
100
AcDbEntity
  8
0
100
AcDbLine
 10
52.36288583855837
 20
29.540593156674248
 30
0.0
 11
52.23207175686722
 21
29.65032101159248
 31
0.0
  0
LINE
  5
161
330
17
100
AcDbEntity
  8
0
100
AcDbLine
 10
52.23207175686722
 20
29.65032101159248
 30
0.0
 11
52.10102772652948
 21
29.75967087771574
 31
0.0
  0
LINE
  5
162
330
17
100
AcDbEntity
  8
0
100
AcDbLine
 10
52.10102772652948
 20
29.75967087771574
 30
0.0
 11
51.96975501900045
 21
29.86864230186611
 31
0.0
  0
LINE
  5
163
330
17
100
AcDbEntity
  8
0
100
AcDbLine
 10
51.96975501900045
 20
29.86864230186611
 30
0.0
 11
51.83825504845685
 21
29.97723471556678
 31
0.0
  0
LINE
  5
164
330
17
100
AcDbEntity
  8
0
100
AcDbLine
 10
51.83825504845685
 20
29.97723471556678
 30
0.0
 11
51.70652913282002
 21
30.085447631555958
 31
0.0
  0
LINE
  5
165
330
17
100
AcDbEntity
  8
0
100
AcDbLine
 10
51.70652913282002
 20
30.085447631555958
 30
0.0
 11
51.574578533022006
 21
30.19328061440168
 31
0.0
  0
LINE
  5
166
330
17
100
AcDbEntity
  8
0
100
AcDbLine
 10
51.574578533022006
 20
30.19328061440168
 30
0.0
 11
51.44240451041338
 21
30.300733233265554
 31
0.0
  0
LINE
  5
167
330
17
100
AcDbEntity
  8
0
100
AcDbLine
 10
51.44240451041338
 20
30.300733233265554
 30
0.0
 11
51.31000832674603
 21
30.407805061900675
 31
0.0
  0
LINE
  5
168
330
17
100
AcDbEntity
  8
0
100
AcDbLine
 10
51.31000832674603
 20
30.407805061900675
 30
0.0
 11
51.177391244156155
 21
30.514495678649553
 31
0.0
  0
LINE
  5
169
330
17
100
AcDbEntity
  8
0
100
AcDbLine
 10
51.177391244156155
 20
30.514495678649553
 30
0.0
 11
51.044554525147376
 21
30.620804666442147
 31
0.0
  0
LINE
  5
16A
330
17
100
AcDbEntity
  8
0
100
AcDbLine
 10
51.044554525147376
 20
30.620804666442147
 30
0.0
 11
50.91149945109311
 21
30.72673159799659
 31
0.0
  0
LINE
  5
16B
330
17
100
AcDbEntity
  8
0
100
AcDbLine
 10
50.91149945109311
 20
30.72673159799659
 30
0.0
 11
50.7782274692613
 21
30.832275916200793
 31
0.0
  0
LINE
  5
16C
330
17
100
AcDbEntity
  8
0
100
AcDbLine
 10
50.7782274692613
 20
30.832275916200793
 30
0.0
 11
50.644739887114284
 21
30.937437176354344
 31
0.0
  0
LINE
  5
16D
330
17
100
AcDbEntity
  8
0
100
AcDbLine
 10
50.644739887114284
 20
30.937437176354344
 30
0.0
 11
50.51103796435399
 21
31.04221497629996
 31
0.0
  0
LINE
  5
16E
330
17
100
AcDbEntity
  8
0
100
AcDbLine
 10
50.51103796435399
 20
31.04221497629996
 30
0.0
 11
50.37712296100361
 21
31.146608918412525
 31
0.0
  0
LINE
  5
16F
330
17
100
AcDbEntity
  8
0
100
AcDbLine
 10
50.37712296100361
 20
31.146608918412525
 30
0.0
 11
50.24299613739123
 21
31.250618609596977
 31
0.0
  0
LINE
  5
170
330
17
100
AcDbEntity
  8
0
100
AcDbLine
 10
50.24299613739123
 20
31.250618609596977
 30
0.0
 11
50.10865875413298
 21
31.354243661285878
 31
0.0
  0
LINE
  5
171
330
17
100
AcDbEntity
  8
0
100
AcDbLine
 10
50.10865875413298
 20
31.354243661285878
 30
0.0
 11
49.97411207211665
 21
31.457483689437247
 31
0.0
  0
LINE
  5
172
330
17
100
AcDbEntity
  8
0
100
AcDbLine
 10
49.97411207211665
 20
31.457483689437247
 30
0.0
 11
49.83935736952603
 21
31.56033830145396
 31
0.0
  0
LINE
  5
173
330
17
100
AcDbEntity
  8
0
100
AcDbLine
 10
49.83935736952603
 20
31.56033830145396
 30
0.0
 11
49.704396012010385
 21
31.662807040983417
 31
0.0
  0
LINE
  5
174
330
17
100
AcDbEntity
  8
0
100
AcDbLine
 10
49.704396012010385
 20
31.662807040983417
 30
0.0
 11
49.56922927704209
 21
31.764889521925504
 31
0.0
  0
LINE
  5
175
330
17
100
AcDbEntity
  8
0
100
AcDbLine
 10
49.56922927704209
 20
31.764889521925504
 30
0.0
 11
49.43385842422299
 21
31.866585376406846
 31
0.0
  0
LINE
  5
176
330
17
100
AcDbEntity
  8
0
100
AcDbLine
 10
49.43385842422299
 20
31.866585376406846
 30
0.0
 11
49.298284713365575
 21
31.967894241043403
 31
0.0
  0
LINE
  5
177
330
17
100
AcDbEntity
  8
0
100
AcDbLine
 10
49.298284713365575
 20
31.967894241043403
 30
0.0
 11
49.16250940447642
 21
32.06881575693782
 31
0.0
  0
LINE
  5
178
330
17
100
AcDbEntity
  8
0
100
AcDbLine
 10
49.16250940447642
 20
32.06881575693782
 30
0.0
 11
49.02653375774
 21
32.169349569676896
 31
0.0
  0
LINE
  5
179
330
17
100
AcDbEntity
  8
0
100
AcDbLine
 10
49.02653375774
 20
32.169349569676896
 30
0.0
 11
48.890359033502314
 21
32.26949532932881
 31
0.0
  0
LINE
  5
17A
330
17
100
AcDbEntity
  8
0
100
AcDbLine
 10
48.890359033502314
 20
32.26949532932881
 30
0.0
 11
48.75398648393457
 21
32.369252696571394
 31
0.0
  0
LINE
  5
17B
330
17
100
AcDbEntity
  8
0
100
AcDbLine
 10
48.75398648393457
 20
32.369252696571394
 30
0.0
 11
48.61741733609081
 21
32.46862135564779
 31
0.0
  0
LINE
  5
17C
330
17
100
AcDbEntity
  8
0
100
AcDbLine
 10
48.61741733609081
 20
32.46862135564779
 30
0.0
 11
48.48065284777505
 21
32.56760097331973
 31
0.0
  0
LINE
  5
17D
330
17
100
AcDbEntity
  8
0
100
AcDbLine
 10
48.48065284777505
 20
32.56760097331973
 30
0.0
 11
48.34369428051377
 21
32.666191218179414
 31
0.0
  0
LINE
  5
17E
330
17
100
AcDbEntity
  8
0
100
AcDbLine
 10
48.34369428051377
 20
32.666191218179414
 30
0.0
 11
48.20654289590665
 21
32.76439176329371
 31
0.0
  0
LINE
  5
17F
330
17
100
AcDbEntity
  8
0
100
AcDbLine
 10
48.20654289590665
 20
32.76439176329371
 30
0.0
 11
48.06919995561032
 21
32.862202286201104
 31
0.0
  0
LINE
  5
180
330
17
100
AcDbEntity
  8
0
100
AcDbLine
 10
48.06919995561032
 20
32.862202286201104
 30
0.0
 11
47.931666721322244
 21
32.95962246890869
 31
0.0
  0
LINE
  5
181
330
17
100
AcDbEntity
  8
0
100
AcDbLine
 10
47.931666721322244
 20
32.95962246890869
 30
0.0
 11
47.793944454764365
 21
33.056651997888835
 31
0.0
  0
LINE
  5
182
330
17
100
AcDbEntity
  8
0
100
AcDbLine
 10
47.793944454764365
 20
33.056651997888835
 30
0.0
 11
47.65603449255655
 21
33.15329051111251
 31
0.0
  0
LINE
  5
183
330
17
100
AcDbEntity
  8
0
100
AcDbLine
 10
47.65603449255655
 20
33.15329051111251
 30
0.0
 11
47.51793830234373
 21
33.24953755487349
 31
0.0
  0
LINE
  5
184
330
17
100
AcDbEntity
  8
0
100
AcDbLine
 10
47.51793830234373
 20
33.24953755487349
 30
0.0
 11
47.37965715371433
 21
33.34539281643527
 31
0.0
  0
LINE
  5
185
330
17
100
AcDbEntity
  8
0
100
AcDbLine
 10
47.37965715371433
 20
33.34539281643527
 30
0.0
 11
47.241192303987376
 21
33.44085599605037
 31
0.0
  0
LINE
  5
186
330
17
100
AcDbEntity
  8
0
100
AcDbLine
 10
47.241192303987376
 20
33.44085599605037
 30
0.0
 11
47.10254501047166
 21
33.53592679837355
 31
0.0
  0
LINE
  5
187
330
17
100
AcDbEntity
  8
0
100
AcDbLine
 10
47.10254501047166
 20
33.53592679837355
 30
0.0
 11
46.96371653044991
 21
33.63060493245875
 31
0.0
  0
LINE
  5
188
330
17
100
AcDbEntity
  8
0
100
AcDbLine
 10
46.96371653044991
 20
33.63060493245875
 30
0.0
 11
46.8247081211631
 21
33.72489011175566
 31
0.0
  0
LINE
  5
189
330
17
100
AcDbEntity
  8
0
100
AcDbLine
 10
46.8247081211631
 20
33.72489011175566
 30
0.0
 11
46.68552103979461
 21
33.81878205410646
 31
0.0
  0
LINE
  5
18A
330
17
100
AcDbEntity
  8
0
100
AcDbLine
 10
46.68552103979461
 20
33.81878205410646
 30
0.0
 11
46.546156473249724
 21
33.91228052937146
 31
0.0
  0
LINE
  5
18B
330
17
100
AcDbEntity
  8
0
100
AcDbLine
 10
46.546156473249724
 20
33.91228052937146
 30
0.0
 11
46.406615545867496
 21
34.00538535686401
 31
0.0
  0
LINE
  5
18C
330
17
100
AcDbEntity
  8
0
100
AcDbLine
 10
46.406615545867496
 20
34.00538535686401
 30
0.0
 11
46.2668995142368
 21
34.09809627263208
 31
0.0
  0
LINE
  5
18D
330
17
100
AcDbEntity
  8
0
100
AcDbLine
 10
46.2668995142368
 20
34.09809627263208
 30
0.0
 11
46.12700963810561
 21
34.190413014912714
 31
0.0
  0
LINE
  5
18E
330
17
100
AcDbEntity
  8
0
100
AcDbLine
 10
46.12700963810561
 20
34.190413014912714
 30
0.0
 11
45.98694717705345
 21
34.28233532634927
 31
0.0
  0
LINE
  5
18F
330
17
100
AcDbEntity
  8
0
100
AcDbLine
 10
45.98694717705345
 20
34.28233532634927
 30
0.0
 11
45.8467133904756
 21
34.37386295398763
 31
0.0
  0
LINE
  5
190
330
17
100
AcDbEntity
  8
0
100
AcDbLine
 10
45.8467133904756
 20
34.37386295398763
 30
0.0
 11
45.70630953756731
 21
34.46499564927225
 31
0.0
  0
LINE
  5
191
330
17
100
AcDbEntity
  8
0
100
AcDbLine
 10
45.70630953756731
 20
34.46499564927225
 30
0.0
 11
45.56573687730798
 21
34.55573316804215
 31
0.0
  0
LINE
  5
192
330
17
100
AcDbEntity
  8
0
100
AcDbLine
 10
45.56573687730798
 20
34.55573316804215
 30
0.0
 11
45.4249967795585
 21
34.64607519825434
 31
0.0
  0
LINE
  5
193
330
17
100
AcDbEntity
  8
0
100
AcDbLine
 10
45.4249967795585
 20
34.64607519825434
 30
0.0
 11
45.28409064498659
 21
34.73602140844754
 31
0.0
  0
LINE
  5
194
330
17
100
AcDbEntity
  8
0
100
AcDbLine
 10
45.28409064498659
 20
34.73602140844754
 30
0.0
 11
45.1430197288803
 21
34.82557156373549
 31
0.0
  0
LINE
  5
195
330
17
100
AcDbEntity
  8
0
100
AcDbLine
 10
45.1430197288803
 20
34.82557156373549
 30
0.0
 11
45.001785285685166
 21
34.914725433960314
 31
0.0
  0
LINE
  5
196
330
17
100
AcDbEntity
  8
0
100
AcDbLine
 10
45.001785285685166
 20
34.914725433960314
 30
0.0
 11
44.86038856959246
 21
35.00348279330057
 31
0.0
  0
LINE
  5
197
330
17
100
AcDbEntity
  8
0
100
AcDbLine
 10
44.86038856959246
 20
35.00348279330057
 30
0.0
 11
44.71883083452367
 21
35.091843420267075
 31
0.0
  0
LINE
  5
198
330
17
100
AcDbEntity
  8
0
100
AcDbLine
 10
44.71883083452367
 20
35.091843420267075
 30
0.0
 11
44.57711333411517
 21
35.17980709769885
 31
0.0
  0
LINE
  5
199
330
17
100
AcDbEntity
  8
0
100
AcDbLine
 10
44.57711333411517
 20
35.17980709769885
 30
0.0
 11
44.435237321444404
 21
35.26737361291813
 31
0.0
  0
LINE
  5
19A
330
17
100
AcDbEntity
  8
0
100
AcDbLine
 10
44.435237321444404
 20
35.26737361291813
 30
0.0
 11
44.29320388517268
 21
35.35454285984167
 31
0.0
  0
LINE
  5
19B
330
17
100
AcDbEntity
  8
0
100
AcDbLine
 10
44.29320388517268
 20
35.35454285984167
 30
0.0
 11
44.151014140756644
 21
35.441314724442485
 31
0.0
  0
LINE
  5
19C
330
17
100
AcDbEntity
  8
0
100
AcDbLine
 10
44.151014140756644
 20
35.441314724442485
 30
0.0
 11
44.008669344622376
 21
35.52768901100312
 31
0.0
  0
LINE
  5
19D
330
17
100
AcDbEntity
  8
0
100
AcDbLine
 10
44.008669344622376
 20
35.52768901100312
 30
0.0
 11
43.86617075278673
 21
35.61366552815625
 31
0.0
  0
LINE
  5
19E
330
17
100
AcDbEntity
  8
0
100
AcDbLine
 10
43.86617075278673
 20
35.61366552815625
 30
0.0
 11
43.72351962084184
 21
35.6992440888798
 31
0.0
  0
LINE
  5
19F
330
17
100
AcDbEntity
  8
0
100
AcDbLine
 10
43.72351962084184
 20
35.6992440888798
 30
0.0
 11
43.58071720393961
 21
35.78442451049226
 31
0.0
  0
LINE
  5
1A0
330
17
100
AcDbEntity
  8
0
100
AcDbLine
 10
43.58071720393961
 20
35.78442451049226
 30
0.0
 11
43.43776475677626
 21
35.8692066146478
 31
0.0
  0
LINE
  5
1A1
330
17
100
AcDbEntity
  8
0
100
AcDbLine
 10
43.43776475677626
 20
35.8692066146478
 30
0.0
 11
43.29466353722485
 21
35.95359022518069
 31
0.0
  0
LINE
  5
1A2
330
17
100
AcDbEntity
  8
0
100
AcDbLine
 10
43.29466353722485
 20
35.95359022518069
 30
0.0
 11
43.15141499987958
 21
36.0375750524818
 31
0.0
  0
LINE
  5
1A3
330
17
100
AcDbEntity
  8
0
100
AcDbLine
 10
43.15141499987958
 20
36.0375750524818
 30
0.0
 11
43.008020510186284
 21
36.121160859026574
 31
0.0
  0
LINE
  5
1A4
330
17
100
AcDbEntity
  8
0
100
AcDbLine
 10
43.008020510186284
 20
36.121160859026574
 30
0.0
 11
42.86448131672371
 21
36.204347479367584
 31
0.0
  0
LINE
  5
1A5
330
17
100
AcDbEntity
  8
0
100
AcDbLine
 10
42.86448131672371
 20
36.204347479367584
 30
0.0
 11
42.720798667587985
 21
36.287134752324114
 31
0.0
  0
LINE
  5
1A6
330
17
100
AcDbEntity
  8
0
100
AcDbLine
 10
42.720798667587985
 20
36.287134752324114
 30
0.0
 11
42.57697381037764
 21
36.369522520977384
 31
0.0
  0
LINE
  5
1A7
330
17
100
AcDbEntity
  8
0
100
AcDbLine
 10
42.57697381037764
 20
36.369522520977384
 30
0.0
 11
42.43300799217849
 21
36.45151063266557
 31
0.0
  0
LINE
  5
1A8
330
17
100
AcDbEntity
  8
0
100
AcDbLine
 10
42.43300799217849
 20
36.45151063266557
 30
0.0
 11
42.28890245954879
 21
36.53309893897888
 31
0.0
  0
LINE
  5
1A9
330
17
100
AcDbEntity
  8
0
100
AcDbLine
 10
42.28890245954879
 20
36.53309893897888
 30
0.0
 11
42.14465844699849
 21
36.614287302241884
 31
0.0
  0
LINE
  5
1AA
330
17
100
AcDbEntity
  8
0
100
AcDbLine
 10
42.14465844699849
 20
36.614287302241884
 30
0.0
 11
42.00027696588064
 21
36.69507571639261
 31
0.0
  0
LINE
  5
1AB
330
17
100
AcDbEntity
  8
0
100
AcDbLine
 10
42.00027696588064
 20
36.69507571639261
 30
0.0
 11
41.85575917202843
 21
36.77546410234666
 31
0.0
  0
LINE
  5
1AC
330
17
100
AcDbEntity
  8
0
100
AcDbLine
 10
41.85575917202843
 20
36.77546410234666
 30
0.0
 11
41.71110631396658
 21
36.85545233331096
 31
0.0
  0
LINE
  5
1AD
330
17
100
AcDbEntity
  8
0
100
AcDbLine
 10
41.71110631396658
 20
36.85545233331096
 30
0.0
 11
41.56631963956462
 21
36.93504028676356
 31
0.0
  0
LINE
  5
1AE
330
17
100
AcDbEntity
  8
0
100
AcDbLine
 10
41.56631963956462
 20
36.93504028676356
 30
0.0
 11
41.42140039602174
 21
37.014227844448136
 31
0.0
  0
LINE
  5
1AF
330
17
100
AcDbEntity
  8
0
100
AcDbLine
 10
41.42140039602174
 20
37.014227844448136
 30
0.0
 11
41.27634982985175
 21
37.09301489236827
 31
0.0
  0
LINE
  5
1B0
330
17
100
AcDbEntity
  8
0
100
AcDbLine
 10
41.27634982985175
 20
37.09301489236827
 30
0.0
 11
41.13116918686806
 21
37.17140132078174
 31
0.0
  0
LINE
  5
1B1
330
17
100
AcDbEntity
  8
0
100
AcDbLine
 10
41.13116918686806
 20
37.17140132078174
 30
0.0
 11
40.9858597374046
 21
37.249387010599094
 31
0.0
  0
LINE
  5
1B2
330
17
100
AcDbEntity
  8
0
100
AcDbLine
 10
40.9858597374046
 20
37.249387010599094
 30
0.0
 11
40.84042299488241
 21
37.326971713291265
 31
0.0
  0
LINE
  5
1B3
330
17
100
AcDbEntity
  8
0
100
AcDbLine
 10
40.84042299488241
 20
37.326971713291265
 30
0.0
 11
40.69486027198615
 21
37.40415528768286
 31
0.0
  0
LINE
  5
1B4
330
17
100
AcDbEntity
  8
0
100
AcDbLine
 10
40.69486027198615
 20
37.40415528768286
 30
0.0
 11
40.54917280714688
 21
37.48093763591561
 31
0.0
  0
LINE
  5
1B5
330
17
100
AcDbEntity
  8
0
100
AcDbLine
 10
40.54917280714688
 20
37.48093763591561
 30
0.0
 11
40.40336183807802
 21
37.557318664309186
 31
0.0
  0
LINE
  5
1B6
330
17
100
AcDbEntity
  8
0
100
AcDbLine
 10
40.40336183807802
 20
37.557318664309186
 30
0.0
 11
40.25742860176092
 21
37.63329828335564
 31
0.0
  0
LINE
  5
1B7
330
17
100
AcDbEntity
  8
0
100
AcDbLine
 10
40.25742860176092
 20
37.63329828335564
 30
0.0
 11
40.111374334430245
 21
37.7088764077136
 31
0.0
  0
LINE
  5
1B8
330
17
100
AcDbEntity
  8
0
100
AcDbLine
 10
40.111374334430245
 20
37.7088764077136
 30
0.0
 11
39.965200271559404
 21
37.784052956202515
 31
0.0
  0
LINE
  5
1B9
330
17
100
AcDbEntity
  8
0
100
AcDbLine
 10
39.965200271559404
 20
37.784052956202515
 30
0.0
 11
39.81890759605261
 21
37.85882787842929
 31
0.0
  0
LINE
  5
1BA
330
17
100
AcDbEntity
  8
0
100
AcDbLine
 10
39.81890759605261
 20
37.85882787842929
 30
0.0
 11
39.672497205982005
 21
37.93320127744089
 31
0.0
  0
LINE
  5
1BB
330
17
100
AcDbEntity
  8
0
100
AcDbLine
 10
39.672497205982005
 20
37.93320127744089
 30
0.0
 11
39.52597027844655
 21
38.00717312178037
 31
0.0
  0
LINE
  5
1BC
330
17
100
AcDbEntity
  8
0
100
AcDbLine
 10
39.52597027844655
 20
38.00717312178037
 30
0.0
 11
39.37932805095072
 21
38.08074335306571
 31
0.0
  0
LINE
  5
1BD
330
17
100
AcDbEntity
  8
0
100
AcDbLine
 10
39.37932805095072
 20
38.08074335306571
 30
0.0
 11
39.23257176009486
 21
38.15391191710138
 31
0.0
  0
LINE
  5
1BE
330
17
100
AcDbEntity
  8
0
100
AcDbLine
 10
39.23257176009486
 20
38.15391191710138
 30
0.0
 11
39.085702641560566
 21
38.22667876387205
 31
0.0
  0
LINE
  5
1BF
330
17
100
AcDbEntity
  8
0
100
AcDbLine
 10
39.085702641560566
 20
38.22667876387205
 30
0.0
 11
38.93872193009583
 21
38.29904384753576
 31
0.0
  0
LINE
  5
1C0
330
17
100
AcDbEntity
  8
0
100
AcDbLine
 10
38.93872193009583
 20
38.29904384753576
 30
0.0
 11
38.79163085950065
 21
38.37100712641762
 31
0.0
  0
LINE
  5
1C1
330
17
100
AcDbEntity
  8
0
100
AcDbLine
 10
38.79163085950065
 20
38.37100712641762
 30
0.0
 11
38.64443071188311
 21
38.4425685388508
 31
0.0
  0
LINE
  5
1C2
330
17
100
AcDbEntity
  8
0
100
AcDbLine
 10
38.64443071188311
 20
38.4425685388508
 30
0.0
 11
38.497122928492615
 21
38.513727946534814
 31
0.0
  0
LINE
  5
1C3
330
17
100
AcDbEntity
  8
0
100
AcDbLine
 10
38.497122928492615
 20
38.513727946534814
 30
0.0
 11
38.34970876105443
 21
38.584485304715834
 31
0.0
  0
LINE
  5
1C4
330
17
100
AcDbEntity
  8
0
100
AcDbLine
 10
38.34970876105443
 20
38.584485304715834
 30
0.0
 11
38.20218943625745
 21
38.65484058439372
 31
0.0
  0
LINE
  5
1C5
330
17
100
AcDbEntity
  8
0
100
AcDbLine
 10
38.20218943625745
 20
38.65484058439372
 30
0.0
 11
38.05456617981435
 21
38.72479376066788
 31
0.0
  0
LINE
  5
1C6
330
17
100
AcDbEntity
  8
0
100
AcDbLine
 10
38.05456617981435
 20
38.72479376066788
 30
0.0
 11
37.90684021644734
 21
38.79434481273058
 31
0.0
  0
LINE
  5
1C7
330
17
100
AcDbEntity
  8
0
100
AcDbLine
 10
37.90684021644734
 20
38.79434481273058
 30
0.0
 11
37.75901276987401
 21
38.86349372386048
 31
0.0
  0
LINE
  5
1C8
330
17
100
AcDbEntity
  8
0
100
AcDbLine
 10
37.75901276987401
 20
38.86349372386048
 30
0.0
 11
37.61108506279306
 21
38.93224048141565
 31
0.0
  0
LINE
  5
1C9
330
17
100
AcDbEntity
  8
0
100
AcDbLine
 10
37.61108506279306
 20
38.93224048141565
 30
0.0
 11
37.4630582676949
 21
39.00058509977567
 31
0.0
  0
LINE
  5
1CA
330
17
100
AcDbEntity
  8
0
100
AcDbLine
 10
37.4630582676949
 20
39.00058509977567
 30
0.0
 11
37.31493346308815
 21
39.06852764257861
 31
0.0
  0
LINE
  5
1CB
330
17
100
AcDbEntity
  8
0
100
AcDbLine
 10
37.31493346308815
 20
39.06852764257861
 30
0.0
 11
37.16671186154681
 21
39.13606811637752
 31
0.0
  0
LINE
  5
1CC
330
17
100
AcDbEntity
  8
0
100
AcDbLine
 10
37.16671186154681
 20
39.13606811637752
 30
0.0
 11
37.01839468372252
 21
39.20320652757204
 31
0.0
  0
LINE
  5
1CD
330
17
100
AcDbEntity
  8
0
100
AcDbLine
 10
37.01839468372252
 20
39.20320652757204
 30
0.0
 11
36.86998314914596
 21
39.269942886629885
 31
0.0
  0
LINE
  5
1CE
330
17
100
AcDbEntity
  8
0
100
AcDbLine
 10
36.86998314914596
 20
39.269942886629885
 30
0.0
 11
36.72147847621269
 21
39.3362772080798
 31
0.0
  0
LINE
  5
1CF
330
17
100
AcDbEntity
  8
0
100
AcDbLine
 10
36.72147847621269
 20
39.3362772080798
 30
0.0
 11
36.57288188216908
 21
39.40220951050417
 31
0.0
  0
LINE
  5
1D0
330
17
100
AcDbEntity
  8
0
100
AcDbLine
 10
36.57288188216908
 20
39.40220951050417
 30
0.0
 11
36.42419458309823
 21
39.46773981653179
 31
0.0
  0
LINE
  5
1D1
330
17
100
AcDbEntity
  8
0
100
AcDbLine
 10
36.42419458309823
 20
39.46773981653179
 30
0.0
 11
36.275417749627266
 21
39.53286817247316
 31
0.0
  0
LINE
  5
1D2
330
17
100
AcDbEntity
  8
0
100
AcDbLine
 10
36.275417749627266
 20
39.53286817247316
 30
0.0
 11
36.12655250745696
 21
39.59759464943221
 31
0.0
  0
LINE
  5
1D3
330
17
100
AcDbEntity
  8
0
100
AcDbLine
 10
36.12655250745696
 20
39.59759464943221
 30
0.0
 11
35.977600068021594
 21
39.66191928509436
 31
0.0
  0
LINE
  5
1D4
330
17
100
AcDbEntity
  8
0
100
AcDbLine
 10
35.977600068021594
 20
39.66191928509436
 30
0.0
 11
35.8285616440171
 21
39.725842120082156
 31
0.0
  0
LINE
  5
1D5
330
17
100
AcDbEntity
  8
0
100
AcDbLine
 10
35.8285616440171
 20
39.725842120082156
 30
0.0
 11
35.67943844688489
 21
39.78936319904209
 31
0.0
  0
LINE
  5
1D6
330
17
100
AcDbEntity
  8
0
100
AcDbLine
 10
35.67943844688489
 20
39.78936319904209
 30
0.0
 11
35.53023168679802
 21
39.85248257063709
 31
0.0
  0
LINE
  5
1D7
330
17
100
AcDbEntity
  8
0
100
AcDbLine
 10
35.53023168679802
 20
39.85248257063709
 30
0.0
 11
35.380942572647214
 21
39.915200287538646
 31
0.0
  0
LINE
  5
1D8
330
17
100
AcDbEntity
  8
0
100
AcDbLine
 10
35.380942572647214
 20
39.915200287538646
 30
0.0
 11
35.23157231202709
 21
39.97751640641903
 31
0.0
  0
LINE
  5
1D9
330
17
100
AcDbEntity
  8
0
100
AcDbLine
 10
35.23157231202709
 20
39.97751640641903
 30
0.0
 11
35.08212215347421
 21
40.03943097015558
 31
0.0
  0
LINE
  5
1DA
330
17
100
AcDbEntity
  8
0
100
AcDbLine
 10
35.08212215347421
 20
40.03943097015558
 30
0.0
 11
34.93259335904502
 21
40.10094401825217
 31
0.0
  0
LINE
  5
1DB
330
17
100
AcDbEntity
  8
0
100
AcDbLine
 10
34.93259335904502
 20
40.10094401825217
 30
0.0
 11
34.78298713168569
 21
40.16205561781015
 31
0.0
  0
LINE
  5
1DC
330
17
100
AcDbEntity
  8
0
100
AcDbLine
 10
34.78298713168569
 20
40.16205561781015
 30
0.0
 11
34.63330467266694
 21
40.22276584003035
 31
0.0
  0
LINE
  5
1DD
330
17
100
AcDbEntity
  8
0
100
AcDbLine
 10
34.63330467266694
 20
40.22276584003035
 30
0.0
 11
34.483547181910296
 21
40.283074760064004
 31
0.0
  0
LINE
  5
1DE
330
17
100
AcDbEntity
  8
0
100
AcDbLine
 10
34.483547181910296
 20
40.283074760064004
 30
0.0
 11
34.33371585797451
 21
40.34298245700465
 31
0.0
  0
LINE
  5
1DF
330
17
100
AcDbEntity
  8
0
100
AcDbLine
 10
34.33371585797451
 20
40.34298245700465
 30
0.0
 11
34.18381189804204
 21
40.40248901388015
 31
0.0
  0
LINE
  5
1E0
330
17
100
AcDbEntity
  8
0
100
AcDbLine
 10
34.18381189804204
 20
40.40248901388015
 30
0.0
 11
34.033836497933045
 21
40.46159451763377
 31
0.0
  0
LINE
  5
1E1
330
17
100
AcDbEntity
  8
0
100
AcDbLine
 10
34.033836497933045
 20
40.46159451763377
 30
0.0
 11
33.88379089055
 21
40.52029904377888
 31
0.0
  0
LINE
  5
1E2
330
17
100
AcDbEntity
  8
0
100
AcDbLine
 10
33.88379089055
 20
40.52029904377888
 30
0.0
 11
33.73367630295959
 21
40.578602672615574
 31
0.0
  0
LINE
  5
1E3
330
17
100
AcDbEntity
  8
0
100
AcDbLine
 10
33.73367630295959
 20
40.578602672615574
 30
0.0
 11
33.58349392599075
 21
40.63650550181607
 31
0.0
  0
LINE
  5
1E4
330
17
100
AcDbEntity
  8
0
100
AcDbLine
 10
33.58349392599075
 20
40.63650550181607
 30
0.0
 11
33.43324494904039
 21
40.69400763293841
 31
0.0
  0
LINE
  5
1E5
330
17
100
AcDbEntity
  8
0
100
AcDbLine
 10
33.43324494904039
 20
40.69400763293841
 30
0.0
 11
33.2829305600601
 21
40.75110917141822
 31
0.0
  0
LINE
  5
1E6
330
17
100
AcDbEntity
  8
0
100
AcDbLine
 10
33.2829305600601
 20
40.75110917141822
 30
0.0
 11
33.132551945542886
 21
40.80781022656044
 31
0.0
  0
LINE
  5
1E7
330
17
100
AcDbEntity
  8
0
100
AcDbLine
 10
33.132551945542886
 20
40.80781022656044
 30
0.0
 11
32.98211029051001
 21
40.864110911531014
 31
0.0
  0
LINE
  5
1E8
330
17
100
AcDbEntity
  8
0
100
AcDbLine
 10
32.98211029051001
 20
40.864110911531014
 30
0.0
 11
32.831606777944465
 21
40.920011343553696
 31
0.0
  0
LINE
  5
1E9
330
17
100
AcDbEntity
  8
0
100
AcDbLine
 10
32.831606777944465
 20
40.920011343553696
 30
0.0
 11
32.6810425535568
 21
40.97551165719437
 31
0.0
  0
LINE
  5
1EA
330
17
100
AcDbEntity
  8
0
100
AcDbLine
 10
32.6810425535568
 20
40.97551165719437
 30
0.0
 11
32.53041877640822
 21
41.03061198600975
 31
0.0
  0
LINE
  5
1EB
330
17
100
AcDbEntity
  8
0
100
AcDbLine
 10
32.53041877640822
 20
41.03061198600975
 30
0.0
 11
32.37973662605265
 21
41.08531245933963
 31
0.0
  0
LINE
  5
1EC
330
17
100
AcDbEntity
  8
0
100
AcDbLine
 10
32.37973662605265
 20
41.08531245933963
 30
0.0
 11
32.228997280497346
 21
41.13961321034812
 31
0.0
  0
LINE
  5
1ED
330
17
100
AcDbEntity
  8
0
100
AcDbLine
 10
32.228997280497346
 20
41.13961321034812
 30
0.0
 11
32.07820191618997
 21
41.193514376015
 31
0.0
  0
LINE
  5
1EE
330
17
100
AcDbEntity
  8
0
100
AcDbLine
 10
32.07820191618997
 20
41.193514376015
 30
0.0
 11
31.92735170800551
 21
41.247016097127
 31
0.0
  0
LINE
  5
1EF
330
17
100
AcDbEntity
  8
0
100
AcDbLine
 10
31.92735170800551
 20
41.247016097127
 30
0.0
 11
31.77644782923337
 21
41.300118518269095
 31
0.0
  0
LINE
  5
1F0
330
17
100
AcDbEntity
  8
0
100
AcDbLine
 10
31.77644782923337
 20
41.300118518269095
 30
0.0
 11
31.625491461338207
 21
41.35282178439657
 31
0.0
  0
LINE
  5
1F1
330
17
100
AcDbEntity
  8
0
100
AcDbLine
 10
31.625491461338207
 20
41.35282178439657
 30
0.0
 11
31.474483994116376
 21
41.405125969394014
 31
0.0
  0
LINE
  5
1F2
330
17
100
AcDbEntity
  8
0
100
AcDbLine
 10
31.474483994116376
 20
41.405125969394014
 30
0.0
 11
31.323426684618177
 21
41.45703119326317
 31
0.0
  0
LINE
  5
1F3
330
17
100
AcDbEntity
  8
0
100
AcDbLine
 10
31.323426684618177
 20
41.45703119326317
 30
0.0
 11
31.172320696773127
 21
41.508537611243966
 31
0.0
  0
LINE
  5
1F4
330
17
100
AcDbEntity
  8
0
100
AcDbLine
 10
31.172320696773127
 20
41.508537611243966
 30
0.0
 11
31.021167192911676
 21
41.55964538229973
 31
0.0
  0
LINE
  5
1F5
330
17
100
AcDbEntity
  8
0
100
AcDbLine
 10
31.021167192911676
 20
41.55964538229973
 30
0.0
 11
30.86996733375272
 21
41.610354669108524
 31
0.0
  0
LINE
  5
1F6
330
17
100
AcDbEntity
  8
0
100
AcDbLine
 10
30.86996733375272
 20
41.610354669108524
 30
0.0
 11
30.71872227839102
 21
41.66066563805432
 31
0.0
  0
LINE
  5
1F7
330
17
100
AcDbEntity
  8
0
100
AcDbLine
 10
30.71872227839102
 20
41.66066563805432
 30
0.0
 11
30.567433184284823
 21
41.71057845921826
 31
0.0
  0
LINE
  5
1F8
330
17
100
AcDbEntity
  8
0
100
AcDbLine
 10
30.567433184284823
 20
41.71057845921826
 30
0.0
 11
30.41610120723366
 21
41.7600933063729
 31
0.0
  0
LINE
  5
1F9
330
17
100
AcDbEntity
  8
0
100
AcDbLine
 10
30.41610120723366
 20
41.7600933063729
 30
0.0
 11
30.264727501274336
 21
41.80921035700444
 31
0.0
  0
LINE
  5
1FA
330
17
100
AcDbEntity
  8
0
100
AcDbLine
 10
30.264727501274336
 20
41.80921035700444
 30
0.0
 11
30.113313218850607
 21
41.8579297922445
 31
0.0
  0
LINE
  5
1FB
330
17
100
AcDbEntity
  8
0
100
AcDbLine
 10
30.113313218850607
 20
41.8579297922445
 30
0.0
 11
29.96185951075195
 21
41.906251796876056
 31
0.0
  0
LINE
  5
1FC
330
17
100
AcDbEntity
  8
0
100
AcDbLine
 10
29.96185951075195
 20
41.906251796876056
 30
0.0
 11
29.810367526069626
 21
41.954176559334556
 31
0.0
  0
LINE
  5
1FD
330
17
100
AcDbEntity
  8
0
100
AcDbLine
 10
29.810367526069626
 20
41.954176559334556
 30
0.0
 11
29.658838412184274
 21
42.0017042716989
 31
0.0
  0
LINE
  5
1FE
330
17
100
AcDbEntity
  8
0
100
AcDbLine
 10
29.658838412184274
 20
42.0017042716989
 30
0.0
 11
29.50727331475389
 21
42.048835129682416
 31
0.0
  0
LINE
  5
1FF
330
17
100
AcDbEntity
  8
0
100
AcDbLine
 10
29.50727331475389
 20
42.048835129682416
 30
0.0
 11
29.355673377701585
 21
42.095569332623576
 31
0.0
  0
LINE
  5
200
330
17
100
AcDbEntity
  8
0
100
AcDbLine
 10
29.355673377701585
 20
42.095569332623576
 30
0.0
 11
29.204039741093602
 21
42.14190708412694
 31
0.0
  0
LINE
  5
201
330
17
100
AcDbEntity
  8
0
100
AcDbLine
 10
29.204039741093602
 20
42.14190708412694
 30
0.0
 11
29.052373530839702
 21
42.187848595336725
 31
0.0
  0
LINE
  5
202
330
17
100
AcDbEntity
  8
0
100
AcDbLine
 10
29.052373530839702
 20
42.187848595336725
 30
0.0
 11
28.90067588296585
 21
42.233394077522725
 31
0.0
  0
LINE
  5
203
330
17
100
AcDbEntity
  8
0
100
AcDbLine
 10
28.90067588296585
 20
42.233394077522725
 30
0.0
 11
28.748947934495874
 21
42.278543744702326
 31
0.0
  0
LINE
  5
204
330
17
100
AcDbEntity
  8
0
100
AcDbLine
 10
28.748947934495874
 20
42.278543744702326
 30
0.0
 11
28.597190820655506
 21
42.323297814473534
 31
0.0
  0
LINE
  5
205
330
17
100
AcDbEntity
  8
0
100
AcDbLine
 10
28.597190820655506
 20
42.323297814473534
 30
0.0
 11
28.44540567486041
 21
42.36765650800561
 31
0.0
  0
LINE
  5
206
330
17
100
AcDbEntity
  8
0
100
AcDbLine
 10
28.44540567486041
 20
42.36765650800561
 30
0.0
 11
28.29359362870443
 21
42.411620050029704
 31
0.0
  0
LINE
  5
207
330
17
100
AcDbEntity
  8
0
100
AcDbLine
 10
28.29359362870443
 20
42.411620050029704
 30
0.0
 11
28.14175581194761
 21
42.45518866882925
 31
0.0
  0
LINE
  5
208
330
17
100
AcDbEntity
  8
0
100
AcDbLine
 10
28.14175581194761
 20
42.45518866882925
 30
0.0
 11
27.989893403423252
 21
42.49836258158739
 31
0.0
  0
LINE
  5
209
330
17
100
AcDbEntity
  8
0
100
AcDbLine
 10
27.989893403423252
 20
42.49836258158739
 30
0.0
 11
27.83800775713992
 21
42.54114195605879
 31
0.0
  0
LINE
  5
20A
330
17
100
AcDbEntity
  8
0
100
AcDbLine
 10
27.83800775713992
 20
42.54114195605879
 30
0.0
 11
27.686100022615967
 21
42.583527019026036
 31
0.0
  0
LINE
  5
20B
330
17
100
AcDbEntity
  8
0
100
AcDbLine
 10
27.686100022615967
 20
42.583527019026036
 30
0.0
 11
27.534171319721644
 21
42.62551800861042
 31
0.0
  0
LINE
  5
20C
330
17
100
AcDbEntity
  8
0
100
AcDbLine
 10
27.534171319721644
 20
42.62551800861042
 30
0.0
 11
27.3822227664836
 21
42.66711516641218
 31
0.0
  0
LINE
  5
20D
330
17
100
AcDbEntity
  8
0
100
AcDbLine
 10
27.3822227664836
 20
42.66711516641218
 30
0.0
 11
27.23025547907342
 21
42.708318737501024
 31
0.0
  0
LINE
  5
20E
330
17
100
AcDbEntity
  8
0
100
AcDbLine
 10
27.23025547907342
 20
42.708318737501024
 30
0.0
 11
27.078270571796267
 21
42.74912897040674
 31
0.0
  0
LINE
  5
20F
330
17
100
AcDbEntity
  8
0
100
AcDbLine
 10
27.078270571796267
 20
42.74912897040674
 30
0.0
 11
26.92626915707948
 21
42.78954611710965
 31
0.0
  0
LINE
  5
210
330
17
100
AcDbEntity
  8
0
100
AcDbLine
 10
26.92626915707948
 20
42.78954611710965
 30
0.0
 11
26.774252281824282
 21
42.82957045004676
 31
0.0
  0
LINE
  5
211
330
17
100
AcDbEntity
  8
0
100
AcDbLine
 10
26.774252281824282
 20
42.82957045004676
 30
0.0
 11
26.622220861479015
 21
42.869202281765574
 31
0.0
  0
LINE
  5
212
330
17
100
AcDbEntity
  8
0
100
AcDbLine
 10
26.622220861479015
 20
42.869202281765574
 30
0.0
 11
26.470175991367682
 21
42.908441881832665
 31
0.0
  0
LINE
  5
213
330
17
100
AcDbEntity
  8
0
100
AcDbLine
 10
26.470175991367682
 20
42.908441881832665
 30
0.0
 11
26.318118778349678
 21
42.94728951970969
 31
0.0
  0
LINE
  5
214
330
17
100
AcDbEntity
  8
0
100
AcDbLine
 10
26.318118778349678
 20
42.94728951970969
 30
0.0
 11
26.166050327307325
 21
42.9857454682824
 31
0.0
  0
LINE
  5
215
330
17
100
AcDbEntity
  8
0
100
AcDbLine
 10
26.166050327307325
 20
42.9857454682824
 30
0.0
 11
26.013971741134675
 21
43.023810003850464
 31
0.0
  0
LINE
  5
216
330
17
100
AcDbEntity
  8
0
100
AcDbLine
 10
26.013971741134675
 20
43.023810003850464
 30
0.0
 11
25.861884120726252
 21
43.06148340611761
 31
0.0
  0
LINE
  5
217
330
17
100
AcDbEntity
  8
0
100
AcDbLine
 10
25.861884120726252
 20
43.06148340611761
 30
0.0
 11
25.70978856496592
 21
43.098765958181545
 31
0.0
  0
LINE
  5
218
330
17
100
AcDbEntity
  8
0
100
AcDbLine
 10
25.70978856496592
 20
43.098765958181545
 30
0.0
 11
25.55768627031842
 21
43.13565792187819
 31
0.0
  0
LINE
  5
219
330
17
100
AcDbEntity
  8
0
100
AcDbLine
 10
25.55768627031842
 20
43.13565792187819
 30
0.0
 11
25.405578539644488
 21
43.17215953293573
 31
0.0
  0
LINE
  5
21A
330
17
100
AcDbEntity
  8
0
100
AcDbLine
 10
25.405578539644488
 20
43.17215953293573
 30
0.0
 11
25.253466470073505
 21
43.208271078584225
 31
0.0
  0
LINE
  5
21B
330
17
100
AcDbEntity
  8
0
100
AcDbLine
 10
25.253466470073505
 20
43.208271078584225
 30
0.0
 11
25.101351150051244
 21
43.24399285100086
 31
0.0
  0
LINE
  5
21C
330
17
100
AcDbEntity
  8
0
100
AcDbLine
 10
25.101351150051244
 20
43.24399285100086
 30
0.0
 11
24.949233666007693
 21
43.27932514568215
 31
0.0
  0
LINE
  5
21D
330
17
100
AcDbEntity
  8
0
100
AcDbLine
 10
24.949233666007693
 20
43.27932514568215
 30
0.0
 11
24.79711510234641
 21
43.31426826143407
 31
0.0
  0
LINE
  5
21E
330
17
100
AcDbEntity
  8
0
100
AcDbLine
 10
24.79711510234641
 20
43.31426826143407
 30
0.0
 11
24.644996541433635
 21
43.34882250036179
 31
0.0
  0
LINE
  5
21F
330
17
100
AcDbEntity
  8
0
100
AcDbLine
 10
24.644996541433635
 20
43.34882250036179
 30
0.0
 11
24.492879063587722
 21
43.38298816785997
 31
0.0
  0
LINE
  5
220
330
17
100
AcDbEntity
  8
0
100
AcDbLine
 10
24.492879063587722
 20
43.38298816785997
 30
0.0
 11
24.340763720044798
 21
43.416765578756326
 31
0.0
  0
LINE
  5
221
330
17
100
AcDbEntity
  8
0
100
AcDbLine
 10
24.340763720044798
 20
43.416765578756326
 30
0.0
 11
24.18865154848981
 21
43.450155054379564
 31
0.0
  0
LINE
  5
222
330
17
100
AcDbEntity
  8
0
100
AcDbLine
 10
24.18865154848981
 20
43.450155054379564
 30
0.0
 11
24.03654362319611
 21
43.48315691091636
 31
0.0
  0
LINE
  5
223
330
17
100
AcDbEntity
  8
0
100
AcDbLine
 10
24.03654362319611
 20
43.48315691091636
 30
0.0
 11
23.884441016641084
 21
43.51577146773911
 31
0.0
  0
LINE
  5
224
330
17
100
AcDbEntity
  8
0
100
AcDbLine
 10
23.884441016641084
 20
43.51577146773911
 30
0.0
 11
23.732344799190827
 21
43.54799904746365
 31
0.0
  0
LINE
  5
225
330
17
100
AcDbEntity
  8
0
100
AcDbLine
 10
23.732344799190827
 20
43.54799904746365
 30
0.0
 11
23.580256039089868
 21
43.5798399759388
 31
0.0
  0
LINE
  5
226
330
17
100
AcDbEntity
  8
0
100
AcDbLine
 10
23.580256039089868
 20
43.5798399759388
 30
0.0
 11
23.42817580245061
 21
43.611294582236184
 31
0.0
  0
LINE
  5
227
330
17
100
AcDbEntity
  8
0
100
AcDbLine
 10
23.42817580245061
 20
43.611294582236184
 30
0.0
 11
23.27610515329698
 21
43.64236319862876
 31
0.0
  0
LINE
  5
228
330
17
100
AcDbEntity
  8
0
100
AcDbLine
 10
23.27610515329698
 20
43.64236319862876
 30
0.0
 11
23.12404544787345
 21
43.67304609929821
 31
0.0
  0
LINE
  5
229
330
17
100
AcDbEntity
  8
0
100
AcDbLine
 10
23.12404544787345
 20
43.67304609929821
 30
0.0
 11
22.97199802205889
 21
43.703343559499224
 31
0.0
  0
LINE
  5
22A
330
17
100
AcDbEntity
  8
0
100
AcDbLine
 10
22.97199802205889
 20
43.703343559499224
 30
0.0
 11
22.819963929472735
 21
43.73325591313313
 31
0.0
  0
LINE
  5
22B
330
17
100
AcDbEntity
  8
0
100
AcDbLine
 10
22.819963929472735
 20
43.73325591313313
 30
0.0
 11
22.66794422164181
 21
43.762783497232135
 31
0.0
  0
LINE
  5
22C
330
17
100
AcDbEntity
  8
0
100
AcDbLine
 10
22.66794422164181
 20
43.762783497232135
 30
0.0
 11
22.51593994799046
 21
43.7919266519492
 31
0.0
  0
LINE
  5
22D
330
17
100
AcDbEntity
  8
0
100
AcDbLine
 10
22.51593994799046
 20
43.7919266519492
 30
0.0
 11
22.363952155830717
 21
43.82068572054813
 31
0.0
  0
LINE
  5
22E
330
17
100
AcDbEntity
  8
0
100
AcDbLine
 10
22.363952155830717
 20
43.82068572054813
 30
0.0
 11
22.211981890352376
 21
43.8490610493935
 31
0.0
  0
LINE
  5
22F
330
17
100
AcDbEntity
  8
0
100
AcDbLine
 10
22.211981890352376
 20
43.8490610493935
 30
0.0
 11
22.060030195470247
 21
43.8770529877829
 31
0.0
  0
LINE
  5
230
330
17
100
AcDbEntity
  8
0
100
AcDbLine
 10
22.060030195470247
 20
43.8770529877829
 30
0.0
 11
21.908098180509676
 21
43.90466187531702
 31
0.0
  0
LINE
  5
231
330
17
100
AcDbEntity
  8
0
100
AcDbLine
 10
21.908098180509676
 20
43.90466187531702
 30
0.0
 11
21.756186926926517
 21
43.93188805827684
 31
0.0
  0
LINE
  5
232
330
17
100
AcDbEntity
  8
0
100
AcDbLine
 10
21.756186926926517
 20
43.93188805827684
 30
0.0
 11
21.604297470603235
 21
43.95873189376626
 31
0.0
  0
LINE
  5
233
330
17
100
AcDbEntity
  8
0
100
AcDbLine
 10
21.604297470603235
 20
43.95873189376626
 30
0.0
 11
21.452430845269404
 21
43.98519374193183
 31
0.0
  0
LINE
  5
234
330
17
100
AcDbEntity
  8
0
100
AcDbLine
 10
21.452430845269404
 20
43.98519374193183
 30
0.0
 11
21.300588082492197
 21
44.011273965952384
 31
0.0
  0
LINE
  5
235
330
17
100
AcDbEntity
  8
0
100
AcDbLine
 10
21.300588082492197
 20
44.011273965952384
 30
0.0
 11
21.14877021166693
 21
44.036972932029094
 31
0.0
  0
LINE
  5
236
330
17
100
AcDbEntity
  8
0
100
AcDbLine
 10
21.14877021166693
 20
44.036972932029094
 30
0.0
 11
20.996978260007495
 21
44.06229100937515
 31
0.0
  0
LINE
  5
237
330
17
100
AcDbEntity
  8
0
100
AcDbLine
 10
20.996978260007495
 20
44.06229100937515
 30
0.0
 11
20.845213264871724
 21
44.08722856817274
 31
0.0
  0
LINE
  5
238
330
17
100
AcDbEntity
  8
0
100
AcDbLine
 10
20.845213264871724
 20
44.08722856817274
 30
0.0
 11
20.69347655706475
 21
44.11178593116457
 31
0.0
  0
LINE
  5
239
330
17
100
AcDbEntity
  8
0
100
AcDbLine
 10
20.69347655706475
 20
44.11178593116457
 30
0.0
 11
20.541769288494017
 21
44.13596344881587
 31
0.0
  0
LINE
  5
23A
330
17
100
AcDbEntity
  8
0
100
AcDbLine
 10
20.541769288494017
 20
44.13596344881587
 30
0.0
 11
20.39009247479018
 21
44.159761495979254
 31
0.0
  0
LINE
  5
23B
330
17
100
AcDbEntity
  8
0
100
AcDbLine
 10
20.39009247479018
 20
44.159761495979254
 30
0.0
 11
20.23844712942787
 21
44.18318045043989
 31
0.0
  0
LINE
  5
23C
330
17
100
AcDbEntity
  8
0
100
AcDbLine
 10
20.23844712942787
 20
44.18318045043989
 30
0.0
 11
20.086834263716753
 21
44.20622069290542
 31
0.0
  0
LINE
  5
23D
330
17
100
AcDbEntity
  8
0
100
AcDbLine
 10
20.086834263716753
 20
44.20622069290542
 30
0.0
 11
19.935254886792514
 21
44.228882606996095
 31
0.0
  0
LINE
  5
23E
330
17
100
AcDbEntity
  8
0
100
AcDbLine
 10
19.935254886792514
 20
44.228882606996095
 30
0.0
 11
19.78371000560783
 21
44.25116657923463
 31
0.0
  0
LINE
  5
23F
330
17
100
AcDbEntity
  8
0
100
AcDbLine
 10
19.78371000560783
 20
44.25116657923463
 30
0.0
 11
19.63220063461744
 21
44.27307299762222
 31
0.0
  0
LINE
  5
240
330
17
100
AcDbEntity
  8
0
100
AcDbLine
 10
19.63220063461744
 20
44.27307299762222
 30
0.0
 11
19.480727895962254
 21
44.294602236285336
 31
0.0
  0
LINE
  5
241
330
17
100
AcDbEntity
  8
0
100
AcDbLine
 10
19.480727895962254
 20
44.294602236285336
 30
0.0
 11
19.329292824821977
 21
44.31575468306252
 31
0.0
  0
LINE
  5
242
330
17
100
AcDbEntity
  8
0
100
AcDbLine
 10
19.329292824821977
 20
44.31575468306252
 30
0.0
 11
19.177896418376406
 21
44.33653073369365
 31
0.0
  0
LINE
  5
243
330
17
100
AcDbEntity
  8
0
100
AcDbLine
 10
19.177896418376406
 20
44.33653073369365
 30
0.0
 11
19.026539671604368
 21
44.35693078676101
 31
0.0
  0
LINE
  5
244
330
17
100
AcDbEntity
  8
0
100
AcDbLine
 10
19.026539671604368
 20
44.35693078676101
 30
0.0
 11
18.87522357727517
 21
44.37695524367933
 31
0.0
  0
LINE
  5
245
330
17
100
AcDbEntity
  8
0
100
AcDbLine
 10
18.87522357727517
 20
44.37695524367933
 30
0.0
 11
18.723949125939917
 21
44.39660450868567
 31
0.0
  0
LINE
  5
246
330
17
100
AcDbEntity
  8
0
100
AcDbLine
 10
18.723949125939917
 20
44.39660450868567
 30
0.0
 11
18.57271730592297
 21
44.41587898882937
 31
0.0
  0
LINE
  5
247
330
17
100
AcDbEntity
  8
0
100
AcDbLine
 10
18.57271730592297
 20
44.41587898882937
 30
0.0
 11
18.42152913535724
 21
44.43477908988984
 31
0.0
  0
LINE
  5
248
330
17
100
AcDbEntity
  8
0
100
AcDbLine
 10
18.42152913535724
 20
44.43477908988984
 30
0.0
 11
18.270385831949334
 21
44.45330519319371
 31
0.0
  0
LINE
  5
249
330
17
100
AcDbEntity
  8
0
100
AcDbLine
 10
18.270385831949334
 20
44.45330519319371
 30
0.0
 11
18.119288422703924
 21
44.4714577040677
 31
0.0
  0
LINE
  5
24A
330
17
100
AcDbEntity
  8
0
100
AcDbLine
 10
18.119288422703924
 20
44.4714577040677
 30
0.0
 11
17.968237885244235
 21
44.489237036359704
 31
0.0
  0
LINE
  5
24B
330
17
100
AcDbEntity
  8
0
100
AcDbLine
 10
17.968237885244235
 20
44.489237036359704
 30
0.0
 11
17.817235194974096
 21
44.5066436066619
 31
0.0
  0
LINE
  5
24C
330
17
100
AcDbEntity
  8
0
100
AcDbLine
 10
17.817235194974096
 20
44.5066436066619
 30
0.0
 11
17.66628132506986
 21
44.523677834300976
 31
0.0
  0
LINE
  5
24D
330
17
100
AcDbEntity
  8
0
100
AcDbLine
 10
17.66628132506986
 20
44.523677834300976
 30
0.0
 11
17.515377246472084
 21
44.5403401413279
 31
0.0
  0
LINE
  5
24E
330
17
100
AcDbEntity
  8
0
100
AcDbLine
 10
17.515377246472084
 20
44.5403401413279
 30
0.0
 11
17.364523927877478
 21
44.55663095250819
 31
0.0
  0
LINE
  5
24F
330
17
100
AcDbEntity
  8
0
100
AcDbLine
 10
17.364523927877478
 20
44.55663095250819
 30
0.0
 11
17.213722361422924
 21
44.57255069252674
 31
0.0
  0
LINE
  5
250
330
17
100
AcDbEntity
  8
0
100
AcDbLine
 10
17.213722361422924
 20
44.57255069252674
 30
0.0
 11
17.06297363248872
 21
44.58809977745853
 31
0.0
  0
LINE
  5
251
330
17
100
AcDbEntity
  8
0
100
AcDbLine
 10
17.06297363248872
 20
44.58809977745853
 30
0.0
 11
16.912278717807183
 21
44.60327863627708
 31
0.0
  0
LINE
  5
252
330
17
100
AcDbEntity
  8
0
100
AcDbLine
 10
16.912278717807183
 20
44.60327863627708
 30
0.0
 11
16.761638576181127
 21
44.618087702246385
 31
0.0
  0
LINE
  5
253
330
17
100
AcDbEntity
  8
0
100
AcDbLine
 10
16.761638576181127
 20
44.618087702246385
 30
0.0
 11
16.61105416415522
 21
44.63252741128623
 31
0.0
  0
LINE
  5
254
330
17
100
AcDbEntity
  8
0
100
AcDbLine
 10
16.61105416415522
 20
44.63252741128623
 30
0.0
 11
16.46052643600808
 21
44.64659820196218
 31
0.0
  0
LINE
  5
255
330
17
100
AcDbEntity
  8
0
100
AcDbLine
 10
16.46052643600808
 20
44.64659820196218
 30
0.0
 11
16.310056343744435
 21
44.66030051547555
 31
0.0
  0
LINE
  5
256
330
17
100
AcDbEntity
  8
0
100
AcDbLine
 10
16.310056343744435
 20
44.66030051547555
 30
0.0
 11
16.159644837087406
 21
44.67363479565341
 31
0.0
  0
LINE
  5
257
330
17
100
AcDbEntity
  8
0
100
AcDbLine
 10
16.159644837087406
 20
44.67363479565341
 30
0.0
 11
16.00929289332315
 21
44.68660148625672
 31
0.0
  0
LINE
  5
258
330
17
100
AcDbEntity
  8
0
100
AcDbLine
 10
16.00929289332315
 20
44.68660148625672
 30
0.0
 11
15.859001552774872
 21
44.69920102690417
 31
0.0
  0
LINE
  5
259
330
17
100
AcDbEntity
  8
0
100
AcDbLine
 10
15.859001552774872
 20
44.69920102690417
 30
0.0
 11
15.70877176478635
 21
44.71143386679848
 31
0.0
  0
LINE
  5
25A
330
17
100
AcDbEntity
  8
0
100
AcDbLine
 10
15.70877176478635
 20
44.71143386679848
 30
0.0
 11
15.558604469235947
 21
44.72330045833167
 31
0.0
  0
LINE
  5
25B
330
17
100
AcDbEntity
  8
0
100
AcDbLine
 10
15.558604469235947
 20
44.72330045833167
 30
0.0
 11
15.408500603703212
 21
44.73480125646475
 31
0.0
  0
LINE
  5
25C
330
17
100
AcDbEntity
  8
0
100
AcDbLine
 10
15.408500603703212
 20
44.73480125646475
 30
0.0
 11
15.258461103461217
 21
44.74593671871743
 31
0.0
  0
LINE
  5
25D
330
17
100
AcDbEntity
  8
0
100
AcDbLine
 10
15.258461103461217
 20
44.74593671871743
 30
0.0
 11
15.108486901469137
 21
44.75670730515819
 31
0.0
  0
LINE
  5
25E
330
17
100
AcDbEntity
  8
0
100
AcDbLine
 10
15.108486901469137
 20
44.75670730515819
 30
0.0
 11
14.958578928364913
 21
44.767113478394194
 31
0.0
  0
LINE
  5
25F
330
17
100
AcDbEntity
  8
0
100
AcDbLine
 10
14.958578928364913
 20
44.767113478394194
 30
0.0
 11
14.808738083366643
 21
44.777155705637036
 31
0.0
  0
LINE
  5
260
330
17
100
AcDbEntity
  8
0
100
AcDbLine
 10
14.808738083366643
 20
44.777155705637036
 30
0.0
 11
14.658965228642499
 21
44.78683445980628
 31
0.0
  0
LINE
  5
261
330
17
100
AcDbEntity
  8
0
100
AcDbLine
 10
14.658965228642499
 20
44.78683445980628
 30
0.0
 11
14.509261285974693
 21
44.7961502125354
 31
0.0
  0
LINE
  5
262
330
17
100
AcDbEntity
  8
0
100
AcDbLine
 10
14.509261285974693
 20
44.7961502125354
 30
0.0
 11
14.359627177075625
 21
44.805103437807084
 31
0.0
  0
LINE
  5
263
330
17
100
AcDbEntity
  8
0
100
AcDbLine
 10
14.359627177075625
 20
44.805103437807084
 30
0.0
 11
14.210063821284896
 21
44.813694612096086
 31
0.0
  0
LINE
  5
264
330
17
100
AcDbEntity
  8
0
100
AcDbLine
 10
14.210063821284896
 20
44.813694612096086
 30
0.0
 11
14.060572135561939
 21
44.821924214358965
 31
0.0
  0
LINE
  5
265
330
17
100
AcDbEntity
  8
0
100
AcDbLine
 10
14.060572135561939
 20
44.821924214358965
 30
0.0
 11
13.911153034479002
 21
44.82979272602364
 31
0.0
  0
LINE
  5
266
330
17
100
AcDbEntity
  8
0
100
AcDbLine
 10
13.911153034479002
 20
44.82979272602364
 30
0.0
 11
13.761807430213961
 21
44.837300630979115
 31
0.0
  0
LINE
  5
267
330
17
100
AcDbEntity
  8
0
100
AcDbLine
 10
13.761807430213961
 20
44.837300630979115
 30
0.0
 11
13.612536361828889
 21
44.84444840871728
 31
0.0
  0
LINE
  5
268
330
17
100
AcDbEntity
  8
0
100
AcDbLine
 10
13.612536361828889
 20
44.84444840871728
 30
0.0
 11
13.463340930708574
 21
44.85123653501879
 31
0.0
  0
LINE
  5
269
330
17
100
AcDbEntity
  8
0
100
AcDbLine
 10
13.463340930708574
 20
44.85123653501879
 30
0.0
 11
13.314222042332394
 21
44.85766549649524
 31
0.0
  0
LINE
  5
26A
330
17
100
AcDbEntity
  8
0
100
AcDbLine
 10
13.314222042332394
 20
44.85766549649524
 30
0.0
 11
13.165180597847451
 21
44.863735782258544
 31
0.0
  0
LINE
  5
26B
330
17
100
AcDbEntity
  8
0
100
AcDbLine
 10
13.165180597847451
 20
44.863735782258544
 30
0.0
 11
13.016217496023048
 21
44.869447883816036
 31
0.0
  0
LINE
  5
26C
330
17
100
AcDbEntity
  8
0
100
AcDbLine
 10
13.016217496023048
 20
44.869447883816036
 30
0.0
 11
12.8673336332439
 21
44.87480229506037
 31
0.0
  0
LINE
  5
26D
330
17
100
AcDbEntity
  8
0
100
AcDbLine
 10
12.8673336332439
 20
44.87480229506037
 30
0.0
 11
12.71852990350344
 21
44.879799512259204
 31
0.0
  0
LINE
  5
26E
330
17
100
AcDbEntity
  8
0
100
AcDbLine
 10
12.71852990350344
 20
44.879799512259204
 30
0.0
 11
12.569807198397035
 21
44.884440034045035
 31
0.0
  0
LINE
  5
26F
330
17
100
AcDbEntity
  8
0
100
AcDbLine
 10
12.569807198397035
 20
44.884440034045035
 30
0.0
 11
12.421166273822069
 21
44.888724366022245
 31
0.0
  0
LINE
  5
270
330
17
100
AcDbEntity
  8
0
100
AcDbLine
 10
12.421166273822069
 20
44.888724366022245
 30
0.0
 11
12.27260788401489
 21
44.89265301858713
 31
0.0
  0
LINE
  5
271
330
17
100
AcDbEntity
  8
0
100
AcDbLine
 10
12.27260788401489
 20
44.89265301858713
 30
0.0
 11
12.124132914430694
 21
44.896226501084605
 31
0.0
  0
LINE
  5
272
330
17
100
AcDbEntity
  8
0
100
AcDbLine
 10
12.124132914430694
 20
44.896226501084605
 30
0.0
 11
11.975742248058099
 21
44.899445325193774
 31
0.0
  0
LINE
  5
273
330
17
100
AcDbEntity
  8
0
100
AcDbLine
 10
11.975742248058099
 20
44.899445325193774
 30
0.0
 11
11.827436765412488
 21
44.902310004917275
 31
0.0
  0
LINE
  5
274
330
17
100
AcDbEntity
  8
0
100
AcDbLine
 10
11.827436765412488
 20
44.902310004917275
 30
0.0
 11
11.679217344529475
 21
44.90482105657084
 31
0.0
  0
LINE
  5
275
330
17
100
AcDbEntity
  8
0
100
AcDbLine
 10
11.679217344529475
 20
44.90482105657084
 30
0.0
 11
11.53108486095845
 21
44.90697899877255
 31
0.0
  0
LINE
  5
276
330
17
100
AcDbEntity
  8
0
100
AcDbLine
 10
11.53108486095845
 20
44.90697899877255
 30
0.0
 11
11.383040187160882
 21
44.90878435243928
 31
0.0
  0
LINE
  5
277
330
17
100
AcDbEntity
  8
0
100
AcDbLine
 10
11.383040187160882
 20
44.90878435243928
 30
0.0
 11
11.235084134547792
 21
44.910237641738405
 31
0.0
  0
LINE
  5
278
330
17
100
AcDbEntity
  8
0
100
AcDbLine
 10
11.235084134547792
 20
44.910237641738405
 30
0.0
 11
11.087217532220313
 21
44.911339393776046
 31
0.0
  0
LINE
  5
279
330
17
100
AcDbEntity
  8
0
100
AcDbLine
 10
11.087217532220313
 20
44.911339393776046
 30
0.0
 11
10.93944124609576
 21
44.91209013763887
 31
0.0
  0
LINE
  5
27A
330
17
100
AcDbEntity
  8
0
100
AcDbLine
 10
10.93944124609576
 20
44.91209013763887
 30
0.0
 11
10.791756139557704
 21
44.912490404666194
 31
0.0
  0
LINE
  5
27B
330
17
100
AcDbEntity
  8
0
100
AcDbLine
 10
10.791756139557704
 20
44.912490404666194
 30
0.0
 11
10.644163073449596
 21
44.91254072843906
 31
0.0
  0
LINE
  5
27C
330
17
100
AcDbEntity
  8
0
100
AcDbLine
 10
10.644163073449596
 20
44.91254072843906
 30
0.0
 11
10.496662906068645
 21
44.9122416447696
 31
0.0
  0
LINE
  5
27D
330
17
100
AcDbEntity
  8
0
100
AcDbLine
 10
10.496662906068645
 20
44.9122416447696
 30
0.0
 11
10.349256493159574
 21
44.91159369169008
 31
0.0
  0
LINE
  5
27E
330
17
100
AcDbEntity
  8
0
100
AcDbLine
 10
10.349256493159574
 20
44.91159369169008
 30
0.0
 11
10.20194469392913
 21
44.91059740948072
 31
0.0
  0
LINE
  5
27F
330
17
100
AcDbEntity
  8
0
100
AcDbLine
 10
10.20194469392913
 20
44.91059740948072
 30
0.0
 11
10.054728526994213
 21
44.909253340810686
 31
0.0
  0
LINE
  5
280
330
17
100
AcDbEntity
  8
0
100
AcDbLine
 10
10.054728526994213
 20
44.909253340810686
 30
0.0
 11
9.907608915992936
 21
44.90756202770485
 31
0.0
  0
LINE
  5
281
330
17
100
AcDbEntity
  8
0
100
AcDbLine
 10
9.907608915992936
 20
44.90756202770485
 30
0.0
 11
9.760586705517719
 21
44.905524013515794
 31
0.0
  0
LINE
  5
282
330
17
100
AcDbEntity
  8
0
100
AcDbLine
 10
9.760586705517719
 20
44.905524013515794
 30
0.0
 11
9.613662737617828
 21
44.90313984375359
 31
0.0
  0
LINE
  5
283
330
17
100
AcDbEntity
  8
0
100
AcDbLine
 10
9.613662737617828
 20
44.90313984375359
 30
0.0
 11
9.46683785179331
 21
44.9004100660749
 31
0.0
  0
LINE
  5
284
330
17
100
AcDbEntity
  8
0
100
AcDbLine
 10
9.46683785179331
 20
44.9004100660749
 30
0.0
 11
9.320112884989284
 21
44.89733523027228
 31
0.0
  0
LINE
  5
285
330
17
100
AcDbEntity
  8
0
100
AcDbLine
 10
9.320112884989284
 20
44.89733523027228
 30
0.0
 11
9.173488671590077
 21
44.89391588826346
 31
0.0
  0
LINE
  5
286
330
17
100
AcDbEntity
  8
0
100
AcDbLine
 10
9.173488671590077
 20
44.89391588826346
 30
0.0
 11
9.02696602739726
 21
44.8901525936866
 31
0.0
  0
LINE
  5
287
330
17
100
AcDbEntity
  8
0
100
AcDbLine
 10
9.02696602739726
 20
44.8901525936866
 30
0.0
 11
8.880545568380464
 21
44.88604589862013
 31
0.0
  0
LINE
  5
288
330
17
100
AcDbEntity
  8
0
100
AcDbLine
 10
8.880545568380464
 20
44.88604589862013
 30
0.0
 11
8.734228055370261
 21
44.881596363413955
 31
0.0
  0
LINE
  5
289
330
17
100
AcDbEntity
  8
0
100
AcDbLine
 10
8.734228055370261
 20
44.881596363413955
 30
0.0
 11
8.588014313407372
 21
44.87680455245613
 31
0.0
  0
LINE
  5
28A
330
17
100
AcDbEntity
  8
0
100
AcDbLine
 10
8.588014313407372
 20
44.87680455245613
 30
0.0
 11
8.441905164896562
 21
44.87167103221459
 31
0.0
  0
LINE
  5
28B
330
17
100
AcDbEntity
  8
0
100
AcDbLine
 10
8.441905164896562
 20
44.87167103221459
 30
0.0
 11
8.29590142960099
 21
44.86619637122627
 31
0.0
  0
LINE
  5
28C
330
17
100
AcDbEntity
  8
0
100
AcDbLine
 10
8.29590142960099
 20
44.86619637122627
 30
0.0
 11
8.150003924636708
 21
44.86038114008568
 31
0.0
  0
LINE
  5
28D
330
17
100
AcDbEntity
  8
0
100
AcDbLine
 10
8.150003924636708
 20
44.86038114008568
 30
0.0
 11
8.004213464467066
 21
44.85422591143397
 31
0.0
  0
LINE
  5
28E
330
17
100
AcDbEntity
  8
0
100
AcDbLine
 10
8.004213464467066
 20
44.85422591143397
 30
0.0
 11
7.858530840914208
 21
44.84773125909341
 31
0.0
  0
LINE
  5
28F
330
17
100
AcDbEntity
  8
0
100
AcDbLine
 10
7.858530840914208
 20
44.84773125909341
 30
0.0
 11
7.712956708146804
 21
44.840897754113435
 31
0.0
  0
LINE
  5
290
330
17
100
AcDbEntity
  8
0
100
AcDbLine
 10
7.712956708146804
 20
44.840897754113435
 30
0.0
 11
7.567491840442441
 21
44.833725976509456
 31
0.0
  0
LINE
  5
291
330
17
100
AcDbEntity
  8
0
100
AcDbLine
 10
7.567491840442441
 20
44.833725976509456
 30
0.0
 11
7.422137042211423
 21
44.826216509856415
 31
0.0
  0
LINE
  5
292
330
17
100
AcDbEntity
  8
0
100
AcDbLine
 10
7.422137042211423
 20
44.826216509856415
 30
0.0
 11
7.276893115151539
 21
44.818369939725336
 31
0.0
  0
LINE
  5
293
330
17
100
AcDbEntity
  8
0
100
AcDbLine
 10
7.276893115151539
 20
44.818369939725336
 30
0.0
 11
7.131760858242748
 21
44.810186853672
 31
0.0
  0
LINE
  5
294
330
17
100
AcDbEntity
  8
0
100
AcDbLine
 10
7.131760858242748
 20
44.810186853672
 30
0.0
 11
6.986741067741976
 21
44.801667841225274
 31
0.0
  0
LINE
  5
295
330
17
100
AcDbEntity
  8
0
100
AcDbLine
 10
6.986741067741976
 20
44.801667841225274
 30
0.0
 11
6.841834537177823
 21
44.792813493875904
 31
0.0
  0
LINE
  5
296
330
17
100
AcDbEntity
  8
0
100
AcDbLine
 10
6.841834537177823
 20
44.792813493875904
 30
0.0
 11
6.697042098016462
 21
44.783624407541026
 31
0.0
  0
LINE
  5
297
330
17
100
AcDbEntity
  8
0
100
AcDbLine
 10
6.697042098016462
 20
44.783624407541026
 30
0.0
 11
6.552364740567809
 21
44.77410118845147
 31
0.0
  0
LINE
  5
298
330
17
100
AcDbEntity
  8
0
100
AcDbLine
 10
6.552364740567809
 20
44.77410118845147
 30
0.0
 11
6.407803277091061
 21
44.76424443201092
 31
0.0
  0
LINE
  5
299
330
17
100
AcDbEntity
  8
0
100
AcDbLine
 10
6.407803277091061
 20
44.76424443201092
 30
0.0
 11
6.263358489430358
 21
44.754054733720295
 31
0.0
  0
LINE
  5
29A
330
17
100
AcDbEntity
  8
0
100
AcDbLine
 10
6.263358489430358
 20
44.754054733720295
 30
0.0
 11
6.119031156718899
 21
44.74353269097822
 31
0.0
  0
LINE
  5
29B
330
17
100
AcDbEntity
  8
0
100
AcDbLine
 10
6.119031156718899
 20
44.74353269097822
 30
0.0
 11
5.974822055374087
 21
44.73267890306955
 31
0.0
  0
LINE
  5
29C
330
17
100
AcDbEntity
  8
0
100
AcDbLine
 10
5.974822055374087
 20
44.73267890306955
 30
0.0
 11
5.830731959092683
 21
44.72149397115422
 31
0.0
  0
LINE
  5
29D
330
17
100
AcDbEntity
  8
0
100
AcDbLine
 10
5.830731959092683
 20
44.72149397115422
 30
0.0
 11
5.686761638845891
 21
44.70997849825575
 31
0.0
  0
LINE
  5
29E
330
17
100
AcDbEntity
  8
0
100
AcDbLine
 10
5.686761638845891
 20
44.70997849825575
 30
0.0
 11
5.5429117485108765
 21
44.69813308021257
 31
0.0
  0
LINE
  5
29F
330
17
100
AcDbEntity
  8
0
100
AcDbLine
 10
5.5429117485108765
 20
44.69813308021257
 30
0.0
 11
5.39918267058443
 21
44.68595829674004
 31
0.0
  0
LINE
  5
2A0
330
17
100
AcDbEntity
  8
0
100
AcDbLine
 10
5.39918267058443
 20
44.68595829674004
 30
0.0
 11
5.2555751381220706
 21
44.67345476103978
 31
0.0
  0
LINE
  5
2A1
330
17
100
AcDbEntity
  8
0
100
AcDbLine
 10
5.2555751381220706
 20
44.67345476103978
 30
0.0
 11
5.112089912402622
 21
44.66062309073631
 31
0.0
  0
LINE
  5
2A2
330
17
100
AcDbEntity
  8
0
100
AcDbLine
 10
5.112089912402622
 20
44.66062309073631
 30
0.0
 11
4.968727751872347
 21
44.64746390527207
 31
0.0
  0
LINE
  5
2A3
330
17
100
AcDbEntity
  8
0
100
AcDbLine
 10
4.968727751872347
 20
44.64746390527207
 30
0.0
 11
4.825489412140405
 21
44.633977825895606
 31
0.0
  0
LINE
  5
2A4
330
17
100
AcDbEntity
  8
0
100
AcDbLine
 10
4.825489412140405
 20
44.633977825895606
 30
0.0
 11
4.682375645974217
 21
44.620165475649536
 31
0.0
  0
LINE
  5
2A5
330
17
100
AcDbEntity
  8
0
100
AcDbLine
 10
4.682375645974217
 20
44.620165475649536
 30
0.0
 11
4.539387203294877
 21
44.606027479358694
 31
0.0
  0
LINE
  5
2A6
330
17
100
AcDbEntity
  8
0
100
AcDbLine
 10
4.539387203294877
 20
44.606027479358694
 30
0.0
 11
4.396524829434378
 21
44.59156446344924
 31
0.0
  0
LINE
  5
2A7
330
17
100
AcDbEntity
  8
0
100
AcDbLine
 10
4.396524829434378
 20
44.59156446344924
 30
0.0
 11
4.253789264605535
 21
44.576777055926996
 31
0.0
  0
LINE
  5
2A8
330
17
100
AcDbEntity
  8
0
100
AcDbLine
 10
4.253789264605535
 20
44.576777055926996
 30
0.0
 11
4.1111812500168465
 21
44.5616658869563
 31
0.0
  0
LINE
  5
2A9
330
17
100
AcDbEntity
  8
0
100
AcDbLine
 10
4.1111812500168465
 20
44.5616658869563
 30
0.0
 11
3.9687015241722197
 21
44.546231588452244
 31
0.0
  0
LINE
  5
2AA
330
17
100
AcDbEntity
  8
0
100
AcDbLine
 10
3.9687015241722197
 20
44.546231588452244
 30
0.0
 11
3.826350822706292
 21
44.530474794052374
 31
0.0
  0
LINE
  5
2AB
330
17
100
AcDbEntity
  8
0
100
AcDbLine
 10
3.826350822706292
 20
44.530474794052374
 30
0.0
 11
3.684129878380263
 21
44.51439613910471
 31
0.0
  0
LINE
  5
2AC
330
17
100
AcDbEntity
  8
0
100
AcDbLine
 10
3.684129878380263
 20
44.51439613910471
 30
0.0
 11
3.5420394210775665
 21
44.49799626065579
 31
0.0
  0
LINE
  5
2AD
330
17
100
AcDbEntity
  8
0
100
AcDbLine
 10
3.5420394210775665
 20
44.49799626065579
 30
0.0
 11
3.400080177799783
 21
44.48127579743851
 31
0.0
  0
LINE
  5
2AE
330
17
100
AcDbEntity
  8
0
100
AcDbLine
 10
3.400080177799783
 20
44.48127579743851
 30
0.0
 11
3.2582528465408327
 21
44.464235386847264
 31
0.0
  0
LINE
  5
2AF
330
17
100
AcDbEntity
  8
0
100
AcDbLine
 10
3.2582528465408327
 20
44.464235386847264
 30
0.0
 11
3.1165581072774877
 21
44.4468756667296
 31
0.0
  0
LINE
  5
2B0
330
17
100
AcDbEntity
  8
0
100
AcDbLine
 10
3.1165581072774877
 20
44.4468756667296
 30
0.0
 11
2.974996677958142
 21
44.429197281673176
 31
0.0
  0
LINE
  5
2B1
330
17
100
AcDbEntity
  8
0
100
AcDbLine
 10
2.974996677958142
 20
44.429197281673176
 30
0.0
 11
2.8335692741392045
 21
44.41120087796685
 31
0.0
  0
LINE
  5
2B2
330
17
100
AcDbEntity
  8
0
100
AcDbLine
 10
2.8335692741392045
 20
44.41120087796685
 30
0.0
 11
2.692276608464315
 21
44.39288710352661
 31
0.0
  0
LINE
  5
2B3
330
17
100
AcDbEntity
  8
0
100
AcDbLine
 10
2.692276608464315
 20
44.39288710352661
 30
0.0
 11
2.5511193906604035
 21
44.37425660788358
 31
0.0
  0
LINE
  5
2B4
330
17
100
AcDbEntity
  8
0
100
AcDbLine
 10
2.5511193906604035
 20
44.37425660788358
 30
0.0
 11
2.4100983275337846
 21
44.35531004217164
 31
0.0
  0
LINE
  5
2B5
330
17
100
AcDbEntity
  8
0
100
AcDbLine
 10
2.4100983275337846
 20
44.35531004217164
 30
0.0
 11
2.269214122966426
 21
44.33604805911544
 31
0.0
  0
LINE
  5
2B6
330
17
100
AcDbEntity
  8
0
100
AcDbLine
 10
2.269214122966426
 20
44.33604805911544
 30
0.0
 11
2.1284672650681618
 21
44.316471284595075
 31
0.0
  0
LINE
  5
2B7
330
17
100
AcDbEntity
  8
0
100
AcDbLine
 10
2.1284672650681618
 20
44.316471284595075
 30
0.0
 11
1.9878582276716763
 21
44.29658034840056
 31
0.0
  0
LINE
  5
2B8
330
17
100
AcDbEntity
  8
0
100
AcDbLine
 10
1.9878582276716763
 20
44.29658034840056
 30
0.0
 11
1.8473877065624773
 21
44.27637591392825
 31
0.0
  0
LINE
  5
2B9
330
17
100
AcDbEntity
  8
0
100
AcDbLine
 10
1.8473877065624773
 20
44.27637591392825
 30
0.0
 11
1.7070563945587516
 21
44.2558586461281
 31
0.0
  0
LINE
  5
2BA
330
17
100
AcDbEntity
  8
0
100
AcDbLine
 10
1.7070563945587516
 20
44.2558586461281
 30
0.0
 11
1.5668649814667521
 21
44.23502921148516
 31
0.0
  0
LINE
  5
2BB
330
17
100
AcDbEntity
  8
0
100
AcDbLine
 10
1.5668649814667521
 20
44.23502921148516
 30
0.0
 11
1.4268141540771975
 21
44.2138882780071
 31
0.0
  0
LINE
  5
2BC
330
17
100
AcDbEntity
  8
0
100
AcDbLine
 10
1.4268141540771975
 20
44.2138882780071
 30
0.0
 11
1.2869045961616958
 21
44.19243651521147
 31
0.0
  0
LINE
  5
2BD
330
17
100
AcDbEntity
  8
0
100
AcDbLine
 10
1.2869045961616958
 20
44.19243651521147
 30
0.0
 11
1.1471369892784438
 21
44.17067459423959
 31
0.0
  0
LINE
  5
2BE
330
17
100
AcDbEntity
  8
0
100
AcDbLine
 10
1.1471369892784438
 20
44.17067459423959
 30
0.0
 11
1.007512114339228
 21
44.148603203241436
 31
0.0
  0
LINE
  5
2BF
330
17
100
AcDbEntity
  8
0
100
AcDbLine
 10
1.007512114339228
 20
44.148603203241436
 30
0.0
 11
0.8680307177259365
 21
44.12622302535357
 31
0.0
  0
LINE
  5
2C0
330
17
100
AcDbEntity
  8
0
100
AcDbLine
 10
0.8680307177259365
 20
44.12622302535357
 30
0.0
 11
0.7286934708514146
 21
44.10353473360642
 31
0.0
  0
LINE
  5
2C1
330
17
100
AcDbEntity
  8
0
100
AcDbLine
 10
0.7286934708514146
 20
44.10353473360642
 30
0.0
 11
0.5895010421203537
 21
44.080539002475206
 31
0.0
  0
LINE
  5
2C2
330
17
100
AcDbEntity
  8
0
100
AcDbLine
 10
0.5895010421203537
 20
44.080539002475206
 30
0.0
 11
0.4504540969261548
 21
44.05723650786727
 31
0.0
  0
LINE
  5
2C3
330
17
100
AcDbEntity
  8
0
100
AcDbLine
 10
0.4504540969261548
 20
44.05723650786727
 30
0.0
 11
0.31155329764765227
 21
44.03362792710962
 31
0.0
  0
LINE
  5
2C4
330
17
100
AcDbEntity
  8
0
100
AcDbLine
 10
0.31155329764765227
 20
44.03362792710962
 30
0.0
 11
0.1727993036461033
 21
44.009713938936464
 31
0.0
  0
LINE
  5
2C5
330
17
100
AcDbEntity
  8
0
100
AcDbLine
 10
0.1727993036461033
 20
44.009713938936464
 30
0.0
 11
0.03419276839609431
 21
43.985495222976446
 31
0.0
  0
LINE
  5
2C6
330
17
100
AcDbEntity
  8
0
100
AcDbLine
 10
0.03419276839609431
 20
43.985495222976446
 30
0.0
 11
-0.10426574478332995
 21
43.960972445474084
 31
0.0
  0
LINE
  5
2C7
330
17
100
AcDbEntity
  8
0
100
AcDbLine
 10
-0.10426574478332995
 20
43.960972445474084
 30
0.0
 11
-0.24257562829641444
 21
43.93614628348573
 31
0.0
  0
LINE
  5
2C8
330
17
100
AcDbEntity
  8
0
100
AcDbLine
 10
-0.24257562829641444
 20
43.93614628348573
 30
0.0
 11
-0.380736234728861
 21
43.911017423098
 31
0.0
  0
LINE
  5
2C9
330
17
100
AcDbEntity
  8
0
100
AcDbLine
 10
-0.380736234728861
 20
43.911017423098
 30
0.0
 11
-0.5187469197203693
 21
43.88558655174305
 31
0.0
  0
LINE
  5
2CA
330
17
100
AcDbEntity
  8
0
100
AcDbLine
 10
-0.5187469197203693
 20
43.88558655174305
 30
0.0
 11
-0.656607041967403
 21
43.859854358185615
 31
0.0
  0
LINE
  5
2CB
330
17
100
AcDbEntity
  8
0
100
AcDbLine
 10
-0.656607041967403
 20
43.859854358185615
 30
0.0
 11
-0.794315963226083
 21
43.833821532510484
 31
0.0
  0
LINE
  5
2CC
330
17
100
AcDbEntity
  8
0
100
AcDbLine
 10
-0.794315963226083
 20
43.833821532510484
 30
0.0
 11
-0.9318730483148254
 21
43.80748876610965
 31
0.0
  0
LINE
  5
2CD
330
17
100
AcDbEntity
  8
0
100
AcDbLine
 10
-0.9318730483148254
 20
43.80748876610965
 30
0.0
 11
-1.0692776614646444
 21
43.780856752374156
 31
0.0
  0
LINE
  5
2CE
330
17
100
AcDbEntity
  8
0
100
AcDbLine
 10
-1.0692776614646444
 20
43.780856752374156
 30
0.0
 11
-1.2065291209756328
 21
43.75392619514265
 31
0.0
  0
LINE
  5
2CF
330
17
100
AcDbEntity
  8
0
100
AcDbLine
 10
-1.2065291209756328
 20
43.75392619514265
 30
0.0
 11
-1.343626783676001
 21
43.726697792059156
 31
0.0
  0
LINE
  5
2D0
330
17
100
AcDbEntity
  8
0
100
AcDbLine
 10
-1.343626783676001
 20
43.726697792059156
 30
0.0
 11
-1.4805700267229778
 21
43.69917223861637
 31
0.0
  0
LINE
  5
2D1
330
17
100
AcDbEntity
  8
0
100
AcDbLine
 10
-1.4805700267229778
 20
43.69917223861637
 30
0.0
 11
-1.617358230337441
 21
43.67135023155031
 31
0.0
  0
LINE
  5
2D2
330
17
100
AcDbEntity
  8
0
100
AcDbLine
 10
-1.617358230337441
 20
43.67135023155031
 30
0.0
 11
-1.753990777806413
 21
43.64323246882764
 31
0.0
  0
LINE
  5
2D3
330
17
100
AcDbEntity
  8
0
100
AcDbLine
 10
-1.753990777806413
 20
43.64323246882764
 30
0.0
 11
-1.8904670554855088
 21
43.61481964963289
 31
0.0
  0
LINE
  5
2D4
330
17
100
AcDbEntity
  8
0
100
AcDbLine
 10
-1.8904670554855088
 20
43.61481964963289
 30
0.0
 11
-2.0267864528011748
 21
43.58611247435598
 31
0.0
  0
LINE
  5
2D5
330
17
100
AcDbEntity
  8
0
100
AcDbLine
 10
-2.0267864528011748
 20
43.58611247435598
 30
0.0
 11
-2.162948354274672
 21
43.55711164626485
 31
0.0
  0
LINE
  5
2D6
330
17
100
AcDbEntity
  8
0
100
AcDbLine
 10
-2.162948354274672
 20
43.55711164626485
 30
0.0
 11
-2.2989520896436852
 21
43.52781788163014
 31
0.0
  0
LINE
  5
2D7
330
17
100
AcDbEntity
  8
0
100
AcDbLine
 10
-2.2989520896436852
 20
43.52781788163014
 30
0.0
 11
-2.434797042976647
 21
43.49823188633984
 31
0.0
  0
LINE
  5
2D8
330
17
100
AcDbEntity
  8
0
100
AcDbLine
 10
-2.434797042976647
 20
43.49823188633984
 30
0.0
 11
-2.5704826160573404
 21
43.46835436427586
 31
0.0
  0
LINE
  5
2D9
330
17
100
AcDbEntity
  8
0
100
AcDbLine
 10
-2.5704826160573404
 20
43.46835436427586
 30
0.0
 11
-2.7060082137374675
 21
43.438186020461714
 31
0.0
  0
LINE
  5
2DA
330
17
100
AcDbEntity
  8
0
100
AcDbLine
 10
-2.7060082137374675
 20
43.438186020461714
 30
0.0
 11
-2.841373243938718
 21
43.407727561049974
 31
0.0
  0
LINE
  5
2DB
330
17
100
AcDbEntity
  8
0
100
AcDbLine
 10
-2.841373243938718
 20
43.407727561049974
 30
0.0
 11
-2.9765771176548457
 21
43.376979693309586
 31
0.0
  0
LINE
  5
2DC
330
17
100
AcDbEntity
  8
0
100
AcDbLine
 10
-2.9765771176548457
 20
43.376979693309586
 30
0.0
 11
-3.111619248953515
 21
43.34594312561333
 31
0.0
  0
LINE
  5
2DD
330
17
100
AcDbEntity
  8
0
100
AcDbLine
 10
-3.111619248953515
 20
43.34594312561333
 30
0.0
 11
-3.2464990535043157
 21
43.31461856776375
 31
0.0
  0
LINE
  5
2DE
330
17
100
AcDbEntity
  8
0
100
AcDbLine
 10
-3.2464990535043157
 20
43.31461856776375
 30
0.0
 11
-3.381215943796242
 21
43.28300673202552
 31
0.0
  0
LINE
  5
2DF
330
17
100
AcDbEntity
  8
0
100
AcDbLine
 10
-3.381215943796242
 20
43.28300673202552
 30
0.0
 11
-3.515769342014404
 21
43.251108330129306
 31
0.0
  0
LINE
  5
2E0
330
17
100
AcDbEntity
  8
0
100
AcDbLine
 10
-3.515769342014404
 20
43.251108330129306
 30
0.0
 11
-3.650158674544196
 21
43.218924074596664
 31
0.0
  0
LINE
  5
2E1
330
17
100
AcDbEntity
  8
0
100
AcDbLine
 10
-3.650158674544196
 20
43.218924074596664
 30
0.0
 11
-3.7843833708523826
 21
43.18645467898973
 31
0.0
  0
LINE
  5
2E2
330
17
100
AcDbEntity
  8
0
100
AcDbLine
 10
-3.7843833708523826
 20
43.18645467898973
 30
0.0
 11
-3.9184428634888935
 21
43.15370085789868
 31
0.0
  0
LINE
  5
2E3
330
17
100
AcDbEntity
  8
0
100
AcDbLine
 10
-3.9184428634888935
 20
43.15370085789868
 30
0.0
 11
-4.052336588088342
 21
43.12066332692913
 31
0.0
  0
LINE
  5
2E4
330
17
100
AcDbEntity
  8
0
100
AcDbLine
 10
-4.052336588088342
 20
43.12066332692913
 30
0.0
 11
-4.186063983371653
 21
43.0873428026894
 31
0.0
  0
LINE
  5
2E5
330
17
100
AcDbEntity
  8
0
100
AcDbLine
 10
-4.186063983371653
 20
43.0873428026894
 30
0.0
 11
-4.31962450674981
 21
43.05373999890313
 31
0.0
  0
LINE
  5
2E6
330
17
100
AcDbEntity
  8
0
100
AcDbLine
 10
-4.31962450674981
 20
43.05373999890313
 30
0.0
 11
-4.453017658012365
 21
43.01985562097063
 31
0.0
  0
LINE
  5
2E7
330
17
100
AcDbEntity
  8
0
100
AcDbLine
 10
-4.453017658012365
 20
43.01985562097063
 30
0.0
 11
-4.586242889909524
 21
42.98569038824491
 31
0.0
  0
LINE
  5
2E8
330
17
100
AcDbEntity
  8
0
100
AcDbLine
 10
-4.586242889909524
 20
42.98569038824491
 30
0.0
 11
-4.719299653520325
 21
42.95124502223839
 31
0.0
  0
LINE
  5
2E9
330
17
100
AcDbEntity
  8
0
100
AcDbLine
 10
-4.719299653520325
 20
42.95124502223839
 30
0.0
 11
-4.852187403029166
 21
42.9165202454028
 31
0.0
  0
LINE
  5
2EA
330
17
100
AcDbEntity
  8
0
100
AcDbLine
 10
-4.852187403029166
 20
42.9165202454028
 30
0.0
 11
-4.984905595727132
 21
42.88151678111644
 31
0.0
  0
LINE
  5
2EB
330
17
100
AcDbEntity
  8
0
100
AcDbLine
 10
-4.984905595727132
 20
42.88151678111644
 30
0.0
 11
-5.117453692013162
 21
42.846235353671624
 31
0.0
  0
LINE
  5
2EC
330
17
100
AcDbEntity
  8
0
100
AcDbLine
 10
-5.117453692013162
 20
42.846235353671624
 30
0.0
 11
-5.2498311553952774
 21
42.810676688261815
 31
0.0
  0
LINE
  5
2ED
330
17
100
AcDbEntity
  8
0
100
AcDbLine
 10
-5.2498311553952774
 20
42.810676688261815
 30
0.0
 11
-5.382037504316055
 21
42.77484149712966
 31
0.0
  0
LINE
  5
2EE
330
17
100
AcDbEntity
  8
0
100
AcDbLine
 10
-5.382037504316055
 20
42.77484149712966
 30
0.0
 11
-5.5140723337222255
 21
42.73873047505953
 31
0.0
  0
LINE
  5
2EF
330
17
100
AcDbEntity
  8
0
100
AcDbLine
 10
-5.5140723337222255
 20
42.73873047505953
 30
0.0
 11
-5.645935122023657
 21
42.702344350833826
 31
0.0
  0
LINE
  5
2F0
330
17
100
AcDbEntity
  8
0
100
AcDbLine
 10
-5.645935122023657
 20
42.702344350833826
 30
0.0
 11
-5.777625345221462
 21
42.66568385559167
 31
0.0
  0
LINE
  5
2F1
330
17
100
AcDbEntity
  8
0
100
AcDbLine
 10
-5.777625345221462
 20
42.66568385559167
 30
0.0
 11
-5.9091424824599175
 21
42.6287497213086
 31
0.0
  0
LINE
  5
2F2
330
17
100
AcDbEntity
  8
0
100
AcDbLine
 10
-5.9091424824599175
 20
42.6287497213086
 30
0.0
 11
-6.040486016027406
 21
42.59154268078385
 31
0.0
  0
LINE
  5
2F3
330
17
100
AcDbEntity
  8
0
100
AcDbLine
 10
-6.040486016027406
 20
42.59154268078385
 30
0.0
 11
-6.171655431357168
 21
42.55406346762746
 31
0.0
  0
LINE
  5
2F4
330
17
100
AcDbEntity
  8
0
100
AcDbLine
 10
-6.171655431357168
 20
42.55406346762746
 30
0.0
 11
-6.302650217028225
 21
42.51631281624727
 31
0.0
  0
LINE
  5
2F5
330
17
100
AcDbEntity
  8
0
100
AcDbLine
 10
-6.302650217028225
 20
42.51631281624727
 30
0.0
 11
-6.433469843756389
 21
42.478291467841835
 31
0.0
  0
LINE
  5
2F6
330
17
100
AcDbEntity
  8
0
100
AcDbLine
 10
-6.433469843756389
 20
42.478291467841835
 30
0.0
 11
-6.564113771527305
 21
42.4400001679056
 31
0.0
  0
LINE
  5
2F7
330
17
100
AcDbEntity
  8
0
100
AcDbLine
 10
-6.564113771527305
 20
42.4400001679056
 30
0.0
 11
-6.694581497811322
 21
42.40143965255532
 31
0.0
  0
LINE
  5
2F8
330
17
100
AcDbEntity
  8
0
100
AcDbLine
 10
-6.694581497811322
 20
42.40143965255532
 30
0.0
 11
-6.824872523747576
 21
42.36261065850109
 31
0.0
  0
LINE
  5
2F9
330
17
100
AcDbEntity
  8
0
100
AcDbLine
 10
-6.824872523747576
 20
42.36261065850109
 30
0.0
 11
-6.954986353615357
 21
42.32351392318718
 31
0.0
  0
LINE
  5
2FA
330
17
100
AcDbEntity
  8
0
100
AcDbLine
 10
-6.954986353615357
 20
42.32351392318718
 30
0.0
 11
-7.084922494834527
 21
42.284150184779314
 31
0.0
  0
LINE
  5
2FB
330
17
100
AcDbEntity
  8
0
100
AcDbLine
 10
-7.084922494834527
 20
42.284150184779314
 30
0.0
 11
-7.214680457966018
 21
42.2445201821518
 31
0.0
  0
LINE
  5
2FC
330
17
100
AcDbEntity
  8
0
100
AcDbLine
 10
-7.214680457966018
 20
42.2445201821518
 30
0.0
 11
-7.344259756712294
 21
42.204624654874834
 31
0.0
  0
LINE
  5
2FD
330
17
100
AcDbEntity
  8
0
100
AcDbLine
 10
-7.344259756712294
 20
42.204624654874834
 30
0.0
 11
-7.4736598873026505
 21
42.16446434948448
 31
0.0
  0
LINE
  5
2FE
330
17
100
AcDbEntity
  8
0
100
AcDbLine
 10
-7.4736598873026505
 20
42.16446434948448
 30
0.0
 11
-7.602880346754399
 21
42.12404001351907
 31
0.0
  0
LINE
  5
2FF
330
17
100
AcDbEntity
  8
0
100
AcDbLine
 10
-7.602880346754399
 20
42.12404001351907
 30
0.0
 11
-7.731920658151962
 21
42.08335238797757
 31
0.0
  0
LINE
  5
300
330
17
100
AcDbEntity
  8
0
100
AcDbLine
 10
-7.731920658151962
 20
42.08335238797757
 30
0.0
 11
-7.860780347731852
 21
42.04240221449912
 31
0.0
  0
LINE
  5
301
330
17
100
AcDbEntity
  8
0
100
AcDbLine
 10
-7.860780347731852
 20
42.04240221449912
 30
0.0
 11
-7.9894589448666045
 21
42.00119023535544
 31
0.0
  0
LINE
  5
302
330
17
100
AcDbEntity
  8
0
100
AcDbLine
 10
-7.9894589448666045
 20
42.00119023535544
 30
0.0
 11
-8.117955982064807
 21
41.95971719343797
 31
0.0
  0
LINE
  5
303
330
17
100
AcDbEntity
  8
0
100
AcDbLine
 10
-8.117955982064807
 20
41.95971719343797
 30
0.0
 11
-8.24627099497122
 21
41.9179838322453
 31
0.0
  0
LINE
  5
304
330
17
100
AcDbEntity
  8
0
100
AcDbLine
 10
-8.24627099497122
 20
41.9179838322453
 30
0.0
 11
-8.374403521927983
 21
41.875990896014514
 31
0.0
  0
LINE
  5
305
330
17
100
AcDbEntity
  8
0
100
AcDbLine
 10
-8.374403521927983
 20
41.875990896014514
 30
0.0
 11
-8.502353030067745
 21
41.833739153631775
 31
0.0
  0
LINE
  5
306
330
17
100
AcDbEntity
  8
0
100
AcDbLine
 10
-8.502353030067745
 20
41.833739153631775
 30
0.0
 11
-8.630119009631501
 21
41.79122936680899
 31
0.0
  0
LINE
  5
307
330
17
100
AcDbEntity
  8
0
100
AcDbLine
 10
-8.630119009631501
 20
41.79122936680899
 30
0.0
 11
-8.757701008688588
 21
41.74846227959903
 31
0.0
  0
LINE
  5
308
330
17
100
AcDbEntity
  8
0
100
AcDbLine
 10
-8.757701008688588
 20
41.74846227959903
 30
0.0
 11
-8.885098578423705
 21
41.705438636600334
 31
0.0
  0
LINE
  5
309
330
17
100
AcDbEntity
  8
0
100
AcDbLine
 10
-8.885098578423705
 20
41.705438636600334
 30
0.0
 11
-9.012311273136744
 21
41.66215918294421
 31
0.0
  0
LINE
  5
30A
330
17
100
AcDbEntity
  8
0
100
AcDbLine
 10
-9.012311273136744
 20
41.66215918294421
 30
0.0
 11
-9.13933865024246
 21
41.61862466428239
 31
0.0
  0
LINE
  5
30B
330
17
100
AcDbEntity
  8
0
100
AcDbLine
 10
-9.13933865024246
 20
41.61862466428239
 30
0.0
 11
-9.266180270270272
 21
41.57483582677434
 31
0.0
  0
LINE
  5
30C
330
17
100
AcDbEntity
  8
0
100
AcDbLine
 10
-9.266180270270272
 20
41.57483582677434
 30
0.0
 11
-9.392835691750056
 21
41.53079341885258
 31
0.0
  0
LINE
  5
30D
330
17
100
AcDbEntity
  8
0
100
AcDbLine
 10
-9.392835691750056
 20
41.53079341885258
 30
0.0
 11
-9.51930429923474
 21
41.48649825008683
 31
0.0
  0
LINE
  5
30E
330
17
100
AcDbEntity
  8
0
100
AcDbLine
 10
-9.51930429923474
 20
41.48649825008683
 30
0.0
 11
-9.64558557151108
 21
41.44195109632877
 31
0.0
  0
LINE
  5
30F
330
17
100
AcDbEntity
  8
0
100
AcDbLine
 10
-9.64558557151108
 20
41.44195109632877
 30
0.0
 11
-9.771679081229353
 21
41.39715270191304
 31
0.0
  0
LINE
  5
310
330
17
100
AcDbEntity
  8
0
100
AcDbLine
 10
-9.771679081229353
 20
41.39715270191304
 30
0.0
 11
-9.897584404108471
 21
41.35210381162443
 31
0.0
  0
LINE
  5
311
330
17
100
AcDbEntity
  8
0
100
AcDbLine
 10
-9.897584404108471
 20
41.35210381162443
 30
0.0
 11
-10.023301118935473
 21
41.30680517068546
 31
0.0
  0
LINE
  5
312
330
17
100
AcDbEntity
  8
0
100
AcDbLine
 10
-10.023301118935473
 20
41.30680517068546
 30
0.0
 11
-10.148828807564824
 21
41.2612575247443
 31
0.0
  0
LINE
  5
313
330
17
100
AcDbEntity
  8
0
100
AcDbLine
 10
-10.148828807564824
 20
41.2612575247443
 30
0.0
 11
-10.274167054917875
 21
41.215461619862296
 31
0.0
  0
LINE
  5
314
330
17
100
AcDbEntity
  8
0
100
AcDbLine
 10
-10.274167054917875
 20
41.215461619862296
 30
0.0
 11
-10.399315436760386
 21
41.16941820698762
 31
0.0
  0
LINE
  5
315
330
17
100
AcDbEntity
  8
0
100
AcDbLine
 10
-10.399315436760386
 20
41.16941820698762
 30
0.0
 11
-10.524273352820668
 21
41.12312810213804
 31
0.0
  0
LINE
  5
316
330
17
100
AcDbEntity
  8
0
100
AcDbLine
 10
-10.524273352820668
 20
41.12312810213804
 30
0.0
 11
-10.64904033120806
 21
41.0765920733336
 31
0.0
  0
LINE
  5
317
330
17
100
AcDbEntity
  8
0
100
AcDbLine
 10
-10.64904033120806
 20
41.0765920733336
 30
0.0
 11
-10.773615968706528
 21
41.02981086456467
 31
0.0
  0
LINE
  5
318
330
17
100
AcDbEntity
  8
0
100
AcDbLine
 10
-10.773615968706528
 20
41.02981086456467
 30
0.0
 11
-10.897999865120688
 21
40.98278522017939
 31
0.0
  0
LINE
  5
319
330
17
100
AcDbEntity
  8
0
100
AcDbLine
 10
-10.897999865120688
 20
40.98278522017939
 30
0.0
 11
-11.02219162327484
 21
40.93551588487177
 31
0.0
  0
LINE
  5
31A
330
17
100
AcDbEntity
  8
0
100
AcDbLine
 10
-11.02219162327484
 20
40.93551588487177
 30
0.0
 11
-11.14619084901205
 21
40.88800360366973
 31
0.0
  0
LINE
  5
31B
330
17
100
AcDbEntity
  8
0
100
AcDbLine
 10
-11.14619084901205
 20
40.88800360366973
 30
0.0
 11
-11.269997151193213
 21
40.840249121923144
 31
0.0
  0
LINE
  5
31C
330
17
100
AcDbEntity
  8
0
100
AcDbLine
 10
-11.269997151193213
 20
40.840249121923144
 30
0.0
 11
-11.393610110288003
 21
40.792253197434015
 31
0.0
  0
LINE
  5
31D
330
17
100
AcDbEntity
  8
0
100
AcDbLine
 10
-11.393610110288003
 20
40.792253197434015
 30
0.0
 11
-11.517029064995873
 21
40.74401668121042
 31
0.0
  0
LINE
  5
31E
330
17
100
AcDbEntity
  8
0
100
AcDbLine
 10
-11.517029064995873
 20
40.74401668121042
 30
0.0
 11
-11.640253568136663
 21
40.695540339756214
 31
0.0
  0
LINE
  5
31F
330
17
100
AcDbEntity
  8
0
100
AcDbLine
 10
-11.640253568136663
 20
40.695540339756214
 30
0.0
 11
-11.763283239980025
 21
40.646824914624894
 31
0.0
  0
LINE
  5
320
330
17
100
AcDbEntity
  8
0
100
AcDbLine
 10
-11.763283239980025
 20
40.646824914624894
 30
0.0
 11
-11.886117703749523
 21
40.59787114764131
 31
0.0
  0
LINE
  5
321
330
17
100
AcDbEntity
  8
0
100
AcDbLine
 10
-11.886117703749523
 20
40.59787114764131
 30
0.0
 11
-12.00875658562136
 21
40.54867978089003
 31
0.0
  0
LINE
  5
322
330
17
100
AcDbEntity
  8
0
100
AcDbLine
 10
-12.00875658562136
 20
40.54867978089003
 30
0.0
 11
-12.131199514723146
 21
40.49925155670393
 31
0.0
  0
LINE
  5
323
330
17
100
AcDbEntity
  8
0
100
AcDbLine
 10
-12.131199514723146
 20
40.49925155670393
 30
0.0
 11
-12.253446123132676
 21
40.44958721765256
 31
0.0
  0
LINE
  5
324
330
17
100
AcDbEntity
  8
0
100
AcDbLine
 10
-12.253446123132676
 20
40.44958721765256
 30
0.0
 11
-12.375496056278294
 21
40.3996875023039
 31
0.0
  0
LINE
  5
325
330
17
100
AcDbEntity
  8
0
100
AcDbLine
 10
-12.375496056278294
 20
40.3996875023039
 30
0.0
 11
-12.497349009735514
 21
40.3495531306764
 31
0.0
  0
LINE
  5
326
330
17
100
AcDbEntity
  8
0
100
AcDbLine
 10
-12.497349009735514
 20
40.3495531306764
 30
0.0
 11
-12.619004633387133
 21
40.29918484337981
 31
0.0
  0
LINE
  5
327
330
17
100
AcDbEntity
  8
0
100
AcDbLine
 10
-12.619004633387133
 20
40.29918484337981
 30
0.0
 11
-12.740462571253314
 21
40.24858338483767
 31
0.0
  0
LINE
  5
328
330
17
100
AcDbEntity
  8
0
100
AcDbLine
 10
-12.740462571253314
 20
40.24858338483767
 30
0.0
 11
-12.8617224703093
 21
40.1977494996507
 31
0.0
  0
LINE
  5
329
330
17
100
AcDbEntity
  8
0
100
AcDbLine
 10
-12.8617224703093
 20
40.1977494996507
 30
0.0
 11
-12.982783980483788
 21
40.146683932585425
 31
0.0
  0
LINE
  5
32A
330
17
100
AcDbEntity
  8
0
100
AcDbLine
 10
-12.982783980483788
 20
40.146683932585425
 30
0.0
 11
-13.103646754657408
 21
40.095387428562496
 31
0.0
  0
LINE
  5
32B
330
17
100
AcDbEntity
  8
0
100
AcDbLine
 10
-13.103646754657408
 20
40.095387428562496
 30
0.0
 11
-13.22431044866102
 21
40.04386073264528
 31
0.0
  0
LINE
  5
32C
330
17
100
AcDbEntity
  8
0
100
AcDbLine
 10
-13.22431044866102
 20
40.04386073264528
 30
0.0
 11
-13.344774690441891
 21
39.9921046031727
 31
0.0
  0
LINE
  5
32D
330
17
100
AcDbEntity
  8
0
100
AcDbLine
 10
-13.344774690441891
 20
39.9921046031727
 30
0.0
 11
-13.465039027741764
 21
39.94011983307644
 31
0.0
  0
LINE
  5
32E
330
17
100
AcDbEntity
  8
0
100
AcDbLine
 10
-13.465039027741764
 20
39.94011983307644
 30
0.0
 11
-13.585103114283262
 21
39.887907170288955
 31
0.0
  0
LINE
  5
32F
330
17
100
AcDbEntity
  8
0
100
AcDbLine
 10
-13.585103114283262
 20
39.887907170288955
 30
0.0
 11
-13.704966617323173
 21
39.83546735826826
 31
0.0
  0
LINE
  5
330
330
17
100
AcDbEntity
  8
0
100
AcDbLine
 10
-13.704966617323173
 20
39.83546735826826
 30
0.0
 11
-13.824629207035445
 21
39.782801140562285
 31
0.0
  0
LINE
  5
331
330
17
100
AcDbEntity
  8
0
100
AcDbLine
 10
-13.824629207035445
 20
39.782801140562285
 30
0.0
 11
-13.94409055650922
 21
39.729909260797605
 31
0.0
  0
LINE
  5
332
330
17
100
AcDbEntity
  8
0
100
AcDbLine
 10
-13.94409055650922
 20
39.729909260797605
 30
0.0
 11
-14.063350341747032
 21
39.67679246266817
 31
0.0
  0
LINE
  5
333
330
17
100
AcDbEntity
  8
0
100
AcDbLine
 10
-14.063350341747032
 20
39.67679246266817
 30
0.0
 11
-14.182408241662756
 21
39.62345148992408
 31
0.0
  0
LINE
  5
334
330
17
100
AcDbEntity
  8
0
100
AcDbLine
 10
-14.182408241662756
 20
39.62345148992408
 30
0.0
 11
-14.301263845056862
 21
39.56988712789526
 31
0.0
  0
LINE
  5
335
330
17
100
AcDbEntity
  8
0
100
AcDbLine
 10
-14.301263845056862
 20
39.56988712789526
 30
0.0
 11
-14.419916600800855
 21
39.516100223266015
 31
0.0
  0
LINE
  5
336
330
17
100
AcDbEntity
  8
0
100
AcDbLine
 10
-14.419916600800855
 20
39.516100223266015
 30
0.0
 11
-14.538366184198727
 21
39.4620915205707
 31
0.0
  0
LINE
  5
337
330
17
100
AcDbEntity
  8
0
100
AcDbLine
 10
-14.538366184198727
 20
39.4620915205707
 30
0.0
 11
-14.656612284912121
 21
39.407861759172455
 31
0.0
  0
LINE
  5
338
330
17
100
AcDbEntity
  8
0
100
AcDbLine
 10
-14.656612284912121
 20
39.407861759172455
 30
0.0
 11
-14.774654595450594
 21
39.3534116784455
 31
0.0
  0
LINE
  5
339
330
17
100
AcDbEntity
  8
0
100
AcDbLine
 10
-14.774654595450594
 20
39.3534116784455
 30
0.0
 11
-14.892492811169484
 21
39.298742017764205
 31
0.0
  0
LINE
  5
33A
330
17
100
AcDbEntity
  8
0
100
AcDbLine
 10
-14.892492811169484
 20
39.298742017764205
 30
0.0
 11
-15.010126630267788
 21
39.24385351649224
 31
0.0
  0
LINE
  5
33B
330
17
100
AcDbEntity
  8
0
100
AcDbLine
 10
-15.010126630267788
 20
39.24385351649224
 30
0.0
 11
-15.127555753785826
 21
39.18874691397169
 31
0.0
  0
LINE
  5
33C
330
17
100
AcDbEntity
  8
0
100
AcDbLine
 10
-15.127555753785826
 20
39.18874691397169
 30
0.0
 11
-15.2447800541197
 21
39.13342287082759
 31
0.0
  0
LINE
  5
33D
330
17
100
AcDbEntity
  8
0
100
AcDbLine
 10
-15.2447800541197
 20
39.13342287082759
 30
0.0
 11
-15.361799532090599
 21
39.07788199285184
 31
0.0
  0
LINE
  5
33E
330
17
100
AcDbEntity
  8
0
100
AcDbLine
 10
-15.361799532090599
 20
39.07788199285184
 30
0.0
 11
-15.478613903811492
 21
39.02212502293458
 31
0.0
  0
LINE
  5
33F
330
17
100
AcDbEntity
  8
0
100
AcDbLine
 10
-15.478613903811492
 20
39.02212502293458
 30
0.0
 11
-15.59522288300033
 21
38.966152706385074
 31
0.0
  0
LINE
  5
340
330
17
100
AcDbEntity
  8
0
100
AcDbLine
 10
-15.59522288300033
 20
38.966152706385074
 30
0.0
 11
-15.711626186277513
 21
38.90996578842031
 31
0.0
  0
LINE
  5
341
330
17
100
AcDbEntity
  8
0
100
AcDbLine
 10
-15.711626186277513
 20
38.90996578842031
 30
0.0
 11
-15.827823533163377
 21
38.85356501415369
 31
0.0
  0
LINE
  5
342
330
17
100
AcDbEntity
  8
0
100
AcDbLine
 10
-15.827823533163377
 20
38.85356501415369
 30
0.0
 11
-15.94381464607563
 21
38.796951128583885
 31
0.0
  0
LINE
  5
343
330
17
100
AcDbEntity
  8
0
100
AcDbLine
 10
-15.94381464607563
 20
38.796951128583885
 30
0.0
 11
-16.059599250326656
 21
38.74012487658376
 31
0.0
  0
LINE
  5
344
330
17
100
AcDbEntity
  8
0
100
AcDbLine
 10
-16.059599250326656
 20
38.74012487658376
 30
0.0
 11
-16.175176908645234
 21
38.68308708357362
 31
0.0
  0
LINE
  5
345
330
17
100
AcDbEntity
  8
0
100
AcDbLine
 10
-16.175176908645234
 20
38.68308708357362
 30
0.0
 11
-16.29054715731818
 21
38.625838585765095
 31
0.0
  0
LINE
  5
346
330
17
100
AcDbEntity
  8
0
100
AcDbLine
 10
-16.29054715731818
 20
38.625838585765095
 30
0.0
 11
-16.405709728949137
 21
38.56838012299176
 31
0.0
  0
LINE
  5
347
330
17
100
AcDbEntity
  8
0
100
AcDbLine
 10
-16.405709728949137
 20
38.56838012299176
 30
0.0
 11
-16.520664359273088
 21
38.51071243478069
 31
0.0
  0
LINE
  5
348
330
17
100
AcDbEntity
  8
0
100
AcDbLine
 10
-16.520664359273088
 20
38.51071243478069
 30
0.0
 11
-16.635410786849842
 21
38.45283626049131
 31
0.0
  0
LINE
  5
349
330
17
100
AcDbEntity
  8
0
100
AcDbLine
 10
-16.635410786849842
 20
38.45283626049131
 30
0.0
 11
-16.74994875306133
 21
38.39475233930451
 31
0.0
  0
LINE
  5
34A
330
17
100
AcDbEntity
  8
0
100
AcDbLine
 10
-16.74994875306133
 20
38.39475233930451
 30
0.0
 11
-16.864278002108676
 21
38.33646141021203
 31
0.0
  0
LINE
  5
34B
330
17
100
AcDbEntity
  8
0
100
AcDbLine
 10
-16.864278002108676
 20
38.33646141021203
 30
0.0
 11
-16.97839828171749
 21
38.277964211642065
 31
0.0
  0
LINE
  5
34C
330
17
100
AcDbEntity
  8
0
100
AcDbLine
 10
-16.97839828171749
 20
38.277964211642065
 30
0.0
 11
-17.092309512101757
 21
38.21926139554296
 31
0.0
  0
LINE
  5
34D
330
17
100
AcDbEntity
  8
0
100
AcDbLine
 10
-17.092309512101757
 20
38.21926139554296
 30
0.0
 11
-17.20601157768725
 21
38.16035363643063
 31
0.0
  0
LINE
  5
34E
330
17
100
AcDbEntity
  8
0
100
AcDbLine
 10
-17.20601157768725
 20
38.16035363643063
 30
0.0
 11
-17.31950423490828
 21
38.101241676402694
 31
0.0
  0
LINE
  5
34F
330
17
100
AcDbEntity
  8
0
100
AcDbLine
 10
-17.31950423490828
 20
38.101241676402694
 30
0.0
 11
-17.432787243050594
 21
38.0419262573018
 31
0.0
  0
LINE
  5
350
330
17
100
AcDbEntity
  8
0
100
AcDbLine
 10
-17.432787243050594
 20
38.0419262573018
 30
0.0
 11
-17.54586036424831
 21
37.98240812070478
 31
0.0
  0
LINE
  5
351
330
17
100
AcDbEntity
  8
0
100
AcDbLine
 10
-17.54586036424831
 20
37.98240812070478
 30
0.0
 11
-17.658723363480725
 21
37.92268800791169
 31
0.0
  0
LINE
  5
352
330
17
100
AcDbEntity
  8
0
100
AcDbLine
 10
-17.658723363480725
 20
37.92268800791169
 30
0.0
 11
-17.77137600856903
 21
37.862766659934884
 31
0.0
  0
LINE
  5
353
330
17
100
AcDbEntity
  8
0
100
AcDbLine
 10
-17.77137600856903
 20
37.862766659934884
 30
0.0
 11
-17.883818070381828
 21
37.80264481737671
 31
0.0
  0
LINE
  5
354
330
17
100
AcDbEntity
  8
0
100
AcDbLine
 10
-17.883818070381828
 20
37.80264481737671
 30
0.0
 11
-17.996049330931815
 21
37.74232321613279
 31
0.0
  0
LINE
  5
355
330
17
100
AcDbEntity
  8
0
100
AcDbLine
 10
-17.996049330931815
 20
37.74232321613279
 30
0.0
 11
-18.10806957103175
 21
37.681802594063875
 31
0.0
  0
LINE
  5
356
330
17
100
AcDbEntity
  8
0
100
AcDbLine
 10
-18.10806957103175
 20
37.681802594063875
 30
0.0
 11
-18.21987856988428
 21
37.62108369109567
 31
0.0
  0
LINE
  5
357
330
17
100
AcDbEntity
  8
0
100
AcDbLine
 10
-18.21987856988428
 20
37.62108369109567
 30
0.0
 11
-18.3314761095193
 21
37.560167246811474
 31
0.0
  0
LINE
  5
358
330
17
100
AcDbEntity
  8
0
100
AcDbLine
 10
-18.3314761095193
 20
37.560167246811474
 30
0.0
 11
-18.44286197479054
 21
37.49905400044147
 31
0.0
  0
LINE
  5
359
330
17
100
AcDbEntity
  8
0
100
AcDbLine
 10
-18.44286197479054
 20
37.49905400044147
 30
0.0
 11
-18.55403595337203
 21
37.43774469085171
 31
0.0
  0
LINE
  5
35A
330
17
100
AcDbEntity
  8
0
100
AcDbLine
 10
-18.55403595337203
 20
37.43774469085171
 30
0.0
 11
-18.664997835754576
 21
37.37624005653368
 31
0.0
  0
LINE
  5
35B
330
17
100
AcDbEntity
  8
0
100
AcDbLine
 10
-18.664997835754576
 20
37.37624005653368
 30
0.0
 11
-18.77574742097883
 21
37.314540832402194
 31
0.0
  0
LINE
  5
35C
330
17
100
AcDbEntity
  8
0
100
AcDbLine
 10
-18.77574742097883
 20
37.314540832402194
 30
0.0
 11
-18.886284603028177
 21
37.2526477023062
 31
0.0
  0
LINE
  5
35D
330
17
100
AcDbEntity
  8
0
100
AcDbLine
 10
-18.886284603028177
 20
37.2526477023062
 30
0.0
 11
-18.996609216464712
 21
37.190561385645275
 31
0.0
  0
LINE
  5
35E
330
17
100
AcDbEntity
  8
0
100
AcDbLine
 10
-18.996609216464712
 20
37.190561385645275
 30
0.0
 11
-19.106721063541436
 21
37.12828262111516
 31
0.0
  0
LINE
  5
35F
330
17
100
AcDbEntity
  8
0
100
AcDbLine
 10
-19.106721063541436
 20
37.12828262111516
 30
0.0
 11
-19.216619949331374
 21
37.06581214697691
 31
0.0
  0
LINE
  5
360
330
17
100
AcDbEntity
  8
0
100
AcDbLine
 10
-19.216619949331374
 20
37.06581214697691
 30
0.0
 11
-19.326305681723866
 21
37.00315070104615
 31
0.0
  0
LINE
  5
361
330
17
100
AcDbEntity
  8
0
100
AcDbLine
 10
-19.326305681723866
 20
37.00315070104615
 30
0.0
 11
-19.435778071420607
 21
36.940299020682325
 31
0.0
  0
LINE
  5
362
330
17
100
AcDbEntity
  8
0
100
AcDbLine
 10
-19.435778071420607
 20
36.940299020682325
 30
0.0
 11
-19.54503693193181
 21
36.87725784277788
 31
0.0
  0
LINE
  5
363
330
17
100
AcDbEntity
  8
0
100
AcDbLine
 10
-19.54503693193181
 20
36.87725784277788
 30
0.0
 11
-19.65408208529371
 21
36.81402790044007
 31
0.0
  0
LINE
  5
364
330
17
100
AcDbEntity
  8
0
100
AcDbLine
 10
-19.65408208529371
 20
36.81402790044007
 30
0.0
 11
-19.762913404328465
 21
36.75060989890835
 31
0.0
  0
LINE
  5
365
330
17
100
AcDbEntity
  8
0
100
AcDbLine
 10
-19.762913404328465
 20
36.75060989890835
 30
0.0
 11
-19.87153072438948
 21
36.68700456688537
 31
0.0
  0
LINE
  5
366
330
17
100
AcDbEntity
  8
0
100
AcDbLine
 10
-19.87153072438948
 20
36.68700456688537
 30
0.0
 11
-19.97993387048009
 21
36.62321264023232
 31
0.0
  0
LINE
  5
367
330
17
100
AcDbEntity
  8
0
100
AcDbLine
 10
-19.97993387048009
 20
36.62321264023232
 30
0.0
 11
-20.088122670403358
 21
36.55923485428658
 31
0.0
  0
LINE
  5
368
330
17
100
AcDbEntity
  8
0
100
AcDbLine
 10
-20.088122670403358
 20
36.55923485428658
 30
0.0
 11
-20.196096954758026
 21
36.495071943850924
 31
0.0
  0
LINE
  5
369
330
17
100
AcDbEntity
  8
0
100
AcDbLine
 10
-20.196096954758026
 20
36.495071943850924
 30
0.0
 11
-20.303856556934264
 21
36.43072464318301
 31
0.0
  0
LINE
  5
36A
330
17
100
AcDbEntity
  8
0
100
AcDbLine
 10
-20.303856556934264
 20
36.43072464318301
 30
0.0
 11
-20.411401313109444
 21
36.366193685984655
 31
0.0
  0
LINE
  5
36B
330
17
100
AcDbEntity
  8
0
100
AcDbLine
 10
-20.411401313109444
 20
36.366193685984655
 30
0.0
 11
-20.518731117097598
 21
36.30147977246257
 31
0.0
  0
LINE
  5
36C
330
17
100
AcDbEntity
  8
0
100
AcDbLine
 10
-20.518731117097598
 20
36.30147977246257
 30
0.0
 11
-20.62584613157911
 21
36.23658344502612
 31
0.0
  0
LINE
  5
36D
330
17
100
AcDbEntity
  8
0
100
AcDbLine
 10
-20.62584613157911
 20
36.23658344502612
 30
0.0
 11
-20.732746254741514
 21
36.17150540980385
 31
0.0
  0
LINE
  5
36E
330
17
100
AcDbEntity
  8
0
100
AcDbLine
 10
-20.732746254741514
 20
36.17150540980385
 30
0.0
 11
-20.839431335751232
 21
36.10624640370328
 31
0.0
  0
LINE
  5
36F
330
17
100
AcDbEntity
  8
0
100
AcDbLine
 10
-20.839431335751232
 20
36.10624640370328
 30
0.0
 11
-20.94590122660678
 21
36.04080716300097
 31
0.0
  0
LINE
  5
370
330
17
100
AcDbEntity
  8
0
100
AcDbLine
 10
-20.94590122660678
 20
36.04080716300097
 30
0.0
 11
-21.052155782134257
 21
35.975188423331694
 31
0.0
  0
LINE
  5
371
330
17
100
AcDbEntity
  8
0
100
AcDbLine
 10
-21.052155782134257
 20
35.975188423331694
 30
0.0
 11
-21.158194859982608
 21
35.90939091967754
 31
0.0
  0
LINE
  5
372
330
17
100
AcDbEntity
  8
0
100
AcDbLine
 10
-21.158194859982608
 20
35.90939091967754
 30
0.0
 11
-21.264018320619158
 21
35.843415386357236
 31
0.0
  0
LINE
  5
373
330
17
100
AcDbEntity
  8
0
100
AcDbLine
 10
-21.264018320619158
 20
35.843415386357236
 30
0.0
 11
-21.369625999041467
 21
35.77726257463039
 31
0.0
  0
LINE
  5
374
330
17
100
AcDbEntity
  8
0
100
AcDbLine
 10
-21.369625999041467
 20
35.77726257463039
 30
0.0
 11
-21.47501765142278
 21
35.71093328489188
 31
0.0
  0
LINE
  5
375
330
17
100
AcDbEntity
  8
0
100
AcDbLine
 10
-21.47501765142278
 20
35.71093328489188
 30
0.0
 11
-21.580193135045832
 21
35.6444282543428
 31
0.0
  0
LINE
  5
376
330
17
100
AcDbEntity
  8
0
100
AcDbLine
 10
-21.580193135045832
 20
35.6444282543428
 30
0.0
 11
-21.685152320903573
 21
35.577748212618296
 31
0.0
  0
LINE
  5
377
330
17
100
AcDbEntity
  8
0
100
AcDbLine
 10
-21.685152320903573
 20
35.577748212618296
 30
0.0
 11
-21.789895082760147
 21
35.510893888644375
 31
0.0
  0
LINE
  5
378
330
17
100
AcDbEntity
  8
0
100
AcDbLine
 10
-21.789895082760147
 20
35.510893888644375
 30
0.0
 11
-21.89442129714614
 21
35.4438660106273
 31
0.0
  0
LINE
  5
379
330
17
100
AcDbEntity
  8
0
100
AcDbLine
 10
-21.89442129714614
 20
35.4438660106273
 30
0.0
 11
-21.9987308433536
 21
35.37666530604317
 31
0.0
  0
LINE
  5
37A
330
17
100
AcDbEntity
  8
0
100
AcDbLine
 10
-21.9987308433536
 20
35.37666530604317
 30
0.0
 11
-22.1028236034312
 21
35.30929250162727
 31
0.0
  0
LINE
  5
37B
330
17
100
AcDbEntity
  8
0
100
AcDbLine
 10
-22.1028236034312
 20
35.30929250162727
 30
0.0
 11
-22.206699561750675
 21
35.2417482590718
 31
0.0
  0
LINE
  5
37C
330
17
100
AcDbEntity
  8
0
100
AcDbLine
 10
-22.206699561750675
 20
35.2417482590718
 30
0.0
 11
-22.310358870796293
 21
35.17403313553641
 31
0.0
  0
LINE
  5
37D
330
17
100
AcDbEntity
  8
0
100
AcDbLine
 10
-22.310358870796293
 20
35.17403313553641
 30
0.0
 11
-22.413801436843094
 21
35.10614785113315
 31
0.0
  0
LINE
  5
37E
330
17
100
AcDbEntity
  8
0
100
AcDbLine
 10
-22.413801436843094
 20
35.10614785113315
 30
0.0
 11
-22.517027154804694
 21
35.03809313438636
 31
0.0
  0
LINE
  5
37F
330
17
100
AcDbEntity
  8
0
100
AcDbLine
 10
-22.517027154804694
 20
35.03809313438636
 30
0.0
 11
-22.620035922385064
 21
34.96986971300557
 31
0.0
  0
LINE
  5
380
330
17
100
AcDbEntity
  8
0
100
AcDbLine
 10
-22.620035922385064
 20
34.96986971300557
 30
0.0
 11
-22.722827640073135
 21
34.901478313874726
 31
0.0
  0
LINE
  5
381
330
17
100
AcDbEntity
  8
0
100
AcDbLine
 10
-22.722827640073135
 20
34.901478313874726
 30
0.0
 11
-22.825402211137565
 21
34.832919663041594
 31
0.0
  0
LINE
  5
382
330
17
100
AcDbEntity
  8
0
100
AcDbLine
 10
-22.825402211137565
 20
34.832919663041594
 30
0.0
 11
-22.92775954162139
 21
34.76419448570701
 31
0.0
  0
LINE
  5
383
330
17
100
AcDbEntity
  8
0
100
AcDbLine
 10
-22.92775954162139
 20
34.76419448570701
 30
0.0
 11
-23.029899642683
 21
34.69530343775295
 31
0.0
  0
LINE
  5
384
330
17
100
AcDbEntity
  8
0
100
AcDbLine
 10
-23.029899642683
 20
34.69530343775295
 30
0.0
 11
-23.13182261356944
 21
34.62624711979614
 31
0.0
  0
LINE
  5
385
330
17
100
AcDbEntity
  8
0
100
AcDbLine
 10
-23.13182261356944
 20
34.62624711979614
 30
0.0
 11
-23.23352837407633
 21
34.55702625553668
 31
0.0
  0
LINE
  5
386
330
17
100
AcDbEntity
  8
0
100
AcDbLine
 10
-23.23352837407633
 20
34.55702625553668
 30
0.0
 11
-23.335016842843498
 21
34.48764157043435
 31
0.0
  0
LINE
  5
387
330
17
100
AcDbEntity
  8
0
100
AcDbLine
 10
-23.335016842843498
 20
34.48764157043435
 30
0.0
 11
-23.436287941303657
 21
34.41809378903138
 31
0.0
  0
LINE
  5
388
330
17
100
AcDbEntity
  8
0
100
AcDbLine
 10
-23.436287941303657
 20
34.41809378903138
 30
0.0
 11
-23.537341593676622
 21
34.34838363494179
 31
0.0
  0
LINE
  5
389
330
17
100
AcDbEntity
  8
0
100
AcDbLine
 10
-23.537341593676622
 20
34.34838363494179
 30
0.0
 11
-23.63817772696364
 21
34.278511830840564
 31
0.0
  0
LINE
  5
38A
330
17
100
AcDbEntity
  8
0
100
AcDbLine
 10
-23.63817772696364
 20
34.278511830840564
 30
0.0
 11
-23.738796270941684
 21
34.208479098453004
 31
0.0
  0
LINE
  5
38B
330
17
100
AcDbEntity
  8
0
100
AcDbLine
 10
-23.738796270941684
 20
34.208479098453004
 30
0.0
 11
-23.839197128896323
 21
34.13828617880845
 31
0.0
  0
LINE
  5
38C
330
17
100
AcDbEntity
  8
0
100
AcDbLine
 10
-23.839197128896323
 20
34.13828617880845
 30
0.0
 11
-23.939380199773304
 21
34.067933816201375
 31
0.0
  0
LINE
  5
38D
330
17
100
AcDbEntity
  8
0
100
AcDbLine
 10
-23.939380199773304
 20
34.067933816201375
 30
0.0
 11
-24.039345421186766
 21
33.99742272867398
 31
0.0
  0
LINE
  5
38E
330
17
100
AcDbEntity
  8
0
100
AcDbLine
 10
-24.039345421186766
 20
33.99742272867398
 30
0.0
 11
-24.139092733591035
 21
33.92675363321186
 31
0.0
  0
LINE
  5
38F
330
17
100
AcDbEntity
  8
0
100
AcDbLine
 10
-24.139092733591035
 20
33.92675363321186
 30
0.0
 11
-24.238622080176647
 21
33.8559272458021
 31
0.0
  0
LINE
  5
390
330
17
100
AcDbEntity
  8
0
100
AcDbLine
 10
-24.238622080176647
 20
33.8559272458021
 30
0.0
 11
-24.337933406864245
 21
33.78494428142287
 31
0.0
  0
LINE
  5
391
330
17
100
AcDbEntity
  8
0
100
AcDbLine
 10
-24.337933406864245
 20
33.78494428142287
 30
0.0
 11
-24.437026662298713
 21
33.713805454032894
 31
0.0
  0
LINE
  5
392
330
17
100
AcDbEntity
  8
0
100
AcDbLine
 10
-24.437026662298713
 20
33.713805454032894
 30
0.0
 11
-24.53590179888848
 21
33.64251147580617
 31
0.0
  0
LINE
  5
393
330
17
100
AcDbEntity
  8
0
100
AcDbLine
 10
-24.53590179888848
 20
33.64251147580617
 30
0.0
 11
-24.634559155697566
 21
33.57106278279122
 31
0.0
  0
LINE
  5
394
330
17
100
AcDbEntity
  8
0
100
AcDbLine
 10
-24.634559155697566
 20
33.57106278279122
 30
0.0
 11
-24.732999003932285
 21
33.49945986877798
 31
0.0
  0
LINE
  5
395
330
17
100
AcDbEntity
  8
0
100
AcDbLine
 10
-24.732999003932285
 20
33.49945986877798
 30
0.0
 11
-24.831221307088697
 21
33.42770345243883
 31
0.0
  0
LINE
  5
396
330
17
100
AcDbEntity
  8
0
100
AcDbLine
 10
-24.831221307088697
 20
33.42770345243883
 30
0.0
 11
-24.929226031465753
 21
33.35579425132908
 31
0.0
  0
LINE
  5
397
330
17
100
AcDbEntity
  8
0
100
AcDbLine
 10
-24.929226031465753
 20
33.35579425132908
 30
0.0
 11
-25.0270131461588
 21
33.28373298187628
 31
0.0
  0
LINE
  5
398
330
17
100
AcDbEntity
  8
0
100
AcDbLine
 10
-25.0270131461588
 20
33.28373298187628
 30
0.0
 11
-25.124582623053115
 21
33.21152035936925
 31
0.0
  0
LINE
  5
399
330
17
100
AcDbEntity
  8
0
100
AcDbLine
 10
-25.124582623053115
 20
33.21152035936925
 30
0.0
 11
-25.22193443681735
 21
33.139157097947354
 31
0.0
  0
LINE
  5
39A
330
17
100
AcDbEntity
  8
0
100
AcDbLine
 10
-25.22193443681735
 20
33.139157097947354
 30
0.0
 11
-25.319068560754445
 21
33.06664391368273
 31
0.0
  0
LINE
  5
39B
330
17
100
AcDbEntity
  8
0
100
AcDbLine
 10
-25.319068560754445
 20
33.06664391368273
 30
0.0
 11
-25.415984779258558
 21
32.99398166340542
 31
0.0
  0
LINE
  5
39C
330
17
100
AcDbEntity
  8
0
100
AcDbLine
 10
-25.415984779258558
 20
32.99398166340542
 30
0.0
 11
-25.512682966657067
 21
32.921171134205174
 31
0.0
  0
LINE
  5
39D
330
17
100
AcDbEntity
  8
0
100
AcDbLine
 10
-25.512682966657067
 20
32.921171134205174
 30
0.0
 11
-25.609163106821363
 21
32.848213031617554
 31
0.0
  0
LINE
  5
39E
330
17
100
AcDbEntity
  8
0
100
AcDbLine
 10
-25.609163106821363
 20
32.848213031617554
 30
0.0
 11
-25.705425186324796
 21
32.775108059996384
 31
0.0
  0
LINE
  5
39F
330
17
100
AcDbEntity
  8
0
100
AcDbLine
 10
-25.705425186324796
 20
32.775108059996384
 30
0.0
 11
-25.801469194435874
 21
32.701856922503296
 31
0.0
  0
LINE
  5
3A0
330
17
100
AcDbEntity
  8
0
100
AcDbLine
 10
-25.801469194435874
 20
32.701856922503296
 30
0.0
 11
-25.89729512311162
 21
32.6284603210976
 31
0.0
  0
LINE
  5
3A1
330
17
100
AcDbEntity
  8
0
100
AcDbLine
 10
-25.89729512311162
 20
32.6284603210976
 30
0.0
 11
-25.992902966990844
 21
32.55491895652582
 31
0.0
  0
LINE
  5
3A2
330
17
100
AcDbEntity
  8
0
100
AcDbLine
 10
-25.992902966990844
 20
32.55491895652582
 30
0.0
 11
-26.088292738346738
 21
32.481233516768796
 31
0.0
  0
LINE
  5
3A3
330
17
100
AcDbEntity
  8
0
100
AcDbLine
 10
-26.088292738346738
 20
32.481233516768796
 30
0.0
 11
-26.183464716410043
 21
32.40740448653587
 31
0.0
  0
LINE
  5
3A4
330
17
100
AcDbEntity
  8
0
100
AcDbLine
 10
-26.183464716410043
 20
32.40740448653587
 30
0.0
 11
-26.278419011150568
 21
32.33343248643973
 31
0.0
  0
LINE
  5
3A5
330
17
100
AcDbEntity
  8
0
100
AcDbLine
 10
-26.278419011150568
 20
32.33343248643973
 30
0.0
 11
-26.373155630416022
 21
32.25931821731874
 31
0.0
  0
LINE
  5
3A6
330
17
100
AcDbEntity
  8
0
100
AcDbLine
 10
-26.373155630416022
 20
32.25931821731874
 30
0.0
 11
-26.46767458476417
 21
32.18506237871898
 31
0.0
  0
LINE
  5
3A7
330
17
100
AcDbEntity
  8
0
100
AcDbLine
 10
-26.46767458476417
 20
32.18506237871898
 30
0.0
 11
-26.561975887455617
 21
32.110665668884074
 31
0.0
  0
LINE
  5
3A8
330
17
100
AcDbEntity
  8
0
100
AcDbLine
 10
-26.561975887455617
 20
32.110665668884074
 30
0.0
 11
-26.656059554446742
 21
32.036128784744584
 31
0.0
  0
LINE
  5
3A9
330
17
100
AcDbEntity
  8
0
100
AcDbLine
 10
-26.656059554446742
 20
32.036128784744584
 30
0.0
 11
-26.749925604382426
 21
31.961452421907822
 31
0.0
  0
LINE
  5
3AA
330
17
100
AcDbEntity
  8
0
100
AcDbLine
 10
-26.749925604382426
 20
31.961452421907822
 30
0.0
 11
-26.843574044962118
 21
31.886637285507994
 31
0.0
  0
LINE
  5
3AB
330
17
100
AcDbEntity
  8
0
100
AcDbLine
 10
-26.843574044962118
 20
31.886637285507994
 30
0.0
 11
-26.937004763378702
 21
31.811684176453525
 31
0.0
  0
LINE
  5
3AC
330
17
100
AcDbEntity
  8
0
100
AcDbLine
 10
-26.937004763378702
 20
31.811684176453525
 30
0.0
 11
-27.030217749961878
 21
31.73659381217454
 31
0.0
  0
LINE
  5
3AD
330
17
100
AcDbEntity
  8
0
100
AcDbLine
 10
-27.030217749961878
 20
31.73659381217454
 30
0.0
 11
-27.12321303279286
 21
31.661366880549743
 31
0.0
  0
LINE
  5
3AE
330
17
100
AcDbEntity
  8
0
100
AcDbLine
 10
-27.12321303279286
 20
31.661366880549743
 30
0.0
 11
-27.215990642575733
 21
31.58600406809731
 31
0.0
  0
LINE
  5
3AF
330
17
100
AcDbEntity
  8
0
100
AcDbLine
 10
-27.215990642575733
 20
31.58600406809731
 30
0.0
 11
-27.308550612630093
 21
31.510506059965003
 31
0.0
  0
LINE
  5
3B0
330
17
100
AcDbEntity
  8
0
100
AcDbLine
 10
-27.308550612630093
 20
31.510506059965003
 30
0.0
 11
-27.40089297888366
 21
31.434873539920147
 31
0.0
  0
LINE
  5
3B1
330
17
100
AcDbEntity
  8
0
100
AcDbLine
 10
-27.40089297888366
 20
31.434873539920147
 30
0.0
 11
-27.493017779864907
 21
31.359107190339913
 31
0.0
  0
LINE
  5
3B2
330
17
100
AcDbEntity
  8
0
100
AcDbLine
 10
-27.493017779864907
 20
31.359107190339913
 30
0.0
 11
-27.584925062737383
 21
31.28320768722979
 31
0.0
  0
LINE
  5
3B3
330
17
100
AcDbEntity
  8
0
100
AcDbLine
 10
-27.584925062737383
 20
31.28320768722979
 30
0.0
 11
-27.676614908597195
 21
31.207175679728508
 31
0.0
  0
LINE
  5
3B4
330
17
100
AcDbEntity
  8
0
100
AcDbLine
 10
-27.676614908597195
 20
31.207175679728508
 30
0.0
 11
-27.76808737044017
 21
31.1310118413313
 31
0.0
  0
LINE
  5
3B5
330
17
100
AcDbEntity
  8
0
100
AcDbLine
 10
-27.76808737044017
 20
31.1310118413313
 30
0.0
 11
-27.859342497472745
 21
31.054716849378693
 31
0.0
  0
LINE
  5
3B6
330
17
100
AcDbEntity
  8
0
100
AcDbLine
 10
-27.859342497472745
 20
31.054716849378693
 30
0.0
 11
-27.950380341472147
 21
30.97829137976823
 31
0.0
  0
LINE
  5
3B7
330
17
100
AcDbEntity
  8
0
100
AcDbLine
 10
-27.950380341472147
 20
30.97829137976823
 30
0.0
 11
-28.041200956778773
 21
30.90173610694476
 31
0.0
  0
LINE
  5
3B8
330
17
100
AcDbEntity
  8
0
100
AcDbLine
 10
-28.041200956778773
 20
30.90173610694476
 30
0.0
 11
-28.13180440028853
 21
30.82505170389078
 31
0.0
  0
LINE
  5
3B9
330
17
100
AcDbEntity
  8
0
100
AcDbLine
 10
-28.13180440028853
 20
30.82505170389078
 30
0.0
 11
-28.222190731444975
 21
30.74823884211677
 31
0.0
  0
LINE
  5
3BA
330
17
100
AcDbEntity
  8
0
100
AcDbLine
 10
-28.222190731444975
 20
30.74823884211677
 30
0.0
 11
-28.31236000360567
 21
30.6712981989768
 31
0.0
  0
LINE
  5
3BB
330
17
100
AcDbEntity
  8
0
100
AcDbLine
 10
-28.31236000360567
 20
30.6712981989768
 30
0.0
 11
-28.402312246026725
 21
30.594230472571724
 31
0.0
  0
LINE
  5
3BC
330
17
100
AcDbEntity
  8
0
100
AcDbLine
 10
-28.402312246026725
 20
30.594230472571724
 30
0.0
 11
-28.492047521666983
 21
30.517036332541018
 31
0.0
  0
LINE
  5
3BD
330
17
100
AcDbEntity
  8
0
100
AcDbLine
 10
-28.492047521666983
 20
30.517036332541018
 30
0.0
 11
-28.58156589973266
 21
30.43971644381999
 31
0.0
  0
LINE
  5
3BE
330
17
100
AcDbEntity
  8
0
100
AcDbLine
 10
-28.58156589973266
 20
30.43971644381999
 30
0.0
 11
-28.670867451931045
 21
30.362271469828386
 31
0.0
  0
LINE
  5
3BF
330
17
100
AcDbEntity
  8
0
100
AcDbLine
 10
-28.670867451931045
 20
30.362271469828386
 30
0.0
 11
-28.759952252462618
 21
30.28470207246083
 31
0.0
  0
LINE
  5
3C0
330
17
100
AcDbEntity
  8
0
100
AcDbLine
 10
-28.759952252462618
 20
30.28470207246083
 30
0.0
 11
-28.8488203780131
 21
30.207008912077654
 31
0.0
  0
LINE
  5
3C1
330
17
100
AcDbEntity
  8
0
100
AcDbLine
 10
-28.8488203780131
 20
30.207008912077654
 30
0.0
 11
-28.93747190774544
 21
30.129192647495564
 31
0.0
  0
LINE
  5
3C2
330
17
100
AcDbEntity
  8
0
100
AcDbLine
 10
-28.93747190774544
 20
30.129192647495564
 30
0.0
 11
-29.0259069679158
 21
30.051253896886344
 31
0.0
  0
LINE
  5
3C3
330
17
100
AcDbEntity
  8
0
100
AcDbLine
 10
-29.0259069679158
 20
30.051253896886344
 30
0.0
 11
-29.114125767245305
 21
29.973193208411928
 31
0.0
  0
LINE
  5
3C4
330
17
100
AcDbEntity
  8
0
100
AcDbLine
 10
-29.114125767245305
 20
29.973193208411928
 30
0.0
 11
-29.202128400869
 21
29.895011231990686
 31
0.0
  0
LINE
  5
3C5
330
17
100
AcDbEntity
  8
0
100
AcDbLine
 10
-29.202128400869
 20
29.895011231990686
 30
0.0
 11
-29.289914959134542
 21
29.81670862235206
 31
0.0
  0
LINE
  5
3C6
330
17
100
AcDbEntity
  8
0
100
AcDbLine
 10
-29.289914959134542
 20
29.81670862235206
 30
0.0
 11
-29.377485534853946
 21
29.738286032621218
 31
0.0
  0
LINE
  5
3C7
330
17
100
AcDbEntity
  8
0
100
AcDbLine
 10
-29.377485534853946
 20
29.738286032621218
 30
0.0
 11
-29.46484022329529
 21
29.65974411430986
 31
0.0
  0
LINE
  5
3C8
330
17
100
AcDbEntity
  8
0
100
AcDbLine
 10
-29.46484022329529
 20
29.65974411430986
 30
0.0
 11
-29.551979122174316
 21
29.58108351730713
 31
0.0
  0
LINE
  5
3C9
330
17
100
AcDbEntity
  8
0
100
AcDbLine
 10
-29.551979122174316
 20
29.58108351730713
 30
0.0
 11
-29.63890233164625
 21
29.502304889870437
 31
0.0
  0
LINE
  5
3CA
330
17
100
AcDbEntity
  8
0
100
AcDbLine
 10
-29.63890233164625
 20
29.502304889870437
 30
0.0
 11
-29.725609933316427
 21
29.423408897570674
 31
0.0
  0
LINE
  5
3CB
330
17
100
AcDbEntity
  8
0
100
AcDbLine
 10
-29.725609933316427
 20
29.423408897570674
 30
0.0
 11
-29.812101991776693
 21
29.34439622121746
 31
0.0
  0
LINE
  5
3CC
330
17
100
AcDbEntity
  8
0
100
AcDbLine
 10
-29.812101991776693
 20
29.34439622121746
 30
0.0
 11
-29.898378612977318
 21
29.26526750424251
 31
0.0
  0
LINE
  5
3CD
330
17
100
AcDbEntity
  8
0
100
AcDbLine
 10
-29.898378612977318
 20
29.26526750424251
 30
0.0
 11
-29.98443990624702
 21
29.18602338752129
 31
0.0
  0
LINE
  5
3CE
330
17
100
AcDbEntity
  8
0
100
AcDbLine
 10
-29.98443990624702
 20
29.18602338752129
 30
0.0
 11
-30.070285983302007
 21
29.106664510258156
 31
0.0
  0
LINE
  5
3CF
330
17
100
AcDbEntity
  8
0
100
AcDbLine
 10
-30.070285983302007
 20
29.106664510258156
 30
0.0
 11
-30.155916958237498
 21
29.027191509977627
 31
0.0
  0
LINE
  5
3D0
330
17
100
AcDbEntity
  8
0
100
AcDbLine
 10
-30.155916958237498
 20
29.027191509977627
 30
0.0
 11
-30.24133294751921
 21
28.947605022515468
 31
0.0
  0
LINE
  5
3D1
330
17
100
AcDbEntity
  8
0
100
AcDbLine
 10
-30.24133294751921
 20
28.947605022515468
 30
0.0
 11
-30.32653406997479
 21
28.867905682010083
 31
0.0
  0
LINE
  5
3D2
330
17
100
AcDbEntity
  8
0
100
AcDbLine
 10
-30.32653406997479
 20
28.867905682010083
 30
0.0
 11
-30.411520647598934
 21
28.788093933873157
 31
0.0
  0
LINE
  5
3D3
330
17
100
AcDbEntity
  8
0
100
AcDbLine
 10
-30.411520647598934
 20
28.788093933873157
 30
0.0
 11
-30.49629306721871
 21
28.708170169351348
 31
0.0
  0
LINE
  5
3D4
330
17
100
AcDbEntity
  8
0
100
AcDbLine
 10
-30.49629306721871
 20
28.708170169351348
 30
0.0
 11
-30.580851459592523
 21
28.628135022130515
 31
0.0
  0
LINE
  5
3D5
330
17
100
AcDbEntity
  8
0
100
AcDbLine
 10
-30.580851459592523
 20
28.628135022130515
 30
0.0
 11
-30.665195956796026
 21
28.5479891251387
 31
0.0
  0
LINE
  5
3D6
330
17
100
AcDbEntity
  8
0
100
AcDbLine
 10
-30.665195956796026
 20
28.5479891251387
 30
0.0
 11
-30.749326693295885
 21
28.467733109521625
 31
0.0
  0
LINE
  5
3D7
330
17
100
AcDbEntity
  8
0
100
AcDbLine
 10
-30.749326693295885
 20
28.467733109521625
 30
0.0
 11
-30.833243805940917
 21
28.38736760463385
 31
0.0
  0
LINE
  5
3D8
330
17
100
AcDbEntity
  8
0
100
AcDbLine
 10
-30.833243805940917
 20
28.38736760463385
 30
0.0
 11
-30.916947433953055
 21
28.306893238030014
 31
0.0
  0
LINE
  5
3D9
330
17
100
AcDbEntity
  8
0
100
AcDbLine
 10
-30.916947433953055
 20
28.306893238030014
 30
0.0
 11
-31.00043771876335
 21
28.2263106356058
 31
0.0
  0
LINE
  5
3DA
330
17
100
AcDbEntity
  8
0
100
AcDbLine
 10
-31.00043771876335
 20
28.2263106356058
 30
0.0
 11
-31.08371470510486
 21
28.145620516505296
 31
0.0
  0
LINE
  5
3DB
330
17
100
AcDbEntity
  8
0
100
AcDbLine
 10
-31.08371470510486
 20
28.145620516505296
 30
0.0
 11
-31.166778453627906
 21
28.064823582414938
 31
0.0
  0
LINE
  5
3DC
330
17
100
AcDbEntity
  8
0
100
AcDbLine
 10
-31.166778453627906
 20
28.064823582414938
 30
0.0
 11
-31.249629111375583
 21
27.983920451348823
 31
0.0
  0
LINE
  5
3DD
330
17
100
AcDbEntity
  8
0
100
AcDbLine
 10
-31.249629111375583
 20
27.983920451348823
 30
0.0
 11
-31.3322668276897
 21
27.902911739494996
 31
0.0
  0
LINE
  5
3DE
330
17
100
AcDbEntity
  8
0
100
AcDbLine
 10
-31.3322668276897
 20
27.902911739494996
 30
0.0
 11
-31.414691754201634
 21
27.821798061207055
 31
0.0
  0
LINE
  5
3DF
330
17
100
AcDbEntity
  8
0
100
AcDbLine
 10
-31.414691754201634
 20
27.821798061207055
 30
0.0
 11
-31.496904044823168
 21
27.740580028995986
 31
0.0
  0
LINE
  5
3E0
330
17
100
AcDbEntity
  8
0
100
AcDbLine
 10
-31.496904044823168
 20
27.740580028995986
 30
0.0
 11
-31.578903855737344
 21
27.659258253521678
 31
0.0
  0
LINE
  5
3E1
330
17
100
AcDbEntity
  8
0
100
AcDbLine
 10
-31.578903855737344
 20
27.659258253521678
 30
0.0
 11
-31.660691346551374
 21
27.577833342427624
 31
0.0
  0
LINE
  5
3E2
330
17
100
AcDbEntity
  8
0
100
AcDbLine
 10
-31.660691346551374
 20
27.577833342427624
 30
0.0
 11
-31.742266742441387
 21
27.496305838912384
 31
0.0
  0
LINE
  5
3E3
330
17
100
AcDbEntity
  8
0
100
AcDbLine
 10
-31.742266742441387
 20
27.496305838912384
 30
0.0
 11
-31.823630244062677
 21
27.4146763123762
 31
0.0
  0
LINE
  5
3E4
330
17
100
AcDbEntity
  8
0
100
AcDbLine
 10
-31.823630244062677
 20
27.4146763123762
 30
0.0
 11
-31.904782017509874
 21
27.332945367243383
 31
0.0
  0
LINE
  5
3E5
330
17
100
AcDbEntity
  8
0
100
AcDbLine
 10
-31.904782017509874
 20
27.332945367243383
 30
0.0
 11
-31.985722231118643
 21
27.251113606036597
 31
0.0
  0
LINE
  5
3E6
330
17
100
AcDbEntity
  8
0
100
AcDbLine
 10
-31.985722231118643
 20
27.251113606036597
 30
0.0
 11
-32.06645105545627
 21
27.169181629369014
 31
0.0
  0
LINE
  5
3E7
330
17
100
AcDbEntity
  8
0
100
AcDbLine
 10
-32.06645105545627
 20
27.169181629369014
 30
0.0
 11
-32.14696866331234
 21
27.087150035936148
 31
0.0
  0
LINE
  5
3E8
330
17
100
AcDbEntity
  8
0
100
AcDbLine
 10
-32.14696866331234
 20
27.087150035936148
 30
0.0
 11
-32.22727522968921
 21
27.00501942250792
 31
0.0
  0
LINE
  5
3E9
330
17
100
AcDbEntity
  8
0
100
AcDbLine
 10
-32.22727522968921
 20
27.00501942250792
 30
0.0
 11
-32.307370916979615
 21
26.922790399114362
 31
0.0
  0
LINE
  5
3EA
330
17
100
AcDbEntity
  8
0
100
AcDbLine
 10
-32.307370916979615
 20
26.922790399114362
 30
0.0
 11
-32.38725560066318
 21
26.840463867877624
 31
0.0
  0
LINE
  5
3EB
330
17
100
AcDbEntity
  8
0
100
AcDbLine
 10
-32.38725560066318
 20
26.840463867877624
 30
0.0
 11
-32.46692933901611
 21
26.758040537612963
 31
0.0
  0
LINE
  5
3EC
330
17
100
AcDbEntity
  8
0
100
AcDbLine
 10
-32.46692933901611
 20
26.758040537612963
 30
0.0
 11
-32.54639231171145
 21
26.67552099200382
 31
0.0
  0
LINE
  5
3ED
330
17
100
AcDbEntity
  8
0
100
AcDbLine
 10
-32.54639231171145
 20
26.67552099200382
 30
0.0
 11
-32.62564470051871
 21
26.59290581281261
 31
0.0
  0
LINE
  5
3EE
330
17
100
AcDbEntity
  8
0
100
AcDbLine
 10
-32.62564470051871
 20
26.59290581281261
 30
0.0
 11
-32.70468668929441
 21
26.510195579873347
 31
0.0
  0
LINE
  5
3EF
330
17
100
AcDbEntity
  8
0
100
AcDbLine
 10
-32.70468668929441
 20
26.510195579873347
 30
0.0
 11
-32.78351846397272
 21
26.42739087108444
 31
0.0
  0
LINE
  5
3F0
330
17
100
AcDbEntity
  8
0
100
AcDbLine
 10
-32.78351846397272
 20
26.42739087108444
 30
0.0
 11
-32.86214021255588
 21
26.34449226240141
 31
0.0
  0
LINE
  5
3F1
330
17
100
AcDbEntity
  8
0
100
AcDbLine
 10
-32.86214021255588
 20
26.34449226240141
 30
0.0
 11
-32.94055213989057
 21
26.261500312213165
 31
0.0
  0
LINE
  5
3F2
330
17
100
AcDbEntity
  8
0
100
AcDbLine
 10
-32.94055213989057
 20
26.261500312213165
 30
0.0
 11
-33.018754597192306
 21
26.1784154260233
 31
0.0
  0
LINE
  5
3F3
330
17
100
AcDbEntity
  8
0
100
AcDbLine
 10
-33.018754597192306
 20
26.1784154260233
 30
0.0
 11
-33.096747823458195
 21
26.095238131038286
 31
0.0
  0
LINE
  5
3F4
330
17
100
AcDbEntity
  8
0
100
AcDbLine
 10
-33.096747823458195
 20
26.095238131038286
 30
0.0
 11
-33.17453201696698
 21
26.01196899797481
 31
0.0
  0
LINE
  5
3F5
330
17
100
AcDbEntity
  8
0
100
AcDbLine
 10
-33.17453201696698
 20
26.01196899797481
 30
0.0
 11
-33.25210737805177
 21
25.92860859554883
 31
0.0
  0
LINE
  5
3F6
330
17
100
AcDbEntity
  8
0
100
AcDbLine
 10
-33.25210737805177
 20
25.92860859554883
 30
0.0
 11
-33.32947410909025
 21
25.84515749046853
 31
0.0
  0
LINE
  5
3F7
330
17
100
AcDbEntity
  8
0
100
AcDbLine
 10
-33.32947410909025
 20
25.84515749046853
 30
0.0
 11
-33.40663241449498
 21
25.761616247427035
 31
0.0
  0
LINE
  5
3F8
330
17
100
AcDbEntity
  8
0
100
AcDbLine
 10
-33.40663241449498
 20
25.761616247427035
 30
0.0
 11
-33.483582500703626
 21
25.677985429095585
 31
0.0
  0
LINE
  5
3F9
330
17
100
AcDbEntity
  8
0
100
AcDbLine
 10
-33.483582500703626
 20
25.677985429095585
 30
0.0
 11
-33.560324492660946
 21
25.59426568691989
 31
0.0
  0
LINE
  5
3FA
330
17
100
AcDbEntity
  8
0
100
AcDbLine
 10
-33.560324492660946
 20
25.59426568691989
 30
0.0
 11
-33.63685805360432
 21
25.51045816848103
 31
0.0
  0
LINE
  5
3FB
330
17
100
AcDbEntity
  8
0
100
AcDbLine
 10
-33.63685805360432
 20
25.51045816848103
 30
0.0
 11
-33.71318329065746
 21
25.42656352901168
 31
0.0
  0
LINE
  5
3FC
330
17
100
AcDbEntity
  8
0
100
AcDbLine
 10
-33.71318329065746
 20
25.42656352901168
 30
0.0
 11
-33.78930041093299
 21
25.342582314335772
 31
0.0
  0
LINE
  5
3FD
330
17
100
AcDbEntity
  8
0
100
AcDbLine
 10
-33.78930041093299
 20
25.342582314335772
 30
0.0
 11
-33.865209623406066
 21
25.258515068298337
 31
0.0
  0
LINE
  5
3FE
330
17
100
AcDbEntity
  8
0
100
AcDbLine
 10
-33.865209623406066
 20
25.258515068298337
 30
0.0
 11
-33.94091113890498
 21
25.17436233275935
 31
0.0
  0
LINE
  5
3FF
330
17
100
AcDbEntity
  8
0
100
AcDbLine
 10
-33.94091113890498
 20
25.17436233275935
 30
0.0
 11
-34.01640517010159
 21
25.09012464758758
 31
0.0
  0
LINE
  5
400
330
17
100
AcDbEntity
  8
0
100
AcDbLine
 10
-34.01640517010159
 20
25.09012464758758
 30
0.0
 11
-34.09169193150172
 21
25.00580255065462
 31
0.0
  0
LINE
  5
401
330
17
100
AcDbEntity
  8
0
100
AcDbLine
 10
-34.09169193150172
 20
25.00580255065462
 30
0.0
 11
-34.16677172124032
 21
24.921396486270503
 31
0.0
  0
LINE
  5
402
330
17
100
AcDbEntity
  8
0
100
AcDbLine
 10
-34.16677172124032
 20
24.921396486270503
 30
0.0
 11
-34.2416451094058
 21
24.836906599047786
 31
0.0
  0
LINE
  5
403
330
17
100
AcDbEntity
  8
0
100
AcDbLine
 10
-34.2416451094058
 20
24.836906599047786
 30
0.0
 11
-34.31631236049178
 21
24.752333381752678
 31
0.0
  0
LINE
  5
404
330
17
100
AcDbEntity
  8
0
100
AcDbLine
 10
-34.31631236049178
 20
24.752333381752678
 30
0.0
 11
-34.390773701177174
 21
24.667677369805062
 31
0.0
  0
LINE
  5
405
330
17
100
AcDbEntity
  8
0
100
AcDbLine
 10
-34.390773701177174
 20
24.667677369805062
 30
0.0
 11
-34.46502936000012
 21
24.582939096546113
 31
0.0
  0
LINE
  5
406
330
17
100
AcDbEntity
  8
0
100
AcDbLine
 10
-34.46502936000012
 20
24.582939096546113
 30
0.0
 11
-34.539079567347926
 21
24.498119093232006
 31
0.0
  0
LINE
  5
407
330
17
100
AcDbEntity
  8
0
100
AcDbLine
 10
-34.539079567347926
 20
24.498119093232006
 30
0.0
 11
-34.61292455544706
 21
24.413217889027884
 31
0.0
  0
LINE
  5
408
330
17
100
AcDbEntity
  8
0
100
AcDbLine
 10
-34.61292455544706
 20
24.413217889027884
 30
0.0
 11
-34.686564558353275
 21
24.328236011001785
 31
0.0
  0
LINE
  5
409
330
17
100
AcDbEntity
  8
0
100
AcDbLine
 10
-34.686564558353275
 20
24.328236011001785
 30
0.0
 11
-34.75999964262771
 21
24.243174179140233
 31
0.0
  0
LINE
  5
40A
330
17
100
AcDbEntity
  8
0
100
AcDbLine
 10
-34.75999964262771
 20
24.243174179140233
 30
0.0
 11
-34.83322954944858
 21
24.158033480129184
 31
0.0
  0
LINE
  5
40B
330
17
100
AcDbEntity
  8
0
100
AcDbLine
 10
-34.83322954944858
 20
24.158033480129184
 30
0.0
 11
-34.906254479484254
 21
24.072814462876437
 31
0.0
  0
LINE
  5
40C
330
17
100
AcDbEntity
  8
0
100
AcDbLine
 10
-34.906254479484254
 20
24.072814462876437
 30
0.0
 11
-34.97907466648002
 21
23.98751763783092
 31
0.0
  0
LINE
  5
40D
330
17
100
AcDbEntity
  8
0
100
AcDbLine
 10
-34.97907466648002
 20
23.98751763783092
 30
0.0
 11
-35.05169034585253
 21
23.902143513393575
 31
0.0
  0
LINE
  5
40E
330
17
100
AcDbEntity
  8
0
100
AcDbLine
 10
-35.05169034585253
 20
23.902143513393575
 30
0.0
 11
-35.1241017546802
 21
23.81669259591213
 31
0.0
  0
LINE
  5
40F
330
17
100
AcDbEntity
  8
0
100
AcDbLine
 10
-35.1241017546802
 20
23.81669259591213
 30
0.0
 11
-35.19630913169339
 21
23.73116538967591
 31
0.0
  0
LINE
  5
410
330
17
100
AcDbEntity
  8
0
100
AcDbLine
 10
-35.19630913169339
 20
23.73116538967591
 30
0.0
 11
-35.268312717264706
 21
23.645562396910734
 31
0.0
  0
LINE
  5
411
330
17
100
AcDbEntity
  8
0
100
AcDbLine
 10
-35.268312717264706
 20
23.645562396910734
 30
0.0
 11
-35.3401128660245
 21
23.559883984288994
 31
0.0
  0
LINE
  5
412
330
17
100
AcDbEntity
  8
0
100
AcDbLine
 10
-35.3401128660245
 20
23.559883984288994
 30
0.0
 11
-35.41171004952936
 21
23.47413038442717
 31
0.0
  0
LINE
  5
413
330
17
100
AcDbEntity
  8
0
100
AcDbLine
 10
-35.41171004952936
 20
23.47413038442717
 30
0.0
 11
-35.483104523159916
 21
23.388302089856964
 31
0.0
  0
LINE
  5
414
330
17
100
AcDbEntity
  8
0
100
AcDbLine
 10
-35.483104523159916
 20
23.388302089856964
 30
0.0
 11
-35.554296537634826
 21
23.302399598527764
 31
0.0
  0
LINE
  5
415
330
17
100
AcDbEntity
  8
0
100
AcDbLine
 10
-35.554296537634826
 20
23.302399598527764
 30
0.0
 11
-35.62528634531921
 21
23.216423406260176
 31
0.0
  0
LINE
  5
416
330
17
100
AcDbEntity
  8
0
100
AcDbLine
 10
-35.62528634531921
 20
23.216423406260176
 30
0.0
 11
-35.69607420021455
 21
23.13037400674098
 31
0.0
  0
LINE
  5
417
330
17
100
AcDbEntity
  8
0
100
AcDbLine
 10
-35.69607420021455
 20
23.13037400674098
 30
0.0
 11
-35.766660357948545
 21
23.04425189151815
 31
0.0
  0
LINE
  5
418
330
17
100
AcDbEntity
  8
0
100
AcDbLine
 10
-35.766660357948545
 20
23.04425189151815
 30
0.0
 11
-35.83704507576509
 21
22.958057549995743
 31
0.0
  0
LINE
  5
419
330
17
100
AcDbEntity
  8
0
100
AcDbLine
 10
-35.83704507576509
 20
22.958057549995743
 30
0.0
 11
-35.90722855538089
 21
22.871791539096677
 31
0.0
  0
LINE
  5
41A
330
17
100
AcDbEntity
  8
0
100
AcDbLine
 10
-35.90722855538089
 20
22.871791539096677
 30
0.0
 11
-35.97721097823907
 21
22.78545443812446
 31
0.0
  0
LINE
  5
41B
330
17
100
AcDbEntity
  8
0
100
AcDbLine
 10
-35.97721097823907
 20
22.78545443812446
 30
0.0
 11
-36.04699260435717
 21
22.699046728995256
 31
0.0
  0
LINE
  5
41C
330
17
100
AcDbEntity
  8
0
100
AcDbLine
 10
-36.04699260435717
 20
22.699046728995256
 30
0.0
 11
-36.11657369576374
 21
22.61256889091755
 31
0.0
  0
LINE
  5
41D
330
17
100
AcDbEntity
  8
0
100
AcDbLine
 10
-36.11657369576374
 20
22.61256889091755
 30
0.0
 11
-36.185954516031835
 21
22.526021400948053
 31
0.0
  0
LINE
  5
41E
330
17
100
AcDbEntity
  8
0
100
AcDbLine
 10
-36.185954516031835
 20
22.526021400948053
 30
0.0
 11
-36.255135330268786
 21
22.439404733987082
 31
0.0
  0
LINE
  5
41F
330
17
100
AcDbEntity
  8
0
100
AcDbLine
 10
-36.255135330268786
 20
22.439404733987082
 30
0.0
 11
-36.32411640510616
 21
22.352719362773975
 31
0.0
  0
LINE
  5
420
330
17
100
AcDbEntity
  8
0
100
AcDbLine
 10
-36.32411640510616
 20
22.352719362773975
 30
0.0
 11
-36.39289800864218
 21
22.265965757942652
 31
0.0
  0
LINE
  5
421
330
17
100
AcDbEntity
  8
0
100
AcDbLine
 10
-36.39289800864218
 20
22.265965757942652
 30
0.0
 11
-36.46148034364734
 21
22.17914447178901
 31
0.0
  0
LINE
  5
422
330
17
100
AcDbEntity
  8
0
100
AcDbLine
 10
-36.46148034364734
 20
22.17914447178901
 30
0.0
 11
-36.529863620178475
 21
22.092256044869025
 31
0.0
  0
LINE
  5
423
330
17
100
AcDbEntity
  8
0
100
AcDbLine
 10
-36.529863620178475
 20
22.092256044869025
 30
0.0
 11
-36.59804810935262
 21
22.005300939760254
 31
0.0
  0
LINE
  5
424
330
17
100
AcDbEntity
  8
0
100
AcDbLine
 10
-36.59804810935262
 20
22.005300939760254
 30
0.0
 11
-36.666034083740534
 21
21.918279616873015
 31
0.0
  0
LINE
  5
425
330
17
100
AcDbEntity
  8
0
100
AcDbLine
 10
-36.666034083740534
 20
21.918279616873015
 30
0.0
 11
-36.73382181735655
 21
21.831192534446053
 31
0.0
  0
LINE
  5
426
330
17
100
AcDbEntity
  8
0
100
AcDbLine
 10
-36.73382181735655
 20
21.831192534446053
 30
0.0
 11
-36.80141158564841
 21
21.74404014854258
 31
0.0
  0
LINE
  5
427
330
17
100
AcDbEntity
  8
0
100
AcDbLine
 10
-36.80141158564841
 20
21.74404014854258
 30
0.0
 11
-36.868803665487064
 21
21.65682291304622
 31
0.0
  0
LINE
  5
428
330
17
100
AcDbEntity
  8
0
100
AcDbLine
 10
-36.868803665487064
 20
21.65682291304622
 30
0.0
 11
-36.9359983369984
 21
21.569541277263568
 31
0.0
  0
LINE
  5
429
330
17
100
AcDbEntity
  8
0
100
AcDbLine
 10
-36.9359983369984
 20
21.569541277263568
 30
0.0
 11
-37.002996001743725
 21
21.482195533504758
 31
0.0
  0
LINE
  5
42A
330
17
100
AcDbEntity
  8
0
100
AcDbLine
 10
-37.002996001743725
 20
21.482195533504758
 30
0.0
 11
-37.06979701600639
 21
21.39478603610373
 31
0.0
  0
LINE
  5
42B
330
17
100
AcDbEntity
  8
0
100
AcDbLine
 10
-37.06979701600639
 20
21.39478603610373
 30
0.0
 11
-37.13640166467295
 21
21.307313232453502
 31
0.0
  0
LINE
  5
42C
330
17
100
AcDbEntity
  8
0
100
AcDbLine
 10
-37.13640166467295
 20
21.307313232453502
 30
0.0
 11
-37.20281023403251
 21
21.219777567723142
 31
0.0
  0
LINE
  5
42D
330
17
100
AcDbEntity
  8
0
100
AcDbLine
 10
-37.20281023403251
 20
21.219777567723142
 30
0.0
 11
-37.26902301176627
 21
21.132179484853907
 31
0.0
  0
LINE
  5
42E
330
17
100
AcDbEntity
  8
0
100
AcDbLine
 10
-37.26902301176627
 20
21.132179484853907
 30
0.0
 11
-37.33504028693713
 21
21.044519424555553
 31
0.0
  0
LINE
  5
42F
330
17
100
AcDbEntity
  8
0
100
AcDbLine
 10
-37.33504028693713
 20
21.044519424555553
 30
0.0
 11
-37.400862349979306
 21
20.956797825302345
 31
0.0
  0
LINE
  5
430
330
17
100
AcDbEntity
  8
0
100
AcDbLine
 10
-37.400862349979306
 20
20.956797825302345
 30
0.0
 11
-37.466489489433954
 21
20.869015127678317
 31
0.0
  0
LINE
  5
431
330
17
100
AcDbEntity
  8
0
100
AcDbLine
 10
-37.466489489433954
 20
20.869015127678317
 30
0.0
 11
-37.53192192469454
 21
20.7811718634579
 31
0.0
  0
LINE
  5
432
330
17
100
AcDbEntity
  8
0
100
AcDbLine
 10
-37.53192192469454
 20
20.7811718634579
 30
0.0
 11
-37.59715991864194
 21
20.693268503869
 31
0.0
  0
LINE
  5
433
330
17
100
AcDbEntity
  8
0
100
AcDbLine
 10
-37.59715991864194
 20
20.693268503869
 30
0.0
 11
-37.6622037657233
 21
20.6053054771823
 31
0.0
  0
LINE
  5
434
330
17
100
AcDbEntity
  8
0
100
AcDbLine
 10
-37.6622037657233
 20
20.6053054771823
 30
0.0
 11
-37.72705376168815
 21
20.51728320942898
 31
0.0
  0
LINE
  5
435
330
17
100
AcDbEntity
  8
0
100
AcDbLine
 10
-37.72705376168815
 20
20.51728320942898
 30
0.0
 11
-37.79171020357813
 21
20.429202124397186
 31
0.0
  0
LINE
  5
436
330
17
100
AcDbEntity
  8
0
100
AcDbLine
 10
-37.79171020357813
 20
20.429202124397186
 30
0.0
 11
-37.85617338971652
 21
20.34106264362883
 31
0.0
  0
LINE
  5
437
330
17
100
AcDbEntity
  8
0
100
AcDbLine
 10
-37.85617338971652
 20
20.34106264362883
 30
0.0
 11
-37.92044361969777
 21
20.252865186416265
 31
0.0
  0
LINE
  5
438
330
17
100
AcDbEntity
  8
0
100
AcDbLine
 10
-37.92044361969777
 20
20.252865186416265
 30
0.0
 11
-37.984521200505505
 21
20.164610161375172
 31
0.0
  0
LINE
  5
439
330
17
100
AcDbEntity
  8
0
100
AcDbLine
 10
-37.984521200505505
 20
20.164610161375172
 30
0.0
 11
-38.04840650509838
 21
20.07629788676848
 31
0.0
  0
LINE
  5
43A
330
17
100
AcDbEntity
  8
0
100
AcDbLine
 10
-38.04840650509838
 20
20.07629788676848
 30
0.0
 11
-38.112099858023576
 21
19.987928748624995
 31
0.0
  0
LINE
  5
43B
330
17
100
AcDbEntity
  8
0
100
AcDbLine
 10
-38.112099858023576
 20
19.987928748624995
 30
0.0
 11
-38.175601565132354
 21
19.899503158303233
 31
0.0
  0
LINE
  5
43C
330
17
100
AcDbEntity
  8
0
100
AcDbLine
 10
-38.175601565132354
 20
19.899503158303233
 30
0.0
 11
-38.23891193350966
 21
19.8110215248836
 31
0.0
  0
LINE
  5
43D
330
17
100
AcDbEntity
  8
0
100
AcDbLine
 10
-38.23891193350966
 20
19.8110215248836
 30
0.0
 11
-38.302031271463576
 21
19.72248425516549
 31
0.0
  0
LINE
  5
43E
330
17
100
AcDbEntity
  8
0
100
AcDbLine
 10
-38.302031271463576
 20
19.72248425516549
 30
0.0
 11
-38.364959888514626
 21
19.63389175366426
 31
0.0
  0
LINE
  5
43F
330
17
100
AcDbEntity
  8
0
100
AcDbLine
 10
-38.364959888514626
 20
19.63389175366426
 30
0.0
 11
-38.42769809538527
 21
19.545244422608306
 31
0.0
  0
LINE
  5
440
330
17
100
AcDbEntity
  8
0
100
AcDbLine
 10
-38.42769809538527
 20
19.545244422608306
 30
0.0
 11
-38.4902462150528
 21
19.456542646296946
 31
0.0
  0
LINE
  5
441
330
17
100
AcDbEntity
  8
0
100
AcDbLine
 10
-38.4902462150528
 20
19.456542646296946
 30
0.0
 11
-38.55260463748457
 21
19.367786714820845
 31
0.0
  0
LINE
  5
442
330
17
100
AcDbEntity
  8
0
100
AcDbLine
 10
-38.55260463748457
 20
19.367786714820845
 30
0.0
 11
-38.61477369281462
 21
19.278977004057587
 31
0.0
  0
LINE
  5
443
330
17
100
AcDbEntity
  8
0
100
AcDbLine
 10
-38.61477369281462
 20
19.278977004057587
 30
0.0
 11
-38.67675369786014
 21
19.190113908205966
 31
0.0
  0
LINE
  5
444
330
17
100
AcDbEntity
  8
0
100
AcDbLine
 10
-38.67675369786014
 20
19.190113908205966
 30
0.0
 11
-38.73854497060279
 21
19.101197819150094
 31
0.0
  0
LINE
  5
445
330
17
100
AcDbEntity
  8
0
100
AcDbLine
 10
-38.73854497060279
 20
19.101197819150094
 30
0.0
 11
-38.80014783017787
 21
19.01222912645681
 31
0.0
  0
LINE
  5
446
330
17
100
AcDbEntity
  8
0
100
AcDbLine
 10
-38.80014783017787
 20
19.01222912645681
 30
0.0
 11
-38.86156259686368
 21
18.92320821737296
 31
0.0
  0
LINE
  5
447
330
17
100
AcDbEntity
  8
0
100
AcDbLine
 10
-38.86156259686368
 20
18.92320821737296
 30
0.0
 11
-38.92278959207069
 21
18.834135476822972
 31
0.0
  0
LINE
  5
448
330
17
100
AcDbEntity
  8
0
100
AcDbLine
 10
-38.92278959207069
 20
18.834135476822972
 30
0.0
 11
-38.98382914616387
 21
18.745011276019767
 31
0.0
  0
LINE
  5
449
330
17
100
AcDbEntity
  8
0
100
AcDbLine
 10
-38.98382914616387
 20
18.745011276019767
 30
0.0
 11
-39.044681618284066
 21
18.655835944250178
 31
0.0
  0
LINE
  5
44A
330
17
100
AcDbEntity
  8
0
100
AcDbLine
 10
-39.044681618284066
 20
18.655835944250178
 30
0.0
 11
-39.10534733808218
 21
18.566609853770267
 31
0.0
  0
LINE
  5
44B
330
17
100
AcDbEntity
  8
0
100
AcDbLine
 10
-39.10534733808218
 20
18.566609853770267
 30
0.0
 11
-39.165826632057815
 21
18.477333380716914
 31
0.0
  0
LINE
  5
44C
330
17
100
AcDbEntity
  8
0
100
AcDbLine
 10
-39.165826632057815
 20
18.477333380716914
 30
0.0
 11
-39.226119827796076
 21
18.38800689888587
 31
0.0
  0
LINE
  5
44D
330
17
100
AcDbEntity
  8
0
100
AcDbLine
 10
-39.226119827796076
 20
18.38800689888587
 30
0.0
 11
-39.2862272539568
 21
18.29863077972967
 31
0.0
  0
LINE
  5
44E
330
17
100
AcDbEntity
  8
0
100
AcDbLine
 10
-39.2862272539568
 20
18.29863077972967
 30
0.0
 11
-39.346149240263614
 21
18.20920539235535
 31
0.0
  0
LINE
  5
44F
330
17
100
AcDbEntity
  8
0
100
AcDbLine
 10
-39.346149240263614
 20
18.20920539235535
 30
0.0
 11
-39.40588611749311
 21
18.11973110352237
 31
0.0
  0
LINE
  5
450
330
17
100
AcDbEntity
  8
0
100
AcDbLine
 10
-39.40588611749311
 20
18.11973110352237
 30
0.0
 11
-39.465438215382484
 21
18.03020828075187
 31
0.0
  0
LINE
  5
451
330
17
100
AcDbEntity
  8
0
100
AcDbLine
 10
-39.465438215382484
 20
18.03020828075187
 30
0.0
 11
-39.52480586036948
 21
17.940637295549372
 31
0.0
  0
LINE
  5
452
330
17
100
AcDbEntity
  8
0
100
AcDbLine
 10
-39.52480586036948
 20
17.940637295549372
 30
0.0
 11
-39.583989385757874
 21
17.85101850818021
 31
0.0
  0
LINE
  5
453
330
17
100
AcDbEntity
  8
0
100
AcDbLine
 10
-39.583989385757874
 20
17.85101850818021
 30
0.0
 11
-39.64298912629787
 21
17.76135227589524
 31
0.0
  0
LINE
  5
454
330
17
100
AcDbEntity
  8
0
100
AcDbLine
 10
-39.64298912629787
 20
17.76135227589524
 30
0.0
 11
-39.701805417736836
 21
17.671638953589124
 31
0.0
  0
LINE
  5
455
330
17
100
AcDbEntity
  8
0
100
AcDbLine
 10
-39.701805417736836
 20
17.671638953589124
 30
0.0
 11
-39.760438596808314
 21
17.58187889379854
 31
0.0
  0
LINE
  5
456
330
17
100
AcDbEntity
  8
0
100
AcDbLine
 10
-39.760438596808314
 20
17.58187889379854
 30
0.0
 11
-39.81888900122123
 21
17.4920724467003
 31
0.0
  0
LINE
  5
457
330
17
100
AcDbEntity
  8
0
100
AcDbLine
 10
-39.81888900122123
 20
17.4920724467003
 30
0.0
 11
-39.87715696964892
 21
17.40221996010979
 31
0.0
  0
LINE
  5
458
330
17
100
AcDbEntity
  8
0
100
AcDbLine
 10
-39.87715696964892
 20
17.40221996010979
 30
0.0
 11
-39.93524294862448
 21
17.312321615162638
 31
0.0
  0
LINE
  5
459
330
17
100
AcDbEntity
  8
0
100
AcDbLine
 10
-39.93524294862448
 20
17.312321615162638
 30
0.0
 11
-39.99314750605902
 21
17.222377411682906
 31
0.0
  0
LINE
  5
45A
330
17
100
AcDbEntity
  8
0
100
AcDbLine
 10
-39.99314750605902
 20
17.222377411682906
 30
0.0
 11
-40.050870995619064
 21
17.13238768311829
 31
0.0
  0
LINE
  5
45B
330
17
100
AcDbEntity
  8
0
100
AcDbLine
 10
-40.050870995619064
 20
17.13238768311829
 30
0.0
 11
-40.10841376482881
 21
17.042352771516377
 31
0.0
  0
LINE
  5
45C
330
17
100
AcDbEntity
  8
0
100
AcDbLine
 10
-40.10841376482881
 20
17.042352771516377
 30
0.0
 11
-40.165776162174204
 21
16.952273016506147
 31
0.0
  0
LINE
  5
45D
330
17
100
AcDbEntity
  8
0
100
AcDbLine
 10
-40.165776162174204
 20
16.952273016506147
 30
0.0
 11
-40.222958537091706
 21
16.862148755296325
 31
0.0
  0
LINE
  5
45E
330
17
100
AcDbEntity
  8
0
100
AcDbLine
 10
-40.222958537091706
 20
16.862148755296325
 30
0.0
 11
-40.27996123995705
 21
16.771980322673905
 31
0.0
  0
LINE
  5
45F
330
17
100
AcDbEntity
  8
0
100
AcDbLine
 10
-40.27996123995705
 20
16.771980322673905
 30
0.0
 11
-40.33678462207398
 21
16.6817680510028
 31
0.0
  0
LINE
  5
460
330
17
100
AcDbEntity
  8
0
100
AcDbLine
 10
-40.33678462207398
 20
16.6817680510028
 30
0.0
 11
-40.39342892811611
 21
16.591512440188048
 31
0.0
  0
LINE
  5
461
330
17
100
AcDbEntity
  8
0
100
AcDbLine
 10
-40.39342892811611
 20
16.591512440188048
 30
0.0
 11
-40.4498943543946
 21
16.50121405997111
 31
0.0
  0
LINE
  5
462
330
17
100
AcDbEntity
  8
0
100
AcDbLine
 10
-40.4498943543946
 20
16.50121405997111
 30
0.0
 11
-40.506181249672416
 21
16.41087323447585
 31
0.0
  0
LINE
  5
463
330
17
100
AcDbEntity
  8
0
100
AcDbLine
 10
-40.506181249672416
 20
16.41087323447585
 30
0.0
 11
-40.562289964758584
 21
16.320490283520584
 31
0.0
  0
LINE
  5
464
330
17
100
AcDbEntity
  8
0
100
AcDbLine
 10
-40.562289964758584
 20
16.320490283520584
 30
0.0
 11
-40.61822085129347
 21
16.2300655245336
 31
0.0
  0
LINE
  5
465
330
17
100
AcDbEntity
  8
0
100
AcDbLine
 10
-40.61822085129347
 20
16.2300655245336
 30
0.0
 11
-40.67397426173772
 21
16.139599272552196
 31
0.0
  0
LINE
  5
466
330
17
100
AcDbEntity
  8
0
100
AcDbLine
 10
-40.67397426173772
 20
16.139599272552196
 30
0.0
 11
-40.72955054936117
 21
16.049091840221706
 31
0.0
  0
LINE
  5
467
330
17
100
AcDbEntity
  8
0
100
AcDbLine
 10
-40.72955054936117
 20
16.049091840221706
 30
0.0
 11
-40.78495006826859
 21
15.95854353773452
 31
0.0
  0
LINE
  5
468
330
17
100
AcDbEntity
  8
0
100
AcDbLine
 10
-40.78495006826859
 20
15.95854353773452
 30
0.0
 11
-40.84017337570139
 21
15.867954344085987
 31
0.0
  0
LINE
  5
469
330
17
100
AcDbEntity
  8
0
100
AcDbLine
 10
-40.84017337570139
 20
15.867954344085987
 30
0.0
 11
-40.89522102319502
 21
15.777324256156795
 31
0.0
  0
LINE
  5
46A
330
17
100
AcDbEntity
  8
0
100
AcDbLine
 10
-40.89522102319502
 20
15.777324256156795
 30
0.0
 11
-40.95009337341534
 21
15.68665358128451
 31
0.0
  0
LINE
  5
46B
330
17
100
AcDbEntity
  8
0
100
AcDbLine
 10
-40.95009337341534
 20
15.68665358128451
 30
0.0
 11
-41.0047907898427
 21
15.595942624351082
 31
0.0
  0
LINE
  5
46C
330
17
100
AcDbEntity
  8
0
100
AcDbLine
 10
-41.0047907898427
 20
15.595942624351082
 30
0.0
 11
-41.059313636760464
 21
15.505191687782172
 31
0.0
  0
LINE
  5
46D
330
17
100
AcDbEntity
  8
0
100
AcDbLine
 10
-41.059313636760464
 20
15.505191687782172
 30
0.0
 11
-41.11366227924371
 21
15.41440107154638
 31
0.0
  0
LINE
  5
46E
330
17
100
AcDbEntity
  8
0
100
AcDbLine
 10
-41.11366227924371
 20
15.41440107154638
 30
0.0
 11
-41.167837083147674
 21
15.323571073154596
 31
0.0
  0
LINE
  5
46F
330
17
100
AcDbEntity
  8
0
100
AcDbLine
 10
-41.167837083147674
 20
15.323571073154596
 30
0.0
 11
-41.22183841330393
 21
15.232701990676986
 31
0.0
  0
LINE
  5
470
330
17
100
AcDbEntity
  8
0
100
AcDbLine
 10
-41.22183841330393
 20
15.232701990676986
 30
0.0
 11
-41.27566649286984
 21
15.141794357594215
 31
0.0
  0
LINE
  5
471
330
17
100
AcDbEntity
  8
0
100
AcDbLine
 10
-41.27566649286984
 20
15.141794357594215
 30
0.0
 11
-41.32932159596558
 21
15.050848614382339
 31
0.0
  0
LINE
  5
472
330
17
100
AcDbEntity
  8
0
100
AcDbLine
 10
-41.32932159596558
 20
15.050848614382339
 30
0.0
 11
-41.382804087556785
 21
14.9598650461757
 31
0.0
  0
LINE
  5
473
330
17
100
AcDbEntity
  8
0
100
AcDbLine
 10
-41.382804087556785
 20
14.9598650461757
 30
0.0
 11
-41.4361143332955
 21
14.868843935685632
 31
0.0
  0
LINE
  5
474
330
17
100
AcDbEntity
  8
0
100
AcDbLine
 10
-41.4361143332955
 20
14.868843935685632
 30
0.0
 11
-41.489252699509
 21
14.777785563200112
 31
0.0
  0
LINE
  5
475
330
17
100
AcDbEntity
  8
0
100
AcDbLine
 10
-41.489252699509
 20
14.777785563200112
 30
0.0
 11
-41.54221955318851
 21
14.686690206583805
 31
0.0
  0
LINE
  5
476
330
17
100
AcDbEntity
  8
0
100
AcDbLine
 10
-41.54221955318851
 20
14.686690206583805
 30
0.0
 11
-41.5950152619779
 21
14.595558141277976
 31
0.0
  0
LINE
  5
477
330
17
100
AcDbEntity
  8
0
100
AcDbLine
 10
-41.5950152619779
 20
14.595558141277976
 30
0.0
 11
-41.647640202019794
 21
14.504389626699375
 31
0.0
  0
LINE
  5
478
330
17
100
AcDbEntity
  8
0
100
AcDbLine
 10
-41.647640202019794
 20
14.504389626699375
 30
0.0
 11
-41.700094940116514
 21
14.413184593839443
 31
0.0
  0
LINE
  5
479
330
17
100
AcDbEntity
  8
0
100
AcDbLine
 10
-41.700094940116514
 20
14.413184593839443
 30
0.0
 11
-41.75237993548458
 21
14.321943166105363
 31
0.0
  0
LINE
  5
47A
330
17
100
AcDbEntity
  8
0
100
AcDbLine
 10
-41.75237993548458
 20
14.321943166105363
 30
0.0
 11
-41.80449556320824
 21
14.230665612333553
 31
0.0
  0
LINE
  5
47B
330
17
100
AcDbEntity
  8
0
100
AcDbLine
 10
-41.80449556320824
 20
14.230665612333553
 30
0.0
 11
-41.85644219901282
 21
14.13935219889127
 31
0.0
  0
LINE
  5
47C
330
17
100
AcDbEntity
  8
0
100
AcDbLine
 10
-41.85644219901282
 20
14.13935219889127
 30
0.0
 11
-41.90822021925316
 21
14.048003189676745
 31
0.0
  0
LINE
  5
47D
330
17
100
AcDbEntity
  8
0
100
AcDbLine
 10
-41.90822021925316
 20
14.048003189676745
 30
0.0
 11
-41.95983000090214
 21
13.95661884611934
 31
0.0
  0
LINE
  5
47E
330
17
100
AcDbEntity
  8
0
100
AcDbLine
 10
-41.95983000090214
 20
13.95661884611934
 30
0.0
 11
-42.01127192153909
 21
13.86519942717986
 31
0.0
  0
LINE
  5
47F
330
17
100
AcDbEntity
  8
0
100
AcDbLine
 10
-42.01127192153909
 20
13.86519942717986
 30
0.0
 11
-42.06254633923932
 21
13.773745225124461
 31
0.0
  0
LINE
  5
480
330
17
100
AcDbEntity
  8
0
100
AcDbLine
 10
-42.06254633923932
 20
13.773745225124461
 30
0.0
 11
-42.11365338241864
 21
13.682256935260124
 31
0.0
  0
LINE
  5
481
330
17
100
AcDbEntity
  8
0
100
AcDbLine
 10
-42.11365338241864
 20
13.682256935260124
 30
0.0
 11
-42.16459335075855
 21
13.590734937618784
 31
0.0
  0
LINE
  5
482
330
17
100
AcDbEntity
  8
0
100
AcDbLine
 10
-42.16459335075855
 20
13.590734937618784
 30
0.0
 11
-42.21536661811299
 21
13.49917947767705
 31
0.0
  0
LINE
  5
483
330
17
100
AcDbEntity
  8
0
100
AcDbLine
 10
-42.21536661811299
 20
13.49917947767705
 30
0.0
 11
-42.26597355883179
 21
13.407590798501058
 31
0.0
  0
LINE
  5
484
330
17
100
AcDbEntity
  8
0
100
AcDbLine
 10
-42.26597355883179
 20
13.407590798501058
 30
0.0
 11
-42.316414547749645
 21
13.315969140747164
 31
0.0
  0
LINE
  5
485
330
17
100
AcDbEntity
  8
0
100
AcDbLine
 10
-42.316414547749645
 20
13.315969140747164
 30
0.0
 11
-42.3666899601747
 21
13.224314742662727
 31
0.0
  0
LINE
  5
486
330
17
100
AcDbEntity
  8
0
100
AcDbLine
 10
-42.3666899601747
 20
13.224314742662727
 30
0.0
 11
-42.41680017187746
 21
13.132627840087117
 31
0.0
  0
LINE
  5
487
330
17
100
AcDbEntity
  8
0
100
AcDbLine
 10
-42.41680017187746
 20
13.132627840087117
 30
0.0
 11
-42.46674556018765
 21
13.040908664424279
 31
0.0
  0
LINE
  5
488
330
17
100
AcDbEntity
  8
0
100
AcDbLine
 10
-42.46674556018765
 20
13.040908664424279
 30
0.0
 11
-42.516526509944555
 21
12.949157431899266
 31
0.0
  0
LINE
  5
489
330
17
100
AcDbEntity
  8
0
100
AcDbLine
 10
-42.516526509944555
 20
12.949157431899266
 30
0.0
 11
-42.5661434000521
 21
12.857374368262068
 31
0.0
  0
LINE
  5
48A
330
17
100
AcDbEntity
  8
0
100
AcDbLine
 10
-42.5661434000521
 20
12.857374368262068
 30
0.0
 11
-42.615596608214766
 21
12.765559699842406
 31
0.0
  0
LINE
  5
48B
330
17
100
AcDbEntity
  8
0
100
AcDbLine
 10
-42.615596608214766
 20
12.765559699842406
 30
0.0
 11
-42.66488651254478
 21
12.673713650565212
 31
0.0
  0
LINE
  5
48C
330
17
100
AcDbEntity
  8
0
100
AcDbLine
 10
-42.66488651254478
 20
12.673713650565212
 30
0.0
 11
-42.714013491551015
 21
12.581836441951854
 31
0.0
  0
LINE
  5
48D
330
17
100
AcDbEntity
  8
0
100
AcDbLine
 10
-42.714013491551015
 20
12.581836441951854
 30
0.0
 11
-42.762977924127554
 21
12.489928293121359
 31
0.0
  0
LINE
  5
48E
330
17
100
AcDbEntity
  8
0
100
AcDbLine
 10
-42.762977924127554
 20
12.489928293121359
 30
0.0
 11
-42.81178018954264
 21
12.397989420791646
 31
0.0
  0
LINE
  5
48F
330
17
100
AcDbEntity
  8
0
100
AcDbLine
 10
-42.81178018954264
 20
12.397989420791646
 30
0.0
 11
-42.86042062331546
 21
12.30602012229281
 31
0.0
  0
LINE
  5
490
330
17
100
AcDbEntity
  8
0
100
AcDbLine
 10
-42.86042062331546
 20
12.30602012229281
 30
0.0
 11
-42.90889939462537
 21
12.214021001081996
 31
0.0
  0
LINE
  5
491
330
17
100
AcDbEntity
  8
0
100
AcDbLine
 10
-42.90889939462537
 20
12.214021001081996
 30
0.0
 11
-42.957216851887225
 21
12.121992314414289
 31
0.0
  0
LINE
  5
492
330
17
100
AcDbEntity
  8
0
100
AcDbLine
 10
-42.957216851887225
 20
12.121992314414289
 30
0.0
 11
-43.00537337050831
 21
12.029934266533655
 31
0.0
  0
LINE
  5
493
330
17
100
AcDbEntity
  8
0
100
AcDbLine
 10
-43.00537337050831
 20
12.029934266533655
 30
0.0
 11
-43.053369326171406
 21
11.937847059337741
 31
0.0
  0
LINE
  5
494
330
17
100
AcDbEntity
  8
0
100
AcDbLine
 10
-43.053369326171406
 20
11.937847059337741
 30
0.0
 11
-43.101205094823754
 21
11.845730892379443
 31
0.0
  0
LINE
  5
495
330
17
100
AcDbEntity
  8
0
100
AcDbLine
 10
-43.101205094823754
 20
11.845730892379443
 30
0.0
 11
-43.148881052666155
 21
11.75358596286873
 31
0.0
  0
LINE
  5
496
330
17
100
AcDbEntity
  8
0
100
AcDbLine
 10
-43.148881052666155
 20
11.75358596286873
 30
0.0
 11
-43.196397576142054
 21
11.661412465674452
 31
0.0
  0
LINE
  5
497
330
17
100
AcDbEntity
  8
0
100
AcDbLine
 10
-43.196397576142054
 20
11.661412465674452
 30
0.0
 11
-43.24375502989607
 21
11.569210616605897
 31
0.0
  0
LINE
  5
498
330
17
100
AcDbEntity
  8
0
100
AcDbLine
 10
-43.24375502989607
 20
11.569210616605897
 30
0.0
 11
-43.290953751862865
 21
11.476980680068664
 31
0.0
  0
LINE
  5
499
330
17
100
AcDbEntity
  8
0
100
AcDbLine
 10
-43.290953751862865
 20
11.476980680068664
 30
0.0
 11
-43.33799411525527
 21
11.384722848960923
 31
0.0
  0
LINE
  5
49A
330
17
100
AcDbEntity
  8
0
100
AcDbLine
 10
-43.33799411525527
 20
11.384722848960923
 30
0.0
 11
-43.3848764963447
 21
11.292437308261789
 31
0.0
  0
LINE
  5
49B
330
17
100
AcDbEntity
  8
0
100
AcDbLine
 10
-43.3848764963447
 20
11.292437308261789
 30
0.0
 11
-43.43160127158242
 21
11.200124240628195
 31
0.0
  0
LINE
  5
49C
330
17
100
AcDbEntity
  8
0
100
AcDbLine
 10
-43.43160127158242
 20
11.200124240628195
 30
0.0
 11
-43.47816881758872
 21
11.10778382639706
 31
0.0
  0
LINE
  5
49D
330
17
100
AcDbEntity
  8
0
100
AcDbLine
 10
-43.47816881758872
 20
11.10778382639706
 30
0.0
 11
-43.52457951114193
 21
11.015416243587524
 31
0.0
  0
LINE
  5
49E
330
17
100
AcDbEntity
  8
0
100
AcDbLine
 10
-43.52457951114193
 20
11.015416243587524
 30
0.0
 11
-43.57083372916776
 21
10.923021667903082
 31
0.0
  0
LINE
  5
49F
330
17
100
AcDbEntity
  8
0
100
AcDbLine
 10
-43.57083372916776
 20
10.923021667903082
 30
0.0
 11
-43.616931771622006
 21
10.830600426164914
 31
0.0
  0
LINE
  5
4A0
330
17
100
AcDbEntity
  8
0
100
AcDbLine
 10
-43.616931771622006
 20
10.830600426164914
 30
0.0
 11
-43.66287384330095
 21
10.738153025860452
 31
0.0
  0
LINE
  5
4A1
330
17
100
AcDbEntity
  8
0
100
AcDbLine
 10
-43.66287384330095
 20
10.738153025860452
 30
0.0
 11
-43.708660310463095
 21
10.645679645277522
 31
0.0
  0
LINE
  5
4A2
330
17
100
AcDbEntity
  8
0
100
AcDbLine
 10
-43.708660310463095
 20
10.645679645277522
 30
0.0
 11
-43.75429154546838
 21
10.55318044833161
 31
0.0
  0
LINE
  5
4A3
330
17
100
AcDbEntity
  8
0
100
AcDbLine
 10
-43.75429154546838
 20
10.55318044833161
 30
0.0
 11
-43.79976792073204
 21
10.460655596678933
 31
0.0
  0
LINE
  5
4A4
330
17
100
AcDbEntity
  8
0
100
AcDbLine
 10
-43.79976792073204
 20
10.460655596678933
 30
0.0
 11
-43.84508980871391
 21
10.368105249719054
 31
0.0
  0
LINE
  5
4A5
330
17
100
AcDbEntity
  8
0
100
AcDbLine
 10
-43.84508980871391
 20
10.368105249719054
 30
0.0
 11
-43.89025758190796
 21
10.275529564597392
 31
0.0
  0
LINE
  5
4A6
330
17
100
AcDbEntity
  8
0
100
AcDbLine
 10
-43.89025758190796
 20
10.275529564597392
 30
0.0
 11
-43.935271612831684
 21
10.18292869620796
 31
0.0
  0
LINE
  5
4A7
330
17
100
AcDbEntity
  8
0
100
AcDbLine
 10
-43.935271612831684
 20
10.18292869620796
 30
0.0
 11
-43.980132290201034
 21
10.090302764075247
 31
0.0
  0
LINE
  5
4A8
330
17
100
AcDbEntity
  8
0
100
AcDbLine
 10
-43.980132290201034
 20
10.090302764075247
 30
0.0
 11
-44.024840011442
 21
9.99765186891998
 31
0.0
  0
LINE
  5
4A9
330
17
100
AcDbEntity
  8
0
100
AcDbLine
 10
-44.024840011442
 20
9.99765186891998
 30
0.0
 11
-44.06939515015662
 21
9.904976158809706
 31
0.0
  0
LINE
  5
4AA
330
17
100
AcDbEntity
  8
0
100
AcDbLine
 10
-44.06939515015662
 20
9.904976158809706
 30
0.0
 11
-44.11379807969081
 21
9.812275780066912
 31
0.0
  0
LINE
  5
4AB
330
17
100
AcDbEntity
  8
0
100
AcDbLine
 10
-44.11379807969081
 20
9.812275780066912
 30
0.0
 11
-44.158049173367374
 21
9.719550876769294
 31
0.0
  0
LINE
  5
4AC
330
17
100
AcDbEntity
  8
0
100
AcDbLine
 10
-44.158049173367374
 20
9.719550876769294
 30
0.0
 11
-44.20214880447537
 21
9.626801590752642
 31
0.0
  0
LINE
  5
4AD
330
17
100
AcDbEntity
  8
0
100
AcDbLine
 10
-44.20214880447537
 20
9.626801590752642
 30
0.0
 11
-44.24609734625959
 21
9.534028061613931
 31
0.0
  0
LINE
  5
4AE
330
17
100
AcDbEntity
  8
0
100
AcDbLine
 10
-44.24609734625959
 20
9.534028061613931
 30
0.0
 11
-44.28989517190993
 21
9.441230426714132
 31
0.0
  0
LINE
  5
4AF
330
17
100
AcDbEntity
  8
0
100
AcDbLine
 10
-44.28989517190993
 20
9.441230426714132
 30
0.0
 11
-44.333542663990876
 21
9.348408801315
 31
0.0
  0
LINE
  5
4B0
330
17
100
AcDbEntity
  8
0
100
AcDbLine
 10
-44.333542663990876
 20
9.348408801315
 30
0.0
 11
-44.37704020525464
 21
9.255563298576401
 31
0.0
  0
LINE
  5
4B1
330
17
100
AcDbEntity
  8
0
100
AcDbLine
 10
-44.37704020525464
 20
9.255563298576401
 30
0.0
 11
-44.42038816906095
 21
9.162694049359345
 31
0.0
  0
LINE
  5
4B2
330
17
100
AcDbEntity
  8
0
100
AcDbLine
 10
-44.42038816906095
 20
9.162694049359345
 30
0.0
 11
-44.463586928675355
 21
9.06980118229787
 31
0.0
  0
LINE
  5
4B3
330
17
100
AcDbEntity
  8
0
100
AcDbLine
 10
-44.463586928675355
 20
9.06980118229787
 30
0.0
 11
-44.50663685725862
 21
8.976884823802266
 31
0.0
  0
LINE
  5
4B4
330
17
100
AcDbEntity
  8
0
100
AcDbLine
 10
-44.50663685725862
 20
8.976884823802266
 30
0.0
 11
-44.54953832785622
 21
8.88394509806242
 31
0.0
  0
LINE
  5
4B5
330
17
100
AcDbEntity
  8
0
100
AcDbLine
 10
-44.54953832785622
 20
8.88394509806242
 30
0.0
 11
-44.592291713387795
 21
8.790982127050949
 31
0.0
  0
LINE
  5
4B6
330
17
100
AcDbEntity
  8
0
100
AcDbLine
 10
-44.592291713387795
 20
8.790982127050949
 30
0.0
 11
-44.634897385675366
 21
8.697996032625607
 31
0.0
  0
LINE
  5
4B7
330
17
100
AcDbEntity
  8
0
100
AcDbLine
 10
-44.634897385675366
 20
8.697996032625607
 30
0.0
 11
-44.677355620980784
 21
8.604987140881242
 31
0.0
  0
LINE
  5
4B8
330
17
100
AcDbEntity
  8
0
100
AcDbLine
 10
-44.677355620980784
 20
8.604987140881242
 30
0.0
 11
-44.71966672530217
 21
8.51195570431516
 31
0.0
  0
LINE
  5
4B9
330
17
100
AcDbEntity
  8
0
100
AcDbLine
 10
-44.71966672530217
 20
8.51195570431516
 30
0.0
 11
-44.76183106744806
 21
8.41890183446624
 31
0.0
  0
LINE
  5
4BA
330
17
100
AcDbEntity
  8
0
100
AcDbLine
 10
-44.76183106744806
 20
8.41890183446624
 30
0.0
 11
-44.80384901602484
 21
8.325825640703123
 31
0.0
  0
LINE
  5
4BB
330
17
100
AcDbEntity
  8
0
100
AcDbLine
 10
-44.80384901602484
 20
8.325825640703123
 30
0.0
 11
-44.84572093942638
 21
8.232727230227809
 31
0.0
  0
LINE
  5
4BC
330
17
100
AcDbEntity
  8
0
100
AcDbLine
 10
-44.84572093942638
 20
8.232727230227809
 30
0.0
 11
-44.88744720582374
 21
8.139606708079182
 31
0.0
  0
LINE
  5
4BD
330
17
100
AcDbEntity
  8
0
100
AcDbLine
 10
-44.88744720582374
 20
8.139606708079182
 30
0.0
 11
-44.929028183155005
 21
8.046464177136713
 31
0.0
  0
LINE
  5
4BE
330
17
100
AcDbEntity
  8
0
100
AcDbLine
 10
-44.929028183155005
 20
8.046464177136713
 30
0.0
 11
-44.97046424059449
 21
7.953299734800272
 31
0.0
  0
LINE
  5
4BF
330
17
100
AcDbEntity
  8
0
100
AcDbLine
 10
-44.97046424059449
 20
7.953299734800272
 30
0.0
 11
-45.01175578726914
 21
7.860113386922595
 31
0.0
  0
LINE
  5
4C0
330
17
100
AcDbEntity
  8
0
100
AcDbLine
 10
-45.01175578726914
 20
7.860113386922595
 30
0.0
 11
-45.052903210376996
 21
7.7669051882986615
 31
0.0
  0
LINE
  5
4C1
330
17
100
AcDbEntity
  8
0
100
AcDbLine
 10
-45.052903210376996
 20
7.7669051882986615
 30
0.0
 11
-45.0939068782113
 21
7.673675233815896
 31
0.0
  0
LINE
  5
4C2
330
17
100
AcDbEntity
  8
0
100
AcDbLine
 10
-45.0939068782113
 20
7.673675233815896
 30
0.0
 11
-45.13476715878998
 21
7.580423616209252
 31
0.0
  0
LINE
  5
4C3
330
17
100
AcDbEntity
  8
0
100
AcDbLine
 10
-45.13476715878998
 20
7.580423616209252
 30
0.0
 11
-45.17548441984538
 21
7.487150426065142
 31
0.0
  0
LINE
  5
4C4
330
17
100
AcDbEntity
  8
0
100
AcDbLine
 10
-45.17548441984538
 20
7.487150426065142
 30
0.0
 11
-45.216059028813845
 21
7.393855751825317
 31
0.0
  0
LINE
  5
4C5
330
17
100
AcDbEntity
  8
0
100
AcDbLine
 10
-45.216059028813845
 20
7.393855751825317
 30
0.0
 11
-45.25649135282557
 21
7.300539679790738
 31
0.0
  0
LINE
  5
4C6
330
17
100
AcDbEntity
  8
0
100
AcDbLine
 10
-45.25649135282557
 20
7.300539679790738
 30
0.0
 11
-45.29678173210276
 21
7.207202355582261
 31
0.0
  0
LINE
  5
4C7
330
17
100
AcDbEntity
  8
0
100
AcDbLine
 10
-45.29678173210276
 20
7.207202355582261
 30
0.0
 11
-45.33693017519339
 21
7.113844679306332
 31
0.0
  0
LINE
  5
4C8
330
17
100
AcDbEntity
  8
0
100
AcDbLine
 10
-45.33693017519339
 20
7.113844679306332
 30
0.0
 11
-45.37693692687213
 21
7.020466982513103
 31
0.0
  0
LINE
  5
4C9
330
17
100
AcDbEntity
  8
0
100
AcDbLine
 10
-45.37693692687213
 20
7.020466982513103
 30
0.0
 11
-45.41680234148839
 21
6.927069338171947
 31
0.0
  0
LINE
  5
4CA
330
17
100
AcDbEntity
  8
0
100
AcDbLine
 10
-45.41680234148839
 20
6.927069338171947
 30
0.0
 11
-45.45652677296238
 21
6.8336518172268335
 31
0.0
  0
LINE
  5
4CB
330
17
100
AcDbEntity
  8
0
100
AcDbLine
 10
-45.45652677296238
 20
6.8336518172268335
 30
0.0
 11
-45.496110574775514
 21
6.740214488600525
 31
0.0
  0
LINE
  5
4CC
330
17
100
AcDbEntity
  8
0
100
AcDbLine
 10
-45.496110574775514
 20
6.740214488600525
 30
0.0
 11
-45.53555409996081
 21
6.646757419198746
 31
0.0
  0
LINE
  5
4CD
330
17
100
AcDbEntity
  8
0
100
AcDbLine
 10
-45.53555409996081
 20
6.646757419198746
 30
0.0
 11
-45.57485770109322
 21
6.553280673914436
 31
0.0
  0
LINE
  5
4CE
330
17
100
AcDbEntity
  8
0
100
AcDbLine
 10
-45.57485770109322
 20
6.553280673914436
 30
0.0
 11
-45.61402172973679
 21
6.459784316923976
 31
0.0
  0
LINE
  5
4CF
330
17
100
AcDbEntity
  8
0
100
AcDbLine
 10
-45.61402172973679
 20
6.459784316923976
 30
0.0
 11
-45.653046533256216
 21
6.366268419121493
 31
0.0
  0
LINE
  5
4D0
330
17
100
AcDbEntity
  8
0
100
AcDbLine
 10
-45.653046533256216
 20
6.366268419121493
 30
0.0
 11
-45.691932461775146
 21
6.272733041455361
 31
0.0
  0
LINE
  5
4D1
330
17
100
AcDbEntity
  8
0
100
AcDbLine
 10
-45.691932461775146
 20
6.272733041455361
 30
0.0
 11
-45.73067986580467
 21
6.179178240756013
 31
0.0
  0
LINE
  5
4D2
330
17
100
AcDbEntity
  8
0
100
AcDbLine
 10
-45.73067986580467
 20
6.179178240756013
 30
0.0
 11
-45.76928909534913
 21
6.085604071863838
 31
0.0
  0
LINE
  5
4D3
330
17
100
AcDbEntity
  8
0
100
AcDbLine
 10
-45.76928909534913
 20
6.085604071863838
 30
0.0
 11
-45.807760499896496
 21
5.9920105876337395
 31
0.0
  0
LINE
  5
4D4
330
17
100
AcDbEntity
  8
0
100
AcDbLine
 10
-45.807760499896496
 20
5.9920105876337395
 30
0.0
 11
-45.84609442840893
 21
5.898397838939498
 31
0.0
  0
LINE
  5
4D5
330
17
100
AcDbEntity
  8
0
100
AcDbLine
 10
-45.84609442840893
 20
5.898397838939498
 30
0.0
 11
-45.884291229313156
 21
5.804765874678353
 31
0.0
  0
LINE
  5
4D6
330
17
100
AcDbEntity
  8
0
100
AcDbLine
 10
-45.884291229313156
 20
5.804765874678353
 30
0.0
 11
-45.92235119208503
 21
5.711114884715631
 31
0.0
  0
LINE
  5
4D7
330
17
100
AcDbEntity
  8
0
100
AcDbLine
 10
-45.92235119208503
 20
5.711114884715631
 30
0.0
 11
-45.96027436934254
 21
5.6174456244068125
 31
0.0
  0
LINE
  5
4D8
330
17
100
AcDbEntity
  8
0
100
AcDbLine
 10
-45.96027436934254
 20
5.6174456244068125
 30
0.0
 11
-45.99806105884839
 21
5.52375823036726
 31
0.0
  0
LINE
  5
4D9
330
17
100
AcDbEntity
  8
0
100
AcDbLine
 10
-45.99806105884839
 20
5.52375823036726
 30
0.0
 11
-46.03571159716508
 21
5.4300527399109235
 31
0.0
  0
LINE
  5
4DA
330
17
100
AcDbEntity
  8
0
100
AcDbLine
 10
-46.03571159716508
 20
5.4300527399109235
 30
0.0
 11
-46.07322632021748
 21
5.336329188475922
 31
0.0
  0
LINE
  5
4DB
330
17
100
AcDbEntity
  8
0
100
AcDbLine
 10
-46.07322632021748
 20
5.336329188475922
 30
0.0
 11
-46.11060556328377
 21
5.242587609629258
 31
0.0
  0
LINE
  5
4DC
330
17
100
AcDbEntity
  8
0
100
AcDbLine
 10
-46.11060556328377
 20
5.242587609629258
 30
0.0
 11
-46.14784966098658
 21
5.148828035071347
 31
0.0
  0
LINE
  5
4DD
330
17
100
AcDbEntity
  8
0
100
AcDbLine
 10
-46.14784966098658
 20
5.148828035071347
 30
0.0
 11
-46.18495894728411
 21
5.0550504946408665
 31
0.0
  0
LINE
  5
4DE
330
17
100
AcDbEntity
  8
0
100
AcDbLine
 10
-46.18495894728411
 20
5.0550504946408665
 30
0.0
 11
-46.22193371247155
 21
4.961255124611402
 31
0.0
  0
LINE
  5
4DF
330
17
100
AcDbEntity
  8
0
100
AcDbLine
 10
-46.22193371247155
 20
4.961255124611402
 30
0.0
 11
-46.25877414263579
 21
4.867442313497271
 31
0.0
  0
LINE
  5
4E0
330
17
100
AcDbEntity
  8
0
100
AcDbLine
 10
-46.25877414263579
 20
4.867442313497271
 30
0.0
 11
-46.29548055307936
 21
4.773612113071316
 31
0.0
  0
LINE
  5
4E1
330
17
100
AcDbEntity
  8
0
100
AcDbLine
 10
-46.29548055307936
 20
4.773612113071316
 30
0.0
 11
-46.33205326994077
 21
4.6797645438896645
 31
0.0
  0
LINE
  5
4E2
330
17
100
AcDbEntity
  8
0
100
AcDbLine
 10
-46.33205326994077
 20
4.6797645438896645
 30
0.0
 11
-46.368492618622106
 21
4.585899624711164
 31
0.0
  0
LINE
  5
4E3
330
17
100
AcDbEntity
  8
0
100
AcDbLine
 10
-46.368492618622106
 20
4.585899624711164
 30
0.0
 11
-46.40479892378059
 21
4.492017372502069
 31
0.0
  0
LINE
  5
4E4
330
17
100
AcDbEntity
  8
0
100
AcDbLine
 10
-46.40479892378059
 20
4.492017372502069
 30
0.0
 11
-46.44097250931998
 21
4.398117802441011
 31
0.0
  0
LINE
  5
4E5
330
17
100
AcDbEntity
  8
0
100
AcDbLine
 10
-46.44097250931998
 20
4.398117802441011
 30
0.0
 11
-46.47701369838196
 21
4.304200927923869
 31
0.0
  0
LINE
  5
4E6
330
17
100
AcDbEntity
  8
0
100
AcDbLine
 10
-46.47701369838196
 20
4.304200927923869
 30
0.0
 11
-46.512922747744355
 21
4.210266930672276
 31
0.0
  0
LINE
  5
4E7
330
17
100
AcDbEntity
  8
0
100
AcDbLine
 10
-46.512922747744355
 20
4.210266930672276
 30
0.0
 11
-46.54869982468717
 21
4.116316211738546
 31
0.0
  0
LINE
  5
4E8
330
17
100
AcDbEntity
  8
0
100
AcDbLine
 10
-46.54869982468717
 20
4.116316211738546
 30
0.0
 11
-46.584345238191005
 21
4.022348792759814
 31
0.0
  0
LINE
  5
4E9
330
17
100
AcDbEntity
  8
0
100
AcDbLine
 10
-46.584345238191005
 20
4.022348792759814
 30
0.0
 11
-46.61985930240235
 21
3.928364677960616
 31
0.0
  0
LINE
  5
4EA
330
17
100
AcDbEntity
  8
0
100
AcDbLine
 10
-46.61985930240235
 20
3.928364677960616
 30
0.0
 11
-46.655242330632916
 21
3.834363869853682
 31
0.0
  0
LINE
  5
4EB
330
17
100
AcDbEntity
  8
0
100
AcDbLine
 10
-46.655242330632916
 20
3.834363869853682
 30
0.0
 11
-46.69049463535159
 21
3.740346369244943
 31
0.0
  0
LINE
  5
4EC
330
17
100
AcDbEntity
  8
0
100
AcDbLine
 10
-46.69049463535159
 20
3.740346369244943
 30
0.0
 11
-46.72561652817624
 21
3.646312175238563
 31
0.0
  0
LINE
  5
4ED
330
17
100
AcDbEntity
  8
0
100
AcDbLine
 10
-46.72561652817624
 20
3.646312175238563
 30
0.0
 11
-46.76060831986557
 21
3.552261285241851
 31
0.0
  0
LINE
  5
4EE
330
17
100
AcDbEntity
  8
0
100
AcDbLine
 10
-46.76060831986557
 20
3.552261285241851
 30
0.0
 11
-46.79547024777877
 21
3.4581938886584
 31
0.0
  0
LINE
  5
4EF
330
17
100
AcDbEntity
  8
0
100
AcDbLine
 10
-46.79547024777877
 20
3.4581938886584
 30
0.0
 11
-46.83020250318801
 21
3.36411028491721
 31
0.0
  0
LINE
  5
4F0
330
17
100
AcDbEntity
  8
0
100
AcDbLine
 10
-46.83020250318801
 20
3.36411028491721
 30
0.0
 11
-46.86480538771395
 21
3.2700104684089446
 31
0.0
  0
LINE
  5
4F1
330
17
100
AcDbEntity
  8
0
100
AcDbLine
 10
-46.86480538771395
 20
3.2700104684089446
 30
0.0
 11
-46.899279203481996
 21
3.175894428052697
 31
0.0
  0
LINE
  5
4F2
330
17
100
AcDbEntity
  8
0
100
AcDbLine
 10
-46.899279203481996
 20
3.175894428052697
 30
0.0
 11
-46.93362425169302
 21
3.0817621511360755
 31
0.0
  0
LINE
  5
4F3
330
17
100
AcDbEntity
  8
0
100
AcDbLine
 10
-46.93362425169302
 20
3.0817621511360755
 30
0.0
 11
-46.96784083261556
 21
2.9876136233201365
 31
0.0
  0
LINE
  5
4F4
330
17
100
AcDbEntity
  8
0
100
AcDbLine
 10
-46.96784083261556
 20
2.9876136233201365
 30
0.0
 11
-47.00192924557819
 21
2.8934488286446225
 31
0.0
  0
LINE
  5
4F5
330
17
100
AcDbEntity
  8
0
100
AcDbLine
 10
-47.00192924557819
 20
2.8934488286446225
 30
0.0
 11
-47.035889788961576
 21
2.799267749533051
 31
0.0
  0
LINE
  5
4F6
330
17
100
AcDbEntity
  8
0
100
AcDbLine
 10
-47.035889788961576
 20
2.799267749533051
 30
0.0
 11
-47.069722668423594
 21
2.7050706191969134
 31
0.0
  0
LINE
  5
4F7
330
17
100
AcDbEntity
  8
0
100
AcDbLine
 10
-47.069722668423594
 20
2.7050706191969134
 30
0.0
 11
-47.10342808010479
 21
2.6108576821256833
 31
0.0
  0
LINE
  5
4F8
330
17
100
AcDbEntity
  8
0
100
AcDbLine
 10
-47.10342808010479
 20
2.6108576821256833
 30
0.0
 11
-47.13700631423148
 21
2.516628914198833
 31
0.0
  0
LINE
  5
4F9
330
17
100
AcDbEntity
  8
0
100
AcDbLine
 10
-47.13700631423148
 20
2.516628914198833
 30
0.0
 11
-47.1704576600442
 21
2.422384289692225
 31
0.0
  0
LINE
  5
4FA
330
17
100
AcDbEntity
  8
0
100
AcDbLine
 10
-47.1704576600442
 20
2.422384289692225
 30
0.0
 11
-47.20378240577286
 21
2.3281237813318754
 31
0.0
  0
LINE
  5
4FB
330
17
100
AcDbEntity
  8
0
100
AcDbLine
 10
-47.20378240577286
 20
2.3281237813318754
 30
0.0
 11
-47.23698083862932
 21
2.2338473602991655
 31
0.0
  0
LINE
  5
4FC
330
17
100
AcDbEntity
  8
0
100
AcDbLine
 10
-47.23698083862932
 20
2.2338473602991655
 30
0.0
 11
-47.27005324480007
 21
2.1395549962361535
 31
0.0
  0
LINE
  5
4FD
330
17
100
AcDbEntity
  8
0
100
AcDbLine
 10
-47.27005324480007
 20
2.1395549962361535
 30
0.0
 11
-47.3029999087556
 21
2.0452466592077982
 31
0.0
  0
LINE
  5
4FE
330
17
100
AcDbEntity
  8
0
100
AcDbLine
 10
-47.3029999087556
 20
2.0452466592077982
 30
0.0
 11
-47.335821026548516
 21
1.950922565269142
 31
0.0
  0
LINE
  5
4FF
330
17
100
AcDbEntity
  8
0
100
AcDbLine
 10
-47.335821026548516
 20
1.950922565269142
 30
0.0
 11
-47.36851681679328
 21
1.8565828522340233
 31
0.0
  0
LINE
  5
500
330
17
100
AcDbEntity
  8
0
100
AcDbLine
 10
-47.36851681679328
 20
1.8565828522340233
 30
0.0
 11
-47.401087557197904
 21
1.7622274822391972
 31
0.0
  0
LINE
  5
501
330
17
100
AcDbEntity
  8
0
100
AcDbLine
 10
-47.401087557197904
 20
1.7622274822391972
 30
0.0
 11
-47.433533524389304
 21
1.667856415941042
 31
0.0
  0
LINE
  5
502
330
17
100
AcDbEntity
  8
0
100
AcDbLine
 10
-47.433533524389304
 20
1.667856415941042
 30
0.0
 11
-47.465854993906355
 21
1.5734696125208103
 31
0.0
  0
LINE
  5
503
330
17
100
AcDbEntity
  8
0
100
AcDbLine
 10
-47.465854993906355
 20
1.5734696125208103
 30
0.0
 11
-47.49805224019284
 21
1.4790670296898796
 31
0.0
  0
LINE
  5
504
330
17
100
AcDbEntity
  8
0
100
AcDbLine
 10
-47.49805224019284
 20
1.4790670296898796
 30
0.0
 11
-47.5301255365905
 21
1.3846486236948863
 31
0.0
  0
LINE
  5
505
330
17
100
AcDbEntity
  8
0
100
AcDbLine
 10
-47.5301255365905
 20
1.3846486236948863
 30
0.0
 11
-47.56207515174829
 21
1.2902143599046845
 31
0.0
  0
LINE
  5
506
330
17
100
AcDbEntity
  8
0
100
AcDbLine
 10
-47.56207515174829
 20
1.2902143599046845
 30
0.0
 11
-47.59390124296447
 21
1.1957645237062948
 31
0.0
  0
LINE
  5
507
330
17
100
AcDbEntity
  8
0
100
AcDbLine
 10
-47.59390124296447
 20
1.1957645237062948
 30
0.0
 11
-47.62560402212946
 21
1.1012992237406323
 31
0.0
  0
LINE
  5
508
330
17
100
AcDbEntity
  8
0
100
AcDbLine
 10
-47.62560402212946
 20
1.1012992237406323
 30
0.0
 11
-47.6571837530357
 21
1.0068184088622836
 31
0.0
  0
LINE
  5
509
330
17
100
AcDbEntity
  8
0
100
AcDbLine
 10
-47.6571837530357
 20
1.0068184088622836
 30
0.0
 11
-47.68864069831744
 21
0.912322026525981
 31
0.0
  0
LINE
  5
50A
330
17
100
AcDbEntity
  8
0
100
AcDbLine
 10
-47.68864069831744
 20
0.912322026525981
 30
0.0
 11
-47.71997511944419
 21
0.817810022791754
 31
0.0
  0
LINE
  5
50B
330
17
100
AcDbEntity
  8
0
100
AcDbLine
 10
-47.71997511944419
 20
0.817810022791754
 30
0.0
 11
-47.751187276714184
 21
0.723282342330247
 31
0.0
  0
LINE
  5
50C
330
17
100
AcDbEntity
  8
0
100
AcDbLine
 10
-47.751187276714184
 20
0.723282342330247
 30
0.0
 11
-47.78227742924769
 21
0.6287389284280174
 31
0.0
  0
LINE
  5
50D
330
17
100
AcDbEntity
  8
0
100
AcDbLine
 10
-47.78227742924769
 20
0.6287389284280174
 30
0.0
 11
-47.813245830249265
 21
0.5341797373990147
 31
0.0
  0
LINE
  5
50E
330
17
100
AcDbEntity
  8
0
100
AcDbLine
 10
-47.813245830249265
 20
0.5341797373990147
 30
0.0
 11
-47.844092667388765
 21
0.4396049172745293
 31
0.0
  0
LINE
  5
50F
330
17
100
AcDbEntity
  8
0
100
AcDbLine
 10
-47.844092667388765
 20
0.4396049172745293
 30
0.0
 11
-47.87481817115499
 21
0.3450144744694654
 31
0.0
  0
LINE
  5
510
330
17
100
AcDbEntity
  8
0
100
AcDbLine
 10
-47.87481817115499
 20
0.3450144744694654
 30
0.0
 11
-47.90542259295249
 21
0.25040834590284433
 31
0.0
  0
LINE
  5
511
330
17
100
AcDbEntity
  8
0
100
AcDbLine
 10
-47.90542259295249
 20
0.25040834590284433
 30
0.0
 11
-47.93590618296356
 21
0.1557864671579381
 31
0.0
  0
LINE
  5
512
330
17
100
AcDbEntity
  8
0
100
AcDbLine
 10
-47.93590618296356
 20
0.1557864671579381
 30
0.0
 11
-47.96626919014199
 21
0.06114877248764472
 31
0.0
  0
LINE
  5
513
330
17
100
AcDbEntity
  8
0
100
AcDbLine
 10
-47.96626919014199
 20
0.06114877248764472
 30
0.0
 11
-47.9965118622067
 21
-0.033504805180232466
 31
0.0
  0
LINE
  5
514
330
17
100
AcDbEntity
  8
0
100
AcDbLine
 10
-47.9965118622067
 20
-0.033504805180232466
 30
0.0
 11
-48.02663444563556
 21
-0.12817433423778368
 31
0.0
  0
LINE
  5
515
330
17
100
AcDbEntity
  8
0
100
AcDbLine
 10
-48.02663444563556
 20
-0.12817433423778368
 30
0.0
 11
-48.056637176650206
 21
-0.22285985609124737
 31
0.0
  0
LINE
  5
516
330
17
100
AcDbEntity
  8
0
100
AcDbLine
 10
-48.056637176650206
 20
-0.22285985609124737
 30
0.0
 11
-48.08652022379034
 21
-0.31756120846090496
 31
0.0
  0
LINE
  5
517
330
17
100
AcDbEntity
  8
0
100
AcDbLine
 10
-48.08652022379034
 20
-0.31756120846090496
 30
0.0
 11
-48.116283810243004
 21
-0.4122784126089378
 31
0.0
  0
LINE
  5
518
330
17
100
AcDbEntity
  8
0
100
AcDbLine
 10
-48.116283810243004
 20
-0.4122784126089378
 30
0.0
 11
-48.14592817427948
 21
-0.5070115430738866
 31
0.0
  0
LINE
  5
519
330
17
100
AcDbEntity
  8
0
100
AcDbLine
 10
-48.14592817427948
 20
-0.5070115430738866
 30
0.0
 11
-48.17545355288684
 21
-0.6017606756639928
 31
0.0
  0
LINE
  5
51A
330
17
100
AcDbEntity
  8
0
100
AcDbLine
 10
-48.17545355288684
 20
-0.6017606756639928
 30
0.0
 11
-48.20486018176197
 21
-0.696525887452097
 31
0.0
  0
LINE
  5
51B
330
17
100
AcDbEntity
  8
0
100
AcDbLine
 10
-48.20486018176197
 20
-0.696525887452097
 30
0.0
 11
-48.23414829530553
 21
-0.7913072567703061
 31
0.0
  0
LINE
  5
51C
330
17
100
AcDbEntity
  8
0
100
AcDbLine
 10
-48.23414829530553
 20
-0.7913072567703061
 30
0.0
 11
-48.26331812661611
 21
-0.8861048632046824
 31
0.0
  0
LINE
  5
51D
330
17
100
AcDbEntity
  8
0
100
AcDbLine
 10
-48.26331812661611
 20
-0.8861048632046824
 30
0.0
 11
-48.292369872669575
 21
-0.9809186747045366
 31
0.0
  0
LINE
  5
51E
330
17
100
AcDbEntity
  8
0
100
AcDbLine
 10
-48.292369872669575
 20
-0.9809186747045366
 30
0.0
 11
-48.32130357813453
 21
-1.0757481819252845
 31
0.0
  0
LINE
  5
51F
330
17
100
AcDbEntity
  8
0
100
AcDbLine
 10
-48.32130357813453
 20
-1.0757481819252845
 30
0.0
 11
-48.35011943800655
 21
-1.1705933845924719
 31
0.0
  0
LINE
  5
520
330
17
100
AcDbEntity
  8
0
100
AcDbLine
 10
-48.35011943800655
 20
-1.1705933845924719
 30
0.0
 11
-48.378817672098755
 21
-1.2654543694861395
 31
0.0
  0
LINE
  5
521
330
17
100
AcDbEntity
  8
0
100
AcDbLine
 10
-48.378817672098755
 20
-1.2654543694861395
 30
0.0
 11
-48.40739849886415
 21
-1.3603312245548125
 31
0.0
  0
LINE
  5
522
330
17
100
AcDbEntity
  8
0
100
AcDbLine
 10
-48.40739849886415
 20
-1.3603312245548125
 30
0.0
 11
-48.43586213539016
 21
-1.4552240389101314
 31
0.0
  0
LINE
  5
523
330
17
100
AcDbEntity
  8
0
100
AcDbLine
 10
-48.43586213539016
 20
-1.4552240389101314
 30
0.0
 11
-48.464208797393255
 21
-1.5501329028215611
 31
0.0
  0
LINE
  5
524
330
17
100
AcDbEntity
  8
0
100
AcDbLine
 10
-48.464208797393255
 20
-1.5501329028215611
 30
0.0
 11
-48.49243869921353
 21
-1.6450579077112568
 31
0.0
  0
LINE
  5
525
330
17
100
AcDbEntity
  8
0
100
AcDbLine
 10
-48.49243869921353
 20
-1.6450579077112568
 30
0.0
 11
-48.5205520733898
 21
-1.7399992117138243
 31
0.0
  0
LINE
  5
526
330
17
100
AcDbEntity
  8
0
100
AcDbLine
 10
-48.5205520733898
 20
-1.7399992117138243
 30
0.0
 11
-48.54854920182932
 21
-1.8349571388473613
 31
0.0
  0
LINE
  5
527
330
17
100
AcDbEntity
  8
0
100
AcDbLine
 10
-48.54854920182932
 20
-1.8349571388473613
 30
0.0
 11
-48.5764303038322
 21
-1.9299318031618036
 31
0.0
  0
LINE
  5
528
330
17
100
AcDbEntity
  8
0
100
AcDbLine
 10
-48.5764303038322
 20
-1.9299318031618036
 30
0.0
 11
-48.6041955913872
 21
-2.0249232997788127
 31
0.0
  0
LINE
  5
529
330
17
100
AcDbEntity
  8
0
100
AcDbLine
 10
-48.6041955913872
 20
-2.0249232997788127
 30
0.0
 11
-48.63184527509093
 21
-2.1199317249699323
 31
0.0
  0
LINE
  5
52A
330
17
100
AcDbEntity
  8
0
100
AcDbLine
 10
-48.63184527509093
 20
-2.1199317249699323
 30
0.0
 11
-48.65937956414234
 21
-2.2149571761513354
 31
0.0
  0
LINE
  5
52B
330
17
100
AcDbEntity
  8
0
100
AcDbLine
 10
-48.65937956414234
 20
-2.2149571761513354
 30
0.0
 11
-48.68679866633746
 21
-2.3099997518786815
 31
0.0
  0
LINE
  5
52C
330
17
100
AcDbEntity
  8
0
100
AcDbLine
 10
-48.68679866633746
 20
-2.3099997518786815
 30
0.0
 11
-48.71410278806389
 21
-2.405059551841852
 31
0.0
  0
LINE
  5
52D
330
17
100
AcDbEntity
  8
0
100
AcDbLine
 10
-48.71410278806389
 20
-2.405059551841852
 30
0.0
 11
-48.74129207612308
 21
-2.5001364755847817
 31
0.0
  0
LINE
  5
52E
330
17
100
AcDbEntity
  8
0
100
AcDbLine
 10
-48.74129207612308
 20
-2.5001364755847817
 30
0.0
 11
-48.76836658984723
 21
-2.595230139722556
 31
0.0
  0
LINE
  5
52F
330
17
100
AcDbEntity
  8
0
100
AcDbLine
 10
-48.76836658984723
 20
-2.595230139722556
 30
0.0
 11
-48.79532651803828
 21
-2.6903406276425255
 31
0.0
  0
LINE
  5
530
330
17
100
AcDbEntity
  8
0
100
AcDbLine
 10
-48.79532651803828
 20
-2.6903406276425255
 30
0.0
 11
-48.822172054203506
 21
-2.785468045370944
 31
0.0
  0
LINE
  5
531
330
17
100
AcDbEntity
  8
0
100
AcDbLine
 10
-48.822172054203506
 20
-2.785468045370944
 30
0.0
 11
-48.84890339039243
 21
-2.8806124999898977
 31
0.0
  0
LINE
  5
532
330
17
100
AcDbEntity
  8
0
100
AcDbLine
 10
-48.84890339039243
 20
-2.8806124999898977
 30
0.0
 11
-48.87552071719186
 21
-2.975774099632046
 31
0.0
  0
LINE
  5
533
330
17
100
AcDbEntity
  8
0
100
AcDbLine
 10
-48.87552071719186
 20
-2.975774099632046
 30
0.0
 11
-48.90202422372102
 21
-3.070952953475434
 31
0.0
  0
LINE
  5
534
330
17
100
AcDbEntity
  8
0
100
AcDbLine
 10
-48.90202422372102
 20
-3.070952953475434
 30
0.0
 11
-48.92841409762669
 21
-3.1661491717382155
 31
0.0
  0
LINE
  5
535
330
17
100
AcDbEntity
  8
0
100
AcDbLine
 10
-48.92841409762669
 20
-3.1661491717382155
 30
0.0
 11
-48.954690499855054
 21
-3.2613627754407
 31
0.0
  0
LINE
  5
536
330
17
100
AcDbEntity
  8
0
100
AcDbLine
 10
-48.954690499855054
 20
-3.2613627754407
 30
0.0
 11
-48.98085357180508
 21
-3.3565937274381685
 31
0.0
  0
LINE
  5
537
330
17
100
AcDbEntity
  8
0
100
AcDbLine
 10
-48.98085357180508
 20
-3.3565937274381685
 30
0.0
 11
-49.00690349359852
 21
-3.4518421393890417
 31
0.0
  0
LINE
  5
538
330
17
100
AcDbEntity
  8
0
100
AcDbLine
 10
-49.00690349359852
 20
-3.4518421393890417
 30
0.0
 11
-49.03284044448596
 21
-3.5471081262288955
 31
0.0
  0
LINE
  5
539
330
17
100
AcDbEntity
  8
0
100
AcDbLine
 10
-49.03284044448596
 20
-3.5471081262288955
 30
0.0
 11
-49.05866460221432
 21
-3.642391803889721
 31
0.0
  0
LINE
  5
53A
330
17
100
AcDbEntity
  8
0
100
AcDbLine
 10
-49.05866460221432
 20
-3.642391803889721
 30
0.0
 11
-49.08437614302217
 21
-3.7376932892947163
 31
0.0
  0
LINE
  5
53B
330
17
100
AcDbEntity
  8
0
100
AcDbLine
 10
-49.08437614302217
 20
-3.7376932892947163
 30
0.0
 11
-49.10997524163521
 21
-3.8330127003532013
 31
0.0
  0
LINE
  5
53C
330
17
100
AcDbEntity
  8
0
100
AcDbLine
 10
-49.10997524163521
 20
-3.8330127003532013
 30
0.0
 11
-49.13546207126166
 21
-3.928350155955398
 31
0.0
  0
LINE
  5
53D
330
17
100
AcDbEntity
  8
0
100
AcDbLine
 10
-49.13546207126166
 20
-3.928350155955398
 30
0.0
 11
-49.16083676813378
 21
-4.0237056447425985
 31
0.0
  0
LINE
  5
53E
330
17
100
AcDbEntity
  8
0
100
AcDbLine
 10
-49.16083676813378
 20
-4.0237056447425985
 30
0.0
 11
-49.186099461117465
 21
-4.119079141894172
 31
0.0
  0
LINE
  5
53F
330
17
100
AcDbEntity
  8
0
100
AcDbLine
 10
-49.186099461117465
 20
-4.119079141894172
 30
0.0
 11
-49.211250316006144
 21
-4.214470769798272
 31
0.0
  0
LINE
  5
540
330
17
100
AcDbEntity
  8
0
100
AcDbLine
 10
-49.211250316006144
 20
-4.214470769798272
 30
0.0
 11
-49.23628949707753
 21
-4.309880651887301
 31
0.0
  0
LINE
  5
541
330
17
100
AcDbEntity
  8
0
100
AcDbLine
 10
-49.23628949707753
 20
-4.309880651887301
 30
0.0
 11
-49.26121716706156
 21
-4.405308912528458
 31
0.0
  0
LINE
  5
542
330
17
100
AcDbEntity
  8
0
100
AcDbLine
 10
-49.26121716706156
 20
-4.405308912528458
 30
0.0
 11
-49.28603348713609
 21
-4.50075567701869
 31
0.0
  0
LINE
  5
543
330
17
100
AcDbEntity
  8
0
100
AcDbLine
 10
-49.28603348713609
 20
-4.50075567701869
 30
0.0
 11
-49.31073861692258
 21
-4.596221071579489
 31
0.0
  0
LINE
  5
544
330
17
100
AcDbEntity
  8
0
100
AcDbLine
 10
-49.31073861692258
 20
-4.596221071579489
 30
0.0
 11
-49.33533271422589
 21
-4.691705222357356
 31
0.0
  0
LINE
  5
545
330
17
100
AcDbEntity
  8
0
100
AcDbLine
 10
-49.33533271422589
 20
-4.691705222357356
 30
0.0
 11
-49.35981589136567
 21
-4.787208088148736
 31
0.0
  0
LINE
  5
546
330
17
100
AcDbEntity
  8
0
100
AcDbLine
 10
-49.35981589136567
 20
-4.787208088148736
 30
0.0
 11
-49.384188268804614
 21
-4.882729674547338
 31
0.0
  0
LINE
  5
547
330
17
100
AcDbEntity
  8
0
100
AcDbLine
 10
-49.384188268804614
 20
-4.882729674547338
 30
0.0
 11
-49.40844999691873
 21
-4.978270112125877
 31
0.0
  0
LINE
  5
548
330
17
100
AcDbEntity
  8
0
100
AcDbLine
 10
-49.40844999691873
 20
-4.978270112125877
 30
0.0
 11
-49.432601224498725
 21
-5.073829532334626
 31
0.0
  0
LINE
  5
549
330
17
100
AcDbEntity
  8
0
100
AcDbLine
 10
-49.432601224498725
 20
-5.073829532334626
 30
0.0
 11
-49.45664209874593
 21
-5.169408067496253
 31
0.0
  0
LINE
  5
54A
330
17
100
AcDbEntity
  8
0
100
AcDbLine
 10
-49.45664209874593
 20
-5.169408067496253
 30
0.0
 11
-49.48057276526838
 21
-5.265005850800602
 31
0.0
  0
LINE
  5
54B
330
17
100
AcDbEntity
  8
0
100
AcDbLine
 10
-49.48057276526838
 20
-5.265005850800602
 30
0.0
 11
-49.504393368076805
 21
-5.360623016299712
 31
0.0
  0
LINE
  5
54C
330
17
100
AcDbEntity
  8
0
100
AcDbLine
 10
-49.504393368076805
 20
-5.360623016299712
 30
0.0
 11
-49.528104045701006
 21
-5.456259683273917
 31
0.0
  0
LINE
  5
54D
330
17
100
AcDbEntity
  8
0
100
AcDbLine
 10
-49.528104045701006
 20
-5.456259683273917
 30
0.0
 11
-49.55170479873452
 21
-5.551915431313494
 31
0.0
  0
LINE
  5
54E
330
17
100
AcDbEntity
  8
0
100
AcDbLine
 10
-49.55170479873452
 20
-5.551915431313494
 30
0.0
 11
-49.57519568982441
 21
-5.647590121249266
 31
0.0
  0
LINE
  5
54F
330
17
100
AcDbEntity
  8
0
100
AcDbLine
 10
-49.57519568982441
 20
-5.647590121249266
 30
0.0
 11
-49.598576847955
 21
-5.7432838924867475
 31
0.0
  0
LINE
  5
550
330
17
100
AcDbEntity
  8
0
100
AcDbLine
 10
-49.598576847955
 20
-5.7432838924867475
 30
0.0
 11
-49.621848400473134
 21
-5.838996885206491
 31
0.0
  0
LINE
  5
551
330
17
100
AcDbEntity
  8
0
100
AcDbLine
 10
-49.621848400473134
 20
-5.838996885206491
 30
0.0
 11
-49.6450104730848
 21
-5.934729240358884
 31
0.0
  0
LINE
  5
552
330
17
100
AcDbEntity
  8
0
100
AcDbLine
 10
-49.6450104730848
 20
-5.934729240358884
 30
0.0
 11
-49.668063189851686
 21
-6.030481099659145
 31
0.0
  0
LINE
  5
553
330
17
100
AcDbEntity
  8
0
100
AcDbLine
 10
-49.668063189851686
 20
-6.030481099659145
 30
0.0
 11
-49.69100667318794
 21
-6.126252605582115
 31
0.0
  0
LINE
  5
554
330
17
100
AcDbEntity
  8
0
100
AcDbLine
 10
-49.69100667318794
 20
-6.126252605582115
 30
0.0
 11
-49.713841042149845
 21
-6.22204389422193
 31
0.0
  0
LINE
  5
555
330
17
100
AcDbEntity
  8
0
100
AcDbLine
 10
-49.713841042149845
 20
-6.22204389422193
 30
0.0
 11
-49.73656638869323
 21
-6.317854998018179
 31
0.0
  0
LINE
  5
556
330
17
100
AcDbEntity
  8
0
100
AcDbLine
 10
-49.73656638869323
 20
-6.317854998018179
 30
0.0
 11
-49.759182819639626
 21
-6.413686023678613
 31
0.0
  0
LINE
  5
557
330
17
100
AcDbEntity
  8
0
100
AcDbLine
 10
-49.759182819639626
 20
-6.413686023678613
 30
0.0
 11
-49.78169044918957
 21
-6.5095371170129965
 31
0.0
  0
LINE
  5
558
330
17
100
AcDbEntity
  8
0
100
AcDbLine
 10
-49.78169044918957
 20
-6.5095371170129965
 30
0.0
 11
-49.80408938987595
 21
-6.60540842455368
 31
0.0
  0
LINE
  5
559
330
17
100
AcDbEntity
  8
0
100
AcDbLine
 10
-49.80408938987595
 20
-6.60540842455368
 30
0.0
 11
-49.82637975256085
 21
-6.701300093550637
 31
0.0
  0
LINE
  5
55A
330
17
100
AcDbEntity
  8
0
100
AcDbLine
 10
-49.82637975256085
 20
-6.701300093550637
 30
0.0
 11
-49.84856164643234
 21
-6.797212271966284
 31
0.0
  0
LINE
  5
55B
330
17
100
AcDbEntity
  8
0
100
AcDbLine
 10
-49.84856164643234
 20
-6.797212271966284
 30
0.0
 11
-49.870635179001425
 21
-6.893145108470277
 31
0.0
  0
LINE
  5
55C
330
17
100
AcDbEntity
  8
0
100
AcDbLine
 10
-49.870635179001425
 20
-6.893145108470277
 30
0.0
 11
-49.892600434409935
 21
-6.9890986582422805
 31
0.0
  0
LINE
  5
55D
330
17
100
AcDbEntity
  8
0
100
AcDbLine
 10
-49.892600434409935
 20
-6.9890986582422805
 30
0.0
 11
-49.9144573224738
 21
-7.085072244435752
 31
0.0
  0
LINE
  5
55E
330
17
100
AcDbEntity
  8
0
100
AcDbLine
 10
-49.9144573224738
 20
-7.085072244435752
 30
0.0
 11
-49.936205890481254
 21
-7.181065826603204
 31
0.0
  0
LINE
  5
55F
330
17
100
AcDbEntity
  8
0
100
AcDbLine
 10
-49.936205890481254
 20
-7.181065826603204
 30
0.0
 11
-49.95784622791696
 21
-7.277079558562489
 31
0.0
  0
LINE
  5
560
330
17
100
AcDbEntity
  8
0
100
AcDbLine
 10
-49.95784622791696
 20
-7.277079558562489
 30
0.0
 11
-49.97937842255093
 21
-7.373113594732594
 31
0.0
  0
LINE
  5
561
330
17
100
AcDbEntity
  8
0
100
AcDbLine
 10
-49.97937842255093
 20
-7.373113594732594
 30
0.0
 11
-50.000802560436135
 21
-7.469168090128424
 31
0.0
  0
LINE
  5
562
330
17
100
AcDbEntity
  8
0
100
AcDbLine
 10
-50.000802560436135
 20
-7.469168090128424
 30
0.0
 11
-50.022118725906004
 21
-7.565243200355722
 31
0.0
  0
LINE
  5
563
330
17
100
AcDbEntity
  8
0
100
AcDbLine
 10
-50.022118725906004
 20
-7.565243200355722
 30
0.0
 11
-50.04332700157217
 21
-7.661339081605815
 31
0.0
  0
LINE
  5
564
330
17
100
AcDbEntity
  8
0
100
AcDbLine
 10
-50.04332700157217
 20
-7.661339081605815
 30
0.0
 11
-50.06442744350366
 21
-7.757455778545822
 31
0.0
  0
LINE
  5
565
330
17
100
AcDbEntity
  8
0
100
AcDbLine
 10
-50.06442744350366
 20
-7.757455778545822
 30
0.0
 11
-50.08541999033553
 21
-7.8535928289827766
 31
0.0
  0
LINE
  5
566
330
17
100
AcDbEntity
  8
0
100
AcDbLine
 10
-50.08541999033553
 20
-7.8535928289827766
 30
0.0
 11
-50.106304690409004
 21
-7.949750297407945
 31
0.0
  0
LINE
  5
567
330
17
100
AcDbEntity
  8
0
100
AcDbLine
 10
-50.106304690409004
 20
-7.949750297407945
 30
0.0
 11
-50.12708161105406
 21
-8.045928343989473
 31
0.0
  0
LINE
  5
568
330
17
100
AcDbEntity
  8
0
100
AcDbLine
 10
-50.12708161105406
 20
-8.045928343989473
 30
0.0
 11
-50.147750817852646
 21
-8.142127129395252
 31
0.0
  0
LINE
  5
569
330
17
100
AcDbEntity
  8
0
100
AcDbLine
 10
-50.147750817852646
 20
-8.142127129395252
 30
0.0
 11
-50.16831237463697
 21
-8.238346814787779
 31
0.0
  0
LINE
  5
56A
330
17
100
AcDbEntity
  8
0
100
AcDbLine
 10
-50.16831237463697
 20
-8.238346814787779
 30
0.0
 11
-50.18876634348762
 21
-8.334587561818852
 31
0.0
  0
LINE
  5
56B
330
17
100
AcDbEntity
  8
0
100
AcDbLine
 10
-50.18876634348762
 20
-8.334587561818852
 30
0.0
 11
-50.20911278473175
 21
-8.430849532624269
 31
0.0
  0
LINE
  5
56C
330
17
100
AcDbEntity
  8
0
100
AcDbLine
 10
-50.20911278473175
 20
-8.430849532624269
 30
0.0
 11
-50.22935171720164
 21
-8.527132702864261
 31
0.0
  0
LINE
  5
56D
330
17
100
AcDbEntity
  8
0
100
AcDbLine
 10
-50.22935171720164
 20
-8.527132702864261
 30
0.0
 11
-50.2494830467725
 21
-8.623436546188184
 31
0.0
  0
LINE
  5
56E
330
17
100
AcDbEntity
  8
0
100
AcDbLine
 10
-50.2494830467725
 20
-8.623436546188184
 30
0.0
 11
-50.26950680551817
 21
-8.719761163604195
 31
0.0
  0
LINE
  5
56F
330
17
100
AcDbEntity
  8
0
100
AcDbLine
 10
-50.26950680551817
 20
-8.719761163604195
 30
0.0
 11
-50.289423037211954
 21
-8.81610672096951
 31
0.0
  0
LINE
  5
570
330
17
100
AcDbEntity
  8
0
100
AcDbLine
 10
-50.289423037211954
 20
-8.81610672096951
 30
0.0
 11
-50.30923178385077
 21
-8.912473384530694
 31
0.0
  0
LINE
  5
571
330
17
100
AcDbEntity
  8
0
100
AcDbLine
 10
-50.30923178385077
 20
-8.912473384530694
 30
0.0
 11
-50.328933085653986
 21
-9.008861320918365
 31
0.0
  0
LINE
  5
572
330
17
100
AcDbEntity
  8
0
100
AcDbLine
 10
-50.328933085653986
 20
-9.008861320918365
 30
0.0
 11
-50.348526981062165
 21
-9.105270697141751
 31
0.0
  0
LINE
  5
573
330
17
100
AcDbEntity
  8
0
100
AcDbLine
 10
-50.348526981062165
 20
-9.105270697141751
 30
0.0
 11
-50.368013506736
 21
-9.201701680583458
 31
0.0
  0
LINE
  5
574
330
17
100
AcDbEntity
  8
0
100
AcDbLine
 10
-50.368013506736
 20
-9.201701680583458
 30
0.0
 11
-50.38739263609649
 21
-9.298154137403541
 31
0.0
  0
LINE
  5
575
330
17
100
AcDbEntity
  8
0
100
AcDbLine
 10
-50.38739263609649
 20
-9.298154137403541
 30
0.0
 11
-50.40666424106908
 21
-9.394627473429793
 31
0.0
  0
LINE
  5
576
330
17
100
AcDbEntity
  8
0
100
AcDbLine
 10
-50.40666424106908
 20
-9.394627473429793
 30
0.0
 11
-50.42582833435919
 21
-9.491121821906976
 31
0.0
  0
LINE
  5
577
330
17
100
AcDbEntity
  8
0
100
AcDbLine
 10
-50.42582833435919
 20
-9.491121821906976
 30
0.0
 11
-50.444884934356416
 21
-9.58763735371329
 31
0.0
  0
LINE
  5
578
330
17
100
AcDbEntity
  8
0
100
AcDbLine
 10
-50.444884934356416
 20
-9.58763735371329
 30
0.0
 11
-50.4638340576509
 21
-9.684174239992885
 31
0.0
  0
LINE
  5
579
330
17
100
AcDbEntity
  8
0
100
AcDbLine
 10
-50.4638340576509
 20
-9.684174239992885
 30
0.0
 11
-50.48267571903281
 21
-9.780732652150457
 31
0.0
  0
LINE
  5
57A
330
17
100
AcDbEntity
  8
0
100
AcDbLine
 10
-50.48267571903281
 20
-9.780732652150457
 30
0.0
 11
-50.50140993149194
 21
-9.877312761845669
 31
0.0
  0
LINE
  5
57B
330
17
100
AcDbEntity
  8
0
100
AcDbLine
 10
-50.50140993149194
 20
-9.877312761845669
 30
0.0
 11
-50.5200367062172
 21
-9.973914740987688
 31
0.0
  0
LINE
  5
57C
330
17
100
AcDbEntity
  8
0
100
AcDbLine
 10
-50.5200367062172
 20
-9.973914740987688
 30
0.0
 11
-50.538556019350196
 21
-10.070538591258527
 31
0.0
  0
LINE
  5
57D
330
17
100
AcDbEntity
  8
0
100
AcDbLine
 10
-50.538556019350196
 20
-10.070538591258527
 30
0.0
 11
-50.55696781787494
 21
-10.167184188745377
 31
0.0
  0
LINE
  5
57E
330
17
100
AcDbEntity
  8
0
100
AcDbLine
 10
-50.55696781787494
 20
-10.167184188745377
 30
0.0
 11
-50.57527210177938
 21
-10.263851701578357
 31
0.0
  0
LINE
  5
57F
330
17
100
AcDbEntity
  8
0
100
AcDbLine
 10
-50.57527210177938
 20
-10.263851701578357
 30
0.0
 11
-50.59346887027227
 21
-10.36054130344974
 31
0.0
  0
LINE
  5
580
330
17
100
AcDbEntity
  8
0
100
AcDbLine
 10
-50.59346887027227
 20
-10.36054130344974
 30
0.0
 11
-50.611558120754616
 21
-10.457253168238957
 31
0.0
  0
LINE
  5
581
330
17
100
AcDbEntity
  8
0
100
AcDbLine
 10
-50.611558120754616
 20
-10.457253168238957
 30
0.0
 11
-50.62953984881959
 21
-10.553987470006945
 31
0.0
  0
LINE
  5
582
330
17
100
AcDbEntity
  8
0
100
AcDbLine
 10
-50.62953984881959
 20
-10.553987470006945
 30
0.0
 11
-50.647414048252394
 21
-10.650744382990457
 31
0.0
  0
LINE
  5
583
330
17
100
AcDbEntity
  8
0
100
AcDbLine
 10
-50.647414048252394
 20
-10.650744382990457
 30
0.0
 11
-50.66518071103031
 21
-10.747524081596582
 31
0.0
  0
LINE
  5
584
330
17
100
AcDbEntity
  8
0
100
AcDbLine
 10
-50.66518071103031
 20
-10.747524081596582
 30
0.0
 11
-50.68283973023708
 21
-10.844326219217226
 31
0.0
  0
LINE
  5
585
330
17
100
AcDbEntity
  8
0
100
AcDbLine
 10
-50.68283973023708
 20
-10.844326219217226
 30
0.0
 11
-50.70039097302362
 21
-10.941150360419282
 31
0.0
  0
LINE
  5
586
330
17
100
AcDbEntity
  8
0
100
AcDbLine
 10
-50.70039097302362
 20
-10.941150360419282
 30
0.0
 11
-50.71783441434126
 21
-11.03799668112947
 31
0.0
  0
LINE
  5
587
330
17
100
AcDbEntity
  8
0
100
AcDbLine
 10
-50.71783441434126
 20
-11.03799668112947
 30
0.0
 11
-50.7351700274982
 21
-11.134865358296363
 31
0.0
  0
LINE
  5
588
330
17
100
AcDbEntity
  8
0
100
AcDbLine
 10
-50.7351700274982
 20
-11.134865358296363
 30
0.0
 11
-50.75239778398523
 21
-11.231756568926741
 31
0.0
  0
LINE
  5
589
330
17
100
AcDbEntity
  8
0
100
AcDbLine
 10
-50.75239778398523
 20
-11.231756568926741
 30
0.0
 11
-50.76951765347624
 21
-11.328670490079697
 31
0.0
  0
LINE
  5
58A
330
17
100
AcDbEntity
  8
0
100
AcDbLine
 10
-50.76951765347624
 20
-11.328670490079697
 30
0.0
 11
-50.78652960382891
 21
-11.425607298860925
 31
0.0
  0
LINE
  5
58B
330
17
100
AcDbEntity
  8
0
100
AcDbLine
 10
-50.78652960382891
 20
-11.425607298860925
 30
0.0
 11
-50.80343360119707
 21
-11.522567173058476
 31
0.0
  0
LINE
  5
58C
330
17
100
AcDbEntity
  8
0
100
AcDbLine
 10
-50.80343360119707
 20
-11.522567173058476
 30
0.0
 11
-50.820229637179295
 21
-11.619550443990128
 31
0.0
  0
LINE
  5
58D
330
17
100
AcDbEntity
  8
0
100
AcDbLine
 10
-50.820229637179295
 20
-11.619550443990128
 30
0.0
 11
-50.83691769720211
 21
-11.71655740713993
 31
0.0
  0
LINE
  5
58E
330
17
100
AcDbEntity
  8
0
100
AcDbLine
 10
-50.83691769720211
 20
-11.71655740713993
 30
0.0
 11
-50.85349774461857
 21
-11.81358823928289
 31
0.0
  0
LINE
  5
58F
330
17
100
AcDbEntity
  8
0
100
AcDbLine
 10
-50.85349774461857
 20
-11.81358823928289
 30
0.0
 11
-50.86996974097091
 21
-11.910643117231528
 31
0.0
  0
LINE
  5
590
330
17
100
AcDbEntity
  8
0
100
AcDbLine
 10
-50.86996974097091
 20
-11.910643117231528
 30
0.0
 11
-50.88633364599126
 21
-12.007722217830164
 31
0.0
  0
LINE
  5
591
330
17
100
AcDbEntity
  8
0
100
AcDbLine
 10
-50.88633364599126
 20
-12.007722217830164
 30
0.0
 11
-50.902589417602144
 21
-12.104825717949002
 31
0.0
  0
LINE
  5
592
330
17
100
AcDbEntity
  8
0
100
AcDbLine
 10
-50.902589417602144
 20
-12.104825717949002
 30
0.0
 11
-50.91873701191728
 21
-12.201953794478193
 31
0.0
  0
LINE
  5
593
330
17
100
AcDbEntity
  8
0
100
AcDbLine
 10
-50.91873701191728
 20
-12.201953794478193
 30
0.0
 11
-50.934776380744225
 21
-12.299106609213956
 31
0.0
  0
LINE
  5
594
330
17
100
AcDbEntity
  8
0
100
AcDbLine
 10
-50.934776380744225
 20
-12.299106609213956
 30
0.0
 11
-50.950707372542794
 21
-12.396283723582979
 31
0.0
  0
LINE
  5
595
330
17
100
AcDbEntity
  8
0
100
AcDbLine
 10
-50.950707372542794
 20
-12.396283723582979
 30
0.0
 11
-50.9665298762937
 21
-12.49348499406838
 31
0.0
  0
LINE
  5
596
330
17
100
AcDbEntity
  8
0
100
AcDbLine
 10
-50.9665298762937
 20
-12.49348499406838
 30
0.0
 11
-50.982243831297986
 21
-12.590710599093548
 31
0.0
  0
LINE
  5
597
330
17
100
AcDbEntity
  8
0
100
AcDbLine
 10
-50.982243831297986
 20
-12.590710599093548
 30
0.0
 11
-50.997849175046284
 21
-12.687960717001076
 31
0.0
  0
LINE
  5
598
330
17
100
AcDbEntity
  8
0
100
AcDbLine
 10
-50.997849175046284
 20
-12.687960717001076
 30
0.0
 11
-51.01334584321998
 21
-12.785235526046646
 31
0.0
  0
LINE
  5
599
330
17
100
AcDbEntity
  8
0
100
AcDbLine
 10
-51.01334584321998
 20
-12.785235526046646
 30
0.0
 11
-51.028733769692565
 21
-12.882535204392891
 31
0.0
  0
LINE
  5
59A
330
17
100
AcDbEntity
  8
0
100
AcDbLine
 10
-51.028733769692565
 20
-12.882535204392891
 30
0.0
 11
-51.04401288653081
 21
-12.979859930103398
 31
0.0
  0
LINE
  5
59B
330
17
100
AcDbEntity
  8
0
100
AcDbLine
 10
-51.04401288653081
 20
-12.979859930103398
 30
0.0
 11
-51.05918312205213
 21
-13.07720986872119
 31
0.0
  0
LINE
  5
59C
330
17
100
AcDbEntity
  8
0
100
AcDbLine
 10
-51.05918312205213
 20
-13.07720986872119
 30
0.0
 11
-51.07424437076378
 21
-13.17458498671408
 31
0.0
  0
LINE
  5
59D
330
17
100
AcDbEntity
  8
0
100
AcDbLine
 10
-51.07424437076378
 20
-13.17458498671408
 30
0.0
 11
-51.089196544641425
 21
-13.271985386116572
 31
0.0
  0
LINE
  5
59E
330
17
100
AcDbEntity
  8
0
100
AcDbLine
 10
-51.089196544641425
 20
-13.271985386116572
 30
0.0
 11
-51.10403956552247
 21
-13.36941124498371
 31
0.0
  0
LINE
  5
59F
330
17
100
AcDbEntity
  8
0
100
AcDbLine
 10
-51.10403956552247
 20
-13.36941124498371
 30
0.0
 11
-51.11877335344318
 21
-13.466862741218138
 31
0.0
  0
LINE
  5
5A0
330
17
100
AcDbEntity
  8
0
100
AcDbLine
 10
-51.11877335344318
 20
-13.466862741218138
 30
0.0
 11
-51.13339782664018
 21
-13.564340052563823
 31
0.0
  0
LINE
  5
5A1
330
17
100
AcDbEntity
  8
0
100
AcDbLine
 10
-51.13339782664018
 20
-13.564340052563823
 30
0.0
 11
-51.147912901552004
 21
-13.661843356599942
 31
0.0
  0
LINE
  5
5A2
330
17
100
AcDbEntity
  8
0
100
AcDbLine
 10
-51.147912901552004
 20
-13.661843356599942
 30
0.0
 11
-51.16231849282067
 21
-13.7593728307346
 31
0.0
  0
LINE
  5
5A3
330
17
100
AcDbEntity
  8
0
100
AcDbLine
 10
-51.16231849282067
 20
-13.7593728307346
 30
0.0
 11
-51.17661450729646
 21
-13.85692861162067
 31
0.0
  0
LINE
  5
5A4
330
17
100
AcDbEntity
  8
0
100
AcDbLine
 10
-51.17661450729646
 20
-13.85692861162067
 30
0.0
 11
-51.1908007981586
 21
-13.954510496304211
 31
0.0
  0
LINE
  5
5A5
330
17
100
AcDbEntity
  8
0
100
AcDbLine
 10
-51.1908007981586
 20
-13.954510496304211
 30
0.0
 11
-51.20487725601396
 21
-14.05211856894438
 31
0.0
  0
LINE
  5
5A6
330
17
100
AcDbEntity
  8
0
100
AcDbLine
 10
-51.20487725601396
 20
-14.05211856894438
 30
0.0
 11
-51.21884378317007
 21
-14.149753006924376
 31
0.0
  0
LINE
  5
5A7
330
17
100
AcDbEntity
  8
0
100
AcDbLine
 10
-51.21884378317007
 20
-14.149753006924376
 30
0.0
 11
-51.23270028014508
 21
-14.247413987385777
 31
0.0
  0
LINE
  5
5A8
330
17
100
AcDbEntity
  8
0
100
AcDbLine
 10
-51.23270028014508
 20
-14.247413987385777
 30
0.0
 11
-51.24644664566965
 21
-14.345101687222087
 31
0.0
  0
LINE
  5
5A9
330
17
100
AcDbEntity
  8
0
100
AcDbLine
 10
-51.24644664566965
 20
-14.345101687222087
 30
0.0
 11
-51.260082776688805
 21
-14.442816283072265
 31
0.0
  0
LINE
  5
5AA
330
17
100
AcDbEntity
  8
0
100
AcDbLine
 10
-51.260082776688805
 20
-14.442816283072265
 30
0.0
 11
-51.27360856836396
 21
-14.540557951314447
 31
0.0
  0
LINE
  5
5AB
330
17
100
AcDbEntity
  8
0
100
AcDbLine
 10
-51.27360856836396
 20
-14.540557951314447
 30
0.0
 11
-51.28702389263351
 21
-14.638326713751756
 31
0.0
  0
LINE
  5
5AC
330
17
100
AcDbEntity
  8
0
100
AcDbLine
 10
-51.28702389263351
 20
-14.638326713751756
 30
0.0
 11
-51.30032851134986
 21
-14.736121845933194
 31
0.0
  0
LINE
  5
5AD
330
17
100
AcDbEntity
  8
0
100
AcDbLine
 10
-51.30032851134986
 20
-14.736121845933194
 30
0.0
 11
-51.313522282473095
 21
-14.833943378930437
 31
0.0
  0
LINE
  5
5AE
330
17
100
AcDbEntity
  8
0
100
AcDbLine
 10
-51.313522282473095
 20
-14.833943378930437
 30
0.0
 11
-51.32660508199703
 21
-14.931791489586637
 31
0.0
  0
LINE
  5
5AF
330
17
100
AcDbEntity
  8
0
100
AcDbLine
 10
-51.32660508199703
 20
-14.931791489586637
 30
0.0
 11
-51.33957678414233
 21
-15.029666354358953
 31
0.0
  0
LINE
  5
5B0
330
17
100
AcDbEntity
  8
0
100
AcDbLine
 10
-51.33957678414233
 20
-15.029666354358953
 30
0.0
 11
-51.3524372613591
 21
-15.127568149311811
 31
0.0
  0
LINE
  5
5B1
330
17
100
AcDbEntity
  8
0
100
AcDbLine
 10
-51.3524372613591
 20
-15.127568149311811
 30
0.0
 11
-51.36518638432957
 21
-15.225497050110306
 31
0.0
  0
LINE
  5
5B2
330
17
100
AcDbEntity
  8
0
100
AcDbLine
 10
-51.36518638432957
 20
-15.225497050110306
 30
0.0
 11
-51.37782402197068
 21
-15.323453232013431
 31
0.0
  0
LINE
  5
5B3
330
17
100
AcDbEntity
  8
0
100
AcDbLine
 10
-51.37782402197068
 20
-15.323453232013431
 30
0.0
 11
-51.390350036980344
 21
-15.421436835605569
 31
0.0
  0
LINE
  5
5B4
330
17
100
AcDbEntity
  8
0
100
AcDbLine
 10
-51.390350036980344
 20
-15.421436835605569
 30
0.0
 11
-51.402764276692416
 21
-15.519447902617834
 31
0.0
  0
LINE
  5
5B5
330
17
100
AcDbEntity
  8
0
100
AcDbLine
 10
-51.402764276692416
 20
-15.519447902617834
 30
0.0
 11
-51.41506660125556
 21
-15.617486594012206
 31
0.0
  0
LINE
  5
5B6
330
17
100
AcDbEntity
  8
0
100
AcDbLine
 10
-51.41506660125556
 20
-15.617486594012206
 30
0.0
 11
-51.42725687074534
 21
-15.715553083574314
 31
0.0
  0
LINE
  5
5B7
330
17
100
AcDbEntity
  8
0
100
AcDbLine
 10
-51.42725687074534
 20
-15.715553083574314
 30
0.0
 11
-51.439334943485946
 21
-15.813647544635863
 31
0.0
  0
LINE
  5
5B8
330
17
100
AcDbEntity
  8
0
100
AcDbLine
 10
-51.439334943485946
 20
-15.813647544635863
 30
0.0
 11
-51.45130067605302
 21
-15.911770150067774
 31
0.0
  0
LINE
  5
5B9
330
17
100
AcDbEntity
  8
0
100
AcDbLine
 10
-51.45130067605302
 20
-15.911770150067774
 30
0.0
 11
-51.46315392327655
 21
-16.00992107227336
 31
0.0
  0
LINE
  5
5BA
330
17
100
AcDbEntity
  8
0
100
AcDbLine
 10
-51.46315392327655
 20
-16.00992107227336
 30
0.0
 11
-51.47489453824367
 21
-16.108100483181435
 31
0.0
  0
LINE
  5
5BB
330
17
100
AcDbEntity
  8
0
100
AcDbLine
 10
-51.47489453824367
 20
-16.108100483181435
 30
0.0
 11
-51.4865223298481
 21
-16.206308203757033
 31
0.0
  0
LINE
  5
5BC
330
17
100
AcDbEntity
  8
0
100
AcDbLine
 10
-51.4865223298481
 20
-16.206308203757033
 30
0.0
 11
-51.49803702850654
 21
-16.30454347635613
 31
0.0
  0
LINE
  5
5BD
330
17
100
AcDbEntity
  8
0
100
AcDbLine
 10
-51.49803702850654
 20
-16.30454347635613
 30
0.0
 11
-51.509438462898984
 21
-16.402806423096006
 31
0.0
  0
LINE
  5
5BE
330
17
100
AcDbEntity
  8
0
100
AcDbLine
 10
-51.509438462898984
 20
-16.402806423096006
 30
0.0
 11
-51.52072646585805
 21
-16.501097215416635
 31
0.0
  0
LINE
  5
5BF
330
17
100
AcDbEntity
  8
0
100
AcDbLine
 10
-51.52072646585805
 20
-16.501097215416635
 30
0.0
 11
-51.53190086849402
 21
-16.599416024143736
 31
0.0
  0
LINE
  5
5C0
330
17
100
AcDbEntity
  8
0
100
AcDbLine
 10
-51.53190086849402
 20
-16.599416024143736
 30
0.0
 11
-51.542961500198295
 21
-16.697763019481528
 31
0.0
  0
LINE
  5
5C1
330
17
100
AcDbEntity
  8
0
100
AcDbLine
 10
-51.542961500198295
 20
-16.697763019481528
 30
0.0
 11
-51.553908188647085
 21
-16.796138371005718
 31
0.0
  0
LINE
  5
5C2
330
17
100
AcDbEntity
  8
0
100
AcDbLine
 10
-51.553908188647085
 20
-16.796138371005718
 30
0.0
 11
-51.56474075980505
 21
-16.894542247656233
 31
0.0
  0
LINE
  5
5C3
330
17
100
AcDbEntity
  8
0
100
AcDbLine
 10
-51.56474075980505
 20
-16.894542247656233
 30
0.0
 11
-51.57545903292632
 21
-16.992974773109967
 31
0.0
  0
LINE
  5
5C4
330
17
100
AcDbEntity
  8
0
100
AcDbLine
 10
-51.57545903292632
 20
-16.992974773109967
 30
0.0
 11
-51.586062820712534
 21
-17.091436033637798
 31
0.0
  0
LINE
  5
5C5
330
17
100
AcDbEntity
  8
0
100
AcDbLine
 10
-51.586062820712534
 20
-17.091436033637798
 30
0.0
 11
-51.596551942549226
 21
-17.189926194640766
 31
0.0
  0
LINE
  5
5C6
330
17
100
AcDbEntity
  8
0
100
AcDbLine
 10
-51.596551942549226
 20
-17.189926194640766
 30
0.0
 11
-51.60692621631362
 21
-17.288445422572572
 31
0.0
  0
LINE
  5
5C7
330
17
100
AcDbEntity
  8
0
100
AcDbLine
 10
-51.60692621631362
 20
-17.288445422572572
 30
0.0
 11
-51.617185458190455
 21
-17.386993883204834
 31
0.0
  0
LINE
  5
5C8
330
17
100
AcDbEntity
  8
0
100
AcDbLine
 10
-51.617185458190455
 20
-17.386993883204834
 30
0.0
 11
-51.62732948267591
 21
-17.48557174161996
 31
0.0
  0
LINE
  5
5C9
330
17
100
AcDbEntity
  8
0
100
AcDbLine
 10
-51.62732948267591
 20
-17.48557174161996
 30
0.0
 11
-51.63735810258126
 21
-17.58417916220382
 31
0.0
  0
LINE
  5
5CA
330
17
100
AcDbEntity
  8
0
100
AcDbLine
 10
-51.63735810258126
 20
-17.58417916220382
 30
0.0
 11
-51.64727112903678
 21
-17.682816308638426
 31
0.0
  0
LINE
  5
5CB
330
17
100
AcDbEntity
  8
0
100
AcDbLine
 10
-51.64727112903678
 20
-17.682816308638426
 30
0.0
 11
-51.65706832957598
 21
-17.781482936976392
 31
0.0
  0
LINE
  5
5CC
330
17
100
AcDbEntity
  8
0
100
AcDbLine
 10
-51.65706832957598
 20
-17.781482936976392
 30
0.0
 11
-51.66674945445449
 21
-17.88017870742364
 31
0.0
  0
LINE
  5
5CD
330
17
100
AcDbEntity
  8
0
100
AcDbLine
 10
-51.66674945445449
 20
-17.88017870742364
 30
0.0
 11
-51.676314300544135
 21
-17.978903781032482
 31
0.0
  0
LINE
  5
5CE
330
17
100
AcDbEntity
  8
0
100
AcDbLine
 10
-51.676314300544135
 20
-17.978903781032482
 30
0.0
 11
-51.68576266319434
 21
-18.07765831941628
 31
0.0
  0
LINE
  5
5CF
330
17
100
AcDbEntity
  8
0
100
AcDbLine
 10
-51.68576266319434
 20
-18.07765831941628
 30
0.0
 11
-51.695094336100226
 21
-18.1764424833739
 31
0.0
  0
LINE
  5
5D0
330
17
100
AcDbEntity
  8
0
100
AcDbLine
 10
-51.695094336100226
 20
-18.1764424833739
 30
0.0
 11
-51.70430911130691
 21
-18.275256432882262
 31
0.0
  0
LINE
  5
5D1
330
17
100
AcDbEntity
  8
0
100
AcDbLine
 10
-51.70430911130691
 20
-18.275256432882262
 30
0.0
 11
-51.71340677921384
 21
-18.37410032708877
 31
0.0
  0
LINE
  5
5D2
330
17
100
AcDbEntity
  8
0
100
AcDbLine
 10
-51.71340677921384
 20
-18.37410032708877
 30
0.0
 11
-51.72238712852177
 21
-18.472974323668936
 31
0.0
  0
LINE
  5
5D3
330
17
100
AcDbEntity
  8
0
100
AcDbLine
 10
-51.72238712852177
 20
-18.472974323668936
 30
0.0
 11
-51.73124992445295
 21
-18.57187834676404
 31
0.0
  0
LINE
  5
5D4
330
17
100
AcDbEntity
  8
0
100
AcDbLine
 10
-51.73124992445295
 20
-18.57187834676404
 30
0.0
 11
-51.739994931807544
 21
-18.670812364375525
 31
0.0
  0
LINE
  5
5D5
330
17
100
AcDbEntity
  8
0
100
AcDbLine
 10
-51.739994931807544
 20
-18.670812364375525
 30
0.0
 11
-51.748621930226356
 21
-18.769776532626064
 31
0.0
  0
LINE
  5
5D6
330
17
100
AcDbEntity
  8
0
100
AcDbLine
 10
-51.748621930226356
 20
-18.769776532626064
 30
0.0
 11
-51.7571306977306
 21
-18.86877100673648
 31
0.0
  0
LINE
  5
5D7
330
17
100
AcDbEntity
  8
0
100
AcDbLine
 10
-51.7571306977306
 20
-18.86877100673648
 30
0.0
 11
-51.76552101072653
 21
-18.967795941018068
 31
0.0
  0
LINE
  5
5D8
330
17
100
AcDbEntity
  8
0
100
AcDbLine
 10
-51.76552101072653
 20
-18.967795941018068
 30
0.0
 11
-51.77379264401011
 21
-19.0668514888651
 31
0.0
  0
LINE
  5
5D9
330
17
100
AcDbEntity
  8
0
100
AcDbLine
 10
-51.77379264401011
 20
-19.0668514888651
 30
0.0
 11
-51.78194537077169
 21
-19.165937802747187
 31
0.0
  0
LINE
  5
5DA
330
17
100
AcDbEntity
  8
0
100
AcDbLine
 10
-51.78194537077169
 20
-19.165937802747187
 30
0.0
 11
-51.789978962211194
 21
-19.265055029404316
 31
0.0
  0
LINE
  5
5DB
330
17
100
AcDbEntity
  8
0
100
AcDbLine
 10
-51.789978962211194
 20
-19.265055029404316
 30
0.0
 11
-51.79789316914774
 21
-19.364203093200107
 31
0.0
  0
LINE
  5
5DC
330
17
100
AcDbEntity
  8
0
100
AcDbLine
 10
-51.79789316914774
 20
-19.364203093200107
 30
0.0
 11
-51.80568774678922
 21
-19.463382020082825
 31
0.0
  0
LINE
  5
5DD
330
17
100
AcDbEntity
  8
0
100
AcDbLine
 10
-51.80568774678922
 20
-19.463382020082825
 30
0.0
 11
-51.81336245841263
 21
-19.562591959015684
 31
0.0
  0
LINE
  5
5DE
330
17
100
AcDbEntity
  8
0
100
AcDbLine
 10
-51.81336245841263
 20
-19.562591959015684
 30
0.0
 11
-51.820917065716955
 21
-19.661833057969364
 31
0.0
  0
LINE
  5
5DF
330
17
100
AcDbEntity
  8
0
100
AcDbLine
 10
-51.820917065716955
 20
-19.661833057969364
 30
0.0
 11
-51.82835132882816
 21
-19.761105463914475
 31
0.0
  0
LINE
  5
5E0
330
17
100
AcDbEntity
  8
0
100
AcDbLine
 10
-51.82835132882816
 20
-19.761105463914475
 30
0.0
 11
-51.835665006304126
 21
-19.860409322813776
 31
0.0
  0
LINE
  5
5E1
330
17
100
AcDbEntity
  8
0
100
AcDbLine
 10
-51.835665006304126
 20
-19.860409322813776
 30
0.0
 11
-51.84285785513964
 21
-19.95974477961442
 31
0.0
  0
LINE
  5
5E2
330
17
100
AcDbEntity
  8
0
100
AcDbLine
 10
-51.84285785513964
 20
-19.95974477961442
 30
0.0
 11
-51.84992962890174
 21
-20.059111952201505
 31
0.0
  0
LINE
  5
5E3
330
17
100
AcDbEntity
  8
0
100
AcDbLine
 10
-51.84992962890174
 20
-20.059111952201505
 30
0.0
 11
-51.85688004478481
 21
-20.158510498700505
 31
0.0
  0
LINE
  5
5E4
330
17
100
AcDbEntity
  8
0
100
AcDbLine
 10
-51.85688004478481
 20
-20.158510498700505
 30
0.0
 11
-51.86370883568873
 21
-20.257940378560562
 31
0.0
  0
LINE
  5
5E5
330
17
100
AcDbEntity
  8
0
100
AcDbLine
 10
-51.86370883568873
 20
-20.257940378560562
 30
0.0
 11
-51.87041574550076
 21
-20.357401733032653
 31
0.0
  0
LINE
  5
5E6
330
17
100
AcDbEntity
  8
0
100
AcDbLine
 10
-51.87041574550076
 20
-20.357401733032653
 30
0.0
 11
-51.87700051657914
 21
-20.456894702254882
 31
0.0
  0
LINE
  5
5E7
330
17
100
AcDbEntity
  8
0
100
AcDbLine
 10
-51.87700051657914
 20
-20.456894702254882
 30
0.0
 11
-51.88346288975859
 21
-20.55641942524471
 31
0.0
  0
LINE
  5
5E8
330
17
100
AcDbEntity
  8
0
100
AcDbLine
 10
-51.88346288975859
 20
-20.55641942524471
 30
0.0
 11
-51.88980260435569
 21
-20.655976039891033
 31
0.0
  0
LINE
  5
5E9
330
17
100
AcDbEntity
  8
0
100
AcDbLine
 10
-51.88980260435569
 20
-20.655976039891033
 30
0.0
 11
-51.89601939817432
 21
-20.755564682946495
 31
0.0
  0
LINE
  5
5EA
330
17
100
AcDbEntity
  8
0
100
AcDbLine
 10
-51.89601939817432
 20
-20.755564682946495
 30
0.0
 11
-51.90211300738058
 21
-20.855185487924754
 31
0.0
  0
LINE
  5
5EB
330
17
100
AcDbEntity
  8
0
100
AcDbLine
 10
-51.90211300738058
 20
-20.855185487924754
 30
0.0
 11
-51.908083165372275
 21
-20.954838568315303
 31
0.0
  0
LINE
  5
5EC
330
17
100
AcDbEntity
  8
0
100
AcDbLine
 10
-51.908083165372275
 20
-20.954838568315303
 30
0.0
 11
-51.91392960484539
 21
-21.054524052020025
 31
0.0
  0
LINE
  5
5ED
330
17
100
AcDbEntity
  8
0
100
AcDbLine
 10
-51.91392960484539
 20
-21.054524052020025
 30
0.0
 11
-51.919652057324726
 21
-21.154242071182885
 31
0.0
  0
LINE
  5
5EE
330
17
100
AcDbEntity
  8
0
100
AcDbLine
 10
-51.919652057324726
 20
-21.154242071182885
 30
0.0
 11
-51.92525025285029
 21
-21.253992756770003
 31
0.0
  0
LINE
  5
5EF
330
17
100
AcDbEntity
  8
0
100
AcDbLine
 10
-51.92525025285029
 20
-21.253992756770003
 30
0.0
 11
-51.930723919982796
 21
-21.353776238561945
 31
0.0
  0
LINE
  5
5F0
330
17
100
AcDbEntity
  8
0
100
AcDbLine
 10
-51.930723919982796
 20
-21.353776238561945
 30
0.0
 11
-51.93607278580933
 21
-21.45359264514587
 31
0.0
  0
LINE
  5
5F1
330
17
100
AcDbEntity
  8
0
100
AcDbLine
 10
-51.93607278580933
 20
-21.45359264514587
 30
0.0
 11
-51.94129657594889
 21
-21.553442103907685
 31
0.0
  0
LINE
  5
5F2
330
17
100
AcDbEntity
  8
0
100
AcDbLine
 10
-51.94129657594889
 20
-21.553442103907685
 30
0.0
 11
-51.94639501171879
 21
-21.653324687126016
 31
0.0
  0
LINE
  5
5F3
330
17
100
AcDbEntity
  8
0
100
AcDbLine
 10
-51.94639501171879
 20
-21.653324687126016
 30
0.0
 11
-51.95136779666896
 21
-21.75324018743199
 31
0.0
  0
LINE
  5
5F4
330
17
100
AcDbEntity
  8
0
100
AcDbLine
 10
-51.95136779666896
 20
-21.75324018743199
 30
0.0
 11
-51.95621464482995
 21
-21.853188671827752
 31
0.0
  0
LINE
  5
5F5
330
17
100
AcDbEntity
  8
0
100
AcDbLine
 10
-51.95621464482995
 20
-21.853188671827752
 30
0.0
 11
-51.96093527160381
 21
-21.95317026298949
 31
0.0
  0
LINE
  5
5F6
330
17
100
AcDbEntity
  8
0
100
AcDbLine
 10
-51.96093527160381
 20
-21.95317026298949
 30
0.0
 11
-51.96552939095998
 21
-22.05318508231478
 31
0.0
  0
LINE
  5
5F7
330
17
100
AcDbEntity
  8
0
100
AcDbLine
 10
-51.96552939095998
 20
-22.05318508231478
 30
0.0
 11
-51.96999671544106
 21
-22.153233249914642
 31
0.0
  0
LINE
  5
5F8
330
17
100
AcDbEntity
  8
0
100
AcDbLine
 10
-51.96999671544106
 20
-22.153233249914642
 30
0.0
 11
-51.97433695616883
 21
-22.253314884605683
 31
0.0
  0
LINE
  5
5F9
330
17
100
AcDbEntity
  8
0
100
AcDbLine
 10
-51.97433695616883
 20
-22.253314884605683
 30
0.0
 11
-51.97854982285013
 21
-22.3534301039024
 31
0.0
  0
LINE
  5
5FA
330
17
100
AcDbEntity
  8
0
100
AcDbLine
 10
-51.97854982285013
 20
-22.3534301039024
 30
0.0
 11
-51.98263502301418
 21
-22.453579006101503
 31
0.0
  0
LINE
  5
5FB
330
17
100
AcDbEntity
  8
0
100
AcDbLine
 10
-51.98263502301418
 20
-22.453579006101503
 30
0.0
 11
-51.98659226000699
 21
-22.553761633207937
 31
0.0
  0
LINE
  5
5FC
330
17
100
AcDbEntity
  8
0
100
AcDbLine
 10
-51.98659226000699
 20
-22.553761633207937
 30
0.0
 11
-51.99042123803905
 21
-22.653978091036848
 31
0.0
  0
LINE
  5
5FD
330
17
100
AcDbEntity
  8
0
100
AcDbLine
 10
-51.99042123803905
 20
-22.653978091036848
 30
0.0
 11
-51.994121660239806
 21
-22.75422849184166
 31
0.0
  0
LINE
  5
5FE
330
17
100
AcDbEntity
  8
0
100
AcDbLine
 10
-51.994121660239806
 20
-22.75422849184166
 30
0.0
 11
-51.99769322835552
 21
-22.854512946525887
 31
0.0
  0
LINE
  5
5FF
330
17
100
AcDbEntity
  8
0
100
AcDbLine
 10
-51.99769322835552
 20
-22.854512946525887
 30
0.0
 11
-52.00113564275544
 21
-22.954831564635523
 31
0.0
  0
LINE
  5
600
330
17
100
AcDbEntity
  8
0
100
AcDbLine
 10
-52.00113564275544
 20
-22.954831564635523
 30
0.0
 11
-52.00444860243789
 21
-23.055184454351167
 31
0.0
  0
LINE
  5
601
330
17
100
AcDbEntity
  8
0
100
AcDbLine
 10
-52.00444860243789
 20
-23.055184454351167
 30
0.0
 11
-52.00763180503647
 21
-23.15557172248033
 31
0.0
  0
LINE
  5
602
330
17
100
AcDbEntity
  8
0
100
AcDbLine
 10
-52.00763180503647
 20
-23.15557172248033
 30
0.0
 11
-52.010684945302344
 21
-23.25599342833747
 31
0.0
  0
LINE
  5
603
330
17
100
AcDbEntity
  8
0
100
AcDbLine
 10
-52.010684945302344
 20
-23.25599342833747
 30
0.0
 11
-52.013607713041935
 21
-23.35644954786304
 31
0.0
  0
LINE
  5
604
330
17
100
AcDbEntity
  8
0
100
AcDbLine
 10
-52.013607713041935
 20
-23.35644954786304
 30
0.0
 11
-52.016399799804084
 21
-23.456940176216484
 31
0.0
  0
LINE
  5
605
330
17
100
AcDbEntity
  8
0
100
AcDbLine
 10
-52.016399799804084
 20
-23.456940176216484
 30
0.0
 11
-52.0190608960246
 21
-23.557465414658218
 31
0.0
  0
LINE
  5
606
330
17
100
AcDbEntity
  8
0
100
AcDbLine
 10
-52.0190608960246
 20
-23.557465414658218
 30
0.0
 11
-52.02159069080905
 21
-23.658025363020762
 31
0.0
  0
LINE
  5
607
330
17
100
AcDbEntity
  8
0
100
AcDbLine
 10
-52.02159069080905
 20
-23.658025363020762
 30
0.0
 11
-52.02398887193904
 21
-23.758620119700947
 31
0.0
  0
LINE
  5
608
330
17
100
AcDbEntity
  8
0
100
AcDbLine
 10
-52.02398887193904
 20
-23.758620119700947
 30
0.0
 11
-52.02625512587863
 21
-23.85924978165219
 31
0.0
  0
LINE
  5
609
330
17
100
AcDbEntity
  8
0
100
AcDbLine
 10
-52.02625512587863
 20
-23.85924978165219
 30
0.0
 11
-52.028389137780714
 21
-23.959914444376903
 31
0.0
  0
LINE
  5
60A
330
17
100
AcDbEntity
  8
0
100
AcDbLine
 10
-52.028389137780714
 20
-23.959914444376903
 30
0.0
 11
-52.0303905901839
 21
-24.060614145048028
 31
0.0
  0
LINE
  5
60B
330
17
100
AcDbEntity
  8
0
100
AcDbLine
 10
-52.0303905901839
 20
-24.060614145048028
 30
0.0
 11
-52.0322591622072
 21
-24.161348867427115
 31
0.0
  0
LINE
  5
60C
330
17
100
AcDbEntity
  8
0
100
AcDbLine
 10
-52.0322591622072
 20
-24.161348867427115
 30
0.0
 11
-52.03399453338632
 21
-24.262118699960467
 31
0.0
  0
LINE
  5
60D
330
17
100
AcDbEntity
  8
0
100
AcDbLine
 10
-52.03399453338632
 20
-24.262118699960467
 30
0.0
 11
-52.03559638202751
 21
-24.362923732267504
 31
0.0
  0
LINE
  5
60E
330
17
100
AcDbEntity
  8
0
100
AcDbLine
 10
-52.03559638202751
 20
-24.362923732267504
 30
0.0
 11
-52.03706438516155
 21
-24.46376405246317
 31
0.0
  0
LINE
  5
60F
330
17
100
AcDbEntity
  8
0
100
AcDbLine
 10
-52.03706438516155
 20
-24.46376405246317
 30
0.0
 11
-52.03839821855034
 21
-24.564639747150252
 31
0.0
  0
LINE
  5
610
330
17
100
AcDbEntity
  8
0
100
AcDbLine
 10
-52.03839821855034
 20
-24.564639747150252
 30
0.0
 11
-52.039597556693465
 21
-24.665550901411912
 31
0.0
  0
LINE
  5
611
330
17
100
AcDbEntity
  8
0
100
AcDbLine
 10
-52.039597556693465
 20
-24.665550901411912
 30
0.0
 11
-52.04066207283487
 21
-24.766497598804047
 31
0.0
  0
LINE
  5
612
330
17
100
AcDbEntity
  8
0
100
AcDbLine
 10
-52.04066207283487
 20
-24.766497598804047
 30
0.0
 11
-52.04159144057961
 21
-24.867480046485227
 31
0.0
  0
LINE
  5
613
330
17
100
AcDbEntity
  8
0
100
AcDbLine
 10
-52.04159144057961
 20
-24.867480046485227
 30
0.0
 11
-52.04238533455227
 21
-24.968498487553372
 31
0.0
  0
LINE
  5
614
330
17
100
AcDbEntity
  8
0
100
AcDbLine
 10
-52.04238533455227
 20
-24.968498487553372
 30
0.0
 11
-52.04304342713386
 21
-25.069553001632595
 31
0.0
  0
LINE
  5
615
330
17
100
AcDbEntity
  8
0
100
AcDbLine
 10
-52.04304342713386
 20
-25.069553001632595
 30
0.0
 11
-52.04356538946373
 21
-25.170643666139362
 31
0.0
  0
LINE
  5
616
330
17
100
AcDbEntity
  8
0
100
AcDbLine
 10
-52.04356538946373
 20
-25.170643666139362
 30
0.0
 11
-52.04395089145267
 21
-25.27177055695175
 31
0.0
  0
LINE
  5
617
330
17
100
AcDbEntity
  8
0
100
AcDbLine
 10
-52.04395089145267
 20
-25.27177055695175
 30
0.0
 11
-52.044199601789394
 21
-25.372933748401906
 31
0.0
  0
LINE
  5
618
330
17
100
AcDbEntity
  8
0
100
AcDbLine
 10
-52.044199601789394
 20
-25.372933748401906
 30
0.0
 11
-52.04431118794733
 21
-25.474133313268702
 31
0.0
  0
LINE
  5
619
330
17
100
AcDbEntity
  8
0
100
AcDbLine
 10
-52.04431118794733
 20
-25.474133313268702
 30
0.0
 11
-52.044285316191505
 21
-25.57536932230953
 31
0.0
  0
LINE
  5
61A
330
17
100
AcDbEntity
  8
0
100
AcDbLine
 10
-52.044285316191505
 20
-25.57536932230953
 30
0.0
 11
-52.04412165082467
 21
-25.67664155087687
 31
0.0
  0
LINE
  5
61B
330
17
100
AcDbEntity
  8
0
100
AcDbLine
 10
-52.04412165082467
 20
-25.67664155087687
 30
0.0
 11
-52.04381985131766
 21
-25.77794981615621
 31
0.0
  0
LINE
  5
61C
330
17
100
AcDbEntity
  8
0
100
AcDbLine
 10
-52.04381985131766
 20
-25.77794981615621
 30
0.0
 11
-52.043379574947366
 21
-25.879294184524284
 31
0.0
  0
LINE
  5
61D
330
17
100
AcDbEntity
  8
0
100
AcDbLine
 10
-52.043379574947366
 20
-25.879294184524284
 30
0.0
 11
-52.042800477821416
 21
-25.980674720717246
 31
0.0
  0
LINE
  5
61E
330
17
100
AcDbEntity
  8
0
100
AcDbLine
 10
-52.042800477821416
 20
-25.980674720717246
 30
0.0
 11
-52.04208221488514
 21
-26.082091487823213
 31
0.0
  0
LINE
  5
61F
330
17
100
AcDbEntity
  8
0
100
AcDbLine
 10
-52.04208221488514
 20
-26.082091487823213
 30
0.0
 11
-52.04122443992864
 21
-26.183544547274895
 31
0.0
  0
LINE
  5
620
330
17
100
AcDbEntity
  8
0
100
AcDbLine
 10
-52.04122443992864
 20
-26.183544547274895
 30
0.0
 11
-52.0402268055938
 21
-26.285033958842362
 31
0.0
  0
LINE
  5
621
330
17
100
AcDbEntity
  8
0
100
AcDbLine
 10
-52.0402268055938
 20
-26.285033958842362
 30
0.0
 11
-52.03908896331808
 21
-26.386559786282223
 31
0.0
  0
LINE
  5
622
330
17
100
AcDbEntity
  8
0
100
AcDbLine
 10
-52.03908896331808
 20
-26.386559786282223
 30
0.0
 11
-52.03781056105842
 21
-26.488122398927572
 31
0.0
  0
LINE
  5
623
330
17
100
AcDbEntity
  8
0
100
AcDbLine
 10
-52.03781056105842
 20
-26.488122398927572
 30
0.0
 11
-52.03639125039004
 21
-26.589722031337992
 31
0.0
  0
LINE
  5
624
330
17
100
AcDbEntity
  8
0
100
AcDbLine
 10
-52.03639125039004
 20
-26.589722031337992
 30
0.0
 11
-52.034830684362454
 21
-26.691358736740142
 31
0.0
  0
LINE
  5
625
330
17
100
AcDbEntity
  8
0
100
AcDbLine
 10
-52.034830684362454
 20
-26.691358736740142
 30
0.0
 11
-52.03312851490037
 21
-26.79303256670847
 31
0.0
  0
LINE
  5
626
330
17
100
AcDbEntity
  8
0
100
AcDbLine
 10
-52.03312851490037
 20
-26.79303256670847
 30
0.0
 11
-52.0312843928106
 21
-26.89474357115798
 31
0.0
  0
LINE
  5
627
330
17
100
AcDbEntity
  8
0
100
AcDbLine
 10
-52.0312843928106
 20
-26.89474357115798
 30
0.0
 11
-52.029297967788985
 21
-26.996491798337267
 31
0.0
  0
LINE
  5
628
330
17
100
AcDbEntity
  8
0
100
AcDbLine
 10
-52.029297967788985
 20
-26.996491798337267
 30
0.0
 11
-52.02716888842747
 21
-27.098277294821344
 31
0.0
  0
LINE
  5
629
330
17
100
AcDbEntity
  8
0
100
AcDbLine
 10
-52.02716888842747
 20
-27.098277294821344
 30
0.0
 11
-52.02489680289751
 21
-27.200100074455534
 31
0.0
  0
LINE
  5
62A
330
17
100
AcDbEntity
  8
0
100
AcDbLine
 10
-52.02489680289751
 20
-27.200100074455534
 30
0.0
 11
-52.02248136902698
 21
-27.301959545525374
 31
0.0
  0
LINE
  5
62B
330
17
100
AcDbEntity
  8
0
100
AcDbLine
 10
-52.02248136902698
 20
-27.301959545525374
 30
0.0
 11
-52.01992222934499
 21
-27.403855498384715
 31
0.0
  0
LINE
  5
62C
330
17
100
AcDbEntity
  8
0
100
AcDbLine
 10
-52.01992222934499
 20
-27.403855498384715
 30
0.0
 11
-52.017219019033604
 21
-27.505787972370975
 31
0.0
  0
LINE
  5
62D
330
17
100
AcDbEntity
  8
0
100
AcDbLine
 10
-52.017219019033604
 20
-27.505787972370975
 30
0.0
 11
-52.01437137223028
 21
-27.60775700502608
 31
0.0
  0
LINE
  5
62E
330
17
100
AcDbEntity
  8
0
100
AcDbLine
 10
-52.01437137223028
 20
-27.60775700502608
 30
0.0
 11
-52.011378922035355
 21
-27.70976263208938
 31
0.0
  0
LINE
  5
62F
330
17
100
AcDbEntity
  8
0
100
AcDbLine
 10
-52.011378922035355
 20
-27.70976263208938
 30
0.0
 11
-52.00824130051968
 21
-27.81180488749056
 31
0.0
  0
LINE
  5
630
330
17
100
AcDbEntity
  8
0
100
AcDbLine
 10
-52.00824130051968
 20
-27.81180488749056
 30
0.0
 11
-52.00495813873217
 21
-27.91388380334285
 31
0.0
  0
LINE
  5
631
330
17
100
AcDbEntity
  8
0
100
AcDbLine
 10
-52.00495813873217
 20
-27.91388380334285
 30
0.0
 11
-52.001529066297294
 21
-28.015999422541704
 31
0.0
  0
LINE
  5
632
330
17
100
AcDbEntity
  8
0
100
AcDbLine
 10
-52.001529066297294
 20
-28.015999422541704
 30
0.0
 11
-51.997953708418834
 21
-28.1181519086788
 31
0.0
  0
LINE
  5
633
330
17
100
AcDbEntity
  8
0
100
AcDbLine
 10
-51.997953708418834
 20
-28.1181519086788
 30
0.0
 11
-51.99423169364009
 21
-28.220341325066574
 31
0.0
  0
LINE
  5
634
330
17
100
AcDbEntity
  8
0
100
AcDbLine
 10
-51.99423169364009
 20
-28.220341325066574
 30
0.0
 11
-51.990362650819705
 21
-28.322567696607436
 31
0.0
  0
LINE
  5
635
330
17
100
AcDbEntity
  8
0
100
AcDbLine
 10
-51.990362650819705
 20
-28.322567696607436
 30
0.0
 11
-51.98634620782761
 21
-28.424831046370524
 31
0.0
  0
LINE
  5
636
330
17
100
AcDbEntity
  8
0
100
AcDbLine
 10
-51.98634620782761
 20
-28.424831046370524
 30
0.0
 11
-51.982181991552615
 21
-28.527131395584867
 31
0.0
  0
LINE
  5
637
330
17
100
AcDbEntity
  8
0
100
AcDbLine
 10
-51.982181991552615
 20
-28.527131395584867
 30
0.0
 11
-51.97786962791011
 21
-28.629468763632737
 31
0.0
  0
LINE
  5
638
330
17
100
AcDbEntity
  8
0
100
AcDbLine
 10
-51.97786962791011
 20
-28.629468763632737
 30
0.0
 11
-51.97340874184971
 21
-28.731843168042897
 31
0.0
  0
LINE
  5
639
330
17
100
AcDbEntity
  8
0
100
AcDbLine
 10
-51.97340874184971
 20
-28.731843168042897
 30
0.0
 11
-51.968798962360516
 21
-28.8342545094673
 31
0.0
  0
LINE
  5
63A
330
17
100
AcDbEntity
  8
0
100
AcDbLine
 10
-51.968798962360516
 20
-28.8342545094673
 30
0.0
 11
-51.96403994145554
 21
-28.936702051358488
 31
0.0
  0
LINE
  5
63B
330
17
100
AcDbEntity
  8
0
100
AcDbLine
 10
-51.96403994145554
 20
-28.936702051358488
 30
0.0
 11
-51.959131297663525
 21
-29.03918566935211
 31
0.0
  0
LINE
  5
63C
330
17
100
AcDbEntity
  8
0
100
AcDbLine
 10
-51.959131297663525
 20
-29.03918566935211
 30
0.0
 11
-51.95407264226804
 21
-29.141705372656084
 31
0.0
  0
LINE
  5
63D
330
17
100
AcDbEntity
  8
0
100
AcDbLine
 10
-51.95407264226804
 20
-29.141705372656084
 30
0.0
 11
-51.94886358565548
 21
-29.24426116849444
 31
0.0
  0
LINE
  5
63E
330
17
100
AcDbEntity
  8
0
100
AcDbLine
 10
-51.94886358565548
 20
-29.24426116849444
 30
0.0
 11
-51.94350373732346
 21
-29.346853062100863
 31
0.0
  0
LINE
  5
63F
330
17
100
AcDbEntity
  8
0
100
AcDbLine
 10
-51.94350373732346
 20
-29.346853062100863
 30
0.0
 11
-51.93799270588903
 21
-29.449481056712038
 31
0.0
  0
LINE
  5
640
330
17
100
AcDbEntity
  8
0
100
AcDbLine
 10
-51.93799270588903
 20
-29.449481056712038
 30
0.0
 11
-51.93233009909713
 21
-29.552145153561092
 31
0.0
  0
LINE
  5
641
330
17
100
AcDbEntity
  8
0
100
AcDbLine
 10
-51.93233009909713
 20
-29.552145153561092
 30
0.0
 11
-51.92651552827825
 21
-29.65484527027418
 31
0.0
  0
LINE
  5
642
330
17
100
AcDbEntity
  8
0
100
AcDbLine
 10
-51.92651552827825
 20
-29.65484527027418
 30
0.0
 11
-51.92054861652827
 21
-29.75758105486135
 31
0.0
  0
LINE
  5
643
330
17
100
AcDbEntity
  8
0
100
AcDbLine
 10
-51.92054861652827
 20
-29.75758105486135
 30
0.0
 11
-51.91442896666915
 21
-29.86035246237136
 31
0.0
  0
LINE
  5
644
330
17
100
AcDbEntity
  8
0
100
AcDbLine
 10
-51.91442896666915
 20
-29.86035246237136
 30
0.0
 11
-51.90815617840189
 21
-29.963159485484162
 31
0.0
  0
LINE
  5
645
330
17
100
AcDbEntity
  8
0
100
AcDbLine
 10
-51.90815617840189
 20
-29.963159485484162
 30
0.0
 11
-51.90172985061242
 21
-30.066002114797886
 31
0.0
  0
LINE
  5
646
330
17
100
AcDbEntity
  8
0
100
AcDbLine
 10
-51.90172985061242
 20
-30.066002114797886
 30
0.0
 11
-51.89514958138029
 21
-30.16888033882241
 31
0.0
  0
LINE
  5
647
330
17
100
AcDbEntity
  8
0
100
AcDbLine
 10
-51.89514958138029
 20
-30.16888033882241
 30
0.0
 11
-51.88841496798741
 21
-30.271794143973207
 31
0.0
  0
LINE
  5
648
330
17
100
AcDbEntity
  8
0
100
AcDbLine
 10
-51.88841496798741
 20
-30.271794143973207
 30
0.0
 11
-51.88152560692682
 21
-30.374743514564997
 31
0.0
  0
LINE
  5
649
330
17
100
AcDbEntity
  8
0
100
AcDbLine
 10
-51.88152560692682
 20
-30.374743514564997
 30
0.0
 11
-51.87448109771455
 21
-30.47772837499228
 31
0.0
  0
LINE
  5
64A
330
17
100
AcDbEntity
  8
0
100
AcDbLine
 10
-51.87448109771455
 20
-30.47772837499228
 30
0.0
 11
-51.86728104523676
 21
-30.580748536905382
 31
0.0
  0
LINE
  5
64B
330
17
100
AcDbEntity
  8
0
100
AcDbLine
 10
-51.86728104523676
 20
-30.580748536905382
 30
0.0
 11
-51.85992504207383
 21
-30.68380396726839
 31
0.0
  0
LINE
  5
64C
330
17
100
AcDbEntity
  8
0
100
AcDbLine
 10
-51.85992504207383
 20
-30.68380396726839
 30
0.0
 11
-51.85241267931713
 21
-30.786894641651035
 31
0.0
  0
LINE
  5
64D
330
17
100
AcDbEntity
  8
0
100
AcDbLine
 10
-51.85241267931713
 20
-30.786894641651035
 30
0.0
 11
-51.8447435473212
 21
-30.89002053346805
 31
0.0
  0
LINE
  5
64E
330
17
100
AcDbEntity
  8
0
100
AcDbLine
 10
-51.8447435473212
 20
-30.89002053346805
 30
0.0
 11
-51.83691723571282
 21
-30.993181613973228
 31
0.0
  0
LINE
  5
64F
330
17
100
AcDbEntity
  8
0
100
AcDbLine
 10
-51.83691723571282
 20
-30.993181613973228
 30
0.0
 11
-51.828933333399924
 21
-31.096377852253404
 31
0.0
  0
LINE
  5
650
330
17
100
AcDbEntity
  8
0
100
AcDbLine
 10
-51.828933333399924
 20
-31.096377852253404
 30
0.0
 11
-51.820791428580776
 21
-31.19960921522243
 31
0.0
  0
LINE
  5
651
330
17
100
AcDbEntity
  8
0
100
AcDbLine
 10
-51.820791428580776
 20
-31.19960921522243
 30
0.0
 11
-51.81249114167018
 21
-31.3028752413188
 31
0.0
  0
LINE
  5
652
330
17
100
AcDbEntity
  8
0
100
AcDbLine
 10
-51.81249114167018
 20
-31.3028752413188
 30
0.0
 11
-51.80403211844748
 21
-31.406175037322182
 31
0.0
  0
LINE
  5
653
330
17
100
AcDbEntity
  8
0
100
AcDbLine
 10
-51.80403211844748
 20
-31.406175037322182
 30
0.0
 11
-51.79541393407864
 21
-31.5095085379519
 31
0.0
  0
LINE
  5
654
330
17
100
AcDbEntity
  8
0
100
AcDbLine
 10
-51.79541393407864
 20
-31.5095085379519
 30
0.0
 11
-51.78663616116986
 21
-31.612875699593765
 31
0.0
  0
LINE
  5
655
330
17
100
AcDbEntity
  8
0
100
AcDbLine
 10
-51.78663616116986
 20
-31.612875699593765
 30
0.0
 11
-51.77769837171012
 21
-31.716276476300497
 31
0.0
  0
LINE
  5
656
330
17
100
AcDbEntity
  8
0
100
AcDbLine
 10
-51.77769837171012
 20
-31.716276476300497
 30
0.0
 11
-51.76860013708101
 21
-31.819710819786046
 31
0.0
  0
LINE
  5
657
330
17
100
AcDbEntity
  8
0
100
AcDbLine
 10
-51.76860013708101
 20
-31.819710819786046
 30
0.0
 11
-51.75934102806651
 21
-31.923178679419838
 31
0.0
  0
LINE
  5
658
330
17
100
AcDbEntity
  8
0
100
AcDbLine
 10
-51.75934102806651
 20
-31.923178679419838
 30
0.0
 11
-51.749920614862916
 21
-32.02668000222131
 31
0.0
  0
LINE
  5
659
330
17
100
AcDbEntity
  8
0
100
AcDbLine
 10
-51.749920614862916
 20
-32.02668000222131
 30
0.0
 11
-51.740338453583824
 21
-32.13021488486567
 31
0.0
  0
LINE
  5
65A
330
17
100
AcDbEntity
  8
0
100
AcDbLine
 10
-51.740338453583824
 20
-32.13021488486567
 30
0.0
 11
-51.730594097016755
 21
-32.23378347764167
 31
0.0
  0
LINE
  5
65B
330
17
100
AcDbEntity
  8
0
100
AcDbLine
 10
-51.730594097016755
 20
-32.23378347764167
 30
0.0
 11
-51.72068711710135
 21
-32.337385722225505
 31
0.0
  0
LINE
  5
65C
330
17
100
AcDbEntity
  8
0
100
AcDbLine
 10
-51.72068711710135
 20
-32.337385722225505
 30
0.0
 11
-51.71061708532792
 21
-32.44102155673941
 31
0.0
  0
LINE
  5
65D
330
17
100
AcDbEntity
  8
0
100
AcDbLine
 10
-51.71061708532792
 20
-32.44102155673941
 30
0.0
 11
-51.70038357263503
 21
-32.54469091696481
 31
0.0
  0
LINE
  5
65E
330
17
100
AcDbEntity
  8
0
100
AcDbLine
 10
-51.70038357263503
 20
-32.54469091696481
 30
0.0
 11
-51.6899861494192
 21
-32.6483937363371
 31
0.0
  0
LINE
  5
65F
330
17
100
AcDbEntity
  8
0
100
AcDbLine
 10
-51.6899861494192
 20
-32.6483937363371
 30
0.0
 11
-51.67942438554476
 21
-32.752129945940304
 31
0.0
  0
LINE
  5
660
330
17
100
AcDbEntity
  8
0
100
AcDbLine
 10
-51.67942438554476
 20
-32.752129945940304
 30
0.0
 11
-51.668697850377086
 21
-32.855899474277535
 31
0.0
  0
LINE
  5
661
330
17
100
AcDbEntity
  8
0
100
AcDbLine
 10
-51.668697850377086
 20
-32.855899474277535
 30
0.0
 11
-51.657806144451314
 21
-32.95970193271818
 31
0.0
  0
LINE
  5
662
330
17
100
AcDbEntity
  8
0
100
AcDbLine
 10
-51.657806144451314
 20
-32.95970193271818
 30
0.0
 11
-51.64674886052509
 21
-33.06353696172869
 31
0.0
  0
LINE
  5
663
330
17
100
AcDbEntity
  8
0
100
AcDbLine
 10
-51.64674886052509
 20
-33.06353696172869
 30
0.0
 11
-51.63552556054126
 21
-33.16740448195952
 31
0.0
  0
LINE
  5
664
330
17
100
AcDbEntity
  8
0
100
AcDbLine
 10
-51.63552556054126
 20
-33.16740448195952
 30
0.0
 11
-51.6241358059834
 21
-33.27130441162291
 31
0.0
  0
LINE
  5
665
330
17
100
AcDbEntity
  8
0
100
AcDbLine
 10
-51.6241358059834
 20
-33.27130441162291
 30
0.0
 11
-51.61257915788614
 21
-33.37523666648799
 31
0.0
  0
LINE
  5
666
330
17
100
AcDbEntity
  8
0
100
AcDbLine
 10
-51.61257915788614
 20
-33.37523666648799
 30
0.0
 11
-51.60085517684534
 21
-33.479201159875885
 31
0.0
  0
LINE
  5
667
330
17
100
AcDbEntity
  8
0
100
AcDbLine
 10
-51.60085517684534
 20
-33.479201159875885
 30
0.0
 11
-51.5889634230285
 21
-33.58319780265471
 31
0.0
  0
LINE
  5
668
330
17
100
AcDbEntity
  8
0
100
AcDbLine
 10
-51.5889634230285
 20
-33.58319780265471
 30
0.0
 11
-51.57690345647644
 21
-33.68722650072321
 31
0.0
  0
LINE
  5
669
330
17
100
AcDbEntity
  8
0
100
AcDbLine
 10
-51.57690345647644
 20
-33.68722650072321
 30
0.0
 11
-51.56467485516493
 21
-33.791286994433406
 31
0.0
  0
LINE
  5
66A
330
17
100
AcDbEntity
  8
0
100
AcDbLine
 10
-51.56467485516493
 20
-33.791286994433406
 30
0.0
 11
-51.5522771872907
 21
-33.89537908716841
 31
0.0
  0
LINE
  5
66B
330
17
100
AcDbEntity
  8
0
100
AcDbLine
 10
-51.5522771872907
 20
-33.89537908716841
 30
0.0
 11
-51.53971000877638
 21
-33.99950267944841
 31
0.0
  0
LINE
  5
66C
330
17
100
AcDbEntity
  8
0
100
AcDbLine
 10
-51.53971000877638
 20
-33.99950267944841
 30
0.0
 11
-51.52697287517908
 21
-34.10365766928948
 31
0.0
  0
LINE
  5
66D
330
17
100
AcDbEntity
  8
0
100
AcDbLine
 10
-51.52697287517908
 20
-34.10365766928948
 30
0.0
 11
-51.5140653417008
 21
-34.20784395219914
 31
0.0
  0
LINE
  5
66E
330
17
100
AcDbEntity
  8
0
100
AcDbLine
 10
-51.5140653417008
 20
-34.20784395219914
 30
0.0
 11
-51.500986963199125
 21
-34.312061421171705
 31
0.0
  0
LINE
  5
66F
330
17
100
AcDbEntity
  8
0
100
AcDbLine
 10
-51.500986963199125
 20
-34.312061421171705
 30
0.0
 11
-51.48773729419773
 21
-34.41630996668408
 31
0.0
  0
LINE
  5
670
330
17
100
AcDbEntity
  8
0
100
AcDbLine
 10
-51.48773729419773
 20
-34.41630996668408
 30
0.0
 11
-51.47431588637177
 21
-34.52058949637643
 31
0.0
  0
LINE
  5
671
330
17
100
AcDbEntity
  8
0
100
AcDbLine
 10
-51.47431588637177
 20
-34.52058949637643
 30
0.0
 11
-51.46072223830099
 21
-34.62490034006298
 31
0.0
  0
LINE
  5
672
330
17
100
AcDbEntity
  8
0
100
AcDbLine
 10
-51.46072223830099
 20
-34.62490034006298
 30
0.0
 11
-51.446955885778344
 21
-34.72924256556149
 31
0.0
  0
LINE
  5
673
330
17
100
AcDbEntity
  8
0
100
AcDbLine
 10
-51.446955885778344
 20
-34.72924256556149
 30
0.0
 11
-51.433016388461475
 21
-34.83361605454569
 31
0.0
  0
LINE
  5
674
330
17
100
AcDbEntity
  8
0
100
AcDbLine
 10
-51.433016388461475
 20
-34.83361605454569
 30
0.0
 11
-51.41890330569959
 21
-34.93802068621786
 31
0.0
  0
LINE
  5
675
330
17
100
AcDbEntity
  8
0
100
AcDbLine
 10
-51.41890330569959
 20
-34.93802068621786
 30
0.0
 11
-51.40461619654388
 21
-35.04245633730483
 31
0.0
  0
LINE
  5
676
330
17
100
AcDbEntity
  8
0
100
AcDbLine
 10
-51.40461619654388
 20
-35.04245633730483
 30
0.0
 11
-51.39015461975782
 21
-35.14692288205383
 31
0.0
  0
LINE
  5
677
330
17
100
AcDbEntity
  8
0
100
AcDbLine
 10
-51.39015461975782
 20
-35.14692288205383
 30
0.0
 11
-51.37551813382768
 21
-35.251420192228416
 31
0.0
  0
LINE
  5
678
330
17
100
AcDbEntity
  8
0
100
AcDbLine
 10
-51.37551813382768
 20
-35.251420192228416
 30
0.0
 11
-51.36070630113917
 21
-35.355948107499806
 31
0.0
  0
LINE
  5
679
330
17
100
AcDbEntity
  8
0
100
AcDbLine
 10
-51.36070630113917
 20
-35.355948107499806
 30
0.0
 11
-51.34571872614797
 21
-35.460506153944195
 31
0.0
  0
LINE
  5
67A
330
17
100
AcDbEntity
  8
0
100
AcDbLine
 10
-51.34571872614797
 20
-35.460506153944195
 30
0.0
 11
-51.330554975903446
 21
-35.565094098185774
 31
0.0
  0
LINE
  5
67B
330
17
100
AcDbEntity
  8
0
100
AcDbLine
 10
-51.330554975903446
 20
-35.565094098185774
 30
0.0
 11
-51.31521460330667
 21
-35.669711800976486
 31
0.0
  0
LINE
  5
67C
330
17
100
AcDbEntity
  8
0
100
AcDbLine
 10
-51.31521460330667
 20
-35.669711800976486
 30
0.0
 11
-51.299697161054574
 21
-35.77435912051648
 31
0.0
  0
LINE
  5
67D
330
17
100
AcDbEntity
  8
0
100
AcDbLine
 10
-51.299697161054574
 20
-35.77435912051648
 30
0.0
 11
-51.284002201650885
 21
-35.87903591245038
 31
0.0
  0
LINE
  5
67E
330
17
100
AcDbEntity
  8
0
100
AcDbLine
 10
-51.284002201650885
 20
-35.87903591245038
 30
0.0
 11
-51.26812927741674
 21
-35.98374202986354
 31
0.0
  0
LINE
  5
67F
330
17
100
AcDbEntity
  8
0
100
AcDbLine
 10
-51.26812927741674
 20
-35.98374202986354
 30
0.0
 11
-51.2520779405016
 21
-36.08847732327871
 31
0.0
  0
LINE
  5
680
330
17
100
AcDbEntity
  8
0
100
AcDbLine
 10
-51.2520779405016
 20
-36.08847732327871
 30
0.0
 11
-51.23584774080129
 21
-36.19324165429532
 31
0.0
  0
LINE
  5
681
330
17
100
AcDbEntity
  8
0
100
AcDbLine
 10
-51.23584774080129
 20
-36.19324165429532
 30
0.0
 11
-51.21943821615084
 21
-36.29803496259293
 31
0.0
  0
LINE
  5
682
330
17
100
AcDbEntity
  8
0
100
AcDbLine
 10
-51.21943821615084
 20
-36.29803496259293
 30
0.0
 11
-51.202848916675244
 21
-36.40285710921493
 31
0.0
  0
LINE
  5
683
330
17
100
AcDbEntity
  8
0
100
AcDbLine
 10
-51.202848916675244
 20
-36.40285710921493
 30
0.0
 11
-51.1860793951779
 21
-36.50770793470422
 31
0.0
  0
LINE
  5
684
330
17
100
AcDbEntity
  8
0
100
AcDbLine
 10
-51.1860793951779
 20
-36.50770793470422
 30
0.0
 11
-51.16912920433894
 21
-36.61258727703737
 31
0.0
  0
LINE
  5
685
330
17
100
AcDbEntity
  8
0
100
AcDbLine
 10
-51.16912920433894
 20
-36.61258727703737
 30
0.0
 11
-51.151997896725966
 21
-36.717494971621235
 31
0.0
  0
LINE
  5
686
330
17
100
AcDbEntity
  8
0
100
AcDbLine
 10
-51.151997896725966
 20
-36.717494971621235
 30
0.0
 11
-51.13468502480498
 21
-36.822430851289916
 31
0.0
  0
LINE
  5
687
330
17
100
AcDbEntity
  8
0
100
AcDbLine
 10
-51.13468502480498
 20
-36.822430851289916
 30
0.0
 11
-51.11719014095117
 21
-36.92739474630157
 31
0.0
  0
LINE
  5
688
330
17
100
AcDbEntity
  8
0
100
AcDbLine
 10
-51.11719014095117
 20
-36.92739474630157
 30
0.0
 11
-51.099512798583774
 21
-37.03238647757611
 31
0.0
  0
LINE
  5
689
330
17
100
AcDbEntity
  8
0
100
AcDbLine
 10
-51.099512798583774
 20
-37.03238647757611
 30
0.0
 11
-51.08165255481671
 21
-37.13740583977169
 31
0.0
  0
LINE
  5
68A
330
17
100
AcDbEntity
  8
0
100
AcDbLine
 10
-51.08165255481671
 20
-37.13740583977169
 30
0.0
 11
-51.063608962041165
 21
-37.24245265161768
 31
0.0
  0
LINE
  5
68B
330
17
100
AcDbEntity
  8
0
100
AcDbLine
 10
-51.063608962041165
 20
-37.24245265161768
 30
0.0
 11
-51.04538157197878
 21
-37.34752673293053
 31
0.0
  0
LINE
  5
68C
330
17
100
AcDbEntity
  8
0
100
AcDbLine
 10
-51.04538157197878
 20
-37.34752673293053
 30
0.0
 11
-51.02696993631701
 21
-37.45262790093166
 31
0.0
  0
LINE
  5
68D
330
17
100
AcDbEntity
  8
0
100
AcDbLine
 10
-51.02696993631701
 20
-37.45262790093166
 30
0.0
 11
-51.008373606720106
 21
-37.55775597024464
 31
0.0
  0
LINE
  5
68E
330
17
100
AcDbEntity
  8
0
100
AcDbLine
 10
-51.008373606720106
 20
-37.55775597024464
 30
0.0
 11
-50.98959213484012
 21
-37.66291075289237
 31
0.0
  0
LINE
  5
68F
330
17
100
AcDbEntity
  8
0
100
AcDbLine
 10
-50.98959213484012
 20
-37.66291075289237
 30
0.0
 11
-50.970625072327955
 21
-37.768092058294584
 31
0.0
  0
LINE
  5
690
330
17
100
AcDbEntity
  8
0
100
AcDbLine
 10
-50.970625072327955
 20
-37.768092058294584
 30
0.0
 11
-50.95147197272355
 21
-37.87329968278823
 31
0.0
  0
LINE
  5
691
330
17
100
AcDbEntity
  8
0
100
AcDbLine
 10
-50.95147197272355
 20
-37.87329968278823
 30
0.0
 11
-50.93213239323511
 21
-37.978533398550766
 31
0.0
  0
LINE
  5
692
330
17
100
AcDbEntity
  8
0
100
AcDbLine
 10
-50.93213239323511
 20
-37.978533398550766
 30
0.0
 11
-50.91260588554267
 21
-38.08379300483901
 31
0.0
  0
LINE
  5
693
330
17
100
AcDbEntity
  8
0
100
AcDbLine
 10
-50.91260588554267
 20
-38.08379300483901
 30
0.0
 11
-50.8928920009666
 21
-38.18907830050658
 31
0.0
  0
LINE
  5
694
330
17
100
AcDbEntity
  8
0
100
AcDbLine
 10
-50.8928920009666
 20
-38.18907830050658
 30
0.0
 11
-50.87299029088367
 21
-38.294389081786576
 31
0.0
  0
LINE
  5
695
330
17
100
AcDbEntity
  8
0
100
AcDbLine
 10
-50.87299029088367
 20
-38.294389081786576
 30
0.0
 11
-50.85290030673821
 21
-38.39972514228913
 31
0.0
  0
LINE
  5
696
330
17
100
AcDbEntity
  8
0
100
AcDbLine
 10
-50.85290030673821
 20
-38.39972514228913
 30
0.0
 11
-50.832621600053166
 21
-38.505086272999264
 31
0.0
  0
LINE
  5
697
330
17
100
AcDbEntity
  8
0
100
AcDbLine
 10
-50.832621600053166
 20
-38.505086272999264
 30
0.0
 11
-50.81215372244134
 21
-38.61047226227465
 31
0.0
  0
LINE
  5
698
330
17
100
AcDbEntity
  8
0
100
AcDbLine
 10
-50.81215372244134
 20
-38.61047226227465
 30
0.0
 11
-50.79149623815834
 21
-38.71588283075746
 31
0.0
  0
LINE
  5
699
330
17
100
AcDbEntity
  8
0
100
AcDbLine
 10
-50.79149623815834
 20
-38.71588283075746
 30
0.0
 11
-50.77064872429646
 21
-38.82131762445459
 31
0.0
  0
LINE
  5
69A
330
17
100
AcDbEntity
  8
0
100
AcDbLine
 10
-50.77064872429646
 20
-38.82131762445459
 30
0.0
 11
-50.74961073163679
 21
-38.92677641886867
 31
0.0
  0
LINE
  5
69B
330
17
100
AcDbEntity
  8
0
100
AcDbLine
 10
-50.74961073163679
 20
-38.92677641886867
 30
0.0
 11
-50.728381810252635
 21
-39.03225899119349
 31
0.0
  0
LINE
  5
69C
330
17
100
AcDbEntity
  8
0
100
AcDbLine
 10
-50.728381810252635
 20
-39.03225899119349
 30
0.0
 11
-50.7069615103739
 21
-39.13776511596315
 31
0.0
  0
LINE
  5
69D
330
17
100
AcDbEntity
  8
0
100
AcDbLine
 10
-50.7069615103739
 20
-39.13776511596315
 30
0.0
 11
-50.685349382398485
 21
-39.24329456505012
 31
0.0
  0
LINE
  5
69E
330
17
100
AcDbEntity
  8
0
100
AcDbLine
 10
-50.685349382398485
 20
-39.24329456505012
 30
0.0
 11
-50.66354497690367
 21
-39.34884710766353
 31
0.0
  0
LINE
  5
69F
330
17
100
AcDbEntity
  8
0
100
AcDbLine
 10
-50.66354497690367
 20
-39.34884710766353
 30
0.0
 11
-50.64154784465748
 21
-39.454422510347264
 31
0.0
  0
LINE
  5
6A0
330
17
100
AcDbEntity
  8
0
100
AcDbLine
 10
-50.64154784465748
 20
-39.454422510347264
 30
0.0
 11
-50.61935753172649
 21
-39.560020560752356
 31
0.0
  0
LINE
  5
6A1
330
17
100
AcDbEntity
  8
0
100
AcDbLine
 10
-50.61935753172649
 20
-39.560020560752356
 30
0.0
 11
-50.596973582600754
 21
-39.66564105432403
 31
0.0
  0
LINE
  5
6A2
330
17
100
AcDbEntity
  8
0
100
AcDbLine
 10
-50.596973582600754
 20
-39.66564105432403
 30
0.0
 11
-50.57439554920202
 21
-39.77128375005347
 31
0.0
  0
LINE
  5
6A3
330
17
100
AcDbEntity
  8
0
100
AcDbLine
 10
-50.57439554920202
 20
-39.77128375005347
 30
0.0
 11
-50.55162298374134
 21
-39.87694840399964
 31
0.0
  0
LINE
  5
6A4
330
17
100
AcDbEntity
  8
0
100
AcDbLine
 10
-50.55162298374134
 20
-39.87694840399964
 30
0.0
 11
-50.52865543867429
 21
-39.982634769554906
 31
0.0
  0
LINE
  5
6A5
330
17
100
AcDbEntity
  8
0
100
AcDbLine
 10
-50.52865543867429
 20
-39.982634769554906
 30
0.0
 11
-50.505492466712546
 21
-40.088342597443535
 31
0.0
  0
LINE
  5
6A6
330
17
100
AcDbEntity
  8
0
100
AcDbLine
 10
-50.505492466712546
 20
-40.088342597443535
 30
0.0
 11
-50.4821336208352
 21
-40.19407163572059
 31
0.0
  0
LINE
  5
6A7
330
17
100
AcDbEntity
  8
0
100
AcDbLine
 10
-50.4821336208352
 20
-40.19407163572059
 30
0.0
 11
-50.45857845430131
 21
-40.2998216297655
 31
0.0
  0
LINE
  5
6A8
330
17
100
AcDbEntity
  8
0
100
AcDbLine
 10
-50.45857845430131
 20
-40.2998216297655
 30
0.0
 11
-50.43482652662936
 21
-40.4055922951601
 31
0.0
  0
LINE
  5
6A9
330
17
100
AcDbEntity
  8
0
100
AcDbLine
 10
-50.43482652662936
 20
-40.4055922951601
 30
0.0
 11
-50.41087739697416
 21
-40.51138334612692
 31
0.0
  0
LINE
  5
6AA
330
17
100
AcDbEntity
  8
0
100
AcDbLine
 10
-50.41087739697416
 20
-40.51138334612692
 30
0.0
 11
-50.386730618982874
 21
-40.6171945198513
 31
0.0
  0
LINE
  5
6AB
330
17
100
AcDbEntity
  8
0
100
AcDbLine
 10
-50.386730618982874
 20
-40.6171945198513
 30
0.0
 11
-50.36238574663038
 21
-40.72302555083772
 31
0.0
  0
LINE
  5
6AC
330
17
100
AcDbEntity
  8
0
100
AcDbLine
 10
-50.36238574663038
 20
-40.72302555083772
 30
0.0
 11
-50.337842334230714
 21
-40.82887617090871
 31
0.0
  0
LINE
  5
6AD
330
17
100
AcDbEntity
  8
0
100
AcDbLine
 10
-50.337842334230714
 20
-40.82887617090871
 30
0.0
 11
-50.3130999364487
 21
-40.93474610920416
 31
0.0
  0
LINE
  5
6AE
330
17
100
AcDbEntity
  8
0
100
AcDbLine
 10
-50.3130999364487
 20
-40.93474610920416
 30
0.0
 11
-50.288158108311336
 21
-41.04063509218033
 31
0.0
  0
LINE
  5
6AF
330
17
100
AcDbEntity
  8
0
100
AcDbLine
 10
-50.288158108311336
 20
-41.04063509218033
 30
0.0
 11
-50.263016404873106
 21
-41.14654284506667
 31
0.0
  0
LINE
  5
6B0
330
17
100
AcDbEntity
  8
0
100
AcDbLine
 10
-50.263016404873106
 20
-41.14654284506667
 30
0.0
 11
-50.2376743545998
 21
-41.252469205721496
 31
0.0
  0
LINE
  5
6B1
330
17
100
AcDbEntity
  8
0
100
AcDbLine
 10
-50.2376743545998
 20
-41.252469205721496
 30
0.0
 11
-50.212131497798204
 21
-41.35841396684985
 31
0.0
  0
LINE
  5
6B2
330
17
100
AcDbEntity
  8
0
100
AcDbLine
 10
-50.212131497798204
 20
-41.35841396684985
 30
0.0
 11
-50.18638739293226
 21
-41.464376844865356
 31
0.0
  0
LINE
  5
6B3
330
17
100
AcDbEntity
  8
0
100
AcDbLine
 10
-50.18638739293226
 20
-41.464376844865356
 30
0.0
 11
-50.160441598874755
 21
-41.57035755351562
 31
0.0
  0
LINE
  5
6B4
330
17
100
AcDbEntity
  8
0
100
AcDbLine
 10
-50.160441598874755
 20
-41.57035755351562
 30
0.0
 11
-50.134293674918894
 21
-41.67635580388162
 31
0.0
  0
LINE
  5
6B5
330
17
100
AcDbEntity
  8
0
100
AcDbLine
 10
-50.134293674918894
 20
-41.67635580388162
 30
0.0
 11
-50.10794318078972
 21
-41.78237130437718
 31
0.0
  0
LINE
  5
6B6
330
17
100
AcDbEntity
  8
0
100
AcDbLine
 10
-50.10794318078972
 20
-41.78237130437718
 30
0.0
 11
-50.081389676655675
 21
-41.888403760748545
 31
0.0
  0
LINE
  5
6B7
330
17
100
AcDbEntity
  8
0
100
AcDbLine
 10
-50.081389676655675
 20
-41.888403760748545
 30
0.0
 11
-50.054632724927075
 21
-41.99445286898202
 31
0.0
  0
LINE
  5
6B8
330
17
100
AcDbEntity
  8
0
100
AcDbLine
 10
-50.054632724927075
 20
-41.99445286898202
 30
0.0
 11
-50.02767193076715
 21
-42.10051815174288
 31
0.0
  0
LINE
  5
6B9
330
17
100
AcDbEntity
  8
0
100
AcDbLine
 10
-50.02767193076715
 20
-42.10051815174288
 30
0.0
 11
-50.00050687282349
 21
-42.206599228923224
 31
0.0
  0
LINE
  5
6BA
330
17
100
AcDbEntity
  8
0
100
AcDbLine
 10
-50.00050687282349
 20
-42.206599228923224
 30
0.0
 11
-49.97313711060479
 21
-42.31269579458072
 31
0.0
  0
LINE
  5
6BB
330
17
100
AcDbEntity
  8
0
100
AcDbLine
 10
-49.97313711060479
 20
-42.31269579458072
 30
0.0
 11
-49.945562204136436
 21
-42.4188075400754
 31
0.0
  0
LINE
  5
6BC
330
17
100
AcDbEntity
  8
0
100
AcDbLine
 10
-49.945562204136436
 20
-42.4188075400754
 30
0.0
 11
-49.91778171397239
 21
-42.524934154069676
 31
0.0
  0
LINE
  5
6BD
330
17
100
AcDbEntity
  8
0
100
AcDbLine
 10
-49.91778171397239
 20
-42.524934154069676
 30
0.0
 11
-49.889795201206674
 21
-42.63107532252836
 31
0.0
  0
LINE
  5
6BE
330
17
100
AcDbEntity
  8
0
100
AcDbLine
 10
-49.889795201206674
 20
-42.63107532252836
 30
0.0
 11
-49.861602227485186
 21
-42.737230728718785
 31
0.0
  0
LINE
  5
6BF
330
17
100
AcDbEntity
  8
0
100
AcDbLine
 10
-49.861602227485186
 20
-42.737230728718785
 30
0.0
 11
-49.833202348748344
 21
-42.843400076729495
 31
0.0
  0
LINE
  5
6C0
330
17
100
AcDbEntity
  8
0
100
AcDbLine
 10
-49.833202348748344
 20
-42.843400076729495
 30
0.0
 11
-49.80459505143739
 21
-42.94958333575211
 31
0.0
  0
LINE
  5
6C1
330
17
100
AcDbEntity
  8
0
100
AcDbLine
 10
-49.80459505143739
 20
-42.94958333575211
 30
0.0
 11
-49.775779879453744
 21
-43.0557802691572
 31
0.0
  0
LINE
  5
6C2
330
17
100
AcDbEntity
  8
0
100
AcDbLine
 10
-49.775779879453744
 20
-43.0557802691572
 30
0.0
 11
-49.74675640066711
 21
-43.16199055107667
 31
0.0
  0
LINE
  5
6C3
330
17
100
AcDbEntity
  8
0
100
AcDbLine
 10
-49.74675640066711
 20
-43.16199055107667
 30
0.0
 11
-49.71752418353266
 21
-43.26821385299034
 31
0.0
  0
LINE
  5
6C4
330
17
100
AcDbEntity
  8
0
100
AcDbLine
 10
-49.71752418353266
 20
-43.26821385299034
 30
0.0
 11
-49.688082797102226
 21
-43.374449843726254
 31
0.0
  0
LINE
  5
6C5
330
17
100
AcDbEntity
  8
0
100
AcDbLine
 10
-49.688082797102226
 20
-43.374449843726254
 30
0.0
 11
-49.65843181103605
 21
-43.480698189461094
 31
0.0
  0
LINE
  5
6C6
330
17
100
AcDbEntity
  8
0
100
AcDbLine
 10
-49.65843181103605
 20
-43.480698189461094
 30
0.0
 11
-49.62857079561423
 21
-43.586958553720535
 31
0.0
  0
LINE
  5
6C7
330
17
100
AcDbEntity
  8
0
100
AcDbLine
 10
-49.62857079561423
 20
-43.586958553720535
 30
0.0
 11
-49.598499320427365
 21
-43.6932306020736
 31
0.0
  0
LINE
  5
6C8
330
17
100
AcDbEntity
  8
0
100
AcDbLine
 10
-49.598499320427365
 20
-43.6932306020736
 30
0.0
 11
-49.568216947522515
 21
-43.79951402716071
 31
0.0
  0
LINE
  5
6C9
330
17
100
AcDbEntity
  8
0
100
AcDbLine
 10
-49.568216947522515
 20
-43.79951402716071
 30
0.0
 11
-49.53772324759387
 21
-43.90580849163999
 31
0.0
  0
LINE
  5
6CA
330
17
100
AcDbEntity
  8
0
100
AcDbLine
 10
-49.53772324759387
 20
-43.90580849163999
 30
0.0
 11
-49.5070177939618
 21
-44.0121136486394
 31
0.0
  0
LINE
  5
6CB
330
17
100
AcDbEntity
  8
0
100
AcDbLine
 10
-49.5070177939618
 20
-44.0121136486394
 30
0.0
 11
-49.476100160621236
 21
-44.118429148644104
 31
0.0
  0
LINE
  5
6CC
330
17
100
AcDbEntity
  8
0
100
AcDbLine
 10
-49.476100160621236
 20
-44.118429148644104
 30
0.0
 11
-49.444969922253094
 21
-44.224754639497164
 31
0.0
  0
LINE
  5
6CD
330
17
100
AcDbEntity
  8
0
100
AcDbLine
 10
-49.444969922253094
 20
-44.224754639497164
 30
0.0
 11
-49.41362665423584
 21
-44.331089766400346
 31
0.0
  0
LINE
  5
6CE
330
17
100
AcDbEntity
  8
0
100
AcDbLine
 10
-49.41362665423584
 20
-44.331089766400346
 30
0.0
 11
-49.38206993265699
 21
-44.43743417191515
 31
0.0
  0
LINE
  5
6CF
330
17
100
AcDbEntity
  8
0
100
AcDbLine
 10
-49.38206993265699
 20
-44.43743417191515
 30
0.0
 11
-49.350299325706
 21
-44.54378752502927
 31
0.0
  0
LINE
  5
6D0
330
17
100
AcDbEntity
  8
0
100
AcDbLine
 10
-49.350299325706
 20
-44.54378752502927
 30
0.0
 11
-49.31831437088016
 21
-44.65014960087219
 31
0.0
  0
LINE
  5
6D1
330
17
100
AcDbEntity
  8
0
100
AcDbLine
 10
-49.31831437088016
 20
-44.65014960087219
 30
0.0
 11
-49.28611464295138
 21
-44.75652005259941
 31
0.0
  0
LINE
  5
6D2
330
17
100
AcDbEntity
  8
0
100
AcDbLine
 10
-49.28611464295138
 20
-44.75652005259941
 30
0.0
 11
-49.25369972274262
 21
-44.86289851307083
 31
0.0
  0
LINE
  5
6D3
330
17
100
AcDbEntity
  8
0
100
AcDbLine
 10
-49.25369972274262
 20
-44.86289851307083
 30
0.0
 11
-49.22106919183121
 21
-44.969284612531524
 31
0.0
  0
LINE
  5
6D4
330
17
100
AcDbEntity
  8
0
100
AcDbLine
 10
-49.22106919183121
 20
-44.969284612531524
 30
0.0
 11
-49.18822263256024
 21
-45.075677978613
 31
0.0
  0
LINE
  5
6D5
330
17
100
AcDbEntity
  8
0
100
AcDbLine
 10
-49.18822263256024
 20
-45.075677978613
 30
0.0
 11
-49.155159628049965
 21
-45.182078236334355
 31
0.0
  0
LINE
  5
6D6
330
17
100
AcDbEntity
  8
0
100
AcDbLine
 10
-49.155159628049965
 20
-45.182078236334355
 30
0.0
 11
-49.121879762209375
 21
-45.28848500810352
 31
0.0
  0
LINE
  5
6D7
330
17
100
AcDbEntity
  8
0
100
AcDbLine
 10
-49.121879762209375
 20
-45.28848500810352
 30
0.0
 11
-49.08838261310464
 21
-45.39489793501508
 31
0.0
  0
LINE
  5
6D8
330
17
100
AcDbEntity
  8
0
100
AcDbLine
 10
-49.08838261310464
 20
-45.39489793501508
 30
0.0
 11
-49.05466774543527
 21
-45.50131670259421
 31
0.0
  0
LINE
  5
6D9
330
17
100
AcDbEntity
  8
0
100
AcDbLine
 10
-49.05466774543527
 20
-45.50131670259421
 30
0.0
 11
-49.02073474485384
 21
-45.60774093097413
 31
0.0
  0
LINE
  5
6DA
330
17
100
AcDbEntity
  8
0
100
AcDbLine
 10
-49.02073474485384
 20
-45.60774093097413
 30
0.0
 11
-48.98658319945116
 21
-45.714170232591854
 31
0.0
  0
LINE
  5
6DB
330
17
100
AcDbEntity
  8
0
100
AcDbLine
 10
-48.98658319945116
 20
-45.714170232591854
 30
0.0
 11
-48.95221269815724
 21
-45.82060421729095
 31
0.0
  0
LINE
  5
6DC
330
17
100
AcDbEntity
  8
0
100
AcDbLine
 10
-48.95221269815724
 20
-45.82060421729095
 30
0.0
 11
-48.91762283075275
 21
-45.92704249232303
 31
0.0
  0
LINE
  5
6DD
330
17
100
AcDbEntity
  8
0
100
AcDbLine
 10
-48.91762283075275
 20
-45.92704249232303
 30
0.0
 11
-48.882813187880366
 21
-46.03348466234932
 31
0.0
  0
LINE
  5
6DE
330
17
100
AcDbEntity
  8
0
100
AcDbLine
 10
-48.882813187880366
 20
-46.03348466234932
 30
0.0
 11
-48.84778336105616
 21
-46.13993032944242
 31
0.0
  0
LINE
  5
6DF
330
17
100
AcDbEntity
  8
0
100
AcDbLine
 10
-48.84778336105616
 20
-46.13993032944242
 30
0.0
 11
-48.81253288859602
 21
-46.24637925818105
 31
0.0
  0
LINE
  5
6E0
330
17
100
AcDbEntity
  8
0
100
AcDbLine
 10
-48.81253288859602
 20
-46.24637925818105
 30
0.0
 11
-48.77706124751431
 21
-46.35283141034834
 31
0.0
  0
LINE
  5
6E1
330
17
100
AcDbEntity
  8
0
100
AcDbLine
 10
-48.77706124751431
 20
-46.35283141034834
 30
0.0
 11
-48.74136803296725
 21
-46.45928639596207
 31
0.0
  0
LINE
  5
6E2
330
17
100
AcDbEntity
  8
0
100
AcDbLine
 10
-48.74136803296725
 20
-46.45928639596207
 30
0.0
 11
-48.70545284529562
 21
-46.56574380953184
 31
0.0
  0
LINE
  5
6E3
330
17
100
AcDbEntity
  8
0
100
AcDbLine
 10
-48.70545284529562
 20
-46.56574380953184
 30
0.0
 11
-48.6693152857318
 21
-46.672203243047804
 31
0.0
  0
LINE
  5
6E4
330
17
100
AcDbEntity
  8
0
100
AcDbLine
 10
-48.6693152857318
 20
-46.672203243047804
 30
0.0
 11
-48.63295495641083
 21
-46.778664285982636
 31
0.0
  0
LINE
  5
6E5
330
17
100
AcDbEntity
  8
0
100
AcDbLine
 10
-48.63295495641083
 20
-46.778664285982636
 30
0.0
 11
-48.59637146038154
 21
-46.885126525293266
 31
0.0
  0
LINE
  5
6E6
330
17
100
AcDbEntity
  8
0
100
AcDbLine
 10
-48.59637146038154
 20
-46.885126525293266
 30
0.0
 11
-48.55956440161749
 21
-46.991589545422926
 31
0.0
  0
LINE
  5
6E7
330
17
100
AcDbEntity
  8
0
100
AcDbLine
 10
-48.55956440161749
 20
-46.991589545422926
 30
0.0
 11
-48.52253339811707
 21
-47.098052890207136
 31
0.0
  0
LINE
  5
6E8
330
17
100
AcDbEntity
  8
0
100
AcDbLine
 10
-48.52253339811707
 20
-47.098052890207136
 30
0.0
 11
-48.4852780749104
 21
-47.20451608134252
 31
0.0
  0
LINE
  5
6E9
330
17
100
AcDbEntity
  8
0
100
AcDbLine
 10
-48.4852780749104
 20
-47.20451608134252
 30
0.0
 11
-48.44779803808136
 21
-47.310978694660264
 31
0.0
  0
LINE
  5
6EA
330
17
100
AcDbEntity
  8
0
100
AcDbLine
 10
-48.44779803808136
 20
-47.310978694660264
 30
0.0
 11
-48.41009289448978
 21
-47.41744030405127
 31
0.0
  0
LINE
  5
6EB
330
17
100
AcDbEntity
  8
0
100
AcDbLine
 10
-48.41009289448978
 20
-47.41744030405127
 30
0.0
 11
-48.3721622519826
 21
-47.523900480892394
 31
0.0
  0
LINE
  5
6EC
330
17
100
AcDbEntity
  8
0
100
AcDbLine
 10
-48.3721622519826
 20
-47.523900480892394
 30
0.0
 11
-48.33400571940488
 21
-47.63035879404855
 31
0.0
  0
LINE
  5
6ED
330
17
100
AcDbEntity
  8
0
100
AcDbLine
 10
-48.33400571940488
 20
-47.63035879404855
 30
0.0
 11
-48.29562290661113
 21
-47.73681480987515
 31
0.0
  0
LINE
  5
6EE
330
17
100
AcDbEntity
  8
0
100
AcDbLine
 10
-48.29562290661113
 20
-47.73681480987515
 30
0.0
 11
-48.25701342447624
 21
-47.84326809222041
 31
0.0
  0
LINE
  5
6EF
330
17
100
AcDbEntity
  8
0
100
AcDbLine
 10
-48.25701342447624
 20
-47.84326809222041
 30
0.0
 11
-48.2181767545791
 21
-47.94971856459408
 31
0.0
  0
LINE
  5
6F0
330
17
100
AcDbEntity
  8
0
100
AcDbLine
 10
-48.2181767545791
 20
-47.94971856459408
 30
0.0
 11
-48.17911238423273
 21
-48.056166150637026
 31
0.0
  0
LINE
  5
6F1
330
17
100
AcDbEntity
  8
0
100
AcDbLine
 10
-48.17911238423273
 20
-48.056166150637026
 30
0.0
 11
-48.139819934436204
 21
-48.162610410701426
 31
0.0
  0
LINE
  5
6F2
330
17
100
AcDbEntity
  8
0
100
AcDbLine
 10
-48.139819934436204
 20
-48.162610410701426
 30
0.0
 11
-48.10029902719879
 21
-48.26905090272318
 31
0.0
  0
LINE
  5
6F3
330
17
100
AcDbEntity
  8
0
100
AcDbLine
 10
-48.10029902719879
 20
-48.26905090272318
 30
0.0
 11
-48.06054928555047
 21
-48.37548718222417
 31
0.0
  0
LINE
  5
6F4
330
17
100
AcDbEntity
  8
0
100
AcDbLine
 10
-48.06054928555047
 20
-48.37548718222417
 30
0.0
 11
-48.02057033355275
 21
-48.48191880231457
 31
0.0
  0
LINE
  5
6F5
330
17
100
AcDbEntity
  8
0
100
AcDbLine
 10
-48.02057033355275
 20
-48.48191880231457
 30
0.0
 11
-47.98036179630917
 21
-48.58834531369547
 31
0.0
  0
LINE
  5
6F6
330
17
100
AcDbEntity
  8
0
100
AcDbLine
 10
-47.98036179630917
 20
-48.58834531369547
 30
0.0
 11
-47.939923299619416
 21
-48.69476626559859
 31
0.0
  0
LINE
  5
6F7
330
17
100
AcDbEntity
  8
0
100
AcDbLine
 10
-47.939923299619416
 20
-48.69476626559859
 30
0.0
 11
-47.89925443553341
 21
-48.80118129737087
 31
0.0
  0
LINE
  5
6F8
330
17
100
AcDbEntity
  8
0
100
AcDbLine
 10
-47.89925443553341
 20
-48.80118129737087
 30
0.0
 11
-47.85835481012399
 21
-48.90759001515175
 31
0.0
  0
LINE
  5
6F9
330
17
100
AcDbEntity
  8
0
100
AcDbLine
 10
-47.85835481012399
 20
-48.90759001515175
 30
0.0
 11
-47.817224054276274
 21
-49.013991960939286
 31
0.0
  0
LINE
  5
6FA
330
17
100
AcDbEntity
  8
0
100
AcDbLine
 10
-47.817224054276274
 20
-49.013991960939286
 30
0.0
 11
-47.775861799958484
 21
-49.120386674352716
 31
0.0
  0
LINE
  5
6FB
330
17
100
AcDbEntity
  8
0
100
AcDbLine
 10
-47.775861799958484
 20
-49.120386674352716
 30
0.0
 11
-47.734267680232406
 21
-49.22677369263526
 31
0.0
  0
LINE
  5
6FC
330
17
100
AcDbEntity
  8
0
100
AcDbLine
 10
-47.734267680232406
 20
-49.22677369263526
 30
0.0
 11
-47.692441329263964
 21
-49.333152550656756
 31
0.0
  0
LINE
  5
6FD
330
17
100
AcDbEntity
  8
0
100
AcDbLine
 10
-47.692441329263964
 20
-49.333152550656756
 30
0.0
 11
-47.650382382333675
 21
-49.43952278091647
 31
0.0
  0
LINE
  5
6FE
330
17
100
AcDbEntity
  8
0
100
AcDbLine
 10
-47.650382382333675
 20
-49.43952278091647
 30
0.0
 11
-47.60809047509268
 21
-49.54588391544452
 31
0.0
  0
LINE
  5
6FF
330
17
100
AcDbEntity
  8
0
100
AcDbLine
 10
-47.60809047509268
 20
-49.54588391544452
 30
0.0
 11
-47.5655652241916
 21
-49.65223553517673
 31
0.0
  0
LINE
  5
700
330
17
100
AcDbEntity
  8
0
100
AcDbLine
 10
-47.5655652241916
 20
-49.65223553517673
 30
0.0
 11
-47.52280625943135
 21
-49.758577190040725
 31
0.0
  0
LINE
  5
701
330
17
100
AcDbEntity
  8
0
100
AcDbLine
 10
-47.52280625943135
 20
-49.758577190040725
 30
0.0
 11
-47.4798132214172
 21
-49.864908403563746
 31
0.0
  0
LINE
  5
702
330
17
100
AcDbEntity
  8
0
100
AcDbLine
 10
-47.4798132214172
 20
-49.864908403563746
 30
0.0
 11
-47.43658575191512
 21
-49.971228696925934
 31
0.0
  0
LINE
  5
703
330
17
100
AcDbEntity
  8
0
100
AcDbLine
 10
-47.43658575191512
 20
-49.971228696925934
 30
0.0
 11
-47.393123493862234
 21
-50.07753758896329
 31
0.0
  0
LINE
  5
704
330
17
100
AcDbEntity
  8
0
100
AcDbLine
 10
-47.393123493862234
 20
-50.07753758896329
 30
0.0
 11
-47.34942609137721
 21
-50.18383459617055
 31
0.0
  0
LINE
  5
705
330
17
100
AcDbEntity
  8
0
100
AcDbLine
 10
-47.34942609137721
 20
-50.18383459617055
 30
0.0
 11
-47.30549318977074
 21
-50.29011923270457
 31
0.0
  0
LINE
  5
706
330
17
100
AcDbEntity
  8
0
100
AcDbLine
 10
-47.30549318977074
 20
-50.29011923270457
 30
0.0
 11
-47.2613244277404
 21
-50.39639102923523
 31
0.0
  0
LINE
  5
707
330
17
100
AcDbEntity
  8
0
100
AcDbLine
 10
-47.2613244277404
 20
-50.39639102923523
 30
0.0
 11
-47.21691934979002
 21
-50.50264974722888
 31
0.0
  0
LINE
  5
708
330
17
100
AcDbEntity
  8
0
100
AcDbLine
 10
-47.21691934979002
 20
-50.50264974722888
 30
0.0
 11
-47.172277575413425
 21
-50.608894974436524
 31
0.0
  0
LINE
  5
709
330
17
100
AcDbEntity
  8
0
100
AcDbLine
 10
-47.172277575413425
 20
-50.608894974436524
 30
0.0
 11
-47.1273987581429
 21
-50.7151262179191
 31
0.0
  0
LINE
  5
70A
330
17
100
AcDbEntity
  8
0
100
AcDbLine
 10
-47.1273987581429
 20
-50.7151262179191
 30
0.0
 11
-47.08228255272573
 21
-50.821342982454844
 31
0.0
  0
LINE
  5
70B
330
17
100
AcDbEntity
  8
0
100
AcDbLine
 10
-47.08228255272573
 20
-50.821342982454844
 30
0.0
 11
-47.0369286151344
 21
-50.927544770542575
 31
0.0
  0
LINE
  5
70C
330
17
100
AcDbEntity
  8
0
100
AcDbLine
 10
-47.0369286151344
 20
-50.927544770542575
 30
0.0
 11
-46.99133660257671
 21
-51.03373108240501
 31
0.0
  0
LINE
  5
70D
330
17
100
AcDbEntity
  8
0
100
AcDbLine
 10
-46.99133660257671
 20
-51.03373108240501
 30
0.0
 11
-46.94550617350586
 21
-51.13990141599203
 31
0.0
  0
LINE
  5
70E
330
17
100
AcDbEntity
  8
0
100
AcDbLine
 10
-46.94550617350586
 20
-51.13990141599203
 30
0.0
 11
-46.89943699768894
 21
-51.246055243717066
 31
0.0
  0
LINE
  5
70F
330
17
100
AcDbEntity
  8
0
100
AcDbLine
 10
-46.89943699768894
 20
-51.246055243717066
 30
0.0
 11
-46.853128813408446
 21
-51.352191877746655
 31
0.0
  0
LINE
  5
710
330
17
100
AcDbEntity
  8
0
100
AcDbLine
 10
-46.853128813408446
 20
-51.352191877746655
 30
0.0
 11
-46.80658129721033
 21
-51.45831076953295
 31
0.0
  0
LINE
  5
711
330
17
100
AcDbEntity
  8
0
100
AcDbLine
 10
-46.80658129721033
 20
-51.45831076953295
 30
0.0
 11
-46.75979411031148
 21
-51.56441140635472
 31
0.0
  0
LINE
  5
712
330
17
100
AcDbEntity
  8
0
100
AcDbLine
 10
-46.75979411031148
 20
-51.56441140635472
 30
0.0
 11
-46.71276691524565
 21
-51.67049327320823
 31
0.0
  0
LINE
  5
713
330
17
100
AcDbEntity
  8
0
100
AcDbLine
 10
-46.71276691524565
 20
-51.67049327320823
 30
0.0
 11
-46.665499375873566
 21
-51.77655585281068
 31
0.0
  0
LINE
  5
714
330
17
100
AcDbEntity
  8
0
100
AcDbLine
 10
-46.665499375873566
 20
-51.77655585281068
 30
0.0
 11
-46.617991157393334
 21
-51.882598625604174
 31
0.0
  0
LINE
  5
715
330
17
100
AcDbEntity
  8
0
100
AcDbLine
 10
-46.617991157393334
 20
-51.882598625604174
 30
0.0
 11
-46.570241926350505
 21
-51.98862106975926
 31
0.0
  0
LINE
  5
716
330
17
100
AcDbEntity
  8
0
100
AcDbLine
 10
-46.570241926350505
 20
-51.98862106975926
 30
0.0
 11
-46.52225136517474
 21
-52.094622628918835
 31
0.0
  0
LINE
  5
717
330
17
100
AcDbEntity
  8
0
100
AcDbLine
 10
-46.52225136517474
 20
-52.094622628918835
 30
0.0
 11
-46.4740192146569
 21
-52.200602615464206
 31
0.0
  0
LINE
  5
718
330
17
100
AcDbEntity
  8
0
100
AcDbLine
 10
-46.4740192146569
 20
-52.200602615464206
 30
0.0
 11
-46.42554515333398
 21
-52.306560477396125
 31
0.0
  0
LINE
  5
719
330
17
100
AcDbEntity
  8
0
100
AcDbLine
 10
-46.42554515333398
 20
-52.306560477396125
 30
0.0
 11
-46.376828851191995
 21
-52.41249568234323
 31
0.0
  0
LINE
  5
71A
330
17
100
AcDbEntity
  8
0
100
AcDbLine
 10
-46.376828851191995
 20
-52.41249568234323
 30
0.0
 11
-46.32786997963451
 21
-52.5184076956583
 31
0.0
  0
LINE
  5
71B
330
17
100
AcDbEntity
  8
0
100
AcDbLine
 10
-46.32786997963451
 20
-52.5184076956583
 30
0.0
 11
-46.278668211492985
 21
-52.62429598042233
 31
0.0
  0
LINE
  5
71C
330
17
100
AcDbEntity
  8
0
100
AcDbLine
 10
-46.278668211492985
 20
-52.62429598042233
 30
0.0
 11
-46.22922322103697
 21
-52.7301599974489
 31
0.0
  0
LINE
  5
71D
330
17
100
AcDbEntity
  8
0
100
AcDbLine
 10
-46.22922322103697
 20
-52.7301599974489
 30
0.0
 11
-46.179534683984386
 21
-52.83599920528835
 31
0.0
  0
LINE
  5
71E
330
17
100
AcDbEntity
  8
0
100
AcDbLine
 10
-46.179534683984386
 20
-52.83599920528835
 30
0.0
 11
-46.129602321610406
 21
-52.941812966136176
 31
0.0
  0
LINE
  5
71F
330
17
100
AcDbEntity
  8
0
100
AcDbLine
 10
-46.129602321610406
 20
-52.941812966136176
 30
0.0
 11
-46.079425958568976
 21
-53.047600416964315
 31
0.0
  0
LINE
  5
720
330
17
100
AcDbEntity
  8
0
100
AcDbLine
 10
-46.079425958568976
 20
-53.047600416964315
 30
0.0
 11
-46.02900528284945
 21
-53.153360980984175
 31
0.0
  0
LINE
  5
721
330
17
100
AcDbEntity
  8
0
100
AcDbLine
 10
-46.02900528284945
 20
-53.153360980984175
 30
0.0
 11
-45.97833997192535
 21
-53.25909410457776
 31
0.0
  0
LINE
  5
722
330
17
100
AcDbEntity
  8
0
100
AcDbLine
 10
-45.97833997192535
 20
-53.25909410457776
 30
0.0
 11
-45.92742970480988
 21
-53.364799231836884
 31
0.0
  0
LINE
  5
723
330
17
100
AcDbEntity
  8
0
100
AcDbLine
 10
-45.92742970480988
 20
-53.364799231836884
 30
0.0
 11
-45.8762741620664
 21
-53.470475804568075
 31
0.0
  0
LINE
  5
724
330
17
100
AcDbEntity
  8
0
100
AcDbLine
 10
-45.8762741620664
 20
-53.470475804568075
 30
0.0
 11
-45.82487302581876
 21
-53.57612326229725
 31
0.0
  0
LINE
  5
725
330
17
100
AcDbEntity
  8
0
100
AcDbLine
 10
-45.82487302581876
 20
-53.57612326229725
 30
0.0
 11
-45.77322597976192
 21
-53.68174104227456
 31
0.0
  0
LINE
  5
726
330
17
100
AcDbEntity
  8
0
100
AcDbLine
 10
-45.77322597976192
 20
-53.68174104227456
 30
0.0
 11
-45.72133268939319
 21
-53.78732862005838
 31
0.0
  0
LINE
  5
727
330
17
100
AcDbEntity
  8
0
100
AcDbLine
 10
-45.72133268939319
 20
-53.78732862005838
 30
0.0
 11
-45.6691927966527
 21
-53.89288552248493
 31
0.0
  0
LINE
  5
728
330
17
100
AcDbEntity
  8
0
100
AcDbLine
 10
-45.6691927966527
 20
-53.89288552248493
 30
0.0
 11
-45.61680598949551
 21
-53.998411184764514
 31
0.0
  0
LINE
  5
729
330
17
100
AcDbEntity
  8
0
100
AcDbLine
 10
-45.61680598949551
 20
-53.998411184764514
 30
0.0
 11
-45.56417195931092
 21
-54.10390503613661
 31
0.0
  0
LINE
  5
72A
330
17
100
AcDbEntity
  8
0
100
AcDbLine
 10
-45.56417195931092
 20
-54.10390503613661
 30
0.0
 11
-45.51129039909796
 21
-54.20936650360529
 31
0.0
  0
LINE
  5
72B
330
17
100
AcDbEntity
  8
0
100
AcDbLine
 10
-45.51129039909796
 20
-54.20936650360529
 30
0.0
 11
-45.458161003475716
 21
-54.31479501194417
 31
0.0
  0
LINE
  5
72C
330
17
100
AcDbEntity
  8
0
100
AcDbLine
 10
-45.458161003475716
 20
-54.31479501194417
 30
0.0
 11
-45.404783468693516
 21
-54.42018998370173
 31
0.0
  0
LINE
  5
72D
330
17
100
AcDbEntity
  8
0
100
AcDbLine
 10
-45.404783468693516
 20
-54.42018998370173
 30
0.0
 11
-45.351157492641114
 21
-54.525550839206204
 31
0.0
  0
LINE
  5
72E
330
17
100
AcDbEntity
  8
0
100
AcDbLine
 10
-45.351157492641114
 20
-54.525550839206204
 30
0.0
 11
-45.29728294545179
 21
-54.630876659825816
 31
0.0
  0
LINE
  5
72F
330
17
100
AcDbEntity
  8
0
100
AcDbLine
 10
-45.29728294545179
 20
-54.630876659825816
 30
0.0
 11
-45.2431597933156
 21
-54.73616632468821
 31
0.0
  0
LINE
  5
730
330
17
100
AcDbEntity
  8
0
100
AcDbLine
 10
-45.2431597933156
 20
-54.73616632468821
 30
0.0
 11
-45.18878773414999
 21
-54.841419234048935
 31
0.0
  0
LINE
  5
731
330
17
100
AcDbEntity
  8
0
100
AcDbLine
 10
-45.18878773414999
 20
-54.841419234048935
 30
0.0
 11
-45.134166464244906
 21
-54.94663479250805
 31
0.0
  0
LINE
  5
732
330
17
100
AcDbEntity
  8
0
100
AcDbLine
 10
-45.134166464244906
 20
-54.94663479250805
 30
0.0
 11
-45.07929568166848
 21
-55.05181240237356
 31
0.0
  0
LINE
  5
733
330
17
100
AcDbEntity
  8
0
100
AcDbLine
 10
-45.07929568166848
 20
-55.05181240237356
 30
0.0
 11
-45.02417508627755
 21
-55.15695146366741
 31
0.0
  0
LINE
  5
734
330
17
100
AcDbEntity
  8
0
100
AcDbLine
 10
-45.02417508627755
 20
-55.15695146366741
 30
0.0
 11
-44.968804379728475
 21
-55.26205137413137
 31
0.0
  0
LINE
  5
735
330
17
100
AcDbEntity
  8
0
100
AcDbLine
 10
-44.968804379728475
 20
-55.26205137413137
 30
0.0
 11
-44.913183265487646
 21
-55.36711152923291
 31
0.0
  0
LINE
  5
736
330
17
100
AcDbEntity
  8
0
100
AcDbLine
 10
-44.913183265487646
 20
-55.36711152923291
 30
0.0
 11
-44.85731131544586
 21
-55.47213157567695
 31
0.0
  0
LINE
  5
737
330
17
100
AcDbEntity
  8
0
100
AcDbLine
 10
-44.85731131544586
 20
-55.47213157567695
 30
0.0
 11
-44.80118809916483
 21
-55.577111174779425
 31
0.0
  0
LINE
  5
738
330
17
100
AcDbEntity
  8
0
100
AcDbLine
 10
-44.80118809916483
 20
-55.577111174779425
 30
0.0
 11
-44.744813330521986
 21
-55.68204971948175
 31
0.0
  0
LINE
  5
739
330
17
100
AcDbEntity
  8
0
100
AcDbLine
 10
-44.744813330521986
 20
-55.68204971948175
 30
0.0
 11
-44.688186725219936
 21
-55.786946600485415
 31
0.0
  0
LINE
  5
73A
330
17
100
AcDbEntity
  8
0
100
AcDbLine
 10
-44.688186725219936
 20
-55.786946600485415
 30
0.0
 11
-44.63130800077081
 21
-55.891801206306496
 31
0.0
  0
LINE
  5
73B
330
17
100
AcDbEntity
  8
0
100
AcDbLine
 10
-44.63130800077081
 20
-55.891801206306496
 30
0.0
 11
-44.57417687650643
 21
-55.996612923281766
 31
0.0
  0
LINE
  5
73C
330
17
100
AcDbEntity
  8
0
100
AcDbLine
 10
-44.57417687650643
 20
-55.996612923281766
 30
0.0
 11
-44.51679307358855
 21
-56.101381135574506
 31
0.0
  0
LINE
  5
73D
330
17
100
AcDbEntity
  8
0
100
AcDbLine
 10
-44.51679307358855
 20
-56.101381135574506
 30
0.0
 11
-44.45915631667697
 21
-56.20610522217164
 31
0.0
  0
LINE
  5
73E
330
17
100
AcDbEntity
  8
0
100
AcDbLine
 10
-44.45915631667697
 20
-56.20610522217164
 30
0.0
 11
-44.4012665409465
 21
-56.310784177819166
 31
0.0
  0
LINE
  5
73F
330
17
100
AcDbEntity
  8
0
100
AcDbLine
 10
-44.4012665409465
 20
-56.310784177819166
 30
0.0
 11
-44.343123615099195
 21
-56.41541710798036
 31
0.0
  0
LINE
  5
740
330
17
100
AcDbEntity
  8
0
100
AcDbLine
 10
-44.343123615099195
 20
-56.41541710798036
 30
0.0
 11
-44.28472726152286
 21
-56.52000338266896
 31
0.0
  0
LINE
  5
741
330
17
100
AcDbEntity
  8
0
100
AcDbLine
 10
-44.28472726152286
 20
-56.52000338266896
 30
0.0
 11
-44.226077204554855
 21
-56.624542369682416
 31
0.0
  0
LINE
  5
742
330
17
100
AcDbEntity
  8
0
100
AcDbLine
 10
-44.226077204554855
 20
-56.624542369682416
 30
0.0
 11
-44.16717317049258
 21
-56.729033434608354
 31
0.0
  0
LINE
  5
743
330
17
100
AcDbEntity
  8
0
100
AcDbLine
 10
-44.16717317049258
 20
-56.729033434608354
 30
0.0
 11
-44.108014887603844
 21
-56.83347594083153
 31
0.0
  0
LINE
  5
744
330
17
100
AcDbEntity
  8
0
100
AcDbLine
 10
-44.108014887603844
 20
-56.83347594083153
 30
0.0
 11
-44.04860208613724
 21
-56.93786924954033
 31
0.0
  0
LINE
  5
745
330
17
100
AcDbEntity
  8
0
100
AcDbLine
 10
-44.04860208613724
 20
-56.93786924954033
 30
0.0
 11
-43.98893449279557
 21
-57.04221272942007
 31
0.0
  0
LINE
  5
746
330
17
100
AcDbEntity
  8
0
100
AcDbLine
 10
-43.98893449279557
 20
-57.04221272942007
 30
0.0
 11
-43.929011668918946
 21
-57.146506042565264
 31
0.0
  0
LINE
  5
747
330
17
100
AcDbEntity
  8
0
100
AcDbLine
 10
-43.929011668918946
 20
-57.146506042565264
 30
0.0
 11
-43.86883327187971
 21
-57.25074869199341
 31
0.0
  0
LINE
  5
748
330
17
100
AcDbEntity
  8
0
100
AcDbLine
 10
-43.86883327187971
 20
-57.25074869199341
 30
0.0
 11
-43.808399044272946
 21
-57.35494003419746
 31
0.0
  0
LINE
  5
749
330
17
100
AcDbEntity
  8
0
100
AcDbLine
 10
-43.808399044272946
 20
-57.35494003419746
 30
0.0
 11
-43.747708730676386
 21
-57.45907942356009
 31
0.0
  0
LINE
  5
74A
330
17
100
AcDbEntity
  8
0
100
AcDbLine
 10
-43.747708730676386
 20
-57.45907942356009
 30
0.0
 11
-43.6867620776603
 21
-57.56316621236049
 31
0.0
  0
LINE
  5
74B
330
17
100
AcDbEntity
  8
0
100
AcDbLine
 10
-43.6867620776603
 20
-57.56316621236049
 30
0.0
 11
-43.62555883379756
 21
-57.66719975078126
 31
0.0
  0
LINE
  5
74C
330
17
100
AcDbEntity
  8
0
100
AcDbLine
 10
-43.62555883379756
 20
-57.66719975078126
 30
0.0
 11
-43.564098749673676
 21
-57.771179386914994
 31
0.0
  0
LINE
  5
74D
330
17
100
AcDbEntity
  8
0
100
AcDbLine
 10
-43.564098749673676
 20
-57.771179386914994
 30
0.0
 11
-43.50238158101639
 21
-57.87510446150871
 31
0.0
  0
LINE
  5
74E
330
17
100
AcDbEntity
  8
0
100
AcDbLine
 10
-43.50238158101639
 20
-57.87510446150871
 30
0.0
 11
-43.44040712716815
 21
-57.9789742423259
 31
0.0
  0
LINE
  5
74F
330
17
100
AcDbEntity
  8
0
100
AcDbLine
 10
-43.44040712716815
 20
-57.9789742423259
 30
0.0
 11
-43.3781751586306
 21
-58.08278804548011
 31
0.0
  0
LINE
  5
750
330
17
100
AcDbEntity
  8
0
100
AcDbLine
 10
-43.3781751586306
 20
-58.08278804548011
 30
0.0
 11
-43.315685433145916
 21
-58.18654520980848
 31
0.0
  0
LINE
  5
751
330
17
100
AcDbEntity
  8
0
100
AcDbLine
 10
-43.315685433145916
 20
-58.18654520980848
 30
0.0
 11
-43.25293771053026
 21
-58.29024507208124
 31
0.0
  0
LINE
  5
752
330
17
100
AcDbEntity
  8
0
100
AcDbLine
 10
-43.25293771053026
 20
-58.29024507208124
 30
0.0
 11
-43.18993175268355
 21
-58.39388696700888
 31
0.0
  0
LINE
  5
753
330
17
100
AcDbEntity
  8
0
100
AcDbLine
 10
-43.18993175268355
 20
-58.39388696700888
 30
0.0
 11
-43.1266673235995
 21
-58.49747022724939
 31
0.0
  0
LINE
  5
754
330
17
100
AcDbEntity
  8
0
100
AcDbLine
 10
-43.1266673235995
 20
-58.49747022724939
 30
0.0
 11
-43.06314418937529
 21
-58.60099418341552
 31
0.0
  0
LINE
  5
755
330
17
100
AcDbEntity
  8
0
100
AcDbLine
 10
-43.06314418937529
 20
-58.60099418341552
 30
0.0
 11
-42.999362117335735
 21
-58.704458165523434
 31
0.0
  0
LINE
  5
756
330
17
100
AcDbEntity
  8
0
100
AcDbLine
 10
-42.999362117335735
 20
-58.704458165523434
 30
0.0
 11
-42.935320870554065
 21
-58.807861512065664
 31
0.0
  0
LINE
  5
757
330
17
100
AcDbEntity
  8
0
100
AcDbLine
 10
-42.935320870554065
 20
-58.807861512065664
 30
0.0
 11
-42.871020220013285
 21
-58.91120355035012
 31
0.0
  0
LINE
  5
758
330
17
100
AcDbEntity
  8
0
100
AcDbLine
 10
-42.871020220013285
 20
-58.91120355035012
 30
0.0
 11
-42.80645994047145
 21
-59.01448360303314
 31
0.0
  0
LINE
  5
759
330
17
100
AcDbEntity
  8
0
100
AcDbLine
 10
-42.80645994047145
 20
-59.01448360303314
 30
0.0
 11
-42.74163980883719
 21
-59.117700990764575
 31
0.0
  0
LINE
  5
75A
330
17
100
AcDbEntity
  8
0
100
AcDbLine
 10
-42.74163980883719
 20
-59.117700990764575
 30
0.0
 11
-42.6765596041794
 21
-59.220855032195175
 31
0.0
  0
LINE
  5
75B
330
17
100
AcDbEntity
  8
0
100
AcDbLine
 10
-42.6765596041794
 20
-59.220855032195175
 30
0.0
 11
-42.611219107736865
 21
-59.323945043984224
 31
0.0
  0
LINE
  5
75C
330
17
100
AcDbEntity
  8
0
100
AcDbLine
 10
-42.611219107736865
 20
-59.323945043984224
 30
0.0
 11
-42.54561810292784
 21
-59.42697034080724
 31
0.0
  0
LINE
  5
75D
330
17
100
AcDbEntity
  8
0
100
AcDbLine
 10
-42.54561810292784
 20
-59.42697034080724
 30
0.0
 11
-42.479756339580035
 21
-59.5299302915499
 31
0.0
  0
LINE
  5
75E
330
17
100
AcDbEntity
  8
0
100
AcDbLine
 10
-42.479756339580035
 20
-59.5299302915499
 30
0.0
 11
-42.41363341921206
 21
-59.632824503254916
 31
0.0
  0
LINE
  5
75F
330
17
100
AcDbEntity
  8
0
100
AcDbLine
 10
-42.41363341921206
 20
-59.632824503254916
 30
0.0
 11
-42.34724910819686
 21
-59.73565233107836
 31
0.0
  0
LINE
  5
760
330
17
100
AcDbEntity
  8
0
100
AcDbLine
 10
-42.34724910819686
 20
-59.73565233107836
 30
0.0
 11
-42.28060320240719
 21
-59.83841308570057
 31
0.0
  0
LINE
  5
761
330
17
100
AcDbEntity
  8
0
100
AcDbLine
 10
-42.28060320240719
 20
-59.83841308570057
 30
0.0
 11
-42.21369549989616
 21
-59.94110607590044
 31
0.0
  0
LINE
  5
762
330
17
100
AcDbEntity
  8
0
100
AcDbLine
 10
-42.21369549989616
 20
-59.94110607590044
 30
0.0
 11
-42.14652580090635
 21
-60.04373060856313
 31
0.0
  0
LINE
  5
763
330
17
100
AcDbEntity
  8
0
100
AcDbLine
 10
-42.14652580090635
 20
-60.04373060856313
 30
0.0
 11
-42.07909390787934
 21
-60.146285988687495
 31
0.0
  0
LINE
  5
764
330
17
100
AcDbEntity
  8
0
100
AcDbLine
 10
-42.07909390787934
 20
-60.146285988687495
 30
0.0
 11
-42.01139962546456
 21
-60.24877151939398
 31
0.0
  0
LINE
  5
765
330
17
100
AcDbEntity
  8
0
100
AcDbLine
 10
-42.01139962546456
 20
-60.24877151939398
 30
0.0
 11
-41.943442785258796
 21
-60.35118646444348
 31
0.0
  0
LINE
  5
766
330
17
100
AcDbEntity
  8
0
100
AcDbLine
 10
-41.943442785258796
 20
-60.35118646444348
 30
0.0
 11
-41.87522328261106
 21
-60.4535299904931
 31
0.0
  0
LINE
  5
767
330
17
100
AcDbEntity
  8
0
100
AcDbLine
 10
-41.87522328261106
 20
-60.4535299904931
 30
0.0
 11
-41.80674093477031
 21
-60.55580138181859
 31
0.0
  0
LINE
  5
768
330
17
100
AcDbEntity
  8
0
100
AcDbLine
 10
-41.80674093477031
 20
-60.55580138181859
 30
0.0
 11
-41.73799555364836
 21
-60.65799993226219
 31
0.0
  0
LINE
  5
769
330
17
100
AcDbEntity
  8
0
100
AcDbLine
 10
-41.73799555364836
 20
-60.65799993226219
 30
0.0
 11
-41.6689869534328
 21
-60.760124933806274
 31
0.0
  0
LINE
  5
76A
330
17
100
AcDbEntity
  8
0
100
AcDbLine
 10
-41.6689869534328
 20
-60.760124933806274
 30
0.0
 11
-41.59971495059622
 21
-60.862175676581714
 31
0.0
  0
LINE
  5
76B
330
17
100
AcDbEntity
  8
0
100
AcDbLine
 10
-41.59971495059622
 20
-60.862175676581714
 30
0.0
 11
-41.53017936390536
 21
-60.96415144887551
 31
0.0
  0
LINE
  5
76C
330
17
100
AcDbEntity
  8
0
100
AcDbLine
 10
-41.53017936390536
 20
-60.96415144887551
 30
0.0
 11
-41.46038001443023
 21
-61.066051537139145
 31
0.0
  0
LINE
  5
76D
330
17
100
AcDbEntity
  8
0
100
AcDbLine
 10
-41.46038001443023
 20
-61.066051537139145
 30
0.0
 11
-41.39031667750071
 21
-61.16787529633526
 31
0.0
  0
LINE
  5
76E
330
17
100
AcDbEntity
  8
0
100
AcDbLine
 10
-41.39031667750071
 20
-61.16787529633526
 30
0.0
 11
-41.3199890639004
 21
-61.26962218053776
 31
0.0
  0
LINE
  5
76F
330
17
100
AcDbEntity
  8
0
100
AcDbLine
 10
-41.3199890639004
 20
-61.26962218053776
 30
0.0
 11
-41.24939699878391
 21
-61.371291480836824
 31
0.0
  0
LINE
  5
770
330
17
100
AcDbEntity
  8
0
100
AcDbLine
 10
-41.24939699878391
 20
-61.371291480836824
 30
0.0
 11
-41.178540314783994
 21
-61.47288247903972
 31
0.0
  0
LINE
  5
771
330
17
100
AcDbEntity
  8
0
100
AcDbLine
 10
-41.178540314783994
 20
-61.47288247903972
 30
0.0
 11
-41.1074188468504
 21
-61.574394455186635
 31
0.0
  0
LINE
  5
772
330
17
100
AcDbEntity
  8
0
100
AcDbLine
 10
-41.1074188468504
 20
-61.574394455186635
 30
0.0
 11
-41.03603243225846
 21
-61.67582668755892
 31
0.0
  0
LINE
  5
773
330
17
100
AcDbEntity
  8
0
100
AcDbLine
 10
-41.03603243225846
 20
-61.67582668755892
 30
0.0
 11
-40.96438091061777
 21
-61.777178452687394
 31
0.0
  0
LINE
  5
774
330
17
100
AcDbEntity
  8
0
100
AcDbLine
 10
-40.96438091061777
 20
-61.777178452687394
 30
0.0
 11
-40.89246412388111
 21
-61.878449025360396
 31
0.0
  0
LINE
  5
775
330
17
100
AcDbEntity
  8
0
100
AcDbLine
 10
-40.89246412388111
 20
-61.878449025360396
 30
0.0
 11
-40.820281935199105
 21
-61.97963765198716
 31
0.0
  0
LINE
  5
776
330
17
100
AcDbEntity
  8
0
100
AcDbLine
 10
-40.820281935199105
 20
-61.97963765198716
 30
0.0
 11
-40.74783422213979
 21
-62.080743559217396
 31
0.0
  0
LINE
  5
777
330
17
100
AcDbEntity
  8
0
100
AcDbLine
 10
-40.74783422213979
 20
-62.080743559217396
 30
0.0
 11
-40.675120833557415
 21
-62.1817660152182
 31
0.0
  0
LINE
  5
778
330
17
100
AcDbEntity
  8
0
100
AcDbLine
 10
-40.675120833557415
 20
-62.1817660152182
 30
0.0
 11
-40.60214162021635
 21
-62.28270428710859
 31
0.0
  0
LINE
  5
779
330
17
100
AcDbEntity
  8
0
100
AcDbLine
 10
-40.60214162021635
 20
-62.28270428710859
 30
0.0
 11
-40.52889643527643
 21
-62.38355764029917
 31
0.0
  0
LINE
  5
77A
330
17
100
AcDbEntity
  8
0
100
AcDbLine
 10
-40.52889643527643
 20
-62.38355764029917
 30
0.0
 11
-40.455385134301864
 21
-62.484325338500405
 31
0.0
  0
LINE
  5
77B
330
17
100
AcDbEntity
  8
0
100
AcDbLine
 10
-40.455385134301864
 20
-62.484325338500405
 30
0.0
 11
-40.381607575269506
 21
-62.58500664373149
 31
0.0
  0
LINE
  5
77C
330
17
100
AcDbEntity
  8
0
100
AcDbLine
 10
-40.381607575269506
 20
-62.58500664373149
 30
0.0
 11
-40.30756361857761
 21
-62.68560081632861
 31
0.0
  0
LINE
  5
77D
330
17
100
AcDbEntity
  8
0
100
AcDbLine
 10
-40.30756361857761
 20
-62.68560081632861
 30
0.0
 11
-40.23325304359874
 21
-62.7861072289418
 31
0.0
  0
LINE
  5
77E
330
17
100
AcDbEntity
  8
0
100
AcDbLine
 10
-40.23325304359874
 20
-62.7861072289418
 30
0.0
 11
-40.158675624112846
 21
-62.8865252672317
 31
0.0
  0
LINE
  5
77F
330
17
100
AcDbEntity
  8
0
100
AcDbLine
 10
-40.158675624112846
 20
-62.8865252672317
 30
0.0
 11
-40.083831229961575
 21
-62.98685418933382
 31
0.0
  0
LINE
  5
780
330
17
100
AcDbEntity
  8
0
100
AcDbLine
 10
-40.083831229961575
 20
-62.98685418933382
 30
0.0
 11
-40.00871973347582
 21
-63.08709325167209
 31
0.0
  0
LINE
  5
781
330
17
100
AcDbEntity
  8
0
100
AcDbLine
 10
-40.00871973347582
 20
-63.08709325167209
 30
0.0
 11
-39.933341009417454
 21
-63.18724170905768
 31
0.0
  0
LINE
  5
782
330
17
100
AcDbEntity
  8
0
100
AcDbLine
 10
-39.933341009417454
 20
-63.18724170905768
 30
0.0
 11
-39.85769493498775
 21
-63.287298814697536
 31
0.0
  0
LINE
  5
783
330
17
100
AcDbEntity
  8
0
100
AcDbLine
 10
-39.85769493498775
 20
-63.287298814697536
 30
0.0
 11
-39.78178138983534
 21
-63.3872638202029
 31
0.0
  0
LINE
  5
784
330
17
100
AcDbEntity
  8
0
100
AcDbLine
 10
-39.78178138983534
 20
-63.3872638202029
 30
0.0
 11
-39.70560025646411
 21
-63.48713597507503
 31
0.0
  0
LINE
  5
785
330
17
100
AcDbEntity
  8
0
100
AcDbLine
 10
-39.70560025646411
 20
-63.48713597507503
 30
0.0
 11
-39.62915148725593
 21
-63.58691443824977
 31
0.0
  0
LINE
  5
786
330
17
100
AcDbEntity
  8
0
100
AcDbLine
 10
-39.62915148725593
 20
-63.58691443824977
 30
0.0
 11
-39.552435017867154
 21
-63.686598389800324
 31
0.0
  0
LINE
  5
787
330
17
100
AcDbEntity
  8
0
100
AcDbLine
 10
-39.552435017867154
 20
-63.686598389800324
 30
0.0
 11
-39.475450736412235
 21
-63.78618707323371
 31
0.0
  0
LINE
  5
788
330
17
100
AcDbEntity
  8
0
100
AcDbLine
 10
-39.475450736412235
 20
-63.78618707323371
 30
0.0
 11
-39.39819853351507
 21
-63.88567973048796
 31
0.0
  0
LINE
  5
789
330
17
100
AcDbEntity
  8
0
100
AcDbLine
 10
-39.39819853351507
 20
-63.88567973048796
 30
0.0
 11
-39.32067830231711
 21
-63.98507560194129
 31
0.0
  0
LINE
  5
78A
330
17
100
AcDbEntity
  8
0
100
AcDbLine
 10
-39.32067830231711
 20
-63.98507560194129
 30
0.0
 11
-39.24288993848531
 21
-64.08437392642134
 31
0.0
  0
LINE
  5
78B
330
17
100
AcDbEntity
  8
0
100
AcDbLine
 10
-39.24288993848531
 20
-64.08437392642134
 30
0.0
 11
-39.16483334022031
 21
-64.18357394121387
 31
0.0
  0
LINE
  5
78C
330
17
100
AcDbEntity
  8
0
100
AcDbLine
 10
-39.16483334022031
 20
-64.18357394121387
 30
0.0
 11
-39.08650840365999
 21
-64.28267488789864
 31
0.0
  0
LINE
  5
78D
330
17
100
AcDbEntity
  8
0
100
AcDbLine
 10
-39.08650840365999
 20
-64.28267488789864
 30
0.0
 11
-39.007914868789136
 21
-64.38167620912778
 31
0.0
  0
LINE
  5
78E
330
17
100
AcDbEntity
  8
0
100
AcDbLine
 10
-39.007914868789136
 20
-64.38167620912778
 30
0.0
 11
-38.929052562256835
 21
-64.48057724448583
 31
0.0
  0
LINE
  5
78F
330
17
100
AcDbEntity
  8
0
100
AcDbLine
 10
-38.929052562256835
 20
-64.48057724448583
 30
0.0
 11
-38.849921395326156
 21
-64.57937722901727
 31
0.0
  0
LINE
  5
790
330
17
100
AcDbEntity
  8
0
100
AcDbLine
 10
-38.849921395326156
 20
-64.57937722901727
 30
0.0
 11
-38.77052128178801
 21
-64.67807539630564
 31
0.0
  0
LINE
  5
791
330
17
100
AcDbEntity
  8
0
100
AcDbLine
 10
-38.77052128178801
 20
-64.67807539630564
 30
0.0
 11
-38.69085213796888
 21
-64.77667097848246
 31
0.0
  0
LINE
  5
792
330
17
100
AcDbEntity
  8
0
100
AcDbLine
 10
-38.69085213796888
 20
-64.77667097848246
 30
0.0
 11
-38.610913882738494
 21
-64.87516320623641
 31
0.0
  0
LINE
  5
793
330
17
100
AcDbEntity
  8
0
100
AcDbLine
 10
-38.610913882738494
 20
-64.87516320623641
 30
0.0
 11
-38.53070643751713
 21
-64.97355130882241
 31
0.0
  0
LINE
  5
794
330
17
100
AcDbEntity
  8
0
100
AcDbLine
 10
-38.53070643751713
 20
-64.97355130882241
 30
0.0
 11
-38.45022972792011
 21
-65.07183451206889
 31
0.0
  0
LINE
  5
795
330
17
100
AcDbEntity
  8
0
100
AcDbLine
 10
-38.45022972792011
 20
-65.07183451206889
 30
0.0
 11
-38.36948370598523
 21
-65.17001201091743
 31
0.0
  0
LINE
  5
796
330
17
100
AcDbEntity
  8
0
100
AcDbLine
 10
-38.36948370598523
 20
-65.17001201091743
 30
0.0
 11
-38.28846830925895
 21
-65.268083019116
 31
0.0
  0
LINE
  5
797
330
17
100
AcDbEntity
  8
0
100
AcDbLine
 10
-38.28846830925895
 20
-65.268083019116
 30
0.0
 11
-38.20718346904725
 21
-65.36604675972323
 31
0.0
  0
LINE
  5
798
330
17
100
AcDbEntity
  8
0
100
AcDbLine
 10
-38.20718346904725
 20
-65.36604675972323
 30
0.0
 11
-38.12562911925068
 21
-65.46390245440517
 31
0.0
  0
LINE
  5
799
330
17
100
AcDbEntity
  8
0
100
AcDbLine
 10
-38.12562911925068
 20
-65.46390245440517
 30
0.0
 11
-38.043805196372
 21
-65.56164932344433
 31
0.0
  0
LINE
  5
79A
330
17
100
AcDbEntity
  8
0
100
AcDbLine
 10
-38.043805196372
 20
-65.56164932344433
 30
0.0
 11
-37.961711639523514
 21
-65.65928658574926
 31
0.0
  0
LINE
  5
79B
330
17
100
AcDbEntity
  8
0
100
AcDbLine
 10
-37.961711639523514
 20
-65.65928658574926
 30
0.0
 11
-37.87934839043427
 21
-65.75681345886395
 31
0.0
  0
LINE
  5
79C
330
17
100
AcDbEntity
  8
0
100
AcDbLine
 10
-37.87934839043427
 20
-65.75681345886395
 30
0.0
 11
-37.796715388333034
 21
-65.85422916503549
 31
0.0
  0
LINE
  5
79D
330
17
100
AcDbEntity
  8
0
100
AcDbLine
 10
-37.796715388333034
 20
-65.85422916503549
 30
0.0
 11
-37.71381253538648
 21
-65.95153297265236
 31
0.0
  0
LINE
  5
79E
330
17
100
AcDbEntity
  8
0
100
AcDbLine
 10
-37.71381253538648
 20
-65.95153297265236
 30
0.0
 11
-37.63063977129578
 21
-66.04872410853858
 31
0.0
  0
LINE
  5
79F
330
17
100
AcDbEntity
  8
0
100
AcDbLine
 10
-37.63063977129578
 20
-66.04872410853858
 30
0.0
 11
-37.54719704896327
 21
-66.14580178580547
 31
0.0
  0
LINE
  5
7A0
330
17
100
AcDbEntity
  8
0
100
AcDbLine
 10
-37.54719704896327
 20
-66.14580178580547
 30
0.0
 11
-37.463484323933436
 21
-66.24276521625497
 31
0.0
  0
LINE
  5
7A1
330
17
100
AcDbEntity
  8
0
100
AcDbLine
 10
-37.463484323933436
 20
-66.24276521625497
 30
0.0
 11
-37.379501554400015
 21
-66.33961361038912
 31
0.0
  0
LINE
  5
7A2
330
17
100
AcDbEntity
  8
0
100
AcDbLine
 10
-37.379501554400015
 20
-66.33961361038912
 30
0.0
 11
-37.29524870121323
 21
-66.43634617741958
 31
0.0
  0
LINE
  5
7A3
330
17
100
AcDbEntity
  8
0
100
AcDbLine
 10
-37.29524870121323
 20
-66.43634617741958
 30
0.0
 11
-37.21072572788674
 21
-66.53296212527715
 31
0.0
  0
LINE
  5
7A4
330
17
100
AcDbEntity
  8
0
100
AcDbLine
 10
-37.21072572788674
 20
-66.53296212527715
 30
0.0
 11
-37.12593258246821
 21
-66.62946068134815
 31
0.0
  0
LINE
  5
7A5
330
17
100
AcDbEntity
  8
0
100
AcDbLine
 10
-37.12593258246821
 20
-66.62946068134815
 30
0.0
 11
-37.04086913400705
 21
-66.72584116648378
 31
0.0
  0
LINE
  5
7A6
330
17
100
AcDbEntity
  8
0
100
AcDbLine
 10
-37.04086913400705
 20
-66.72584116648378
 30
0.0
 11
-36.95553533996946
 21
-66.82210280437589
 31
0.0
  0
LINE
  5
7A7
330
17
100
AcDbEntity
  8
0
100
AcDbLine
 10
-36.95553533996946
 20
-66.82210280437589
 30
0.0
 11
-36.86993117592768
 21
-66.91824479998542
 31
0.0
  0
LINE
  5
7A8
330
17
100
AcDbEntity
  8
0
100
AcDbLine
 10
-36.86993117592768
 20
-66.91824479998542
 30
0.0
 11
-36.78405662012817
 21
-67.0142663570572
 31
0.0
  0
LINE
  5
7A9
330
17
100
AcDbEntity
  8
0
100
AcDbLine
 10
-36.78405662012817
 20
-67.0142663570572
 30
0.0
 11
-36.697911653498274
 21
-67.11016667812983
 31
0.0
  0
LINE
  5
7AA
330
17
100
AcDbEntity
  8
0
100
AcDbLine
 10
-36.697911653498274
 20
-67.11016667812983
 30
0.0
 11
-36.61149625965283
 21
-67.20594496454537
 31
0.0
  0
LINE
  5
7AB
330
17
100
AcDbEntity
  8
0
100
AcDbLine
 10
-36.61149625965283
 20
-67.20594496454537
 30
0.0
 11
-36.5248104249011
 21
-67.30160041645875
 31
0.0
  0
LINE
  5
7AC
330
17
100
AcDbEntity
  8
0
100
AcDbLine
 10
-36.5248104249011
 20
-67.30160041645875
 30
0.0
 11
-36.43785411537805
 21
-67.39713225811829
 31
0.0
  0
LINE
  5
7AD
330
17
100
AcDbEntity
  8
0
100
AcDbLine
 10
-36.43785411537805
 20
-67.39713225811829
 30
0.0
 11
-36.35062723883931
 21
-67.49253978141641
 31
0.0
  0
LINE
  5
7AE
330
17
100
AcDbEntity
  8
0
100
AcDbLine
 10
-36.35062723883931
 20
-67.49253978141641
 30
0.0
 11
-36.26312978292867
 21
-67.58782219343004
 31
0.0
  0
LINE
  5
7AF
330
17
100
AcDbEntity
  8
0
100
AcDbLine
 10
-36.26312978292867
 20
-67.58782219343004
 30
0.0
 11
-36.175361745896915
 21
-67.68297869143572
 31
0.0
  0
LINE
  5
7B0
330
17
100
AcDbEntity
  8
0
100
AcDbLine
 10
-36.175361745896915
 20
-67.68297869143572
 30
0.0
 11
-36.087323128701456
 21
-67.7780084715854
 31
0.0
  0
LINE
  5
7B1
330
17
100
AcDbEntity
  8
0
100
AcDbLine
 10
-36.087323128701456
 20
-67.7780084715854
 30
0.0
 11
-35.999013935012655
 21
-67.87291072891628
 31
0.0
  0
LINE
  5
7B2
330
17
100
AcDbEntity
  8
0
100
AcDbLine
 10
-35.999013935012655
 20
-67.87291072891628
 30
0.0
 11
-35.91043417122015
 21
-67.96768465736079
 31
0.0
  0
LINE
  5
7B3
330
17
100
AcDbEntity
  8
0
100
AcDbLine
 10
-35.91043417122015
 20
-67.96768465736079
 30
0.0
 11
-35.8215838464393
 21
-68.06232944975596
 31
0.0
  0
LINE
  5
7B4
330
17
100
AcDbEntity
  8
0
100
AcDbLine
 10
-35.8215838464393
 20
-68.06232944975596
 30
0.0
 11
-35.732462933220354
 21
-68.15684433981747
 31
0.0
  0
LINE
  5
7B5
330
17
100
AcDbEntity
  8
0
100
AcDbLine
 10
-35.732462933220354
 20
-68.15684433981747
 30
0.0
 11
-35.64307134736011
 21
-68.25122862554267
 31
0.0
  0
LINE
  5
7B6
330
17
100
AcDbEntity
  8
0
100
AcDbLine
 10
-35.64307134736011
 20
-68.25122862554267
 30
0.0
 11
-35.553409102641425
 21
-68.34548150390683
 31
0.0
  0
LINE
  5
7B7
330
17
100
AcDbEntity
  8
0
100
AcDbLine
 10
-35.553409102641425
 20
-68.34548150390683
 30
0.0
 11
-35.463476220452606
 21
-68.43960216567552
 31
0.0
  0
LINE
  5
7B8
330
17
100
AcDbEntity
  8
0
100
AcDbLine
 10
-35.463476220452606
 20
-68.43960216567552
 30
0.0
 11
-35.37327272491302
 21
-68.53358980058485
 31
0.0
  0
LINE
  5
7B9
330
17
100
AcDbEntity
  8
0
100
AcDbLine
 10
-35.37327272491302
 20
-68.53358980058485
 30
0.0
 11
-35.28279864287939
 21
-68.62744359735125
 31
0.0
  0
LINE
  5
7BA
330
17
100
AcDbEntity
  8
0
100
AcDbLine
 10
-35.28279864287939
 20
-68.62744359735125
 30
0.0
 11
-35.19205400395161
 21
-68.72116274368125
 31
0.0
  0
LINE
  5
7BB
330
17
100
AcDbEntity
  8
0
100
AcDbLine
 10
-35.19205400395161
 20
-68.72116274368125
 30
0.0
 11
-35.1010388404787
 21
-68.8147464262816
 31
0.0
  0
LINE
  5
7BC
330
17
100
AcDbEntity
  8
0
100
AcDbLine
 10
-35.1010388404787
 20
-68.8147464262816
 30
0.0
 11
-35.009753122904144
 21
-68.90819389761093
 31
0.0
  0
LINE
  5
7BD
330
17
100
AcDbEntity
  8
0
100
AcDbLine
 10
-35.009753122904144
 20
-68.90819389761093
 30
0.0
 11
-34.91819677742692
 21
-69.00150446016912
 31
0.0
  0
LINE
  5
7BE
330
17
100
AcDbEntity
  8
0
100
AcDbLine
 10
-34.91819677742692
 20
-69.00150446016912
 30
0.0
 11
-34.82636984422664
 21
-69.09467730255471
 31
0.0
  0
LINE
  5
7BF
330
17
100
AcDbEntity
  8
0
100
AcDbLine
 10
-34.82636984422664
 20
-69.09467730255471
 30
0.0
 11
-34.734272368265515
 21
-69.18771161033503
 31
0.0
  0
LINE
  5
7C0
330
17
100
AcDbEntity
  8
0
100
AcDbLine
 10
-34.734272368265515
 20
-69.18771161033503
 30
0.0
 11
-34.641904397252326
 21
-69.28060656814668
 31
0.0
  0
LINE
  5
7C1
330
17
100
AcDbEntity
  8
0
100
AcDbLine
 10
-34.641904397252326
 20
-69.28060656814668
 30
0.0
 11
-34.549265981648
 21
-69.3733613597056
 31
0.0
  0
LINE
  5
7C2
330
17
100
AcDbEntity
  8
0
100
AcDbLine
 10
-34.549265981648
 20
-69.3733613597056
 30
0.0
 11
-34.45635717467146
 21
-69.46597516781642
 31
0.0
  0
LINE
  5
7C3
330
17
100
AcDbEntity
  8
0
100
AcDbLine
 10
-34.45635717467146
 20
-69.46597516781642
 30
0.0
 11
-34.36317803230492
 21
-69.55844717438293
 31
0.0
  0
LINE
  5
7C4
330
17
100
AcDbEntity
  8
0
100
AcDbLine
 10
-34.36317803230492
 20
-69.55844717438293
 30
0.0
 11
-34.26972859993455
 21
-69.65077657375082
 31
0.0
  0
LINE
  5
7C5
330
17
100
AcDbEntity
  8
0
100
AcDbLine
 10
-34.26972859993455
 20
-69.65077657375082
 30
0.0
 11
-34.176008923564915
 21
-69.74296256197792
 31
0.0
  0
LINE
  5
7C6
330
17
100
AcDbEntity
  8
0
100
AcDbLine
 10
-34.176008923564915
 20
-69.74296256197792
 30
0.0
 11
-34.08201906772284
 21
-69.83500431879344
 31
0.0
  0
LINE
  5
7C7
330
17
100
AcDbEntity
  8
0
100
AcDbLine
 10
-34.08201906772284
 20
-69.83500431879344
 30
0.0
 11
-33.98775909974013
 21
-69.92690102304371
 31
0.0
  0
LINE
  5
7C8
330
17
100
AcDbEntity
  8
0
100
AcDbLine
 10
-33.98775909974013
 20
-69.92690102304371
 30
0.0
 11
-33.89322908973423
 21
-70.01865185272686
 31
0.0
  0
LINE
  5
7C9
330
17
100
AcDbEntity
  8
0
100
AcDbLine
 10
-33.89322908973423
 20
-70.01865185272686
 30
0.0
 11
-33.79842911061343
 21
-70.11025598500274
 31
0.0
  0
LINE
  5
7CA
330
17
100
AcDbEntity
  8
0
100
AcDbLine
 10
-33.79842911061343
 20
-70.11025598500274
 30
0.0
 11
-33.703359238082385
 21
-70.2017125962027
 31
0.0
  0
LINE
  5
7CB
330
17
100
AcDbEntity
  8
0
100
AcDbLine
 10
-33.703359238082385
 20
-70.2017125962027
 30
0.0
 11
-33.6080195495071
 21
-70.29302086293046
 31
0.0
  0
LINE
  5
7CC
330
17
100
AcDbEntity
  8
0
100
AcDbLine
 10
-33.6080195495071
 20
-70.29302086293046
 30
0.0
 11
-33.51240985289049
 21
-70.38418022341722
 31
0.0
  0
LINE
  5
7CD
330
17
100
AcDbEntity
  8
0
100
AcDbLine
 10
-33.51240985289049
 20
-70.38418022341722
 30
0.0
 11
-33.41653002485974
 21
-70.47519005959529
 31
0.0
  0
LINE
  5
7CE
330
17
100
AcDbEntity
  8
0
100
AcDbLine
 10
-33.41653002485974
 20
-70.47519005959529
 30
0.0
 11
-33.32038015626477
 21
-70.56604955201158
 31
0.0
  0
LINE
  5
7CF
330
17
100
AcDbEntity
  8
0
100
AcDbLine
 10
-33.32038015626477
 20
-70.56604955201158
 30
0.0
 11
-33.22396034069232
 21
-70.65675788048429
 31
0.0
  0
LINE
  5
7D0
330
17
100
AcDbEntity
  8
0
100
AcDbLine
 10
-33.22396034069232
 20
-70.65675788048429
 30
0.0
 11
-33.12727067447106
 21
-70.74731422411247
 31
0.0
  0
LINE
  5
7D1
330
17
100
AcDbEntity
  8
0
100
AcDbLine
 10
-33.12727067447106
 20
-70.74731422411247
 30
0.0
 11
-33.030311256676264
 21
-70.83771776128579
 31
0.0
  0
LINE
  5
7D2
330
17
100
AcDbEntity
  8
0
100
AcDbLine
 10
-33.030311256676264
 20
-70.83771776128579
 30
0.0
 11
-32.93308218913434
 21
-70.92796766969427
 31
0.0
  0
LINE
  5
7D3
330
17
100
AcDbEntity
  8
0
100
AcDbLine
 10
-32.93308218913434
 20
-70.92796766969427
 30
0.0
 11
-32.83558357664362
 21
-71.01806312613853
 31
0.0
  0
LINE
  5
7D4
330
17
100
AcDbEntity
  8
0
100
AcDbLine
 10
-32.83558357664362
 20
-71.01806312613853
 30
0.0
 11
-32.73781553531542
 21
-71.10800329876545
 31
0.0
  0
LINE
  5
7D5
330
17
100
AcDbEntity
  8
0
100
AcDbLine
 10
-32.73781553531542
 20
-71.10800329876545
 30
0.0
 11
-32.639778179758885
 21
-71.19778735879476
 31
0.0
  0
LINE
  5
7D6
330
17
100
AcDbEntity
  8
0
100
AcDbLine
 10
-32.639778179758885
 20
-71.19778735879476
 30
0.0
 11
-32.54147162274862
 21
-71.2874144810069
 31
0.0
  0
LINE
  5
7D7
330
17
100
AcDbEntity
  8
0
100
AcDbLine
 10
-32.54147162274862
 20
-71.2874144810069
 30
0.0
 11
-32.44289597983619
 21
-71.37688383953014
 31
0.0
  0
LINE
  5
7D8
330
17
100
AcDbEntity
  8
0
100
AcDbLine
 10
-32.44289597983619
 20
-71.37688383953014
 30
0.0
 11
-32.344051369354574
 21
-71.46619460785044
 31
0.0
  0
LINE
  5
7D9
330
17
100
AcDbEntity
  8
0
100
AcDbLine
 10
-32.344051369354574
 20
-71.46619460785044
 30
0.0
 11
-32.244937912422905
 21
-71.55534595882114
 31
0.0
  0
LINE
  5
7DA
330
17
100
AcDbEntity
  8
0
100
AcDbLine
 10
-32.244937912422905
 20
-71.55534595882114
 30
0.0
 11
-32.145555732950825
 21
-71.64433706467298
 31
0.0
  0
LINE
  5
7DB
330
17
100
AcDbEntity
  8
0
100
AcDbLine
 10
-32.145555732950825
 20
-71.64433706467298
 30
0.0
 11
-32.04590494512779
 21
-71.73316710819583
 31
0.0
  0
LINE
  5
7DC
330
17
100
AcDbEntity
  8
0
100
AcDbLine
 10
-32.04590494512779
 20
-71.73316710819583
 30
0.0
 11
-31.945985465875957
 21
-71.82183545199825
 31
0.0
  0
LINE
  5
7DD
330
17
100
AcDbEntity
  8
0
100
AcDbLine
 10
-31.945985465875957
 20
-71.82183545199825
 30
0.0
 11
-31.845797352826224
 21
-71.91034133921796
 31
0.0
  0
LINE
  5
7DE
330
17
100
AcDbEntity
  8
0
100
AcDbLine
 10
-31.845797352826224
 20
-71.91034133921796
 30
0.0
 11
-31.74534074329624
 21
-71.9986839443255
 31
0.0
  0
LINE
  5
7DF
330
17
100
AcDbEntity
  8
0
100
AcDbLine
 10
-31.74534074329624
 20
-71.9986839443255
 30
0.0
 11
-31.644615777363292
 21
-72.08686244124655
 31
0.0
  0
LINE
  5
7E0
330
17
100
AcDbEntity
  8
0
100
AcDbLine
 10
-31.644615777363292
 20
-72.08686244124655
 30
0.0
 11
-31.543622597868293
 21
-72.17487600337162
 31
0.0
  0
LINE
  5
7E1
330
17
100
AcDbEntity
  8
0
100
AcDbLine
 10
-31.543622597868293
 20
-72.17487600337162
 30
0.0
 11
-31.44236135042013
 21
-72.26272380356579
 31
0.0
  0
LINE
  5
7E2
330
17
100
AcDbEntity
  8
0
100
AcDbLine
 10
-31.44236135042013
 20
-72.26272380356579
 30
0.0
 11
-31.340832183399563
 21
-72.35040501417822
 31
0.0
  0
LINE
  5
7E3
330
17
100
AcDbEntity
  8
0
100
AcDbLine
 10
-31.340832183399563
 20
-72.35040501417822
 30
0.0
 11
-31.239035240662332
 21
-72.4379188133465
 31
0.0
  0
LINE
  5
7E4
330
17
100
AcDbEntity
  8
0
100
AcDbLine
 10
-31.239035240662332
 20
-72.4379188133465
 30
0.0
 11
-31.136970607944676
 21
-72.52526443185778
 31
0.0
  0
LINE
  5
7E5
330
17
100
AcDbEntity
  8
0
100
AcDbLine
 10
-31.136970607944676
 20
-72.52526443185778
 30
0.0
 11
-31.034638425775334
 21
-72.61244105638671
 31
0.0
  0
LINE
  5
7E6
330
17
100
AcDbEntity
  8
0
100
AcDbLine
 10
-31.034638425775334
 20
-72.61244105638671
 30
0.0
 11
-30.93203885430193
 21
-72.69944785873537
 31
0.0
  0
LINE
  5
7E7
330
17
100
AcDbEntity
  8
0
100
AcDbLine
 10
-30.93203885430193
 20
-72.69944785873537
 30
0.0
 11
-30.829172056447668
 21
-72.78628401024696
 31
0.0
  0
LINE
  5
7E8
330
17
100
AcDbEntity
  8
0
100
AcDbLine
 10
-30.829172056447668
 20
-72.78628401024696
 30
0.0
 11
-30.72603819791513
 21
-72.87294868181581
 31
0.0
  0
LINE
  5
7E9
330
17
100
AcDbEntity
  8
0
100
AcDbLine
 10
-30.72603819791513
 20
-72.87294868181581
 30
0.0
 11
-30.622637447189852
 21
-72.9594410438973
 31
0.0
  0
LINE
  5
7EA
330
17
100
AcDbEntity
  8
0
100
AcDbLine
 10
-30.622637447189852
 20
-72.9594410438973
 30
0.0
 11
-30.51896997554431
 21
-73.0457602665173
 31
0.0
  0
LINE
  5
7EB
330
17
100
AcDbEntity
  8
0
100
AcDbLine
 10
-30.51896997554431
 20
-73.0457602665173
 30
0.0
 11
-30.415035972802805
 21
-73.1319055061625
 31
0.0
  0
LINE
  5
7EC
330
17
100
AcDbEntity
  8
0
100
AcDbLine
 10
-30.415035972802805
 20
-73.1319055061625
 30
0.0
 11
-30.310835707529343
 21
-73.21787585472308
 31
0.0
  0
LINE
  5
7ED
330
17
100
AcDbEntity
  8
0
100
AcDbLine
 10
-30.310835707529343
 20
-73.21787585472308
 30
0.0
 11
-30.206369373508828
 21
-73.30367046677935
 31
0.0
  0
LINE
  5
7EE
330
17
100
AcDbEntity
  8
0
100
AcDbLine
 10
-30.206369373508828
 20
-73.30367046677935
 30
0.0
 11
-30.101637152393742
 21
-73.38928850885577
 31
0.0
  0
LINE
  5
7EF
330
17
100
AcDbEntity
  8
0
100
AcDbLine
 10
-30.101637152393742
 20
-73.38928850885577
 30
0.0
 11
-29.996639228662715
 21
-73.47472914708625
 31
0.0
  0
LINE
  5
7F0
330
17
100
AcDbEntity
  8
0
100
AcDbLine
 10
-29.996639228662715
 20
-73.47472914708625
 30
0.0
 11
-29.89137578962449
 21
-73.55999154722409
 31
0.0
  0
LINE
  5
7F1
330
17
100
AcDbEntity
  8
0
100
AcDbLine
 10
-29.89137578962449
 20
-73.55999154722409
 30
0.0
 11
-29.785847025421255
 21
-73.64507487465204
 31
0.0
  0
LINE
  5
7F2
330
17
100
AcDbEntity
  8
0
100
AcDbLine
 10
-29.785847025421255
 20
-73.64507487465204
 30
0.0
 11
-29.68005312903201
 21
-73.72997829439241
 31
0.0
  0
LINE
  5
7F3
330
17
100
AcDbEntity
  8
0
100
AcDbLine
 10
-29.68005312903201
 20
-73.72997829439241
 30
0.0
 11
-29.573994342772963
 21
-73.81470093375927
 31
0.0
  0
LINE
  5
7F4
330
17
100
AcDbEntity
  8
0
100
AcDbLine
 10
-29.573994342772963
 20
-73.81470093375927
 30
0.0
 11
-29.467671044840955
 21
-73.89924181066112
 31
0.0
  0
LINE
  5
7F5
330
17
100
AcDbEntity
  8
0
100
AcDbLine
 10
-29.467671044840955
 20
-73.89924181066112
 30
0.0
 11
-29.3610834532289
 21
-73.98360007098995
 31
0.0
  0
LINE
  5
7F6
330
17
100
AcDbEntity
  8
0
100
AcDbLine
 10
-29.3610834532289
 20
-73.98360007098995
 30
0.0
 11
-29.254231770781963
 21
-74.06777487466994
 31
0.0
  0
LINE
  5
7F7
330
17
100
AcDbEntity
  8
0
100
AcDbLine
 10
-29.254231770781963
 20
-74.06777487466994
 30
0.0
 11
-29.147116203241843
 21
-74.15176538129568
 31
0.0
  0
LINE
  5
7F8
330
17
100
AcDbEntity
  8
0
100
AcDbLine
 10
-29.147116203241843
 20
-74.15176538129568
 30
0.0
 11
-29.039736959250476
 21
-74.23557075014233
 31
0.0
  0
LINE
  5
7F9
330
17
100
AcDbEntity
  8
0
100
AcDbLine
 10
-29.039736959250476
 20
-74.23557075014233
 30
0.0
 11
-28.932094250353238
 21
-74.31919014017606
 31
0.0
  0
LINE
  5
7FA
330
17
100
AcDbEntity
  8
0
100
AcDbLine
 10
-28.932094250353238
 20
-74.31919014017606
 30
0.0
 11
-28.824188291002216
 21
-74.40262271006478
 31
0.0
  0
LINE
  5
7FB
330
17
100
AcDbEntity
  8
0
100
AcDbLine
 10
-28.824188291002216
 20
-74.40262271006478
 30
0.0
 11
-28.716019341949973
 21
-74.48586758455056
 31
0.0
  0
LINE
  5
7FC
330
17
100
AcDbEntity
  8
0
100
AcDbLine
 10
-28.716019341949973
 20
-74.48586758455056
 30
0.0
 11
-28.6075877380352
 21
-74.56892383128871
 31
0.0
  0
LINE
  5
7FD
330
17
100
AcDbEntity
  8
0
100
AcDbLine
 10
-28.6075877380352
 20
-74.56892383128871
 30
0.0
 11
-28.49889370765068
 21
-74.65179060083929
 31
0.0
  0
LINE
  5
7FE
330
17
100
AcDbEntity
  8
0
100
AcDbLine
 10
-28.49889370765068
 20
-74.65179060083929
 30
0.0
 11
-28.389937475946205
 21
-74.73446704825156
 31
0.0
  0
LINE
  5
7FF
330
17
100
AcDbEntity
  8
0
100
AcDbLine
 10
-28.389937475946205
 20
-74.73446704825156
 30
0.0
 11
-28.280719271023244
 21
-74.81695232831606
 31
0.0
  0
LINE
  5
800
330
17
100
AcDbEntity
  8
0
100
AcDbLine
 10
-28.280719271023244
 20
-74.81695232831606
 30
0.0
 11
-28.171239323938046
 21
-74.89924559557551
 31
0.0
  0
LINE
  5
801
330
17
100
AcDbEntity
  8
0
100
AcDbLine
 10
-28.171239323938046
 20
-74.89924559557551
 30
0.0
 11
-28.061497868704983
 21
-74.98134600433514
 31
0.0
  0
LINE
  5
802
330
17
100
AcDbEntity
  8
0
100
AcDbLine
 10
-28.061497868704983
 20
-74.98134600433514
 30
0.0
 11
-27.9514951422996
 21
-75.06325270867376
 31
0.0
  0
LINE
  5
803
330
17
100
AcDbEntity
  8
0
100
AcDbLine
 10
-27.9514951422996
 20
-75.06325270867376
 30
0.0
 11
-27.841231518995507
 21
-75.1449647620135
 31
0.0
  0
LINE
  5
804
330
17
100
AcDbEntity
  8
0
100
AcDbLine
 10
-27.841231518995507
 20
-75.1449647620135
 30
0.0
 11
-27.730707485686914
 21
-75.22648113135423
 31
0.0
  0
LINE
  5
805
330
17
100
AcDbEntity
  8
0
100
AcDbLine
 10
-27.730707485686914
 20
-75.22648113135423
 30
0.0
 11
-27.61992329127714
 21
-75.30780096041252
 31
0.0
  0
LINE
  5
806
330
17
100
AcDbEntity
  8
0
100
AcDbLine
 10
-27.61992329127714
 20
-75.30780096041252
 30
0.0
 11
-27.508879182500827
 21
-75.38892339655405
 31
0.0
  0
LINE
  5
807
330
17
100
AcDbEntity
  8
0
100
AcDbLine
 10
-27.508879182500827
 20
-75.38892339655405
 30
0.0
 11
-27.39757540913606
 21
-75.46984758694373
 31
0.0
  0
LINE
  5
808
330
17
100
AcDbEntity
  8
0
100
AcDbLine
 10
-27.39757540913606
 20
-75.46984758694373
 30
0.0
 11
-27.28601222400728
 21
-75.55057267855727
 31
0.0
  0
LINE
  5
809
330
17
100
AcDbEntity
  8
0
100
AcDbLine
 10
-27.28601222400728
 20
-75.55057267855727
 30
0.0
 11
-27.17418988298816
 21
-75.63109781819216
 31
0.0
  0
LINE
  5
80A
330
17
100
AcDbEntity
  8
0
100
AcDbLine
 10
-27.17418988298816
 20
-75.63109781819216
 30
0.0
 11
-27.062108645004948
 21
-75.71142215247917
 31
0.0
  0
LINE
  5
80B
330
17
100
AcDbEntity
  8
0
100
AcDbLine
 10
-27.062108645004948
 20
-75.71142215247917
 30
0.0
 11
-26.949768818622864
 21
-75.79154479431591
 31
0.0
  0
LINE
  5
80C
330
17
100
AcDbEntity
  8
0
100
AcDbLine
 10
-26.949768818622864
 20
-75.79154479431591
 30
0.0
 11
-26.83717072606533
 21
-75.87146484755326
 31
0.0
  0
LINE
  5
80D
330
17
100
AcDbEntity
  8
0
100
AcDbLine
 10
-26.83717072606533
 20
-75.87146484755326
 30
0.0
 11
-26.72431463503402
 21
-75.95118145668044
 31
0.0
  0
LINE
  5
80E
330
17
100
AcDbEntity
  8
0
100
AcDbLine
 10
-26.72431463503402
 20
-75.95118145668044
 30
0.0
 11
-26.611200816155517
 21
-76.03069376616969
 31
0.0
  0
LINE
  5
80F
330
17
100
AcDbEntity
  8
0
100
AcDbLine
 10
-26.611200816155517
 20
-76.03069376616969
 30
0.0
 11
-26.497829543141435
 21
-76.1100009203758
 31
0.0
  0
LINE
  5
810
330
17
100
AcDbEntity
  8
0
100
AcDbLine
 10
-26.497829543141435
 20
-76.1100009203758
 30
0.0
 11
-26.384201092790896
 21
-76.1891020635473
 31
0.0
  0
LINE
  5
811
330
17
100
AcDbEntity
  8
0
100
AcDbLine
 10
-26.384201092790896
 20
-76.1891020635473
 30
0.0
 11
-26.27031574499314
 21
-76.26799633983826
 31
0.0
  0
LINE
  5
812
330
17
100
AcDbEntity
  8
0
100
AcDbLine
 10
-26.27031574499314
 20
-76.26799633983826
 30
0.0
 11
-26.156173783407873
 21
-76.34668289285344
 31
0.0
  0
LINE
  5
813
330
17
100
AcDbEntity
  8
0
100
AcDbLine
 10
-26.156173783407873
 20
-76.34668289285344
 30
0.0
 11
-26.04177574263496
 21
-76.42516069398295
 31
0.0
  0
LINE
  5
814
330
17
100
AcDbEntity
  8
0
100
AcDbLine
 10
-26.04177574263496
 20
-76.42516069398295
 30
0.0
 11
-25.927122111424517
 21
-76.50342874260878
 31
0.0
  0
LINE
  5
815
330
17
100
AcDbEntity
  8
0
100
AcDbLine
 10
-25.927122111424517
 20
-76.50342874260878
 30
0.0
 11
-25.812213179805653
 21
-76.58148617572157
 31
0.0
  0
LINE
  5
816
330
17
100
AcDbEntity
  8
0
100
AcDbLine
 10
-25.812213179805653
 20
-76.58148617572157
 30
0.0
 11
-25.697049240989294
 21
-76.65933213024519
 31
0.0
  0
LINE
  5
817
330
17
100
AcDbEntity
  8
0
100
AcDbLine
 10
-25.697049240989294
 20
-76.65933213024519
 30
0.0
 11
-25.58163059137072
 21
-76.73696574304915
 31
0.0
  0
LINE
  5
818
330
17
100
AcDbEntity
  8
0
100
AcDbLine
 10
-25.58163059137072
 20
-76.73696574304915
 30
0.0
 11
-25.465957530532414
 21
-76.81438615096006
 31
0.0
  0
LINE
  5
819
330
17
100
AcDbEntity
  8
0
100
AcDbLine
 10
-25.465957530532414
 20
-76.81438615096006
 30
0.0
 11
-25.350030361246517
 21
-76.89159249077403
 31
0.0
  0
LINE
  5
81A
330
17
100
AcDbEntity
  8
0
100
AcDbLine
 10
-25.350030361246517
 20
-76.89159249077403
 30
0.0
 11
-25.23384938707177
 21
-76.96858390086255
 31
0.0
  0
LINE
  5
81B
330
17
100
AcDbEntity
  8
0
100
AcDbLine
 10
-25.23384938707177
 20
-76.96858390086255
 30
0.0
 11
-25.117414803892025
 21
-77.0453595937939
 31
0.0
  0
LINE
  5
81C
330
17
100
AcDbEntity
  8
0
100
AcDbLine
 10
-25.117414803892025
 20
-77.0453595937939
 30
0.0
 11
-25.00072686266249
 21
-77.1219187499274
 31
0.0
  0
LINE
  5
81D
330
17
100
AcDbEntity
  8
0
100
AcDbLine
 10
-25.00072686266249
 20
-77.1219187499274
 30
0.0
 11
-24.883785879765703
 21
-77.198260508782
 31
0.0
  0
LINE
  5
81E
330
17
100
AcDbEntity
  8
0
100
AcDbLine
 10
-24.883785879765703
 20
-77.198260508782
 30
0.0
 11
-24.76659217475511
 21
-77.27438400991737
 31
0.0
  0
LINE
  5
81F
330
17
100
AcDbEntity
  8
0
100
AcDbLine
 10
-24.76659217475511
 20
-77.27438400991737
 30
0.0
 11
-24.649146070357137
 21
-77.35028839294601
 31
0.0
  0
LINE
  5
820
330
17
100
AcDbEntity
  8
0
100
AcDbLine
 10
-24.649146070357137
 20
-77.35028839294601
 30
0.0
 11
-24.53144789247326
 21
-77.42597279754526
 31
0.0
  0
LINE
  5
821
330
17
100
AcDbEntity
  8
0
100
AcDbLine
 10
-24.53144789247326
 20
-77.42597279754526
 30
0.0
 11
-24.413497970182405
 21
-77.50143636346914
 31
0.0
  0
LINE
  5
822
330
17
100
AcDbEntity
  8
0
100
AcDbLine
 10
-24.413497970182405
 20
-77.50143636346914
 30
0.0
 11
-24.295296645662425
 21
-77.57667822423676
 31
0.0
  0
LINE
  5
823
330
17
100
AcDbEntity
  8
0
100
AcDbLine
 10
-24.295296645662425
 20
-77.57667822423676
 30
0.0
 11
-24.176844438752866
 21
-77.65169740094325
 31
0.0
  0
LINE
  5
824
330
17
100
AcDbEntity
  8
0
100
AcDbLine
 10
-24.176844438752866
 20
-77.65169740094325
 30
0.0
 11
-24.058141756657633
 21
-77.72649298555962
 31
0.0
  0
LINE
  5
825
330
17
100
AcDbEntity
  8
0
100
AcDbLine
 10
-24.058141756657633
 20
-77.72649298555962
 30
0.0
 11
-23.939188940044325
 21
-77.80106411422
 31
0.0
  0
LINE
  5
826
330
17
100
AcDbEntity
  8
0
100
AcDbLine
 10
-23.939188940044325
 20
-77.80106411422
 30
0.0
 11
-23.819986332814068
 21
-77.87540992317997
 31
0.0
  0
LINE
  5
827
330
17
100
AcDbEntity
  8
0
100
AcDbLine
 10
-23.819986332814068
 20
-77.87540992317997
 30
0.0
 11
-23.700534282103305
 21
-77.94952954882874
 31
0.0
  0
LINE
  5
828
330
17
100
AcDbEntity
  8
0
100
AcDbLine
 10
-23.700534282103305
 20
-77.94952954882874
 30
0.0
 11
-23.580833138285612
 21
-78.02342212770156
 31
0.0
  0
LINE
  5
829
330
17
100
AcDbEntity
  8
0
100
AcDbLine
 10
-23.580833138285612
 20
-78.02342212770156
 30
0.0
 11
-23.460883254973844
 21
-78.09708679649214
 31
0.0
  0
LINE
  5
82A
330
17
100
AcDbEntity
  8
0
100
AcDbLine
 10
-23.460883254973844
 20
-78.09708679649214
 30
0.0
 11
-23.340684988753722
 21
-78.1705226922291
 31
0.0
  0
LINE
  5
82B
330
17
100
AcDbEntity
  8
0
100
AcDbLine
 10
-23.340684988753722
 20
-78.1705226922291
 30
0.0
 11
-23.220238697042426
 21
-78.24372895362279
 31
0.0
  0
LINE
  5
82C
330
17
100
AcDbEntity
  8
0
100
AcDbLine
 10
-23.220238697042426
 20
-78.24372895362279
 30
0.0
 11
-23.099544742502722
 21
-78.31670471839266
 31
0.0
  0
LINE
  5
82D
330
17
100
AcDbEntity
  8
0
100
AcDbLine
 10
-23.099544742502722
 20
-78.31670471839266
 30
0.0
 11
-22.97860349173644
 21
-78.38944912404524
 31
0.0
  0
LINE
  5
82E
330
17
100
AcDbEntity
  8
0
100
AcDbLine
 10
-22.97860349173644
 20
-78.38944912404524
 30
0.0
 11
-22.857415314592473
 21
-78.4619613083077
 31
0.0
  0
LINE
  5
82F
330
17
100
AcDbEntity
  8
0
100
AcDbLine
 10
-22.857415314592473
 20
-78.4619613083077
 30
0.0
 11
-22.7359805841687
 21
-78.53424040913993
 31
0.0
  0
LINE
  5
830
330
17
100
AcDbEntity
  8
0
100
AcDbLine
 10
-22.7359805841687
 20
-78.53424040913993
 30
0.0
 11
-22.61429967681337
 21
-78.60628556474708
 31
0.0
  0
LINE
  5
831
330
17
100
AcDbEntity
  8
0
100
AcDbLine
 10
-22.61429967681337
 20
-78.60628556474708
 30
0.0
 11
-22.492372972126475
 21
-78.67809591359214
 31
0.0
  0
LINE
  5
832
330
17
100
AcDbEntity
  8
0
100
AcDbLine
 10
-22.492372972126475
 20
-78.67809591359214
 30
0.0
 11
-22.37020084981978
 21
-78.74967059625763
 31
0.0
  0
LINE
  5
833
330
17
100
AcDbEntity
  8
0
100
AcDbLine
 10
-22.37020084981978
 20
-78.74967059625763
 30
0.0
 11
-22.247783676662806
 21
-78.82100876331273
 31
0.0
  0
LINE
  5
834
330
17
100
AcDbEntity
  8
0
100
AcDbLine
 10
-22.247783676662806
 20
-78.82100876331273
 30
0.0
 11
-22.125121838795927
 21
-78.89210955639966
 31
0.0
  0
LINE
  5
835
330
17
100
AcDbEntity
  8
0
100
AcDbLine
 10
-22.125121838795927
 20
-78.89210955639966
 30
0.0
 11
-22.002215728935823
 21
-78.96297211553235
 31
0.0
  0
LINE
  5
836
330
17
100
AcDbEntity
  8
0
100
AcDbLine
 10
-22.002215728935823
 20
-78.96297211553235
 30
0.0
 11
-21.879065743053456
 21
-79.03359558104611
 31
0.0
  0
LINE
  5
837
330
17
100
AcDbEntity
  8
0
100
AcDbLine
 10
-21.879065743053456
 20
-79.03359558104611
 30
0.0
 11
-21.755672280375165
 21
-79.10397909361001
 31
0.0
  0
LINE
  5
838
330
17
100
AcDbEntity
  8
0
100
AcDbLine
 10
-21.755672280375165
 20
-79.10397909361001
 30
0.0
 11
-21.63203574338414
 21
-79.17412179423933
 31
0.0
  0
LINE
  5
839
330
17
100
AcDbEntity
  8
0
100
AcDbLine
 10
-21.63203574338414
 20
-79.17412179423933
 30
0.0
 11
-21.508156537821442
 21
-79.24402282430799
 31
0.0
  0
LINE
  5
83A
330
17
100
AcDbEntity
  8
0
100
AcDbLine
 10
-21.508156537821442
 20
-79.24402282430799
 30
0.0
 11
-21.384035085621463
 21
-79.31368131825317
 31
0.0
  0
LINE
  5
83B
330
17
100
AcDbEntity
  8
0
100
AcDbLine
 10
-21.384035085621463
 20
-79.31368131825317
 30
0.0
 11
-21.259671851587605
 21
-79.38309638798933
 31
0.0
  0
LINE
  5
83C
330
17
100
AcDbEntity
  8
0
100
AcDbLine
 10
-21.259671851587605
 20
-79.38309638798933
 30
0.0
 11
-21.135067256615777
 21
-79.45226717180753
 31
0.0
  0
LINE
  5
83D
330
17
100
AcDbEntity
  8
0
100
AcDbLine
 10
-21.135067256615777
 20
-79.45226717180753
 30
0.0
 11
-21.010221719250602
 21
-79.5211928115501
 31
0.0
  0
LINE
  5
83E
330
17
100
AcDbEntity
  8
0
100
AcDbLine
 10
-21.010221719250602
 20
-79.5211928115501
 30
0.0
 11
-20.885135661311978
 21
-79.58987244947727
 31
0.0
  0
LINE
  5
83F
330
17
100
AcDbEntity
  8
0
100
AcDbLine
 10
-20.885135661311978
 20
-79.58987244947727
 30
0.0
 11
-20.75980950789573
 21
-79.65830522827977
 31
0.0
  0
LINE
  5
840
330
17
100
AcDbEntity
  8
0
100
AcDbLine
 10
-20.75980950789573
 20
-79.65830522827977
 30
0.0
 11
-20.63424368737481
 21
-79.7264902910913
 31
0.0
  0
LINE
  5
841
330
17
100
AcDbEntity
  8
0
100
AcDbLine
 10
-20.63424368737481
 20
-79.7264902910913
 30
0.0
 11
-20.50843863139992
 21
-79.79442678150137
 31
0.0
  0
LINE
  5
842
330
17
100
AcDbEntity
  8
0
100
AcDbLine
 10
-20.50843863139992
 20
-79.79442678150137
 30
0.0
 11
-20.382394748215816
 21
-79.86211385802257
 31
0.0
  0
LINE
  5
843
330
17
100
AcDbEntity
  8
0
100
AcDbLine
 10
-20.382394748215816
 20
-79.86211385802257
 30
0.0
 11
-20.256112402059326
 21
-79.92955070614016
 31
0.0
  0
LINE
  5
844
330
17
100
AcDbEntity
  8
0
100
AcDbLine
 10
-20.256112402059326
 20
-79.92955070614016
 30
0.0
 11
-20.12959203039864
 21
-79.99673647482942
 31
0.0
  0
LINE
  5
845
330
17
100
AcDbEntity
  8
0
100
AcDbLine
 10
-20.12959203039864
 20
-79.99673647482942
 30
0.0
 11
-20.002834078320916
 21
-80.06367031124122
 31
0.0
  0
LINE
  5
846
330
17
100
AcDbEntity
  8
0
100
AcDbLine
 10
-20.002834078320916
 20
-80.06367031124122
 30
0.0
 11
-19.87583899417625
 21
-80.13035136305002
 31
0.0
  0
LINE
  5
847
330
17
100
AcDbEntity
  8
0
100
AcDbLine
 10
-19.87583899417625
 20
-80.13035136305002
 30
0.0
 11
-19.748607229577964
 21
-80.19677877846621
 31
0.0
  0
LINE
  5
848
330
17
100
AcDbEntity
  8
0
100
AcDbLine
 10
-19.748607229577964
 20
-80.19677877846621
 30
0.0
 11
-19.621139239402922
 21
-80.262951706249
 31
0.0
  0
LINE
  5
849
330
17
100
AcDbEntity
  8
0
100
AcDbLine
 10
-19.621139239402922
 20
-80.262951706249
 30
0.0
 11
-19.493435481792233
 21
-80.32886929571868
 31
0.0
  0
LINE
  5
84A
330
17
100
AcDbEntity
  8
0
100
AcDbLine
 10
-19.493435481792233
 20
-80.32886929571868
 30
0.0
 11
-19.36549644948306
 21
-80.39453068051509
 31
0.0
  0
LINE
  5
84B
330
17
100
AcDbEntity
  8
0
100
AcDbLine
 10
-19.36549644948306
 20
-80.39453068051509
 30
0.0
 11
-19.23732266694794
 21
-80.4599349792311
 31
0.0
  0
LINE
  5
84C
330
17
100
AcDbEntity
  8
0
100
AcDbLine
 10
-19.23732266694794
 20
-80.4599349792311
 30
0.0
 11
-19.108914603326483
 21
-80.52508134077237
 31
0.0
  0
LINE
  5
84D
330
17
100
AcDbEntity
  8
0
100
AcDbLine
 10
-19.108914603326483
 20
-80.52508134077237
 30
0.0
 11
-18.980272729567183
 21
-80.58996891540787
 31
0.0
  0
LINE
  5
84E
330
17
100
AcDbEntity
  8
0
100
AcDbLine
 10
-18.980272729567183
 20
-80.58996891540787
 30
0.0
 11
-18.851397519899812
 21
-80.65459685402709
 31
0.0
  0
LINE
  5
84F
330
17
100
AcDbEntity
  8
0
100
AcDbLine
 10
-18.851397519899812
 20
-80.65459685402709
 30
0.0
 11
-18.722289451835877
 21
-80.7189643081525
 31
0.0
  0
LINE
  5
850
330
17
100
AcDbEntity
  8
0
100
AcDbLine
 10
-18.722289451835877
 20
-80.7189643081525
 30
0.0
 11
-18.59294900616851
 21
-80.78307042995237
 31
0.0
  0
LINE
  5
851
330
17
100
AcDbEntity
  8
0
100
AcDbLine
 10
-18.59294900616851
 20
-80.78307042995237
 30
0.0
 11
-18.463376666972437
 21
-80.84691437225374
 31
0.0
  0
LINE
  5
852
330
17
100
AcDbEntity
  8
0
100
AcDbLine
 10
-18.463376666972437
 20
-80.84691437225374
 30
0.0
 11
-18.333572854107445
 21
-80.91049532204889
 31
0.0
  0
LINE
  5
853
330
17
100
AcDbEntity
  8
0
100
AcDbLine
 10
-18.333572854107445
 20
-80.91049532204889
 30
0.0
 11
-18.203537970759406
 21
-80.9738124785232
 31
0.0
  0
LINE
  5
854
330
17
100
AcDbEntity
  8
0
100
AcDbLine
 10
-18.203537970759406
 20
-80.9738124785232
 30
0.0
 11
-18.07327251088369
 21
-81.03686499911396
 31
0.0
  0
LINE
  5
855
330
17
100
AcDbEntity
  8
0
100
AcDbLine
 10
-18.07327251088369
 20
-81.03686499911396
 30
0.0
 11
-17.94277697205567
 21
-81.09965204179449
 31
0.0
  0
LINE
  5
856
330
17
100
AcDbEntity
  8
0
100
AcDbLine
 10
-17.94277697205567
 20
-81.09965204179449
 30
0.0
 11
-17.812051855104766
 21
-81.1621727652662
 31
0.0
  0
LINE
  5
857
330
17
100
AcDbEntity
  8
0
100
AcDbLine
 10
-17.812051855104766
 20
-81.1621727652662
 30
0.0
 11
-17.681097664114564
 21
-81.22442632897089
 31
0.0
  0
LINE
  5
858
330
17
100
AcDbEntity
  8
0
100
AcDbLine
 10
-17.681097664114564
 20
-81.22442632897089
 30
0.0
 11
-17.549914906422334
 21
-81.2864118931035
 31
0.0
  0
LINE
  5
859
330
17
100
AcDbEntity
  8
0
100
AcDbLine
 10
-17.549914906422334
 20
-81.2864118931035
 30
0.0
 11
-17.418504092810544
 21
-81.34812861853473
 31
0.0
  0
LINE
  5
85A
330
17
100
AcDbEntity
  8
0
100
AcDbLine
 10
-17.418504092810544
 20
-81.34812861853473
 30
0.0
 11
-17.286865859685253
 21
-81.40957560890197
 31
0.0
  0
LINE
  5
85B
330
17
100
AcDbEntity
  8
0
100
AcDbLine
 10
-17.286865859685253
 20
-81.40957560890197
 30
0.0
 11
-17.15500082822701
 21
-81.47075197481033
 31
0.0
  0
LINE
  5
85C
330
17
100
AcDbEntity
  8
0
100
AcDbLine
 10
-17.15500082822701
 20
-81.47075197481033
 30
0.0
 11
-17.02290951826789
 21
-81.53165687611784
 31
0.0
  0
LINE
  5
85D
330
17
100
AcDbEntity
  8
0
100
AcDbLine
 10
-17.02290951826789
 20
-81.53165687611784
 30
0.0
 11
-16.890592452930775
 21
-81.59228947349064
 31
0.0
  0
LINE
  5
85E
330
17
100
AcDbEntity
  8
0
100
AcDbLine
 10
-16.890592452930775
 20
-81.59228947349064
 30
0.0
 11
-16.75805015862867
 21
-81.65264892841591
 31
0.0
  0
LINE
  5
85F
330
17
100
AcDbEntity
  8
0
100
AcDbLine
 10
-16.75805015862867
 20
-81.65264892841591
 30
0.0
 11
-16.625283165063895
 21
-81.71273440321485
 31
0.0
  0
LINE
  5
860
330
17
100
AcDbEntity
  8
0
100
AcDbLine
 10
-16.625283165063895
 20
-81.71273440321485
 30
0.0
 11
-16.492292005227817
 21
-81.7725450610553
 31
0.0
  0
LINE
  5
861
330
17
100
AcDbEntity
  8
0
100
AcDbLine
 10
-16.492292005227817
 20
-81.7725450610553
 30
0.0
 11
-16.359077213579422
 21
-81.83208006677805
 31
0.0
  0
LINE
  5
862
330
17
100
AcDbEntity
  8
0
100
AcDbLine
 10
-16.359077213579422
 20
-81.83208006677805
 30
0.0
 11
-16.22563922906216
 21
-81.89133863080943
 31
0.0
  0
LINE
  5
863
330
17
100
AcDbEntity
  8
0
100
AcDbLine
 10
-16.22563922906216
 20
-81.89133863080943
 30
0.0
 11
-16.09197853699225
 21
-81.9503199469246
 31
0.0
  0
LINE
  5
864
330
17
100
AcDbEntity
  8
0
100
AcDbLine
 10
-16.09197853699225
 20
-81.9503199469246
 30
0.0
 11
-15.958095683823526
 21
-82.0090231842579
 31
0.0
  0
LINE
  5
865
330
17
100
AcDbEntity
  8
0
100
AcDbLine
 10
-15.958095683823526
 20
-82.0090231842579
 30
0.0
 11
-15.823991219266897
 21
-82.0674475128599
 31
0.0
  0
LINE
  5
866
330
17
100
AcDbEntity
  8
0
100
AcDbLine
 10
-15.823991219266897
 20
-82.0674475128599
 30
0.0
 11
-15.689665696289705
 21
-82.12559210370978
 31
0.0
  0
LINE
  5
867
330
17
100
AcDbEntity
  8
0
100
AcDbLine
 10
-15.689665696289705
 20
-82.12559210370978
 30
0.0
 11
-15.555119671114541
 21
-82.1834561287281
 31
0.0
  0
LINE
  5
868
330
17
100
AcDbEntity
  8
0
100
AcDbLine
 10
-15.555119671114541
 20
-82.1834561287281
 30
0.0
 11
-15.420353703218035
 21
-82.2410387607897
 31
0.0
  0
LINE
  5
869
330
17
100
AcDbEntity
  8
0
100
AcDbLine
 10
-15.420353703218035
 20
-82.2410387607897
 30
0.0
 11
-15.285368354514318
 21
-82.29833917408303
 31
0.0
  0
LINE
  5
86A
330
17
100
AcDbEntity
  8
0
100
AcDbLine
 10
-15.285368354514318
 20
-82.29833917408303
 30
0.0
 11
-15.150164174318512
 21
-82.35535655061852
 31
0.0
  0
LINE
  5
86B
330
17
100
AcDbEntity
  8
0
100
AcDbLine
 10
-15.150164174318512
 20
-82.35535655061852
 30
0.0
 11
-15.014741725313455
 21
-82.4120900693454
 31
0.0
  0
LINE
  5
86C
330
17
100
AcDbEntity
  8
0
100
AcDbLine
 10
-15.014741725313455
 20
-82.4120900693454
 30
0.0
 11
-14.879101580021196
 21
-82.4685389074501
 31
0.0
  0
LINE
  5
86D
330
17
100
AcDbEntity
  8
0
100
AcDbLine
 10
-14.879101580021196
 20
-82.4685389074501
 30
0.0
 11
-14.743244314207617
 21
-82.52470224313737
 31
0.0
  0
LINE
  5
86E
330
17
100
AcDbEntity
  8
0
100
AcDbLine
 10
-14.743244314207617
 20
-82.52470224313737
 30
0.0
 11
-14.60717050688146
 21
-82.5805792556429
 31
0.0
  0
LINE
  5
86F
330
17
100
AcDbEntity
  8
0
100
AcDbLine
 10
-14.60717050688146
 20
-82.5805792556429
 30
0.0
 11
-14.470880740292797
 21
-82.636169125246
 31
0.0
  0
LINE
  5
870
330
17
100
AcDbEntity
  8
0
100
AcDbLine
 10
-14.470880740292797
 20
-82.636169125246
 30
0.0
 11
-14.334375599931407
 21
-82.69147103328248
 31
0.0
  0
LINE
  5
871
330
17
100
AcDbEntity
  8
0
100
AcDbLine
 10
-14.334375599931407
 20
-82.69147103328248
 30
0.0
 11
-14.1976556827894
 21
-82.74648415881865
 31
0.0
  0
LINE
  5
872
330
17
100
AcDbEntity
  8
0
100
AcDbLine
 10
-14.1976556827894
 20
-82.74648415881865
 30
0.0
 11
-14.060721669337635
 21
-82.80120764898547
 31
0.0
  0
LINE
  5
873
330
17
100
AcDbEntity
  8
0
100
AcDbLine
 10
-14.060721669337635
 20
-82.80120764898547
 30
0.0
 11
-13.923574178591807
 21
-82.8556406769518
 31
0.0
  0
LINE
  5
874
330
17
100
AcDbEntity
  8
0
100
AcDbLine
 10
-13.923574178591807
 20
-82.8556406769518
 30
0.0
 11
-13.786213808822271
 21
-82.90978242655859
 31
0.0
  0
LINE
  5
875
330
17
100
AcDbEntity
  8
0
100
AcDbLine
 10
-13.786213808822271
 20
-82.90978242655859
 30
0.0
 11
-13.648641161552176
 21
-82.96363208276361
 31
0.0
  0
LINE
  5
876
330
17
100
AcDbEntity
  8
0
100
AcDbLine
 10
-13.648641161552176
 20
-82.96363208276361
 30
0.0
 11
-13.510856841555588
 21
-83.01718883165418
 31
0.0
  0
LINE
  5
877
330
17
100
AcDbEntity
  8
0
100
AcDbLine
 10
-13.510856841555588
 20
-83.01718883165418
 30
0.0
 11
-13.372861456856084
 21
-83.07045186045997
 31
0.0
  0
LINE
  5
878
330
17
100
AcDbEntity
  8
0
100
AcDbLine
 10
-13.372861456856084
 20
-83.07045186045997
 30
0.0
 11
-13.234655618724762
 21
-83.1234203575658
 31
0.0
  0
LINE
  5
879
330
17
100
AcDbEntity
  8
0
100
AcDbLine
 10
-13.234655618724762
 20
-83.1234203575658
 30
0.0
 11
-13.096239932681241
 21
-83.17609351597034
 31
0.0
  0
LINE
  5
87A
330
17
100
AcDbEntity
  8
0
100
AcDbLine
 10
-13.096239932681241
 20
-83.17609351597034
 30
0.0
 11
-12.957614957848355
 21
-83.2284705493156
 31
0.0
  0
LINE
  5
87B
330
17
100
AcDbEntity
  8
0
100
AcDbLine
 10
-12.957614957848355
 20
-83.2284705493156
 30
0.0
 11
-12.818781304714193
 21
-83.28055065473151
 31
0.0
  0
LINE
  5
87C
330
17
100
AcDbEntity
  8
0
100
AcDbLine
 10
-12.818781304714193
 20
-83.28055065473151
 30
0.0
 11
-12.679739597603465
 21
-83.33233302654793
 31
0.0
  0
LINE
  5
87D
330
17
100
AcDbEntity
  8
0
100
AcDbLine
 10
-12.679739597603465
 20
-83.33233302654793
 30
0.0
 11
-12.540490464065382
 21
-83.38381686031548
 31
0.0
  0
LINE
  5
87E
330
17
100
AcDbEntity
  8
0
100
AcDbLine
 10
-12.540490464065382
 20
-83.38381686031548
 30
0.0
 11
-12.401034534871426
 21
-83.43500135281823
 31
0.0
  0
LINE
  5
87F
330
17
100
AcDbEntity
  8
0
100
AcDbLine
 10
-12.401034534871426
 20
-83.43500135281823
 30
0.0
 11
-12.261372444013002
 21
-83.48588570208659
 31
0.0
  0
LINE
  5
880
330
17
100
AcDbEntity
  8
0
100
AcDbLine
 10
-12.261372444013002
 20
-83.48588570208659
 30
0.0
 11
-12.121504828699612
 21
-83.53646910740977
 31
0.0
  0
LINE
  5
881
330
17
100
AcDbEntity
  8
0
100
AcDbLine
 10
-12.121504828699612
 20
-83.53646910740977
 30
0.0
 11
-11.981432338196047
 21
-83.58675076614614
 31
0.0
  0
LINE
  5
882
330
17
100
AcDbEntity
  8
0
100
AcDbLine
 10
-11.981432338196047
 20
-83.58675076614614
 30
0.0
 11
-11.8411556539298
 21
-83.63672986611576
 31
0.0
  0
LINE
  5
883
330
17
100
AcDbEntity
  8
0
100
AcDbLine
 10
-11.8411556539298
 20
-83.63672986611576
 30
0.0
 11
-11.700675427007537
 21
-83.68640560814598
 31
0.0
  0
LINE
  5
884
330
17
100
AcDbEntity
  8
0
100
AcDbLine
 10
-11.700675427007537
 20
-83.68640560814598
 30
0.0
 11
-11.559992307448884
 21
-83.73577719590989
 31
0.0
  0
LINE
  5
885
330
17
100
AcDbEntity
  8
0
100
AcDbLine
 10
-11.559992307448884
 20
-83.73577719590989
 30
0.0
 11
-11.419106948488645
 21
-83.78484383440204
 31
0.0
  0
LINE
  5
886
330
17
100
AcDbEntity
  8
0
100
AcDbLine
 10
-11.419106948488645
 20
-83.78484383440204
 30
0.0
 11
-11.27802000657417
 21
-83.83360472995102
 31
0.0
  0
LINE
  5
887
330
17
100
AcDbEntity
  8
0
100
AcDbLine
 10
-11.27802000657417
 20
-83.83360472995102
 30
0.0
 11
-11.136732141362668
 21
-83.88205909023245
 31
0.0
  0
LINE
  5
888
330
17
100
AcDbEntity
  8
0
100
AcDbLine
 10
-11.136732141362668
 20
-83.88205909023245
 30
0.0
 11
-10.995244015718978
 21
-83.93020612428145
 31
0.0
  0
LINE
  5
889
330
17
100
AcDbEntity
  8
0
100
AcDbLine
 10
-10.995244015718978
 20
-83.93020612428145
 30
0.0
 11
-10.85355623951606
 21
-83.97804506171238
 31
0.0
  0
LINE
  5
88A
330
17
100
AcDbEntity
  8
0
100
AcDbLine
 10
-10.85355623951606
 20
-83.97804506171238
 30
0.0
 11
-10.711669318485935
 21
-84.02557517192884
 31
0.0
  0
LINE
  5
88B
330
17
100
AcDbEntity
  8
0
100
AcDbLine
 10
-10.711669318485935
 20
-84.02557517192884
 30
0.0
 11
-10.56958391478498
 21
-84.07279567515678
 31
0.0
  0
LINE
  5
88C
330
17
100
AcDbEntity
  8
0
100
AcDbLine
 10
-10.56958391478498
 20
-84.07279567515678
 30
0.0
 11
-10.42730070418684
 21
-84.11970578951548
 31
0.0
  0
LINE
  5
88D
330
17
100
AcDbEntity
  8
0
100
AcDbLine
 10
-10.42730070418684
 20
-84.11970578951548
 30
0.0
 11
-10.284820365619359
 21
-84.16630473455089
 31
0.0
  0
LINE
  5
88E
330
17
100
AcDbEntity
  8
0
100
AcDbLine
 10
-10.284820365619359
 20
-84.16630473455089
 30
0.0
 11
-10.14214358116206
 21
-84.21259173124795
 31
0.0
  0
LINE
  5
88F
330
17
100
AcDbEntity
  8
0
100
AcDbLine
 10
-10.14214358116206
 20
-84.21259173124795
 30
0.0
 11
-9.999271036043064
 21
-84.25856600204324
 31
0.0
  0
LINE
  5
890
330
17
100
AcDbEntity
  8
0
100
AcDbLine
 10
-9.999271036043064
 20
-84.25856600204324
 30
0.0
 11
-9.856203418635921
 21
-84.3042267708372
 31
0.0
  0
LINE
  5
891
330
17
100
AcDbEntity
  8
0
100
AcDbLine
 10
-9.856203418635921
 20
-84.3042267708372
 30
0.0
 11
-9.712941510694266
 21
-84.3495732339965
 31
0.0
  0
LINE
  5
892
330
17
100
AcDbEntity
  8
0
100
AcDbLine
 10
-9.712941510694266
 20
-84.3495732339965
 30
0.0
 11
-9.569486187773942
 21
-84.39460455791126
 31
0.0
  0
LINE
  5
893
330
17
100
AcDbEntity
  8
0
100
AcDbLine
 10
-9.569486187773942
 20
-84.39460455791126
 30
0.0
 11
-9.425838152656677
 21
-84.43931996512438
 31
0.0
  0
LINE
  5
894
330
17
100
AcDbEntity
  8
0
100
AcDbLine
 10
-9.425838152656677
 20
-84.43931996512438
 30
0.0
 11
-9.281998106223314
 21
-84.4837186812967
 31
0.0
  0
LINE
  5
895
330
17
100
AcDbEntity
  8
0
100
AcDbLine
 10
-9.281998106223314
 20
-84.4837186812967
 30
0.0
 11
-9.13796675253221
 21
-84.52779993361176
 31
0.0
  0
LINE
  5
896
330
17
100
AcDbEntity
  8
0
100
AcDbLine
 10
-9.13796675253221
 20
-84.52779993361176
 30
0.0
 11
-8.993744798815845
 21
-84.57156295078903
 31
0.0
  0
LINE
  5
897
330
17
100
AcDbEntity
  8
0
100
AcDbLine
 10
-8.993744798815845
 20
-84.57156295078903
 30
0.0
 11
-8.849332955477905
 21
-84.6150069630961
 31
0.0
  0
LINE
  5
898
330
17
100
AcDbEntity
  8
0
100
AcDbLine
 10
-8.849332955477905
 20
-84.6150069630961
 30
0.0
 11
-8.704731936089777
 21
-84.65813120236174
 31
0.0
  0
LINE
  5
899
330
17
100
AcDbEntity
  8
0
100
AcDbLine
 10
-8.704731936089777
 20
-84.65813120236174
 30
0.0
 11
-8.559942263108264
 21
-84.70093496054406
 31
0.0
  0
LINE
  5
89A
330
17
100
AcDbEntity
  8
0
100
AcDbLine
 10
-8.559942263108264
 20
-84.70093496054406
 30
0.0
 11
-8.414964391045869
 21
-84.74341755694473
 31
0.0
  0
LINE
  5
89B
330
17
100
AcDbEntity
  8
0
100
AcDbLine
 10
-8.414964391045869
 20
-84.74341755694473
 30
0.0
 11
-8.269799041415986
 21
-84.78557823565168
 31
0.0
  0
LINE
  5
89C
330
17
100
AcDbEntity
  8
0
100
AcDbLine
 10
-8.269799041415986
 20
-84.78557823565168
 30
0.0
 11
-8.124446940364908
 21
-84.82741624190729
 31
0.0
  0
LINE
  5
89D
330
17
100
AcDbEntity
  8
0
100
AcDbLine
 10
-8.124446940364908
 20
-84.82741624190729
 30
0.0
 11
-7.978908817110501
 21
-84.86893082258214
 31
0.0
  0
LINE
  5
89E
330
17
100
AcDbEntity
  8
0
100
AcDbLine
 10
-7.978908817110501
 20
-84.86893082258214
 30
0.0
 11
-7.8331854039380975
 21
-84.91012122618733
 31
0.0
  0
LINE
  5
89F
330
17
100
AcDbEntity
  8
0
100
AcDbLine
 10
-7.8331854039380975
 20
-84.91012122618733
 30
0.0
 11
-7.687277436197239
 21
-84.9509867028865
 31
0.0
  0
LINE
  5
8A0
330
17
100
AcDbEntity
  8
0
100
AcDbLine
 10
-7.687277436197239
 20
-84.9509867028865
 30
0.0
 11
-7.541185652379662
 21
-84.99152650448539
 31
0.0
  0
LINE
  5
8A1
330
17
100
AcDbEntity
  8
0
100
AcDbLine
 10
-7.541185652379662
 20
-84.99152650448539
 30
0.0
 11
-7.394910908844067
 21
-85.03173985214656
 31
0.0
  0
LINE
  5
8A2
330
17
100
AcDbEntity
  8
0
100
AcDbLine
 10
-7.394910908844067
 20
-85.03173985214656
 30
0.0
 11
-7.248454053312569
 21
-85.0716259697407
 31
0.0
  0
LINE
  5
8A3
330
17
100
AcDbEntity
  8
0
100
AcDbLine
 10
-7.248454053312569
 20
-85.0716259697407
 30
0.0
 11
-7.101815833409087
 21
-85.11118411083501
 31
0.0
  0
LINE
  5
8A4
330
17
100
AcDbEntity
  8
0
100
AcDbLine
 10
-7.101815833409087
 20
-85.11118411083501
 30
0.0
 11
-6.954996999839677
 21
-85.15041353070879
 31
0.0
  0
LINE
  5
8A5
330
17
100
AcDbEntity
  8
0
100
AcDbLine
 10
-6.954996999839677
 20
-85.15041353070879
 30
0.0
 11
-6.807998306388955
 21
-85.18931348636542
 31
0.0
  0
LINE
  5
8A6
330
17
100
AcDbEntity
  8
0
100
AcDbLine
 10
-6.807998306388955
 20
-85.18931348636542
 30
0.0
 11
-6.660820509915927
 21
-85.22788323654484
 31
0.0
  0
LINE
  5
8A7
330
17
100
AcDbEntity
  8
0
100
AcDbLine
 10
-6.660820509915927
 20
-85.22788323654484
 30
0.0
 11
-6.513464370349782
 21
-85.26612204173588
 31
0.0
  0
LINE
  5
8A8
330
17
100
AcDbEntity
  8
0
100
AcDbLine
 10
-6.513464370349782
 20
-85.26612204173588
 30
0.0
 11
-6.365930646477228
 21
-85.30402916526901
 31
0.0
  0
LINE
  5
8A9
330
17
100
AcDbEntity
  8
0
100
AcDbLine
 10
-6.365930646477228
 20
-85.30402916526901
 30
0.0
 11
-6.2182198269975615
 21
-85.34160394383193
 31
0.0
  0
LINE
  5
8AA
330
17
100
AcDbEntity
  8
0
100
AcDbLine
 10
-6.2182198269975615
 20
-85.34160394383193
 30
0.0
 11
-6.070332513816696
 21
-85.37884569210823
 31
0.0
  0
LINE
  5
8AB
330
17
100
AcDbEntity
  8
0
100
AcDbLine
 10
-6.070332513816696
 20
-85.37884569210823
 30
0.0
 11
-5.922269478857353
 21
-85.4157536845473
 31
0.0
  0
LINE
  5
8AC
330
17
100
AcDbEntity
  8
0
100
AcDbLine
 10
-5.922269478857353
 20
-85.4157536845473
 30
0.0
 11
-5.774031497015084
 21
-85.45232719741037
 31
0.0
  0
LINE
  5
8AD
330
17
100
AcDbEntity
  8
0
100
AcDbLine
 10
-5.774031497015084
 20
-85.45232719741037
 30
0.0
 11
-5.6256193461537745
 21
-85.48856550878216
 31
0.0
  0
LINE
  5
8AE
330
17
100
AcDbEntity
  8
0
100
AcDbLine
 10
-5.6256193461537745
 20
-85.48856550878216
 30
0.0
 11
-5.477033807101645
 21
-85.52446789858277
 31
0.0
  0
LINE
  5
8AF
330
17
100
AcDbEntity
  8
0
100
AcDbLine
 10
-5.477033807101645
 20
-85.52446789858277
 30
0.0
 11
-5.328275663646658
 21
-85.56003364857946
 31
0.0
  0
LINE
  5
8B0
330
17
100
AcDbEntity
  8
0
100
AcDbLine
 10
-5.328275663646658
 20
-85.56003364857946
 30
0.0
 11
-5.179345703691544
 21
-85.59526204212324
 31
0.0
  0
LINE
  5
8B1
330
17
100
AcDbEntity
  8
0
100
AcDbLine
 10
-5.179345703691544
 20
-85.59526204212324
 30
0.0
 11
-5.030244743096229
 21
-85.6301523583567
 31
0.0
  0
LINE
  5
8B2
330
17
100
AcDbEntity
  8
0
100
AcDbLine
 10
-5.030244743096229
 20
-85.6301523583567
 30
0.0
 11
-4.880973585351677
 21
-85.66470388156478
 31
0.0
  0
LINE
  5
8B3
330
17
100
AcDbEntity
  8
0
100
AcDbLine
 10
-4.880973585351677
 20
-85.66470388156478
 30
0.0
 11
-4.731533026071892
 21
-85.698915900439
 31
0.0
  0
LINE
  5
8B4
330
17
100
AcDbEntity
  8
0
100
AcDbLine
 10
-4.731533026071892
 20
-85.698915900439
 30
0.0
 11
-4.581923863814702
 21
-85.7327877055767
 31
0.0
  0
LINE
  5
8B5
330
17
100
AcDbEntity
  8
0
100
AcDbLine
 10
-4.581923863814702
 20
-85.7327877055767
 30
0.0
 11
-4.432146900076596
 21
-85.76631858949284
 31
0.0
  0
LINE
  5
8B6
330
17
100
AcDbEntity
  8
0
100
AcDbLine
 10
-4.432146900076596
 20
-85.76631858949284
 30
0.0
 11
-4.282202939288442
 21
-85.79950784663171
 31
0.0
  0
LINE
  5
8B7
330
17
100
AcDbEntity
  8
0
100
AcDbLine
 10
-4.282202939288442
 20
-85.79950784663171
 30
0.0
 11
-4.132092788810544
 21
-85.83235477337851
 31
0.0
  0
LINE
  5
8B8
330
17
100
AcDbEntity
  8
0
100
AcDbLine
 10
-4.132092788810544
 20
-85.83235477337851
 30
0.0
 11
-3.9818172315014655
 21
-85.86485867404255
 31
0.0
  0
LINE
  5
8B9
330
17
100
AcDbEntity
  8
0
100
AcDbLine
 10
-3.9818172315014655
 20
-85.86485867404255
 30
0.0
 11
-3.8313767650870236
 21
-85.89701891960817
 31
0.0
  0
LINE
  5
8BA
330
17
100
AcDbEntity
  8
0
100
AcDbLine
 10
-3.8313767650870236
 20
-85.89701891960817
 30
0.0
 11
-3.680772115671682
 21
-85.92883483800381
 31
0.0
  0
LINE
  5
8BB
330
17
100
AcDbEntity
  8
0
100
AcDbLine
 10
-3.680772115671682
 20
-85.92883483800381
 30
0.0
 11
-3.5300041017938746
 21
-85.96030574008807
 31
0.0
  0
LINE
  5
8BC
330
17
100
AcDbEntity
  8
0
100
AcDbLine
 10
-3.5300041017938746
 20
-85.96030574008807
 30
0.0
 11
-3.3790735448234948
 21
-85.99143093871763
 31
0.0
  0
LINE
  5
8BD
330
17
100
AcDbEntity
  8
0
100
AcDbLine
 10
-3.3790735448234948
 20
-85.99143093871763
 30
0.0
 11
-3.2279812689567144
 21
-86.02220974875868
 31
0.0
  0
LINE
  5
8BE
330
17
100
AcDbEntity
  8
0
100
AcDbLine
 10
-3.2279812689567144
 20
-86.02220974875868
 30
0.0
 11
-3.0767281012107297
 21
-86.0526414870981
 31
0.0
  0
LINE
  5
8BF
330
17
100
AcDbEntity
  8
0
100
AcDbLine
 10
-3.0767281012107297
 20
-86.0526414870981
 30
0.0
 11
-2.925314871419051
 21
-86.08272547265452
 31
0.0
  0
LINE
  5
8C0
330
17
100
AcDbEntity
  8
0
100
AcDbLine
 10
-2.925314871419051
 20
-86.08272547265452
 30
0.0
 11
-2.773742430505955
 21
-86.11246102276243
 31
0.0
  0
LINE
  5
8C1
330
17
100
AcDbEntity
  8
0
100
AcDbLine
 10
-2.773742430505955
 20
-86.11246102276243
 30
0.0
 11
-2.6220117401957452
 21
-86.14184743447527
 31
0.0
  0
LINE
  5
8C2
330
17
100
AcDbEntity
  8
0
100
AcDbLine
 10
-2.6220117401957452
 20
-86.14184743447527
 30
0.0
 11
-2.470123662993932
 21
-86.17088402565452
 31
0.0
  0
LINE
  5
8C3
330
17
100
AcDbEntity
  8
0
100
AcDbLine
 10
-2.470123662993932
 20
-86.17088402565452
 30
0.0
 11
-2.3180790401872464
 21
-86.19957012088923
 31
0.0
  0
LINE
  5
8C4
330
17
100
AcDbEntity
  8
0
100
AcDbLine
 10
-2.3180790401872464
 20
-86.19957012088923
 30
0.0
 11
-2.165878715880943
 21
-86.22790504685702
 31
0.0
  0
LINE
  5
8C5
330
17
100
AcDbEntity
  8
0
100
AcDbLine
 10
-2.165878715880943
 20
-86.22790504685702
 30
0.0
 11
-2.013523536993823
 21
-86.25588813233529
 31
0.0
  0
LINE
  5
8C6
330
17
100
AcDbEntity
  8
0
100
AcDbLine
 10
-2.013523536993823
 20
-86.25588813233529
 30
0.0
 11
-1.861014353252651
 21
-86.28351870821251
 31
0.0
  0
LINE
  5
8C7
330
17
100
AcDbEntity
  8
0
100
AcDbLine
 10
-1.861014353252651
 20
-86.28351870821251
 30
0.0
 11
-1.7083520171865256
 21
-86.31079610749944
 31
0.0
  0
LINE
  5
8C8
330
17
100
AcDbEntity
  8
0
100
AcDbLine
 10
-1.7083520171865256
 20
-86.31079610749944
 30
0.0
 11
-1.5555373848528742
 21
-86.33771966520933
 31
0.0
  0
LINE
  5
8C9
330
17
100
AcDbEntity
  8
0
100
AcDbLine
 10
-1.5555373848528742
 20
-86.33771966520933
 30
0.0
 11
-1.4025713176600583
 21
-86.3642887180142
 31
0.0
  0
LINE
  5
8CA
330
17
100
AcDbEntity
  8
0
100
AcDbLine
 10
-1.4025713176600583
 20
-86.3642887180142
 30
0.0
 11
-1.2494546769166597
 21
-86.39050260522228
 31
0.0
  0
LINE
  5
8CB
330
17
100
AcDbEntity
  8
0
100
AcDbLine
 10
-1.2494546769166597
 20
-86.39050260522228
 30
0.0
 11
-1.0961883263145111
 21
-86.41636066837847
 31
0.0
  0
LINE
  5
8CC
330
17
100
AcDbEntity
  8
0
100
AcDbLine
 10
-1.0961883263145111
 20
-86.41636066837847
 30
0.0
 11
-0.9427731323206476
 21
-86.44186225120609
 31
0.0
  0
LINE
  5
8CD
330
17
100
AcDbEntity
  8
0
100
AcDbLine
 10
-0.9427731323206476
 20
-86.44186225120609
 30
0.0
 11
-0.7892099641720645
 21
-86.46700669961785
 31
0.0
  0
LINE
  5
8CE
330
17
100
AcDbEntity
  8
0
100
AcDbLine
 10
-0.7892099641720645
 20
-86.46700669961785
 30
0.0
 11
-0.6354996938697841
 21
-86.49179336172722
 31
0.0
  0
LINE
  5
8CF
330
17
100
AcDbEntity
  8
0
100
AcDbLine
 10
-0.6354996938697841
 20
-86.49179336172722
 30
0.0
 11
-0.4816431961729073
 21
-86.5162215878594
 31
0.0
  0
LINE
  5
8D0
330
17
100
AcDbEntity
  8
0
100
AcDbLine
 10
-0.4816431961729073
 20
-86.5162215878594
 30
0.0
 11
-0.3276413962581568
 21
-86.54029072292786
 31
0.0
  0
LINE
  5
8D1
330
17
100
AcDbEntity
  8
0
100
AcDbLine
 10
-0.3276413962581568
 20
-86.54029072292786
 30
0.0
 11
-0.17349532000584844
 21
-86.56400009695139
 31
0.0
  0
LINE
  5
8D2
330
17
100
AcDbEntity
  8
0
100
AcDbLine
 10
-0.17349532000584844
 20
-86.56400009695139
 30
0.0
 11
-0.01920586086963283
 21
-86.58734906229648
 31
0.0
  0
LINE
  5
8D3
330
17
100
AcDbEntity
  8
0
100
AcDbLine
 10
-0.01920586086963283
 20
-86.58734906229648
 30
0.0
 11
0.1352260950076687
 21
-86.61033697515248
 31
0.0
  0
LINE
  5
8D4
330
17
100
AcDbEntity
  8
0
100
AcDbLine
 10
0.1352260950076687
 20
-86.61033697515248
 30
0.0
 11
0.28979965871989855
 21
-86.63296319397833
 31
0.0
  0
LINE
  5
8D5
330
17
100
AcDbEntity
  8
0
100
AcDbLine
 10
0.28979965871989855
 20
-86.63296319397833
 30
0.0
 11
0.44451393860379973
 21
-86.65522707951396
 31
0.0
  0
LINE
  5
8D6
330
17
100
AcDbEntity
  8
0
100
AcDbLine
 10
0.44451393860379973
 20
-86.65522707951396
 30
0.0
 11
0.599368040244725
 21
-86.6771279947915
 31
0.0
  0
LINE
  5
8D7
330
17
100
AcDbEntity
  8
0
100
AcDbLine
 10
0.599368040244725
 20
-86.6771279947915
 30
0.0
 11
0.7543610664829448
 21
-86.69866530514642
 31
0.0
  0
LINE
  5
8D8
330
17
100
AcDbEntity
  8
0
100
AcDbLine
 10
0.7543610664829448
 20
-86.69866530514642
 30
0.0
 11
0.909491918887877
 21
-86.71983835020004
 31
0.0
  0
LINE
  5
8D9
330
17
100
AcDbEntity
  8
0
100
AcDbLine
 10
0.909491918887877
 20
-86.71983835020004
 30
0.0
 11
1.064759276954879
 21
-86.74064643588434
 31
0.0
  0
LINE
  5
8DA
330
17
100
AcDbEntity
  8
0
100
AcDbLine
 10
1.064759276954879
 20
-86.74064643588434
 30
0.0
 11
1.220162220711586
 21
-86.7610889231245
 31
0.0
  0
LINE
  5
8DB
330
17
100
AcDbEntity
  8
0
100
AcDbLine
 10
1.220162220711586
 20
-86.7610889231245
 30
0.0
 11
1.3756998406287266
 21
-86.78116517701017
 31
0.0
  0
LINE
  5
8DC
330
17
100
AcDbEntity
  8
0
100
AcDbLine
 10
1.3756998406287266
 20
-86.78116517701017
 30
0.0
 11
1.5313712243559756
 21
-86.80087456500027
 31
0.0
  0
LINE
  5
8DD
330
17
100
AcDbEntity
  8
0
100
AcDbLine
 10
1.5313712243559756
 20
-86.80087456500027
 30
0.0
 11
1.6871754567285837
 21
-86.82021645693456
 31
0.0
  0
LINE
  5
8DE
330
17
100
AcDbEntity
  8
0
100
AcDbLine
 10
1.6871754567285837
 20
-86.82021645693456
 30
0.0
 11
1.8431116197740494
 21
-86.83919022504534
 31
0.0
  0
LINE
  5
8DF
330
17
100
AcDbEntity
  8
0
100
AcDbLine
 10
1.8431116197740494
 20
-86.83919022504534
 30
0.0
 11
1.9991787927182898
 21
-86.85779524396943
 31
0.0
  0
LINE
  5
8E0
330
17
100
AcDbEntity
  8
0
100
AcDbLine
 10
1.9991787927182898
 20
-86.85779524396943
 30
0.0
 11
2.1553759854115793
 21
-86.87603088261943
 31
0.0
  0
LINE
  5
8E1
330
17
100
AcDbEntity
  8
0
100
AcDbLine
 10
2.1553759854115793
 20
-86.87603088261943
 30
0.0
 11
2.3117021756930463
 21
-86.89389650729132
 31
0.0
  0
LINE
  5
8E2
330
17
100
AcDbEntity
  8
0
100
AcDbLine
 10
2.3117021756930463
 20
-86.89389650729132
 30
0.0
 11
2.468156433279148
 21
-86.91139149733738
 31
0.0
  0
LINE
  5
8E3
330
17
100
AcDbEntity
  8
0
100
AcDbLine
 10
2.468156433279148
 20
-86.91139149733738
 30
0.0
 11
2.624737825832181
 21
-86.92851523465166
 31
0.0
  0
LINE
  5
8E4
330
17
100
AcDbEntity
  8
0
100
AcDbLine
 10
2.624737825832181
 20
-86.92851523465166
 30
0.0
 11
2.78144541821883
 21
-86.94526710359392
 31
0.0
  0
LINE
  5
8E5
330
17
100
AcDbEntity
  8
0
100
AcDbLine
 10
2.78144541821883
 20
-86.94526710359392
 30
0.0
 11
2.938278272516545
 21
-86.9616464910014
 31
0.0
  0
LINE
  5
8E6
330
17
100
AcDbEntity
  8
0
100
AcDbLine
 10
2.938278272516545
 20
-86.9616464910014
 30
0.0
 11
3.095235448020924
 21
-86.97765278620074
 31
0.0
  0
LINE
  5
8E7
330
17
100
AcDbEntity
  8
0
100
AcDbLine
 10
3.095235448020924
 20
-86.97765278620074
 30
0.0
 11
3.2523160012048056
 21
-86.99328538101469
 31
0.0
  0
LINE
  5
8E8
330
17
100
AcDbEntity
  8
0
100
AcDbLine
 10
3.2523160012048056
 20
-86.99328538101469
 30
0.0
 11
3.409518726349008
 21
-87.00854364295631
 31
0.0
  0
LINE
  5
8E9
330
17
100
AcDbEntity
  8
0
100
AcDbLine
 10
3.409518726349008
 20
-87.00854364295631
 30
0.0
 11
3.5668424277862254
 21
-87.02342693828146
 31
0.0
  0
LINE
  5
8EA
330
17
100
AcDbEntity
  8
0
100
AcDbLine
 10
3.5668424277862254
 20
-87.02342693828146
 30
0.0
 11
3.7242861523729758
 21
-87.03793465870518
 31
0.0
  0
LINE
  5
8EB
330
17
100
AcDbEntity
  8
0
100
AcDbLine
 10
3.7242861523729758
 20
-87.03793465870518
 30
0.0
 11
3.881848944132635
 21
-87.05206619850111
 31
0.0
  0
LINE
  5
8EC
330
17
100
AcDbEntity
  8
0
100
AcDbLine
 10
3.881848944132635
 20
-87.05206619850111
 30
0.0
 11
4.039529844262807
 21
-87.0658209545137
 31
0.0
  0
LINE
  5
8ED
330
17
100
AcDbEntity
  8
0
100
AcDbLine
 10
4.039529844262807
 20
-87.0658209545137
 30
0.0
 11
4.197327891142221
 21
-87.07919832617037
 31
0.0
  0
LINE
  5
8EE
330
17
100
AcDbEntity
  8
0
100
AcDbLine
 10
4.197327891142221
 20
-87.07919832617037
 30
0.0
 11
4.35524212033822
 21
-87.09219771549357
 31
0.0
  0
LINE
  5
8EF
330
17
100
AcDbEntity
  8
0
100
AcDbLine
 10
4.35524212033822
 20
-87.09219771549357
 30
0.0
 11
4.513271562713383
 21
-87.10481852696148
 31
0.0
  0
LINE
  5
8F0
330
17
100
AcDbEntity
  8
0
100
AcDbLine
 10
4.513271562713383
 20
-87.10481852696148
 30
0.0
 11
4.671415095992183
 21
-87.117060154921
 31
0.0
  0
LINE
  5
8F1
330
17
100
AcDbEntity
  8
0
100
AcDbLine
 10
4.671415095992183
 20
-87.117060154921
 30
0.0
 11
4.8296716505995025
 21
-87.128921998283
 31
0.0
  0
LINE
  5
8F2
330
17
100
AcDbEntity
  8
0
100
AcDbLine
 10
4.8296716505995025
 20
-87.128921998283
 30
0.0
 11
4.988040250172602
 21
-87.14040346576607
 31
0.0
  0
LINE
  5
8F3
330
17
100
AcDbEntity
  8
0
100
AcDbLine
 10
4.988040250172602
 20
-87.14040346576607
 30
0.0
 11
5.146519915531751
 21
-87.15150396875038
 31
0.0
  0
LINE
  5
8F4
330
17
100
AcDbEntity
  8
0
100
AcDbLine
 10
5.146519915531751
 20
-87.15150396875038
 30
0.0
 11
5.305109664688025
 21
-87.16222292128975
 31
0.0
  0
LINE
  5
8F5
330
17
100
AcDbEntity
  8
0
100
AcDbLine
 10
5.305109664688025
 20
-87.16222292128975
 30
0.0
 11
5.463808512851191
 21
-87.172559740124
 31
0.0
  0
LINE
  5
8F6
330
17
100
AcDbEntity
  8
0
100
AcDbLine
 10
5.463808512851191
 20
-87.172559740124
 30
0.0
 11
5.6226154724370225
 21
-87.18251384469096
 31
0.0
  0
LINE
  5
8F7
330
17
100
AcDbEntity
  8
0
100
AcDbLine
 10
5.6226154724370225
 20
-87.18251384469096
 30
0.0
 11
5.78152954461882
 21
-87.1920846566251
 31
0.0
  0
LINE
  5
8F8
330
17
100
AcDbEntity
  8
0
100
AcDbLine
 10
5.78152954461882
 20
-87.1920846566251
 30
0.0
 11
5.940549524358026
 21
-87.20127158673813
 31
0.0
  0
LINE
  5
8F9
330
17
100
AcDbEntity
  8
0
100
AcDbLine
 10
5.940549524358026
 20
-87.20127158673813
 30
0.0
 11
6.099674323078732
 21
-87.21007405278016
 31
0.0
  0
LINE
  5
8FA
330
17
100
AcDbEntity
  8
0
100
AcDbLine
 10
6.099674323078732
 20
-87.21007405278016
 30
0.0
 11
6.258902941059885
 21
-87.21849148036387
 31
0.0
  0
LINE
  5
8FB
330
17
100
AcDbEntity
  8
0
100
AcDbLine
 10
6.258902941059885
 20
-87.21849148036387
 30
0.0
 11
6.4182343757729985
 21
-87.22652329786945
 31
0.0
  0
LINE
  5
8FC
330
17
100
AcDbEntity
  8
0
100
AcDbLine
 10
6.4182343757729985
 20
-87.22652329786945
 30
0.0
 11
6.577667621889811
 21
-87.23416893645708
 31
0.0
  0
LINE
  5
8FD
330
17
100
AcDbEntity
  8
0
100
AcDbLine
 10
6.577667621889811
 20
-87.23416893645708
 30
0.0
 11
6.737201671290874
 21
-87.24142783007929
 31
0.0
  0
LINE
  5
8FE
330
17
100
AcDbEntity
  8
0
100
AcDbLine
 10
6.737201671290874
 20
-87.24142783007929
 30
0.0
 11
6.8968355130732935
 21
-87.24829941549302
 31
0.0
  0
LINE
  5
8FF
330
17
100
AcDbEntity
  8
0
100
AcDbLine
 10
6.8968355130732935
 20
-87.24829941549302
 30
0.0
 11
7.056568138656436
 21
-87.25478313248593
 31
0.0
  0
LINE
  5
900
330
17
100
AcDbEntity
  8
0
100
AcDbLine
 10
7.056568138656436
 20
-87.25478313248593
 30
0.0
 11
7.216398594719985
 21
-87.26087842650139
 31
0.0
  0
LINE
  5
901
330
17
100
AcDbEntity
  8
0
100
AcDbLine
 10
7.216398594719985
 20
-87.26087842650139
 30
0.0
 11
7.376325881132066
 21
-87.26658474479825
 31
0.0
  0
LINE
  5
902
330
17
100
AcDbEntity
  8
0
100
AcDbLine
 10
7.376325881132066
 20
-87.26658474479825
 30
0.0
 11
7.536348976255413
 21
-87.27190153679373
 31
0.0
  0
LINE
  5
903
330
17
100
AcDbEntity
  8
0
100
AcDbLine
 10
7.536348976255413
 20
-87.27190153679373
 30
0.0
 11
7.6964668557260065
 21
-87.27682825476808
 31
0.0
  0
LINE
  5
904
330
17
100
AcDbEntity
  8
0
100
AcDbLine
 10
7.6964668557260065
 20
-87.27682825476808
 30
0.0
 11
7.856678492461127
 21
-87.28136435387646
 31
0.0
  0
LINE
  5
905
330
17
100
AcDbEntity
  8
0
100
AcDbLine
 10
7.856678492461127
 20
-87.28136435387646
 30
0.0
 11
8.016982856668049
 21
-87.28550929216121
 31
0.0
  0
LINE
  5
906
330
17
100
AcDbEntity
  8
0
100
AcDbLine
 10
8.016982856668049
 20
-87.28550929216121
 30
0.0
 11
8.177378915852733
 21
-87.28926253056366
 31
0.0
  0
LINE
  5
907
330
17
100
AcDbEntity
  8
0
100
AcDbLine
 10
8.177378915852733
 20
-87.28926253056366
 30
0.0
 11
8.337865595738586
 21
-87.29262353203299
 31
0.0
  0
LINE
  5
908
330
17
100
AcDbEntity
  8
0
100
AcDbLine
 10
8.337865595738586
 20
-87.29262353203299
 30
0.0
 11
8.498441571912506
 21
-87.29559175469007
 31
0.0
  0
LINE
  5
909
330
17
100
AcDbEntity
  8
0
100
AcDbLine
 10
8.498441571912506
 20
-87.29559175469007
 30
0.0
 11
8.659105745022567
 21
-87.29816666139695
 31
0.0
  0
LINE
  5
90A
330
17
100
AcDbEntity
  8
0
100
AcDbLine
 10
8.659105745022567
 20
-87.29816666139695
 30
0.0
 11
8.819857070347341
 21
-87.30034771901114
 31
0.0
  0
LINE
  5
90B
330
17
100
AcDbEntity
  8
0
100
AcDbLine
 10
8.819857070347341
 20
-87.30034771901114
 30
0.0
 11
8.98069450044227
 21
-87.3021343973628
 31
0.0
  0
LINE
  5
90C
330
17
100
AcDbEntity
  8
0
100
AcDbLine
 10
8.98069450044227
 20
-87.3021343973628
 30
0.0
 11
9.141616985148707
 21
-87.30352616926632
 31
0.0
  0
LINE
  5
90D
330
17
100
AcDbEntity
  8
0
100
AcDbLine
 10
9.141616985148707
 20
-87.30352616926632
 30
0.0
 11
9.302623471602546
 21
-87.30452251053322
 31
0.0
  0
LINE
  5
90E
330
17
100
AcDbEntity
  8
0
100
AcDbLine
 10
9.302623471602546
 20
-87.30452251053322
 30
0.0
 11
9.46371290424335
 21
-87.30512289998376
 31
0.0
  0
LINE
  5
90F
330
17
100
AcDbEntity
  8
0
100
AcDbLine
 10
9.46371290424335
 20
-87.30512289998376
 30
0.0
 11
9.624884219793001
 21
-87.30532681943805
 31
0.0
  0
LINE
  5
910
330
17
100
AcDbEntity
  8
0
100
AcDbLine
 10
9.624884219793001
 20
-87.30532681943805
 30
0.0
 11
9.78613633347351
 21
-87.30513375347252
 31
0.0
  0
LINE
  5
911
330
17
100
AcDbEntity
  8
0
100
AcDbLine
 10
9.78613633347351
 20
-87.30513375347252
 30
0.0
 11
9.947468178499525
 21
-87.30454318952579
 31
0.0
  0
LINE
  5
912
330
17
100
AcDbEntity
  8
0
100
AcDbLine
 10
9.947468178499525
 20
-87.30454318952579
 30
0.0
 11
10.108878688481179
 21
-87.30355461809279
 31
0.0
  0
LINE
  5
913
330
17
100
AcDbEntity
  8
0
100
AcDbLine
 10
10.108878688481179
 20
-87.30355461809279
 30
0.0
 11
10.270366794372334
 21
-87.30216753273922
 31
0.0
  0
LINE
  5
914
330
17
100
AcDbEntity
  8
0
100
AcDbLine
 10
10.270366794372334
 20
-87.30216753273922
 30
0.0
 11
10.43193142448044
 21
-87.3003814301137
 31
0.0
  0
LINE
  5
915
330
17
100
AcDbEntity
  8
0
100
AcDbLine
 10
10.43193142448044
 20
-87.3003814301137
 30
0.0
 11
10.593571504475412
 21
-87.29819580995968
 31
0.0
  0
LINE
  5
916
330
17
100
AcDbEntity
  8
0
100
AcDbLine
 10
10.593571504475412
 20
-87.29819580995968
 30
0.0
 11
10.755285957399236
 21
-87.29561017512748
 31
0.0
  0
LINE
  5
917
330
17
100
AcDbEntity
  8
0
100
AcDbLine
 10
10.755285957399236
 20
-87.29561017512748
 30
0.0
 11
10.917073653606318
 21
-87.29262403231829
 31
0.0
  0
LINE
  5
918
330
17
100
AcDbEntity
  8
0
100
AcDbLine
 10
10.917073653606318
 20
-87.29262403231829
 30
0.0
 11
11.07893335029208
 21
-87.28923689140268
 31
0.0
  0
LINE
  5
919
330
17
100
AcDbEntity
  8
0
100
AcDbLine
 10
11.07893335029208
 20
-87.28923689140268
 30
0.0
 11
11.240863949702499
 21
-87.28544826149096
 31
0.0
  0
LINE
  5
91A
330
17
100
AcDbEntity
  8
0
100
AcDbLine
 10
11.240863949702499
 20
-87.28544826149096
 30
0.0
 11
11.402864363450936
 21
-87.28125765462087
 31
0.0
  0
LINE
  5
91B
330
17
100
AcDbEntity
  8
0
100
AcDbLine
 10
11.402864363450936
 20
-87.28125765462087
 30
0.0
 11
11.564933500532641
 21
-87.2766645860059
 31
0.0
  0
LINE
  5
91C
330
17
100
AcDbEntity
  8
0
100
AcDbLine
 10
11.564933500532641
 20
-87.2766645860059
 30
0.0
 11
11.727070267334705
 21
-87.27166857404757
 31
0.0
  0
LINE
  5
91D
330
17
100
AcDbEntity
  8
0
100
AcDbLine
 10
11.727070267334705
 20
-87.27166857404757
 30
0.0
 11
11.889273567646038
 21
-87.26626914034719
 31
0.0
  0
LINE
  5
91E
330
17
100
AcDbEntity
  8
0
100
AcDbLine
 10
11.889273567646038
 20
-87.26626914034719
 30
0.0
 11
12.051542302666808
 21
-87.26046580971811
 31
0.0
  0
LINE
  5
91F
330
17
100
AcDbEntity
  8
0
100
AcDbLine
 10
12.051542302666808
 20
-87.26046580971811
 30
0.0
 11
12.213875435170005
 21
-87.25425810804538
 31
0.0
  0
LINE
  5
920
330
17
100
AcDbEntity
  8
0
100
AcDbLine
 10
12.213875435170005
 20
-87.25425810804538
 30
0.0
 11
12.376272002954378
 21
-87.24764556355046
 31
0.0
  0
LINE
  5
921
330
17
100
AcDbEntity
  8
0
100
AcDbLine
 10
12.376272002954378
 20
-87.24764556355046
 30
0.0
 11
12.53873090554877
 21
-87.24062771374417
 31
0.0
  0
LINE
  5
922
330
17
100
AcDbEntity
  8
0
100
AcDbLine
 10
12.53873090554877
 20
-87.24062771374417
 30
0.0
 11
12.701251034921926
 21
-87.23320409958288
 31
0.0
  0
LINE
  5
923
330
17
100
AcDbEntity
  8
0
100
AcDbLine
 10
12.701251034921926
 20
-87.23320409958288
 30
0.0
 11
12.863831280539818
 21
-87.22537426528459
 31
0.0
  0
LINE
  5
924
330
17
100
AcDbEntity
  8
0
100
AcDbLine
 10
12.863831280539818
 20
-87.22537426528459
 30
0.0
 11
13.026470529375393
 21
-87.21713775834081
 31
0.0
  0
LINE
  5
925
330
17
100
AcDbEntity
  8
0
100
AcDbLine
 10
13.026470529375393
 20
-87.21713775834081
 30
0.0
 11
13.1891676659188
 21
-87.20849412952808
 31
0.0
  0
LINE
  5
926
330
17
100
AcDbEntity
  8
0
100
AcDbLine
 10
13.1891676659188
 20
-87.20849412952808
 30
0.0
 11
13.351921572187843
 21
-87.19944293291923
 31
0.0
  0
LINE
  5
927
330
17
100
AcDbEntity
  8
0
100
AcDbLine
 10
13.351921572187843
 20
-87.19944293291923
 30
0.0
 11
13.514730979557294
 21
-87.18998373368143
 31
0.0
  0
LINE
  5
928
330
17
100
AcDbEntity
  8
0
100
AcDbLine
 10
13.514730979557294
 20
-87.18998373368143
 30
0.0
 11
13.677594540667014
 21
-87.18011610088007
 31
0.0
  0
LINE
  5
929
330
17
100
AcDbEntity
  8
0
100
AcDbLine
 10
13.677594540667014
 20
-87.18011610088007
 30
0.0
 11
13.840511126067115
 21
-87.1698395930259
 31
0.0
  0
LINE
  5
92A
330
17
100
AcDbEntity
  8
0
100
AcDbLine
 10
13.840511126067115
 20
-87.1698395930259
 30
0.0
 11
14.003479606053814
 21
-87.15915377186082
 31
0.0
  0
LINE
  5
92B
330
17
100
AcDbEntity
  8
0
100
AcDbLine
 10
14.003479606053814
 20
-87.15915377186082
 30
0.0
 11
14.16649884843916
 21
-87.14805820249865
 31
0.0
  0
LINE
  5
92C
330
17
100
AcDbEntity
  8
0
100
AcDbLine
 10
14.16649884843916
 20
-87.14805820249865
 30
0.0
 11
14.329567718561696
 21
-87.13655245343674
 31
0.0
  0
LINE
  5
92D
330
17
100
AcDbEntity
  8
0
100
AcDbLine
 10
14.329567718561696
 20
-87.13655245343674
 30
0.0
 11
14.492685079296715
 21
-87.124636096568
 31
0.0
  0
LINE
  5
92E
330
17
100
AcDbEntity
  8
0
100
AcDbLine
 10
14.492685079296715
 20
-87.124636096568
 30
0.0
 11
14.655849791067377
 21
-87.11230870719223
 31
0.0
  0
LINE
  5
92F
330
17
100
AcDbEntity
  8
0
100
AcDbLine
 10
14.655849791067377
 20
-87.11230870719223
 30
0.0
 11
14.819060716528673
 21
-87.09956986369309
 31
0.0
  0
LINE
  5
930
330
17
100
AcDbEntity
  8
0
100
AcDbLine
 10
14.819060716528673
 20
-87.09956986369309
 30
0.0
 11
14.982316715937015
 21
-87.08641914797875
 31
0.0
  0
LINE
  5
931
330
17
100
AcDbEntity
  8
0
100
AcDbLine
 10
14.982316715937015
 20
-87.08641914797875
 30
0.0
 11
15.145616642472627
 21
-87.0728561457806
 31
0.0
  0
LINE
  5
932
330
17
100
AcDbEntity
  8
0
100
AcDbLine
 10
15.145616642472627
 20
-87.0728561457806
 30
0.0
 11
15.308959346907821
 21
-87.05888044628281
 31
0.0
  0
LINE
  5
933
330
17
100
AcDbEntity
  8
0
100
AcDbLine
 10
15.308959346907821
 20
-87.05888044628281
 30
0.0
 11
15.472343677618158
 21
-87.04449164213366
 31
0.0
  0
LINE
  5
934
330
17
100
AcDbEntity
  8
0
100
AcDbLine
 10
15.472343677618158
 20
-87.04449164213366
 30
0.0
 11
15.635768480593574
 21
-87.02968932945728
 31
0.0
  0
LINE
  5
935
330
17
100
AcDbEntity
  8
0
100
AcDbLine
 10
15.635768480593574
 20
-87.02968932945728
 30
0.0
 11
15.799232599448958
 21
-87.01447310786463
 31
0.0
  0
LINE
  5
936
330
17
100
AcDbEntity
  8
0
100
AcDbLine
 10
15.799232599448958
 20
-87.01447310786463
 30
0.0
 11
15.962734875728822
 21
-86.9988425804371
 31
0.0
  0
LINE
  5
937
330
17
100
AcDbEntity
  8
0
100
AcDbLine
 10
15.962734875728822
 20
-86.9988425804371
 30
0.0
 11
16.126274177585117
 21
-86.98279735114258
 31
0.0
  0
LINE
  5
938
330
17
100
AcDbEntity
  8
0
100
AcDbLine
 10
16.126274177585117
 20
-86.98279735114258
 30
0.0
 11
16.289849361177353
 21
-86.96633702890364
 31
0.0
  0
LINE
  5
939
330
17
100
AcDbEntity
  8
0
100
AcDbLine
 10
16.289849361177353
 20
-86.96633702890364
 30
0.0
 11
16.453459261007687
 21
-86.94946122813013
 31
0.0
  0
LINE
  5
93A
330
17
100
AcDbEntity
  8
0
100
AcDbLine
 10
16.453459261007687
 20
-86.94946122813013
 30
0.0
 11
16.617102709267556
 21
-86.9321695667727
 31
0.0
  0
LINE
  5
93B
330
17
100
AcDbEntity
  8
0
100
AcDbLine
 10
16.617102709267556
 20
-86.9321695667727
 30
0.0
 11
16.780778535848555
 21
-86.91446166633395
 31
0.0
  0
LINE
  5
93C
330
17
100
AcDbEntity
  8
0
100
AcDbLine
 10
16.780778535848555
 20
-86.91446166633395
 30
0.0
 11
16.944485568353954
 21
-86.89633715187958
 31
0.0
  0
LINE
  5
93D
330
17
100
AcDbEntity
  8
0
100
AcDbLine
 10
16.944485568353954
 20
-86.89633715187958
 30
0.0
 11
17.10822263211022
 21
-86.87779565204929
 31
0.0
  0
LINE
  5
93E
330
17
100
AcDbEntity
  8
0
100
AcDbLine
 10
17.10822263211022
 20
-86.87779565204929
 30
0.0
 11
17.27198854278123
 21
-86.85883679992102
 31
0.0
  0
LINE
  5
93F
330
17
100
AcDbEntity
  8
0
100
AcDbLine
 10
17.27198854278123
 20
-86.85883679992102
 30
0.0
 11
17.435781914060044
 21
-86.83946025399507
 31
0.0
  0
LINE
  5
940
330
17
100
AcDbEntity
  8
0
100
AcDbLine
 10
17.435781914060044
 20
-86.83946025399507
 30
0.0
 11
17.599601469028045
 21
-86.81966566034339
 31
0.0
  0
LINE
  5
941
330
17
100
AcDbEntity
  8
0
100
AcDbLine
 10
17.599601469028045
 20
-86.81966566034339
 30
0.0
 11
17.763446022181974
 21
-86.79945265737325
 31
0.0
  0
LINE
  5
942
330
17
100
AcDbEntity
  8
0
100
AcDbLine
 10
17.763446022181974
 20
-86.79945265737325
 30
0.0
 11
17.92731438574701
 21
-86.77882088713861
 31
0.0
  0
LINE
  5
943
330
17
100
AcDbEntity
  8
0
100
AcDbLine
 10
17.92731438574701
 20
-86.77882088713861
 30
0.0
 11
18.0912053696887
 21
-86.75776999535148
 31
0.0
  0
LINE
  5
944
330
17
100
AcDbEntity
  8
0
100
AcDbLine
 10
18.0912053696887
 20
-86.75776999535148
 30
0.0
 11
18.25511778172433
 21
-86.73629963139308
 31
0.0
  0
LINE
  5
945
330
17
100
AcDbEntity
  8
0
100
AcDbLine
 10
18.25511778172433
 20
-86.73629963139308
 30
0.0
 11
18.419050427335186
 21
-86.7144094483246
 31
0.0
  0
LINE
  5
946
330
17
100
AcDbEntity
  8
0
100
AcDbLine
 10
18.419050427335186
 20
-86.7144094483246
 30
0.0
 11
18.583002123742197
 21
-86.69209910101691
 31
0.0
  0
LINE
  5
947
330
17
100
AcDbEntity
  8
0
100
AcDbLine
 10
18.583002123742197
 20
-86.69209910101691
 30
0.0
 11
18.746971858661496
 21
-86.66936822597938
 31
0.0
  0
LINE
  5
948
330
17
100
AcDbEntity
  8
0
100
AcDbLine
 10
18.746971858661496
 20
-86.66936822597938
 30
0.0
 11
18.910958490609623
 21
-86.64621648314227
 31
0.0
  0
LINE
  5
949
330
17
100
AcDbEntity
  8
0
100
AcDbLine
 10
18.910958490609623
 20
-86.64621648314227
 30
0.0
 11
19.074960817865815
 21
-86.62264354428265
 31
0.0
  0
LINE
  5
94A
330
17
100
AcDbEntity
  8
0
100
AcDbLine
 10
19.074960817865815
 20
-86.62264354428265
 30
0.0
 11
19.238977636576514
 21
-86.59864908489652
 31
0.0
  0
LINE
  5
94B
330
17
100
AcDbEntity
  8
0
100
AcDbLine
 10
19.238977636576514
 20
-86.59864908489652
 30
0.0
 11
19.403007740767556
 21
-86.57423278420947
 31
0.0
  0
LINE
  5
94C
330
17
100
AcDbEntity
  8
0
100
AcDbLine
 10
19.403007740767556
 20
-86.57423278420947
 30
0.0
 11
19.56704992235585
 21
-86.54939432518731
 31
0.0
  0
LINE
  5
94D
330
17
100
AcDbEntity
  8
0
100
AcDbLine
 10
19.56704992235585
 20
-86.54939432518731
 30
0.0
 11
19.731102971161647
 21
-86.52413339454637
 31
0.0
  0
LINE
  5
94E
330
17
100
AcDbEntity
  8
0
100
AcDbLine
 10
19.731102971161647
 20
-86.52413339454637
 30
0.0
 11
19.89516562331331
 21
-86.49844969072993
 31
0.0
  0
LINE
  5
94F
330
17
100
AcDbEntity
  8
0
100
AcDbLine
 10
19.89516562331331
 20
-86.49844969072993
 30
0.0
 11
20.059236262480425
 21
-86.47234296705713
 31
0.0
  0
LINE
  5
950
330
17
100
AcDbEntity
  8
0
100
AcDbLine
 10
20.059236262480425
 20
-86.47234296705713
 30
0.0
 11
20.223313584265213
 21
-86.44581292696799
 31
0.0
  0
LINE
  5
951
330
17
100
AcDbEntity
  8
0
100
AcDbLine
 10
20.223313584265213
 20
-86.44581292696799
 30
0.0
 11
20.38739636667365
 21
-86.41885926422552
 31
0.0
  0
LINE
  5
952
330
17
100
AcDbEntity
  8
0
100
AcDbLine
 10
20.38739636667365
 20
-86.41885926422552
 30
0.0
 11
20.551483385585627
 21
-86.39148167643057
 31
0.0
  0
LINE
  5
953
330
17
100
AcDbEntity
  8
0
100
AcDbLine
 10
20.551483385585627
 20
-86.39148167643057
 30
0.0
 11
20.715573414767746
 21
-86.36367986503251
 31
0.0
  0
LINE
  5
954
330
17
100
AcDbEntity
  8
0
100
AcDbLine
 10
20.715573414767746
 20
-86.36367986503251
 30
0.0
 11
20.879665225886185
 21
-86.33545353534012
 31
0.0
  0
LINE
  5
955
330
17
100
AcDbEntity
  8
0
100
AcDbLine
 10
20.879665225886185
 20
-86.33545353534012
 30
0.0
 11
21.043757588518908
 21
-86.30680239653222
 31
0.0
  0
LINE
  5
956
330
17
100
AcDbEntity
  8
0
100
AcDbLine
 10
21.043757588518908
 20
-86.30680239653222
 30
0.0
 11
21.207849331066733
 21
-86.27772615106616
 31
0.0
  0
LINE
  5
957
330
17
100
AcDbEntity
  8
0
100
AcDbLine
 10
21.207849331066733
 20
-86.27772615106616
 30
0.0
 11
21.37193952336286
 21
-86.24822446552946
 31
0.0
  0
LINE
  5
958
330
17
100
AcDbEntity
  8
0
100
AcDbLine
 10
21.37193952336286
 20
-86.24822446552946
 30
0.0
 11
21.536026972901176
 21
-86.21829705945174
 31
0.0
  0
LINE
  5
959
330
17
100
AcDbEntity
  8
0
100
AcDbLine
 10
21.536026972901176
 20
-86.21829705945174
 30
0.0
 11
21.700110443849326
 21
-86.1879436636724
 31
0.0
  0
LINE
  5
95A
330
17
100
AcDbEntity
  8
0
100
AcDbLine
 10
21.700110443849326
 20
-86.1879436636724
 30
0.0
 11
21.864188698419362
 21
-86.15716401292588
 31
0.0
  0
LINE
  5
95B
330
17
100
AcDbEntity
  8
0
100
AcDbLine
 10
21.864188698419362
 20
-86.15716401292588
 30
0.0
 11
22.028260496880108
 21
-86.12595784585179
 31
0.0
  0
LINE
  5
95C
330
17
100
AcDbEntity
  8
0
100
AcDbLine
 10
22.028260496880108
 20
-86.12595784585179
 30
0.0
 11
22.19232459757015
 21
-86.09432490500487
 31
0.0
  0
LINE
  5
95D
330
17
100
AcDbEntity
  8
0
100
AcDbLine
 10
22.19232459757015
 20
-86.09432490500487
 30
0.0
 11
22.356379756910904
 21
-86.06226493686492
 31
0.0
  0
LINE
  5
95E
330
17
100
AcDbEntity
  8
0
100
AcDbLine
 10
22.356379756910904
 20
-86.06226493686492
 30
0.0
 11
22.5204246128841
 21
-86.02977771445705
 31
0.0
  0
LINE
  5
95F
330
17
100
AcDbEntity
  8
0
100
AcDbLine
 10
22.5204246128841
 20
-86.02977771445705
 30
0.0
 11
22.68445752545832
 21
-85.99686306427338
 31
0.0
  0
LINE
  5
960
330
17
100
AcDbEntity
  8
0
100
AcDbLine
 10
22.68445752545832
 20
-85.99686306427338
 30
0.0
 11
22.84847721001367
 21
-85.96352074282865
 31
0.0
  0
LINE
  5
961
330
17
100
AcDbEntity
  8
0
100
AcDbLine
 10
22.84847721001367
 20
-85.96352074282865
 30
0.0
 11
23.012482411513446
 21
-85.92975050434865
 31
0.0
  0
LINE
  5
962
330
17
100
AcDbEntity
  8
0
100
AcDbLine
 10
23.012482411513446
 20
-85.92975050434865
 30
0.0
 11
23.176471872978354
 21
-85.89555210707252
 31
0.0
  0
LINE
  5
963
330
17
100
AcDbEntity
  8
0
100
AcDbLine
 10
23.176471872978354
 20
-85.89555210707252
 30
0.0
 11
23.34044433549954
 21
-85.8609253132635
 31
0.0
  0
LINE
  5
964
330
17
100
AcDbEntity
  8
0
100
AcDbLine
 10
23.34044433549954
 20
-85.8609253132635
 30
0.0
 11
23.50439853825216
 21
-85.82586988921892
 31
0.0
  0
LINE
  5
965
330
17
100
AcDbEntity
  8
0
100
AcDbLine
 10
23.50439853825216
 20
-85.82586988921892
 30
0.0
 11
23.668333218508984
 21
-85.79038560528028
 31
0.0
  0
LINE
  5
966
330
17
100
AcDbEntity
  8
0
100
AcDbLine
 10
23.668333218508984
 20
-85.79038560528028
 30
0.0
 11
23.832247258311973
 21
-85.75447220443874
 31
0.0
  0
LINE
  5
967
330
17
100
AcDbEntity
  8
0
100
AcDbLine
 10
23.832247258311973
 20
-85.75447220443874
 30
0.0
 11
23.996139731329365
 21
-85.71812939661928
 31
0.0
  0
LINE
  5
968
330
17
100
AcDbEntity
  8
0
100
AcDbLine
 10
23.996139731329365
 20
-85.71812939661928
 30
0.0
 11
24.160009386396148
 21
-85.68135696886074
 31
0.0
  0
LINE
  5
969
330
17
100
AcDbEntity
  8
0
100
AcDbLine
 10
24.160009386396148
 20
-85.68135696886074
 30
0.0
 11
24.323854957099584
 21
-85.64415471521122
 31
0.0
  0
LINE
  5
96A
330
17
100
AcDbEntity
  8
0
100
AcDbLine
 10
24.323854957099584
 20
-85.64415471521122
 30
0.0
 11
24.487675175275662
 21
-85.60652243377504
 31
0.0
  0
LINE
  5
96B
330
17
100
AcDbEntity
  8
0
100
AcDbLine
 10
24.487675175275662
 20
-85.60652243377504
 30
0.0
 11
24.651468771022714
 21
-85.56845992672248
 31
0.0
  0
LINE
  5
96C
330
17
100
AcDbEntity
  8
0
100
AcDbLine
 10
24.651468771022714
 20
-85.56845992672248
 30
0.0
 11
24.81523447271458
 21
-85.52996700029917
 31
0.0
  0
LINE
  5
96D
330
17
100
AcDbEntity
  8
0
100
AcDbLine
 10
24.81523447271458
 20
-85.52996700029917
 30
0.0
 11
24.97897100701435
 21
-85.49104346483512
 31
0.0
  0
LINE
  5
96E
330
17
100
AcDbEntity
  8
0
100
AcDbLine
 10
24.97897100701435
 20
-85.49104346483512
 30
0.0
 11
25.14267688394797
 21
-85.45168918514972
 31
0.0
  0
LINE
  5
96F
330
17
100
AcDbEntity
  8
0
100
AcDbLine
 10
25.14267688394797
 20
-85.45168918514972
 30
0.0
 11
25.30635048418904
 21
-85.41190405458516
 31
0.0
  0
LINE
  5
970
330
17
100
AcDbEntity
  8
0
100
AcDbLine
 10
25.30635048418904
 20
-85.41190405458516
 30
0.0
 11
25.469990520762494
 21
-85.37168788843945
 31
0.0
  0
LINE
  5
971
330
17
100
AcDbEntity
  8
0
100
AcDbLine
 10
25.469990520762494
 20
-85.37168788843945
 30
0.0
 11
25.633595709183602
 21
-85.33104050515831
 31
0.0
  0
LINE
  5
972
330
17
100
AcDbEntity
  8
0
100
AcDbLine
 10
25.633595709183602
 20
-85.33104050515831
 30
0.0
 11
25.797164763231784
 21
-85.28996172736271
 31
0.0
  0
LINE
  5
973
330
17
100
AcDbEntity
  8
0
100
AcDbLine
 10
25.797164763231784
 20
-85.28996172736271
 30
0.0
 11
25.960696394964927
 21
-85.24845138185856
 31
0.0
  0
LINE
  5
974
330
17
100
AcDbEntity
  8
0
100
AcDbLine
 10
25.960696394964927
 20
-85.24845138185856
 30
0.0
 11
26.124189314733663
 21
-85.20650929964614
 31
0.0
  0
LINE
  5
975
330
17
100
AcDbEntity
  8
0
100
AcDbLine
 10
26.124189314733663
 20
-85.20650929964614
 30
0.0
 11
26.287642231195058
 21
-85.16413531592963
 31
0.0
  0
LINE
  5
976
330
17
100
AcDbEntity
  8
0
100
AcDbLine
 10
26.287642231195058
 20
-85.16413531592963
 30
0.0
 11
26.4510540438619
 21
-85.1213292210264
 31
0.0
  0
LINE
  5
977
330
17
100
AcDbEntity
  8
0
100
AcDbLine
 10
26.4510540438619
 20
-85.1213292210264
 30
0.0
 11
26.614423663395833
 21
-85.07809081063601
 31
0.0
  0
LINE
  5
978
330
17
100
AcDbEntity
  8
0
100
AcDbLine
 10
26.614423663395833
 20
-85.07809081063601
 30
0.0
 11
26.777749796709735
 21
-85.03441993852351
 31
0.0
  0
LINE
  5
979
330
17
100
AcDbEntity
  8
0
100
AcDbLine
 10
26.777749796709735
 20
-85.03441993852351
 30
0.0
 11
26.941031149109484
 21
-84.99031646267213
 31
0.0
  0
LINE
  5
97A
330
17
100
AcDbEntity
  8
0
100
AcDbLine
 10
26.941031149109484
 20
-84.99031646267213
 30
0.0
 11
27.104266424344836
 21
-84.94578024528286
 31
0.0
  0
LINE
  5
97B
330
17
100
AcDbEntity
  8
0
100
AcDbLine
 10
27.104266424344836
 20
-84.94578024528286
 30
0.0
 11
27.267454324623834
 21
-84.90081115278329
 31
0.0
  0
LINE
  5
97C
330
17
100
AcDbEntity
  8
0
100
AcDbLine
 10
27.267454324623834
 20
-84.90081115278329
 30
0.0
 11
27.430593550627243
 21
-84.85540905583599
 31
0.0
  0
LINE
  5
97D
330
17
100
AcDbEntity
  8
0
100
AcDbLine
 10
27.430593550627243
 20
-84.85540905583599
 30
0.0
 11
27.59368280115448
 21
-84.8095738294513
 31
0.0
  0
LINE
  5
97E
330
17
100
AcDbEntity
  8
0
100
AcDbLine
 10
27.59368280115448
 20
-84.8095738294513
 30
0.0
 11
27.756720726788217
 21
-84.76330536577001
 31
0.0
  0
LINE
  5
97F
330
17
100
AcDbEntity
  8
0
100
AcDbLine
 10
27.756720726788217
 20
-84.76330536577001
 30
0.0
 11
27.919705990427097
 21
-84.71660355638721
 31
0.0
  0
LINE
  5
980
330
17
100
AcDbEntity
  8
0
100
AcDbLine
 10
27.919705990427097
 20
-84.71660355638721
 30
0.0
 11
28.082637286105893
 21
-84.66946828780007
 31
0.0
  0
LINE
  5
981
330
17
100
AcDbEntity
  8
0
100
AcDbLine
 10
28.082637286105893
 20
-84.66946828780007
 30
0.0
 11
28.24551330639033
 21
-84.62189945079098
 31
0.0
  0
LINE
  5
982
330
17
100
AcDbEntity
  8
0
100
AcDbLine
 10
28.24551330639033
 20
-84.62189945079098
 30
0.0
 11
28.408332742391927
 21
-84.57389694043633
 31
0.0
  0
LINE
  5
983
330
17
100
AcDbEntity
  8
0
100
AcDbLine
 10
28.408332742391927
 20
-84.57389694043633
 30
0.0
 11
28.57109428378211
 21
-84.52546065611503
 31
0.0
  0
LINE
  5
984
330
17
100
AcDbEntity
  8
0
100
AcDbLine
 10
28.57109428378211
 20
-84.52546065611503
 30
0.0
 11
28.73379661880704
 21
-84.47659050151705
 31
0.0
  0
LINE
  5
985
330
17
100
AcDbEntity
  8
0
100
AcDbLine
 10
28.73379661880704
 20
-84.47659050151705
 30
0.0
 11
28.896438432376357
 21
-84.42728638523485
 31
0.0
  0
LINE
  5
986
330
17
100
AcDbEntity
  8
0
100
AcDbLine
 10
28.896438432376357
 20
-84.42728638523485
 30
0.0
 11
29.059018349224857
 21
-84.3775482375953
 31
0.0
  0
LINE
  5
987
330
17
100
AcDbEntity
  8
0
100
AcDbLine
 10
29.059018349224857
 20
-84.3775482375953
 30
0.0
 11
29.221535023903797
 21
-84.32737598276924
 31
0.0
  0
LINE
  5
988
330
17
100
AcDbEntity
  8
0
100
AcDbLine
 10
29.221535023903797
 20
-84.32737598276924
 30
0.0
 11
29.383987138298657
 21
-84.2767695404169
 31
0.0
  0
LINE
  5
989
330
17
100
AcDbEntity
  8
0
100
AcDbLine
 10
29.383987138298657
 20
-84.2767695404169
 30
0.0
 11
29.54637337292784
 21
-84.22572883455948
 31
0.0
  0
LINE
  5
98A
330
17
100
AcDbEntity
  8
0
100
AcDbLine
 10
29.54637337292784
 20
-84.22572883455948
 30
0.0
 11
29.708692406957816
 21
-84.17425379358744
 31
0.0
  0
LINE
  5
98B
330
17
100
AcDbEntity
  8
0
100
AcDbLine
 10
29.708692406957816
 20
-84.17425379358744
 30
0.0
 11
29.87094291821822
 21
-84.12234435026852
 31
0.0
  0
LINE
  5
98C
330
17
100
AcDbEntity
  8
0
100
AcDbLine
 10
29.87094291821822
 20
-84.12234435026852
 30
0.0
 11
30.03312358321633
 21
-84.07000044175615
 31
0.0
  0
LINE
  5
98D
330
17
100
AcDbEntity
  8
0
100
AcDbLine
 10
30.03312358321633
 20
-84.07000044175615
 30
0.0
 11
30.195233102690707
 21
-84.01722200131778
 31
0.0
  0
LINE
  5
98E
330
17
100
AcDbEntity
  8
0
100
AcDbLine
 10
30.195233102690707
 20
-84.01722200131778
 30
0.0
 11
30.35727052017672
 21
-83.96400885771504
 31
0.0
  0
LINE
  5
98F
330
17
100
AcDbEntity
  8
0
100
AcDbLine
 10
30.35727052017672
 20
-83.96400885771504
 30
0.0
 11
30.51923463328648
 21
-83.91036092925671
 31
0.0
  0
LINE
  5
990
330
17
100
AcDbEntity
  8
0
100
AcDbLine
 10
30.51923463328648
 20
-83.91036092925671
 30
0.0
 11
30.68112411812364
 21
-83.85627817835473
 31
0.0
  0
LINE
  5
991
330
17
100
AcDbEntity
  8
0
100
AcDbLine
 10
30.68112411812364
 20
-83.85627817835473
 30
0.0
 11
30.842937649630493
 21
-83.80176057179835
 31
0.0
  0
LINE
  5
992
330
17
100
AcDbEntity
  8
0
100
AcDbLine
 10
30.842937649630493
 20
-83.80176057179835
 30
0.0
 11
31.00467390160304
 21
-83.74680808076138
 31
0.0
  0
LINE
  5
993
330
17
100
AcDbEntity
  8
0
100
AcDbLine
 10
31.00467390160304
 20
-83.74680808076138
 30
0.0
 11
31.166331546706232
 21
-83.6914206808095
 31
0.0
  0
LINE
  5
994
330
17
100
AcDbEntity
  8
0
100
AcDbLine
 10
31.166331546706232
 20
-83.6914206808095
 30
0.0
 11
31.327909256488397
 21
-83.63559835190756
 31
0.0
  0
LINE
  5
995
330
17
100
AcDbEntity
  8
0
100
AcDbLine
 10
31.327909256488397
 20
-83.63559835190756
 30
0.0
 11
31.489405682157688
 21
-83.57934108508314
 31
0.0
  0
LINE
  5
996
330
17
100
AcDbEntity
  8
0
100
AcDbLine
 10
31.489405682157688
 20
-83.57934108508314
 30
0.0
 11
31.650819333586504
 21
-83.52264892299073
 31
0.0
  0
LINE
  5
997
330
17
100
AcDbEntity
  8
0
100
AcDbLine
 10
31.650819333586504
 20
-83.52264892299073
 30
0.0
 11
31.812148841853045
 21
-83.46552186805161
 31
0.0
  0
LINE
  5
998
330
17
100
AcDbEntity
  8
0
100
AcDbLine
 10
31.812148841853045
 20
-83.46552186805161
 30
0.0
 11
31.973392872149688
 21
-83.40795991474047
 31
0.0
  0
LINE
  5
999
330
17
100
AcDbEntity
  8
0
100
AcDbLine
 10
31.973392872149688
 20
-83.40795991474047
 30
0.0
 11
32.134550088592654
 21
-83.34996306198747
 31
0.0
  0
LINE
  5
99A
330
17
100
AcDbEntity
  8
0
100
AcDbLine
 10
32.134550088592654
 20
-83.34996306198747
 30
0.0
 11
32.295619154236746
 21
-83.29153131318557
 31
0.0
  0
LINE
  5
99B
330
17
100
AcDbEntity
  8
0
100
AcDbLine
 10
32.295619154236746
 20
-83.29153131318557
 30
0.0
 11
32.45659873109108
 21
-83.23266467619769
 31
0.0
  0
LINE
  5
99C
330
17
100
AcDbEntity
  8
0
100
AcDbLine
 10
32.45659873109108
 20
-83.23266467619769
 30
0.0
 11
32.61748748013447
 21
-83.1733631633634
 31
0.0
  0
LINE
  5
99D
330
17
100
AcDbEntity
  8
0
100
AcDbLine
 10
32.61748748013447
 20
-83.1733631633634
 30
0.0
 11
32.77828412044021
 21
-83.11362676974798
 31
0.0
  0
LINE
  5
99E
330
17
100
AcDbEntity
  8
0
100
AcDbLine
 10
32.77828412044021
 20
-83.11362676974798
 30
0.0
 11
32.93898762270606
 21
-83.05345540491825
 31
0.0
  0
LINE
  5
99F
330
17
100
AcDbEntity
  8
0
100
AcDbLine
 10
32.93898762270606
 20
-83.05345540491825
 30
0.0
 11
33.09959669373955
 21
-82.99284908408131
 31
0.0
  0
LINE
  5
9A0
330
17
100
AcDbEntity
  8
0
100
AcDbLine
 10
33.09959669373955
 20
-82.99284908408131
 30
0.0
 11
33.260109994667
 21
-82.93180784366811
 31
0.0
  0
LINE
  5
9A1
330
17
100
AcDbEntity
  8
0
100
AcDbLine
 10
33.260109994667
 20
-82.93180784366811
 30
0.0
 11
33.42052618573011
 21
-82.8703317245789
 31
0.0
  0
LINE
  5
9A2
330
17
100
AcDbEntity
  8
0
100
AcDbLine
 10
33.42052618573011
 20
-82.8703317245789
 30
0.0
 11
33.58084392630155
 21
-82.80842077218932
 31
0.0
  0
LINE
  5
9A3
330
17
100
AcDbEntity
  8
0
100
AcDbLine
 10
33.58084392630155
 20
-82.80842077218932
 30
0.0
 11
33.74106187489974
 21
-82.7460750363569
 31
0.0
  0
LINE
  5
9A4
330
17
100
AcDbEntity
  8
0
100
AcDbLine
 10
33.74106187489974
 20
-82.7460750363569
 30
0.0
 11
33.90117868920458
 21
-82.68329457142721
 31
0.0
  0
LINE
  5
9A5
330
17
100
AcDbEntity
  8
0
100
AcDbLine
 10
33.90117868920458
 20
-82.68329457142721
 30
0.0
 11
34.06119295559679
 21
-82.62007946376667
 31
0.0
  0
LINE
  5
9A6
330
17
100
AcDbEntity
  8
0
100
AcDbLine
 10
34.06119295559679
 20
-82.62007946376667
 30
0.0
 11
34.221103080595434
 21
-82.55642987129673
 31
0.0
  0
LINE
  5
9A7
330
17
100
AcDbEntity
  8
0
100
AcDbLine
 10
34.221103080595434
 20
-82.55642987129673
 30
0.0
 11
34.38090769451185
 21
-82.49234586535377
 31
0.0
  0
LINE
  5
9A8
330
17
100
AcDbEntity
  8
0
100
AcDbLine
 10
34.38090769451185
 20
-82.49234586535377
 30
0.0
 11
34.54060544831951
 21
-82.42782751329116
 31
0.0
  0
LINE
  5
9A9
330
17
100
AcDbEntity
  8
0
100
AcDbLine
 10
34.54060544831951
 20
-82.42782751329116
 30
0.0
 11
34.700194992174545
 21
-82.36287488701683
 31
0.0
  0
LINE
  5
9AA
330
17
100
AcDbEntity
  8
0
100
AcDbLine
 10
34.700194992174545
 20
-82.36287488701683
 30
0.0
 11
34.85967497543164
 21
-82.29748806299929
 31
0.0
  0
LINE
  5
9AB
330
17
100
AcDbEntity
  8
0
100
AcDbLine
 10
34.85967497543164
 20
-82.29748806299929
 30
0.0
 11
35.01904404665942
 21
-82.23166712227402
 31
0.0
  0
LINE
  5
9AC
330
17
100
AcDbEntity
  8
0
100
AcDbLine
 10
35.01904404665942
 20
-82.23166712227402
 30
0.0
 11
35.178300853656516
 21
-82.16541215044955
 31
0.0
  0
LINE
  5
9AD
330
17
100
AcDbEntity
  8
0
100
AcDbLine
 10
35.178300853656516
 20
-82.16541215044955
 30
0.0
 11
35.33744403795726
 21
-82.09872323999178
 31
0.0
  0
LINE
  5
9AE
330
17
100
AcDbEntity
  8
0
100
AcDbLine
 10
35.33744403795726
 20
-82.09872323999178
 30
0.0
 11
35.49647223245001
 21
-82.03160049103064
 31
0.0
  0
LINE
  5
9AF
330
17
100
AcDbEntity
  8
0
100
AcDbLine
 10
35.49647223245001
 20
-82.03160049103064
 30
0.0
 11
35.655384081926044
 21
-81.96404400289
 31
0.0
  0
LINE
  5
9B0
330
17
100
AcDbEntity
  8
0
100
AcDbLine
 10
35.655384081926044
 20
-81.96404400289
 30
0.0
 11
35.814178231055486
 21
-81.89605387924604
 31
0.0
  0
LINE
  5
9B1
330
17
100
AcDbEntity
  8
0
100
AcDbLine
 10
35.814178231055486
 20
-81.89605387924604
 30
0.0
 11
35.97285332381459
 21
-81.82763022838006
 31
0.0
  0
LINE
  5
9B2
330
17
100
AcDbEntity
  8
0
100
AcDbLine
 10
35.97285332381459
 20
-81.82763022838006
 30
0.0
 11
36.13140800350212
 21
-81.7587731631844
 31
0.0
  0
LINE
  5
9B3
330
17
100
AcDbEntity
  8
0
100
AcDbLine
 10
36.13140800350212
 20
-81.7587731631844
 30
0.0
 11
36.28984091275544
 21
-81.689482801168
 31
0.0
  0
LINE
  5
9B4
330
17
100
AcDbEntity
  8
0
100
AcDbLine
 10
36.28984091275544
 20
-81.689482801168
 30
0.0
 11
36.44815069356632
 21
-81.61975926446237
 31
0.0
  0
LINE
  5
9B5
330
17
100
AcDbEntity
  8
0
100
AcDbLine
 10
36.44815069356632
 20
-81.61975926446237
 30
0.0
 11
36.606335857956296
 21
-81.54960273631613
 31
0.0
  0
LINE
  5
9B6
330
17
100
AcDbEntity
  8
0
100
AcDbLine
 10
36.606335857956296
 20
-81.54960273631613
 30
0.0
 11
36.76439482978244
 21
-81.4790134389228
 31
0.0
  0
LINE
  5
9B7
330
17
100
AcDbEntity
  8
0
100
AcDbLine
 10
36.76439482978244
 20
-81.4790134389228
 30
0.0
 11
36.92232624215708
 21
-81.4079915046336
 31
0.0
  0
LINE
  5
9B8
330
17
100
AcDbEntity
  8
0
100
AcDbLine
 10
36.92232624215708
 20
-81.4079915046336
 30
0.0
 11
37.08012873080158
 21
-81.33653706904462
 31
0.0
  0
LINE
  5
9B9
330
17
100
AcDbEntity
  8
0
100
AcDbLine
 10
37.08012873080158
 20
-81.33653706904462
 30
0.0
 11
37.23780093081597
 21
-81.26465027244208
 31
0.0
  0
LINE
  5
9BA
330
17
100
AcDbEntity
  8
0
100
AcDbLine
 10
37.23780093081597
 20
-81.26465027244208
 30
0.0
 11
37.395341476694995
 21
-81.19233125980818
 31
0.0
  0
LINE
  5
9BB
330
17
100
AcDbEntity
  8
0
100
AcDbLine
 10
37.395341476694995
 20
-81.19233125980818
 30
0.0
 11
37.55274900234484
 21
-81.1195801808267
 31
0.0
  0
LINE
  5
9BC
330
17
100
AcDbEntity
  8
0
100
AcDbLine
 10
37.55274900234484
 20
-81.1195801808267
 30
0.0
 11
37.710022141099984
 21
-81.04639718988867
 31
0.0
  0
LINE
  5
9BD
330
17
100
AcDbEntity
  8
0
100
AcDbLine
 10
37.710022141099984
 20
-81.04639718988867
 30
0.0
 11
37.86715930131467
 21
-80.97278254944285
 31
0.0
  0
LINE
  5
9BE
330
17
100
AcDbEntity
  8
0
100
AcDbLine
 10
37.86715930131467
 20
-80.97278254944285
 30
0.0
 11
38.024158861893774
 21
-80.89873653383272
 31
0.0
  0
LINE
  5
9BF
330
17
100
AcDbEntity
  8
0
100
AcDbLine
 10
38.024158861893774
 20
-80.89873653383272
 30
0.0
 11
38.18101944900733
 21
-80.82425930471217
 31
0.0
  0
LINE
  5
9C0
330
17
100
AcDbEntity
  8
0
100
AcDbLine
 10
38.18101944900733
 20
-80.82425930471217
 30
0.0
 11
38.33773968841938
 21
-80.74935102843769
 31
0.0
  0
LINE
  5
9C1
330
17
100
AcDbEntity
  8
0
100
AcDbLine
 10
38.33773968841938
 20
-80.74935102843769
 30
0.0
 11
38.49431820532784
 21
-80.67401187615678
 31
0.0
  0
LINE
  5
9C2
330
17
100
AcDbEntity
  8
0
100
AcDbLine
 10
38.49431820532784
 20
-80.67401187615678
 30
0.0
 11
38.65075362438116
 21
-80.59824202381411
 31
0.0
  0
LINE
  5
9C3
330
17
100
AcDbEntity
  8
0
100
AcDbLine
 10
38.65075362438116
 20
-80.59824202381411
 30
0.0
 11
38.80704456969559
 21
-80.5220416521569
 31
0.0
  0
LINE
  5
9C4
330
17
100
AcDbEntity
  8
0
100
AcDbLine
 10
38.80704456969559
 20
-80.5220416521569
 30
0.0
 11
38.96318966439502
 21
-80.44541094697536
 31
0.0
  0
LINE
  5
9C5
330
17
100
AcDbEntity
  8
0
100
AcDbLine
 10
38.96318966439502
 20
-80.44541094697536
 30
0.0
 11
39.11918744991302
 21
-80.3683501382165
 31
0.0
  0
LINE
  5
9C6
330
17
100
AcDbEntity
  8
0
100
AcDbLine
 10
39.11918744991302
 20
-80.3683501382165
 30
0.0
 11
39.275036487915315
 21
-80.29085944853756
 31
0.0
  0
LINE
  5
9C7
330
17
100
AcDbEntity
  8
0
100
AcDbLine
 10
39.275036487915315
 20
-80.29085944853756
 30
0.0
 11
39.43073539889753
 21
-80.21293907587287
 31
0.0
  0
LINE
  5
9C8
330
17
100
AcDbEntity
  8
0
100
AcDbLine
 10
39.43073539889753
 20
-80.21293907587287
 30
0.0
 11
39.58628280288571
 21
-80.13458922300444
 31
0.0
  0
LINE
  5
9C9
330
17
100
AcDbEntity
  8
0
100
AcDbLine
 10
39.58628280288571
 20
-80.13458922300444
 30
0.0
 11
39.74167731945388
 21
-80.05581009756756
 31
0.0
  0
LINE
  5
9CA
330
17
100
AcDbEntity
  8
0
100
AcDbLine
 10
39.74167731945388
 20
-80.05581009756756
 30
0.0
 11
39.89691756774167
 21
-79.97660191205611
 31
0.0
  0
LINE
  5
9CB
330
17
100
AcDbEntity
  8
0
100
AcDbLine
 10
39.89691756774167
 20
-79.97660191205611
 30
0.0
 11
40.05200216647142
 21
-79.89696488382796
 31
0.0
  0
LINE
  5
9CC
330
17
100
AcDbEntity
  8
0
100
AcDbLine
 10
40.05200216647142
 20
-79.89696488382796
 30
0.0
 11
40.20692972993118
 21
-79.81689923719392
 31
0.0
  0
LINE
  5
9CD
330
17
100
AcDbEntity
  8
0
100
AcDbLine
 10
40.20692972993118
 20
-79.81689923719392
 30
0.0
 11
40.36169873173822
 21
-79.73640527270237
 31
0.0
  0
LINE
  5
9CE
330
17
100
AcDbEntity
  8
0
100
AcDbLine
 10
40.36169873173822
 20
-79.73640527270237
 30
0.0
 11
40.516307715459206
 21
-79.65548325645369
 31
0.0
  0
LINE
  5
9CF
330
17
100
AcDbEntity
  8
0
100
AcDbLine
 10
40.516307715459206
 20
-79.65548325645369
 30
0.0
 11
40.67075529564938
 21
-79.57413342209782
 31
0.0
  0
LINE
  5
9D0
330
17
100
AcDbEntity
  8
0
100
AcDbLine
 10
40.67075529564938
 20
-79.57413342209782
 30
0.0
 11
40.82504008649884
 21
-79.4923560082025
 31
0.0
  0
LINE
  5
9D1
330
17
100
AcDbEntity
  8
0
100
AcDbLine
 10
40.82504008649884
 20
-79.4923560082025
 30
0.0
 11
40.9791607018499
 21
-79.41015125825882
 31
0.0
  0
LINE
  5
9D2
330
17
100
AcDbEntity
  8
0
100
AcDbLine
 10
40.9791607018499
 20
-79.41015125825882
 30
0.0
 11
41.133115755215236
 21
-79.32751942068627
 31
0.0
  0
LINE
  5
9D3
330
17
100
AcDbEntity
  8
0
100
AcDbLine
 10
41.133115755215236
 20
-79.32751942068627
 30
0.0
 11
41.2869038597958
 21
-79.24446074883758
 31
0.0
  0
LINE
  5
9D4
330
17
100
AcDbEntity
  8
0
100
AcDbLine
 10
41.2869038597958
 20
-79.24446074883758
 30
0.0
 11
41.440523614708525
 21
-79.16097550847758
 31
0.0
  0
LINE
  5
9D5
330
17
100
AcDbEntity
  8
0
100
AcDbLine
 10
41.440523614708525
 20
-79.16097550847758
 30
0.0
 11
41.59397341575815
 21
-79.07706407850864
 31
0.0
  0
LINE
  5
9D6
330
17
100
AcDbEntity
  8
0
100
AcDbLine
 10
41.59397341575815
 20
-79.07706407850864
 30
0.0
 11
41.74725179773486
 21
-78.99272676316701
 31
0.0
  0
LINE
  5
9D7
330
17
100
AcDbEntity
  8
0
100
AcDbLine
 10
41.74725179773486
 20
-78.99272676316701
 30
0.0
 11
41.900357368940995
 21
-78.90796383115278
 31
0.0
  0
LINE
  5
9D8
330
17
100
AcDbEntity
  8
0
100
AcDbLine
 10
41.900357368940995
 20
-78.90796383115278
 30
0.0
 11
42.0532887374073
 21
-78.82277555616406
 31
0.0
  0
LINE
  5
9D9
330
17
100
AcDbEntity
  8
0
100
AcDbLine
 10
42.0532887374073
 20
-78.82277555616406
 30
0.0
 11
42.206044510911035
 21
-78.73716221690265
 31
0.0
  0
LINE
  5
9DA
330
17
100
AcDbEntity
  8
0
100
AcDbLine
 10
42.206044510911035
 20
-78.73716221690265
 30
0.0
 11
42.35862329699432
 21
-78.65112409707841
 31
0.0
  0
LINE
  5
9DB
330
17
100
AcDbEntity
  8
0
100
AcDbLine
 10
42.35862329699432
 20
-78.65112409707841
 30
0.0
 11
42.51102370298262
 21
-78.56466148541432
 31
0.0
  0
LINE
  5
9DC
330
17
100
AcDbEntity
  8
0
100
AcDbLine
 10
42.51102370298262
 20
-78.56466148541432
 30
0.0
 11
42.66324435724113
 21
-78.47777466358639
 31
0.0
  0
LINE
  5
9DD
330
17
100
AcDbEntity
  8
0
100
AcDbLine
 10
42.66324435724113
 20
-78.47777466358639
 30
0.0
 11
42.81528405442283
 21
-78.39046382556528
 31
0.0
  0
LINE
  5
9DE
330
17
100
AcDbEntity
  8
0
100
AcDbLine
 10
42.81528405442283
 20
-78.39046382556528
 30
0.0
 11
42.96714144800188
 21
-78.30272925383466
 31
0.0
  0
LINE
  5
9DF
330
17
100
AcDbEntity
  8
0
100
AcDbLine
 10
42.96714144800188
 20
-78.30272925383466
 30
0.0
 11
43.11881514790261
 21
-78.21457126087822
 31
0.0
  0
LINE
  5
9E0
330
17
100
AcDbEntity
  8
0
100
AcDbLine
 10
43.11881514790261
 20
-78.21457126087822
 30
0.0
 11
43.270303763965586
 21
-78.12599016418139
 31
0.0
  0
LINE
  5
9E1
330
17
100
AcDbEntity
  8
0
100
AcDbLine
 10
43.270303763965586
 20
-78.12599016418139
 30
0.0
 11
43.4216059059662
 21
-78.03698628623559
 31
0.0
  0
LINE
  5
9E2
330
17
100
AcDbEntity
  8
0
100
AcDbLine
 10
43.4216059059662
 20
-78.03698628623559
 30
0.0
 11
43.57272018363248
 21
-77.94755995454247
 31
0.0
  0
LINE
  5
9E3
330
17
100
AcDbEntity
  8
0
100
AcDbLine
 10
43.57272018363248
 20
-77.94755995454247
 30
0.0
 11
43.72364520666367
 21
-77.85771150161801
 31
0.0
  0
LINE
  5
9E4
330
17
100
AcDbEntity
  8
0
100
AcDbLine
 10
43.72364520666367
 20
-77.85771150161801
 30
0.0
 11
43.874379540555715
 21
-77.76744129128528
 31
0.0
  0
LINE
  5
9E5
330
17
100
AcDbEntity
  8
0
100
AcDbLine
 10
43.874379540555715
 20
-77.76744129128528
 30
0.0
 11
44.02492154883929
 21
-77.67674980969588
 31
0.0
  0
LINE
  5
9E6
330
17
100
AcDbEntity
  8
0
100
AcDbLine
 10
44.02492154883929
 20
-77.67674980969588
 30
0.0
 11
44.175269799562315
 21
-77.585637422143
 31
0.0
  0
LINE
  5
9E7
330
17
100
AcDbEntity
  8
0
100
AcDbLine
 10
44.175269799562315
 20
-77.585637422143
 30
0.0
 11
44.325422898090764
 21
-77.49410447650945
 31
0.0
  0
LINE
  5
9E8
330
17
100
AcDbEntity
  8
0
100
AcDbLine
 10
44.325422898090764
 20
-77.49410447650945
 30
0.0
 11
44.47537944980088
 21
-77.40215132575858
 31
0.0
  0
LINE
  5
9E9
330
17
100
AcDbEntity
  8
0
100
AcDbLine
 10
44.47537944980088
 20
-77.40215132575858
 30
0.0
 11
44.62513806009822
 21
-77.30977832793823
 31
0.0
  0
LINE
  5
9EA
330
17
100
AcDbEntity
  8
0
100
AcDbLine
 10
44.62513806009822
 20
-77.30977832793823
 30
0.0
 11
44.77469733443656
 21
-77.21698584618447
 31
0.0
  0
LINE
  5
9EB
330
17
100
AcDbEntity
  8
0
100
AcDbLine
 10
44.77469733443656
 20
-77.21698584618447
 30
0.0
 11
44.924055878336404
 21
-77.12377424872591
 31
0.0
  0
LINE
  5
9EC
330
17
100
AcDbEntity
  8
0
100
AcDbLine
 10
44.924055878336404
 20
-77.12377424872591
 30
0.0
 11
45.07321234414653
 21
-77.03014387979631
 31
0.0
  0
LINE
  5
9ED
330
17
100
AcDbEntity
  8
0
100
AcDbLine
 10
45.07321234414653
 20
-77.03014387979631
 30
0.0
 11
45.2221655115959
 21
-76.93609501193649
 31
0.0
  0
LINE
  5
9EE
330
17
100
AcDbEntity
  8
0
100
AcDbLine
 10
45.2221655115959
 20
-76.93609501193649
 30
0.0
 11
45.37091400579663
 21
-76.84162802200831
 31
0.0
  0
LINE
  5
9EF
330
17
100
AcDbEntity
  8
0
100
AcDbLine
 10
45.37091400579663
 20
-76.84162802200831
 30
0.0
 11
45.519456436011275
 21
-76.74674330204755
 31
0.0
  0
LINE
  5
9F0
330
17
100
AcDbEntity
  8
0
100
AcDbLine
 10
45.519456436011275
 20
-76.74674330204755
 30
0.0
 11
45.66779141170169
 21
-76.65144124916603
 31
0.0
  0
LINE
  5
9F1
330
17
100
AcDbEntity
  8
0
100
AcDbLine
 10
45.66779141170169
 20
-76.65144124916603
 30
0.0
 11
45.81591754254803
 21
-76.55572226555482
 31
0.0
  0
LINE
  5
9F2
330
17
100
AcDbEntity
  8
0
100
AcDbLine
 10
45.81591754254803
 20
-76.55572226555482
 30
0.0
 11
45.96383343846763
 21
-76.45958675848719
 31
0.0
  0
LINE
  5
9F3
330
17
100
AcDbEntity
  8
0
100
AcDbLine
 10
45.96383343846763
 20
-76.45958675848719
 30
0.0
 11
46.111537709633595
 21
-76.36303514032214
 31
0.0
  0
LINE
  5
9F4
330
17
100
AcDbEntity
  8
0
100
AcDbLine
 10
46.111537709633595
 20
-76.36303514032214
 30
0.0
 11
46.25902888207956
 21
-76.26606788343003
 31
0.0
  0
LINE
  5
9F5
330
17
100
AcDbEntity
  8
0
100
AcDbLine
 10
46.25902888207956
 20
-76.26606788343003
 30
0.0
 11
46.406305350673364
 21
-76.16868554709377
 31
0.0
  0
LINE
  5
9F6
330
17
100
AcDbEntity
  8
0
100
AcDbLine
 10
46.406305350673364
 20
-76.16868554709377
 30
0.0
 11
46.55336571166694
 21
-76.07088856131233
 31
0.0
  0
LINE
  5
9F7
330
17
100
AcDbEntity
  8
0
100
AcDbLine
 10
46.55336571166694
 20
-76.07088856131233
 30
0.0
 11
46.70020857199513
 21
-75.97267735437822
 31
0.0
  0
LINE
  5
9F8
330
17
100
AcDbEntity
  8
0
100
AcDbLine
 10
46.70020857199513
 20
-75.97267735437822
 30
0.0
 11
46.84683253889358
 21
-75.87405235973127
 31
0.0
  0
LINE
  5
9F9
330
17
100
AcDbEntity
  8
0
100
AcDbLine
 10
46.84683253889358
 20
-75.87405235973127
 30
0.0
 11
46.993236219917755
 21
-75.7750140159618
 31
0.0
  0
LINE
  5
9FA
330
17
100
AcDbEntity
  8
0
100
AcDbLine
 10
46.993236219917755
 20
-75.7750140159618
 30
0.0
 11
47.139418222962355
 21
-75.67556276681347
 31
0.0
  0
LINE
  5
9FB
330
17
100
AcDbEntity
  8
0
100
AcDbLine
 10
47.139418222962355
 20
-75.67556276681347
 30
0.0
 11
47.28537715628069
 21
-75.57569906118613
 31
0.0
  0
LINE
  5
9FC
330
17
100
AcDbEntity
  8
0
100
AcDbLine
 10
47.28537715628069
 20
-75.57569906118613
 30
0.0
 11
47.43111177120699
 21
-75.47542325613854
 31
0.0
  0
LINE
  5
9FD
330
17
100
AcDbEntity
  8
0
100
AcDbLine
 10
47.43111177120699
 20
-75.47542325613854
 30
0.0
 11
47.57662092853893
 21
-75.3747356452892
 31
0.0
  0
LINE
  5
9FE
330
17
100
AcDbEntity
  8
0
100
AcDbLine
 10
47.57662092853893
 20
-75.3747356452892
 30
0.0
 11
47.721903248025825
 21
-75.27363669567777
 31
0.0
  0
LINE
  5
9FF
330
17
100
AcDbEntity
  8
0
100
AcDbLine
 10
47.721903248025825
 20
-75.27363669567777
 30
0.0
 11
47.86695734544642
 21
-75.17212688252418
 31
0.0
  0
LINE
  5
A00
330
17
100
AcDbEntity
  8
0
100
AcDbLine
 10
47.86695734544642
 20
-75.17212688252418
 30
0.0
 11
48.01178183709798
 21
-75.07020668615525
 31
0.0
  0
LINE
  5
A01
330
17
100
AcDbEntity
  8
0
100
AcDbLine
 10
48.01178183709798
 20
-75.07020668615525
 30
0.0
 11
48.1563753398157
 21
-74.96787659200672
 31
0.0
  0
LINE
  5
A02
330
17
100
AcDbEntity
  8
0
100
AcDbLine
 10
48.1563753398157
 20
-74.96787659200672
 30
0.0
 11
48.300736470991325
 21
-74.86513709062544
 31
0.0
  0
LINE
  5
A03
330
17
100
AcDbEntity
  8
0
100
AcDbLine
 10
48.300736470991325
 20
-74.86513709062544
 30
0.0
 11
48.44486384859238
 21
-74.7619886776713
 31
0.0
  0
LINE
  5
A04
330
17
100
AcDbEntity
  8
0
100
AcDbLine
 10
48.44486384859238
 20
-74.7619886776713
 30
0.0
 11
48.58875593994098
 21
-74.65843196125653
 31
0.0
  0
LINE
  5
A05
330
17
100
AcDbEntity
  8
0
100
AcDbLine
 10
48.58875593994098
 20
-74.65843196125653
 30
0.0
 11
48.7324111835859
 21
-74.55446757014812
 31
0.0
  0
LINE
  5
A06
330
17
100
AcDbEntity
  8
0
100
AcDbLine
 10
48.7324111835859
 20
-74.55446757014812
 30
0.0
 11
48.8758281940459
 21
-74.45009601080844
 31
0.0
  0
LINE
  5
A07
330
17
100
AcDbEntity
  8
0
100
AcDbLine
 10
48.8758281940459
 20
-74.45009601080844
 30
0.0
 11
49.01900558671546
 21
-74.34531779467507
 31
0.0
  0
LINE
  5
A08
330
17
100
AcDbEntity
  8
0
100
AcDbLine
 10
49.01900558671546
 20
-74.34531779467507
 30
0.0
 11
49.161941977608
 21
-74.2401334383611
 31
0.0
  0
LINE
  5
A09
330
17
100
AcDbEntity
  8
0
100
AcDbLine
 10
49.161941977608
 20
-74.2401334383611
 30
0.0
 11
49.304635983375654
 21
-74.1345434636569
 31
0.0
  0
LINE
  5
A0A
330
17
100
AcDbEntity
  8
0
100
AcDbLine
 10
49.304635983375654
 20
-74.1345434636569
 30
0.0
 11
49.44708622132839
 21
-74.02854839753209
 31
0.0
  0
LINE
  5
A0B
330
17
100
AcDbEntity
  8
0
100
AcDbLine
 10
49.44708622132839
 20
-74.02854839753209
 30
0.0
 11
49.589291309974726
 21
-73.92214877174668
 31
0.0
  0
LINE
  5
A0C
330
17
100
AcDbEntity
  8
0
100
AcDbLine
 10
49.589291309974726
 20
-73.92214877174668
 30
0.0
 11
49.73124999388616
 21
-73.81534503040908
 31
0.0
  0
LINE
  5
A0D
330
17
100
AcDbEntity
  8
0
100
AcDbLine
 10
49.73124999388616
 20
-73.81534503040908
 30
0.0
 11
49.87296099180953
 21
-73.70813764659388
 31
0.0
  0
LINE
  5
A0E
330
17
100
AcDbEntity
  8
0
100
AcDbLine
 10
49.87296099180953
 20
-73.70813764659388
 30
0.0
 11
50.014422927400354
 21
-73.60052717121147
 31
0.0
  0
LINE
  5
A0F
330
17
100
AcDbEntity
  8
0
100
AcDbLine
 10
50.014422927400354
 20
-73.60052717121147
 30
0.0
 11
50.155634425105994
 21
-73.4925141603214
 31
0.0
  0
LINE
  5
A10
330
17
100
AcDbEntity
  8
0
100
AcDbLine
 10
50.155634425105994
 20
-73.4925141603214
 30
0.0
 11
50.29659411018468
 21
-73.3840991751339
 31
0.0
  0
LINE
  5
A11
330
17
100
AcDbEntity
  8
0
100
AcDbLine
 10
50.29659411018468
 20
-73.3840991751339
 30
0.0
 11
50.43730060872512
 21
-73.27528278201073
 31
0.0
  0
LINE
  5
A12
330
17
100
AcDbEntity
  8
0
100
AcDbLine
 10
50.43730060872512
 20
-73.27528278201073
 30
0.0
 11
50.57775254766611
 21
-73.16606555246611
 31
0.0
  0
LINE
  5
A13
330
17
100
AcDbEntity
  8
0
100
AcDbLine
 10
50.57775254766611
 20
-73.16606555246611
 30
0.0
 11
50.71794855662894
 21
-73.05644806175054
 31
0.0
  0
LINE
  5
A14
330
17
100
AcDbEntity
  8
0
100
AcDbLine
 10
50.71794855662894
 20
-73.05644806175054
 30
0.0
 11
50.85788733865166
 21
-72.94643083429821
 31
0.0
  0
LINE
  5
A15
330
17
100
AcDbEntity
  8
0
100
AcDbLine
 10
50.85788733865166
 20
-72.94643083429821
 30
0.0
 11
50.997567563611796
 21
-72.83601442837045
 31
0.0
  0
LINE
  5
A16
330
17
100
AcDbEntity
  8
0
100
AcDbLine
 10
50.997567563611796
 20
-72.83601442837045
 30
0.0
 11
51.13698786391468
 21
-72.7251994377454
 31
0.0
  0
LINE
  5
A17
330
17
100
AcDbEntity
  8
0
100
AcDbLine
 10
51.13698786391468
 20
-72.7251994377454
 30
0.0
 11
51.276146872931186
 21
-72.61398646133765
 31
0.0
  0
LINE
  5
A18
330
17
100
AcDbEntity
  8
0
100
AcDbLine
 10
51.276146872931186
 20
-72.61398646133765
 30
0.0
 11
51.41504322501755
 21
-72.5023761031986
 31
0.0
  0
LINE
  5
A19
330
17
100
AcDbEntity
  8
0
100
AcDbLine
 10
51.41504322501755
 20
-72.5023761031986
 30
0.0
 11
51.55367555553423
 21
-72.39036897251708
 31
0.0
  0
LINE
  5
A1A
330
17
100
AcDbEntity
  8
0
100
AcDbLine
 10
51.55367555553423
 20
-72.39036897251708
 30
0.0
 11
51.69204250086564
 21
-72.27796568361956
 31
0.0
  0
LINE
  5
A1B
330
17
100
AcDbEntity
  8
0
100
AcDbLine
 10
51.69204250086564
 20
-72.27796568361956
 30
0.0
 11
51.83014269173672
 21
-72.16516686143342
 31
0.0
  0
LINE
  5
A1C
330
17
100
AcDbEntity
  8
0
100
AcDbLine
 10
51.83014269173672
 20
-72.16516686143342
 30
0.0
 11
51.96797465169492
 21
-72.05197322298054
 31
0.0
  0
LINE
  5
A1D
330
17
100
AcDbEntity
  8
0
100
AcDbLine
 10
51.96797465169492
 20
-72.05197322298054
 30
0.0
 11
52.10553697672516
 21
-71.93838542934958
 31
0.0
  0
LINE
  5
A1E
330
17
100
AcDbEntity
  8
0
100
AcDbLine
 10
52.10553697672516
 20
-71.93838542934958
 30
0.0
 11
52.242828304760366
 21
-71.8244041130983
 31
0.0
  0
LINE
  5
A1F
330
17
100
AcDbEntity
  8
0
100
AcDbLine
 10
52.242828304760366
 20
-71.8244041130983
 30
0.0
 11
52.37984727482893
 21
-71.71002991195186
 31
0.0
  0
LINE
  5
A20
330
17
100
AcDbEntity
  8
0
100
AcDbLine
 10
52.37984727482893
 20
-71.71002991195186
 30
0.0
 11
52.51659252707452
 21
-71.59526346880291
 31
0.0
  0
LINE
  5
A21
330
17
100
AcDbEntity
  8
0
100
AcDbLine
 10
52.51659252707452
 20
-71.59526346880291
 30
0.0
 11
52.65306270277562
 21
-71.4801054317117
 31
0.0
  0
LINE
  5
A22
330
17
100
AcDbEntity
  8
0
100
AcDbLine
 10
52.65306270277562
 20
-71.4801054317117
 30
0.0
 11
52.789256444365215
 21
-71.36455645390595
 31
0.0
  0
LINE
  5
A23
330
17
100
AcDbEntity
  8
0
100
AcDbLine
 10
52.789256444365215
 20
-71.36455645390595
 30
0.0
 11
52.925172417189074
 21
-71.24861717531131
 31
0.0
  0
LINE
  5
A24
330
17
100
AcDbEntity
  8
0
100
AcDbLine
 10
52.925172417189074
 20
-71.24861717531131
 30
0.0
 11
53.06080947130508
 21
-71.1322880877183
 31
0.0
  0
LINE
  5
A25
330
17
100
AcDbEntity
  8
0
100
AcDbLine
 10
53.06080947130508
 20
-71.1322880877183
 30
0.0
 11
53.19616630725985
 21
-71.01556982107692
 31
0.0
  0
LINE
  5
A26
330
17
100
AcDbEntity
  8
0
100
AcDbLine
 10
53.19616630725985
 20
-71.01556982107692
 30
0.0
 11
53.331241577122555
 21
-70.89846305321268
 31
0.0
  0
LINE
  5
A27
330
17
100
AcDbEntity
  8
0
100
AcDbLine
 10
53.331241577122555
 20
-70.89846305321268
 30
0.0
 11
53.46603393425928
 21
-70.78096846706538
 31
0.0
  0
LINE
  5
A28
330
17
100
AcDbEntity
  8
0
100
AcDbLine
 10
53.46603393425928
 20
-70.78096846706538
 30
0.0
 11
53.60054203335272
 21
-70.66308675068854
 31
0.0
  0
LINE
  5
A29
330
17
100
AcDbEntity
  8
0
100
AcDbLine
 10
53.60054203335272
 20
-70.66308675068854
 30
0.0
 11
53.73476453042166
 21
-70.54481859724794
 31
0.0
  0
LINE
  5
A2A
330
17
100
AcDbEntity
  8
0
100
AcDbLine
 10
53.73476453042166
 20
-70.54481859724794
 30
0.0
 11
53.86870008284035
 21
-70.42616470502143
 31
0.0
  0
LINE
  5
A2B
330
17
100
AcDbEntity
  8
0
100
AcDbLine
 10
53.86870008284035
 20
-70.42616470502143
 30
0.0
 11
54.002347341661675
 21
-70.30712578421284
 31
0.0
  0
LINE
  5
A2C
330
17
100
AcDbEntity
  8
0
100
AcDbLine
 10
54.002347341661675
 20
-70.30712578421284
 30
0.0
 11
54.13570492168907
 21
-70.18770258278302
 31
0.0
  0
LINE
  5
A2D
330
17
100
AcDbEntity
  8
0
100
AcDbLine
 10
54.13570492168907
 20
-70.18770258278302
 30
0.0
 11
54.26877147616315
 21
-70.06789581996318
 31
0.0
  0
LINE
  5
A2E
330
17
100
AcDbEntity
  8
0
100
AcDbLine
 10
54.26877147616315
 20
-70.06789581996318
 30
0.0
 11
54.40154566699131
 21
-69.94770621361596
 31
0.0
  0
LINE
  5
A2F
330
17
100
AcDbEntity
  8
0
100
AcDbLine
 10
54.40154566699131
 20
-69.94770621361596
 30
0.0
 11
54.534026157524835
 21
-69.82713448672149
 31
0.0
  0
LINE
  5
A30
330
17
100
AcDbEntity
  8
0
100
AcDbLine
 10
54.534026157524835
 20
-69.82713448672149
 30
0.0
 11
54.66621161257795
 21
-69.70618136737627
 31
0.0
  0
LINE
  5
A31
330
17
100
AcDbEntity
  8
0
100
AcDbLine
 10
54.66621161257795
 20
-69.70618136737627
 30
0.0
 11
54.79810069844778
 21
-69.58484758879179
 31
0.0
  0
LINE
  5
A32
330
17
100
AcDbEntity
  8
0
100
AcDbLine
 10
54.79810069844778
 20
-69.58484758879179
 30
0.0
 11
54.92969208293408
 21
-69.46313388929276
 31
0.0
  0
LINE
  5
A33
330
17
100
AcDbEntity
  8
0
100
AcDbLine
 10
54.92969208293408
 20
-69.46313388929276
 30
0.0
 11
55.0609844565152
 21
-69.34104099279162
 31
0.0
  0
LINE
  5
A34
330
17
100
AcDbEntity
  8
0
100
AcDbLine
 10
55.0609844565152
 20
-69.34104099279162
 30
0.0
 11
55.19197657295389
 21
-69.21856957285891
 31
0.0
  0
LINE
  5
A35
330
17
100
AcDbEntity
  8
0
100
AcDbLine
 10
55.19197657295389
 20
-69.21856957285891
 30
0.0
 11
55.322667114881284
 21
-69.09572037714874
 31
0.0
  0
LINE
  5
A36
330
17
100
AcDbEntity
  8
0
100
AcDbLine
 10
55.322667114881284
 20
-69.09572037714874
 30
0.0
 11
55.45305475838613
 21
-68.97249416599901
 31
0.0
  0
LINE
  5
A37
330
17
100
AcDbEntity
  8
0
100
AcDbLine
 10
55.45305475838613
 20
-68.97249416599901
 30
0.0
 11
55.58313818117553
 21
-68.84889170483024
 31
0.0
  0
LINE
  5
A38
330
17
100
AcDbEntity
  8
0
100
AcDbLine
 10
55.58313818117553
 20
-68.84889170483024
 30
0.0
 11
55.712916062594275
 21
-68.72491376414396
 31
0.0
  0
LINE
  5
A39
330
17
100
AcDbEntity
  8
0
100
AcDbLine
 10
55.712916062594275
 20
-68.72491376414396
 30
0.0
 11
55.84238708364437
 21
-68.60056111952048
 31
0.0
  0
LINE
  5
A3A
330
17
100
AcDbEntity
  8
0
100
AcDbLine
 10
55.84238708364437
 20
-68.60056111952048
 30
0.0
 11
55.9715499270048
 21
-68.47583455161664
 31
0.0
  0
LINE
  5
A3B
330
17
100
AcDbEntity
  8
0
100
AcDbLine
 10
55.9715499270048
 20
-68.47583455161664
 30
0.0
 11
56.10040330130815
 21
-68.35073482283525
 31
0.0
  0
LINE
  5
A3C
330
17
100
AcDbEntity
  8
0
100
AcDbLine
 10
56.10040330130815
 20
-68.35073482283525
 30
0.0
 11
56.2289459578445
 21
-68.22526266277481
 31
0.0
  0
LINE
  5
A3D
330
17
100
AcDbEntity
  8
0
100
AcDbLine
 10
56.2289459578445
 20
-68.22526266277481
 30
0.0
 11
56.357176589639096
 21
-68.09941886528495
 31
0.0
  0
LINE
  5
A3E
330
17
100
AcDbEntity
  8
0
100
AcDbLine
 10
56.357176589639096
 20
-68.09941886528495
 30
0.0
 11
56.48509388805404
 21
-67.97320423260253
 31
0.0
  0
LINE
  5
A3F
330
17
100
AcDbEntity
  8
0
100
AcDbLine
 10
56.48509388805404
 20
-67.97320423260253
 30
0.0
 11
56.61269654624054
 21
-67.8466195720103
 31
0.0
  0
LINE
  5
A40
330
17
100
AcDbEntity
  8
0
100
AcDbLine
 10
56.61269654624054
 20
-67.8466195720103
 30
0.0
 11
56.73998325915835
 21
-67.7196656958341
 31
0.0
  0
LINE
  5
A41
330
17
100
AcDbEntity
  8
0
100
AcDbLine
 10
56.73998325915835
 20
-67.7196656958341
 30
0.0
 11
56.86695272359492
 21
-67.59234342144035
 31
0.0
  0
LINE
  5
A42
330
17
100
AcDbEntity
  8
0
100
AcDbLine
 10
56.86695272359492
 20
-67.59234342144035
 30
0.0
 11
56.99360363818505
 21
-67.46465357123327
 31
0.0
  0
LINE
  5
A43
330
17
100
AcDbEntity
  8
0
100
AcDbLine
 10
56.99360363818505
 20
-67.46465357123327
 30
0.0
 11
57.11993472354372
 21
-67.3365969524932
 31
0.0
  0
LINE
  5
A44
330
17
100
AcDbEntity
  8
0
100
AcDbLine
 10
57.11993472354372
 20
-67.3365969524932
 30
0.0
 11
57.24594471941617
 21
-67.20817436135505
 31
0.0
  0
LINE
  5
A45
330
17
100
AcDbEntity
  8
0
100
AcDbLine
 10
57.24594471941617
 20
-67.20817436135505
 30
0.0
 11
57.371632332013206
 21
-67.07938663535452
 31
0.0
  0
LINE
  5
A46
330
17
100
AcDbEntity
  8
0
100
AcDbLine
 10
57.371632332013206
 20
-67.07938663535452
 30
0.0
 11
57.49699626870667
 21
-66.95023461782458
 31
0.0
  0
LINE
  5
A47
330
17
100
AcDbEntity
  8
0
100
AcDbLine
 10
57.49699626870667
 20
-66.95023461782458
 30
0.0
 11
57.62203523882181
 21
-66.82071915710856
 31
0.0
  0
LINE
  5
A48
330
17
100
AcDbEntity
  8
0
100
AcDbLine
 10
57.62203523882181
 20
-66.82071915710856
 30
0.0
 11
57.74674795365691
 21
-66.69084110655692
 31
0.0
  0
LINE
  5
A49
330
17
100
AcDbEntity
  8
0
100
AcDbLine
 10
57.74674795365691
 20
-66.69084110655692
 30
0.0
 11
57.87113312650271
 21
-66.56060132452359
 31
0.0
  0
LINE
  5
A4A
330
17
100
AcDbEntity
  8
0
100
AcDbLine
 10
57.87113312650271
 20
-66.56060132452359
 30
0.0
 11
57.99518947266161
 21
-66.43000067436299
 31
0.0
  0
LINE
  5
A4B
330
17
100
AcDbEntity
  8
0
100
AcDbLine
 10
57.99518947266161
 20
-66.43000067436299
 30
0.0
 11
58.11891579963046
 21
-66.29903993024189
 31
0.0
  0
LINE
  5
A4C
330
17
100
AcDbEntity
  8
0
100
AcDbLine
 10
58.11891579963046
 20
-66.29903993024189
 30
0.0
 11
58.242310940769215
 21
-66.16771985098781
 31
0.0
  0
LINE
  5
A4D
330
17
100
AcDbEntity
  8
0
100
AcDbLine
 10
58.242310940769215
 20
-66.16771985098781
 30
0.0
 11
58.365373621981774
 21
-66.03604131747701
 31
0.0
  0
LINE
  5
A4E
330
17
100
AcDbEntity
  8
0
100
AcDbLine
 10
58.365373621981774
 20
-66.03604131747701
 30
0.0
 11
58.488102570992226
 21
-65.90400521584479
 31
0.0
  0
LINE
  5
A4F
330
17
100
AcDbEntity
  8
0
100
AcDbLine
 10
58.488102570992226
 20
-65.90400521584479
 30
0.0
 11
58.61049651766443
 21
-65.77161243716392
 31
0.0
  0
LINE
  5
A50
330
17
100
AcDbEntity
  8
0
100
AcDbLine
 10
58.61049651766443
 20
-65.77161243716392
 30
0.0
 11
58.73255419402143
 21
-65.63886387744041
 31
0.0
  0
LINE
  5
A51
330
17
100
AcDbEntity
  8
0
100
AcDbLine
 10
58.73255419402143
 20
-65.63886387744041
 30
0.0
 11
58.85427433426466
 21
-65.50576043760927
 31
0.0
  0
LINE
  5
A52
330
17
100
AcDbEntity
  8
0
100
AcDbLine
 10
58.85427433426466
 20
-65.50576043760927
 30
0.0
 11
58.97565567494921
 21
-65.3723030233581
 31
0.0
  0
LINE
  5
A53
330
17
100
AcDbEntity
  8
0
100
AcDbLine
 10
58.97565567494921
 20
-65.3723030233581
 30
0.0
 11
59.09669701266071
 21
-65.23849248234825
 31
0.0
  0
LINE
  5
A54
330
17
100
AcDbEntity
  8
0
100
AcDbLine
 10
59.09669701266071
 20
-65.23849248234825
 30
0.0
 11
59.217397136738796
 21
-65.10432968023014
 31
0.0
  0
LINE
  5
A55
330
17
100
AcDbEntity
  8
0
100
AcDbLine
 10
59.217397136738796
 20
-65.10432968023014
 30
0.0
 11
59.337754792525004
 21
-64.96981553909552
 31
0.0
  0
LINE
  5
A56
330
17
100
AcDbEntity
  8
0
100
AcDbLine
 10
59.337754792525004
 20
-64.96981553909552
 30
0.0
 11
59.457768727650844
 21
-64.83495098591956
 31
0.0
  0
LINE
  5
A57
330
17
100
AcDbEntity
  8
0
100
AcDbLine
 10
59.457768727650844
 20
-64.83495098591956
 30
0.0
 11
59.57743769205706
 21
-64.69973695255608
 31
0.0
  0
LINE
  5
A58
330
17
100
AcDbEntity
  8
0
100
AcDbLine
 10
59.57743769205706
 20
-64.69973695255608
 30
0.0
 11
59.696760438012234
 21
-64.56417437573333
 31
0.0
  0
LINE
  5
A59
330
17
100
AcDbEntity
  8
0
100
AcDbLine
 10
59.696760438012234
 20
-64.56417437573333
 30
0.0
 11
59.8157357201318
 21
-64.42826419704883
 31
0.0
  0
LINE
  5
A5A
330
17
100
AcDbEntity
  8
0
100
AcDbLine
 10
59.8157357201318
 20
-64.42826419704883
 30
0.0
 11
59.934362297941206
 21
-64.29200736004258
 31
0.0
  0
LINE
  5
A5B
330
17
100
AcDbEntity
  8
0
100
AcDbLine
 10
59.934362297941206
 20
-64.29200736004258
 30
0.0
 11
60.052639051751996
 21
-64.15540467881478
 31
0.0
  0
LINE
  5
A5C
330
17
100
AcDbEntity
  8
0
100
AcDbLine
 10
60.052639051751996
 20
-64.15540467881478
 30
0.0
 11
60.170564812744175
 21
-64.01845703642901
 31
0.0
  0
LINE
  5
A5D
330
17
100
AcDbEntity
  8
0
100
AcDbLine
 10
60.170564812744175
 20
-64.01845703642901
 30
0.0
 11
60.28813834929325
 21
-63.881165396576286
 31
0.0
  0
LINE
  5
A5E
330
17
100
AcDbEntity
  8
0
100
AcDbLine
 10
60.28813834929325
 20
-63.881165396576286
 30
0.0
 11
60.40535843224562
 21
-63.74353072774731
 31
0.0
  0
LINE
  5
A5F
330
17
100
AcDbEntity
  8
0
100
AcDbLine
 10
60.40535843224562
 20
-63.74353072774731
 30
0.0
 11
60.52222383493708
 21
-63.60555400322688
 31
0.0
  0
LINE
  5
A60
330
17
100
AcDbEntity
  8
0
100
AcDbLine
 10
60.52222383493708
 20
-63.60555400322688
 30
0.0
 11
60.638733333211846
 21
-63.46723620108831
 31
0.0
  0
LINE
  5
A61
330
17
100
AcDbEntity
  8
0
100
AcDbLine
 10
60.638733333211846
 20
-63.46723620108831
 30
0.0
 11
60.75488570544073
 21
-63.32857830418825
 31
0.0
  0
LINE
  5
A62
330
17
100
AcDbEntity
  8
0
100
AcDbLine
 10
60.75488570544073
 20
-63.32857830418825
 30
0.0
 11
60.87067973667125
 21
-63.189581295211276
 31
0.0
  0
LINE
  5
A63
330
17
100
AcDbEntity
  8
0
100
AcDbLine
 10
60.87067973667125
 20
-63.189581295211276
 30
0.0
 11
60.9861142879996
 21
-63.05024607481893
 31
0.0
  0
LINE
  5
A64
330
17
100
AcDbEntity
  8
0
100
AcDbLine
 10
60.9861142879996
 20
-63.05024607481893
 30
0.0
 11
61.101188176799425
 21
-62.91057360686303
 31
0.0
  0
LINE
  5
A65
330
17
100
AcDbEntity
  8
0
100
AcDbLine
 10
61.101188176799425
 20
-62.91057360686303
 30
0.0
 11
61.21590019427022
 21
-62.7705648948283
 31
0.0
  0
LINE
  5
A66
330
17
100
AcDbEntity
  8
0
100
AcDbLine
 10
61.21590019427022
 20
-62.7705648948283
 30
0.0
 11
61.33024913424845
 21
-62.63022094692661
 31
0.0
  0
LINE
  5
A67
330
17
100
AcDbEntity
  8
0
100
AcDbLine
 10
61.33024913424845
 20
-62.63022094692661
 30
0.0
 11
61.44423379322561
 21
-62.48954277609139
 31
0.0
  0
LINE
  5
A68
330
17
100
AcDbEntity
  8
0
100
AcDbLine
 10
61.44423379322561
 20
-62.48954277609139
 30
0.0
 11
61.557852970366994
 21
-62.34853139997099
 31
0.0
  0
LINE
  5
A69
330
17
100
AcDbEntity
  8
0
100
AcDbLine
 10
61.557852970366994
 20
-62.34853139997099
 30
0.0
 11
61.671105467529756
 21
-62.20718784092299
 31
0.0
  0
LINE
  5
A6A
330
17
100
AcDbEntity
  8
0
100
AcDbLine
 10
61.671105467529756
 20
-62.20718784092299
 30
0.0
 11
61.78399011495519
 21
-62.0655130939099
 31
0.0
  0
LINE
  5
A6B
330
17
100
AcDbEntity
  8
0
100
AcDbLine
 10
61.78399011495519
 20
-62.0655130939099
 30
0.0
 11
61.89650597960875
 21
-61.9235078709464
 31
0.0
  0
LINE
  5
A6C
330
17
100
AcDbEntity
  8
0
100
AcDbLine
 10
61.89650597960875
 20
-61.9235078709464
 30
0.0
 11
62.008651945611376
 21
-61.78117313024214
 31
0.0
  0
LINE
  5
A6D
330
17
100
AcDbEntity
  8
0
100
AcDbLine
 10
62.008651945611376
 20
-61.78117313024214
 30
0.0
 11
62.120426834112436
 21
-61.638509917828216
 31
0.0
  0
LINE
  5
A6E
330
17
100
AcDbEntity
  8
0
100
AcDbLine
 10
62.120426834112436
 20
-61.638509917828216
 30
0.0
 11
62.231829469099196
 21
-61.49551928432318
 31
0.0
  0
LINE
  5
A6F
330
17
100
AcDbEntity
  8
0
100
AcDbLine
 10
62.231829469099196
 20
-61.49551928432318
 30
0.0
 11
62.3428586774146
 21
-61.35220228492646
 31
0.0
  0
LINE
  5
A70
330
17
100
AcDbEntity
  8
0
100
AcDbLine
 10
62.3428586774146
 20
-61.35220228492646
 30
0.0
 11
62.45351328877487
 21
-61.20855997941127
 31
0.0
  0
LINE
  5
A71
330
17
100
AcDbEntity
  8
0
100
AcDbLine
 10
62.45351328877487
 20
-61.20855997941127
 30
0.0
 11
62.563792135787565
 21
-61.064593432117334
 31
0.0
  0
LINE
  5
A72
330
17
100
AcDbEntity
  8
0
100
AcDbLine
 10
62.563792135787565
 20
-61.064593432117334
 30
0.0
 11
62.67369407584364
 21
-60.92030368339159
 31
0.0
  0
LINE
  5
A73
330
17
100
AcDbEntity
  8
0
100
AcDbLine
 10
62.67369407584364
 20
-60.92030368339159
 30
0.0
 11
62.783218083939886
 21
-60.775691631551034
 31
0.0
  0
LINE
  5
A74
330
17
100
AcDbEntity
  8
0
100
AcDbLine
 10
62.783218083939886
 20
-60.775691631551034
 30
0.0
 11
62.892363028816675
 21
-60.63075832688328
 31
0.0
  0
LINE
  5
A75
330
17
100
AcDbEntity
  8
0
100
AcDbLine
 10
62.892363028816675
 20
-60.63075832688328
 30
0.0
 11
63.00112775928619
 21
-60.48550485443898
 31
0.0
  0
LINE
  5
A76
330
17
100
AcDbEntity
  8
0
100
AcDbLine
 10
63.00112775928619
 20
-60.48550485443898
 30
0.0
 11
63.10951112716798
 21
-60.339932303751404
 31
0.0
  0
LINE
  5
A77
330
17
100
AcDbEntity
  8
0
100
AcDbLine
 10
63.10951112716798
 20
-60.339932303751404
 30
0.0
 11
63.217511987306494
 21
-60.194041768828754
 31
0.0
  0
LINE
  5
A78
330
17
100
AcDbEntity
  8
0
100
AcDbLine
 10
63.217511987306494
 20
-60.194041768828754
 30
0.0
 11
63.32512919758817
 21
-60.047834348146786
 31
0.0
  0
LINE
  5
A79
330
17
100
AcDbEntity
  8
0
100
AcDbLine
 10
63.32512919758817
 20
-60.047834348146786
 30
0.0
 11
63.43236161895885
 21
-59.901311144640964
 31
0.0
  0
LINE
  5
A7A
330
17
100
AcDbEntity
  8
0
100
AcDbLine
 10
63.43236161895885
 20
-59.901311144640964
 30
0.0
 11
63.53920816262581
 21
-59.75447320136024
 31
0.0
  0
LINE
  5
A7B
330
17
100
AcDbEntity
  8
0
100
AcDbLine
 10
63.53920816262581
 20
-59.75447320136024
 30
0.0
 11
63.64566789062286
 21
-59.607321369826714
 31
0.0
  0
LINE
  5
A7C
330
17
100
AcDbEntity
  8
0
100
AcDbLine
 10
63.64566789062286
 20
-59.607321369826714
 30
0.0
 11
63.75173970015638
 21
-59.45985674194918
 31
0.0
  0
LINE
  5
A7D
330
17
100
AcDbEntity
  8
0
100
AcDbLine
 10
63.75173970015638
 20
-59.45985674194918
 30
0.0
 11
63.85742247127891
 21
-59.312080442040454
 31
0.0
  0
LINE
  5
A7E
330
17
100
AcDbEntity
  8
0
100
AcDbLine
 10
63.85742247127891
 20
-59.312080442040454
 30
0.0
 11
63.96271508722867
 21
-59.16399359876186
 31
0.0
  0
LINE
  5
A7F
330
17
100
AcDbEntity
  8
0
100
AcDbLine
 10
63.96271508722867
 20
-59.16399359876186
 30
0.0
 11
64.06761643444672
 21
-59.015597345114415
 31
0.0
  0
LINE
  5
A80
330
17
100
AcDbEntity
  8
0
100
AcDbLine
 10
64.06761643444672
 20
-59.015597345114415
 30
0.0
 11
64.17212540259337
 21
-58.86689281843083
 31
0.0
  0
LINE
  5
A81
330
17
100
AcDbEntity
  8
0
100
AcDbLine
 10
64.17212540259337
 20
-58.86689281843083
 30
0.0
 11
64.27624088456501
 21
-58.71788116036682
 31
0.0
  0
LINE
  5
A82
330
17
100
AcDbEntity
  8
0
100
AcDbLine
 10
64.27624088456501
 20
-58.71788116036682
 30
0.0
 11
64.37996182167026
 21
-58.568563452524984
 31
0.0
  0
LINE
  5
A83
330
17
100
AcDbEntity
  8
0
100
AcDbLine
 10
64.37996182167026
 20
-58.568563452524984
 30
0.0
 11
64.48328724111131
 21
-58.41894066758421
 31
0.0
  0
LINE
  5
A84
330
17
100
AcDbEntity
  8
0
100
AcDbLine
 10
64.48328724111131
 20
-58.41894066758421
 30
0.0
 11
64.586216057637
 21
-58.26901395210395
 31
0.0
  0
LINE
  5
A85
330
17
100
AcDbEntity
  8
0
100
AcDbLine
 10
64.586216057637
 20
-58.26901395210395
 30
0.0
 11
64.68874718202686
 21
-58.11878446741435
 31
0.0
  0
LINE
  5
A86
330
17
100
AcDbEntity
  8
0
100
AcDbLine
 10
64.68874718202686
 20
-58.11878446741435
 30
0.0
 11
64.79087952840713
 21
-57.96825337907429
 31
0.0
  0
LINE
  5
A87
330
17
100
AcDbEntity
  8
0
100
AcDbLine
 10
64.79087952840713
 20
-57.96825337907429
 30
0.0
 11
64.8926120142674
 21
-57.81742185686221
 31
0.0
  0
LINE
  5
A88
330
17
100
AcDbEntity
  8
0
100
AcDbLine
 10
64.8926120142674
 20
-57.81742185686221
 30
0.0
 11
64.99394356047677
 21
-57.66629107476685
 31
0.0
  0
LINE
  5
A89
330
17
100
AcDbEntity
  8
0
100
AcDbLine
 10
64.99394356047677
 20
-57.66629107476685
 30
0.0
 11
65.09487309130006
 21
-57.514862210978485
 31
0.0
  0
LINE
  5
A8A
330
17
100
AcDbEntity
  8
0
100
AcDbLine
 10
65.09487309130006
 20
-57.514862210978485
 30
0.0
 11
65.19539955734176
 21
-57.36313641369244
 31
0.0
  0
LINE
  5
A8B
330
17
100
AcDbEntity
  8
0
100
AcDbLine
 10
65.19539955734176
 20
-57.36313641369244
 30
0.0
 11
65.2955219346198
 21
-57.21111480459016
 31
0.0
  0
LINE
  5
A8C
330
17
100
AcDbEntity
  8
0
100
AcDbLine
 10
65.2955219346198
 20
-57.21111480459016
 30
0.0
 11
65.39523916063331
 21
-57.058798573758
 31
0.0
  0
LINE
  5
A8D
330
17
100
AcDbEntity
  8
0
100
AcDbLine
 10
65.39523916063331
 20
-57.058798573758
 30
0.0
 11
65.49455017528625
 21
-56.90618891703635
 31
0.0
  0
LINE
  5
A8E
330
17
100
AcDbEntity
  8
0
100
AcDbLine
 10
65.49455017528625
 20
-56.90618891703635
 30
0.0
 11
65.59345392196968
 21
-56.753287034399875
 31
0.0
  0
LINE
  5
A8F
330
17
100
AcDbEntity
  8
0
100
AcDbLine
 10
65.59345392196968
 20
-56.753287034399875
 30
0.0
 11
65.69194934757775
 21
-56.600094129948324
 31
0.0
  0
LINE
  5
A90
330
17
100
AcDbEntity
  8
0
100
AcDbLine
 10
65.69194934757775
 20
-56.600094129948324
 30
0.0
 11
65.79003540252376
 21
-56.446611411896704
 31
0.0
  0
LINE
  5
A91
330
17
100
AcDbEntity
  8
0
100
AcDbLine
 10
65.79003540252376
 20
-56.446611411896704
 30
0.0
 11
65.88771104075602
 21
-56.29284009256542
 31
0.0
  0
LINE
  5
A92
330
17
100
AcDbEntity
  8
0
100
AcDbLine
 10
65.88771104075602
 20
-56.29284009256542
 30
0.0
 11
65.98497520850498
 21
-56.13878140596374
 31
0.0
  0
LINE
  5
A93
330
17
100
AcDbEntity
  8
0
100
AcDbLine
 10
65.98497520850498
 20
-56.13878140596374
 30
0.0
 11
66.08182685172753
 21
-55.984436595225866
 31
0.0
  0
LINE
  5
A94
330
17
100
AcDbEntity
  8
0
100
AcDbLine
 10
66.08182685172753
 20
-55.984436595225866
 30
0.0
 11
66.17826493426124
 21
-55.829806884660535
 31
0.0
  0
LINE
  5
A95
330
17
100
AcDbEntity
  8
0
100
AcDbLine
 10
66.17826493426124
 20
-55.829806884660535
 30
0.0
 11
66.27428842359859
 21
-55.67489350255575
 31
0.0
  0
LINE
  5
A96
330
17
100
AcDbEntity
  8
0
100
AcDbLine
 10
66.27428842359859
 20
-55.67489350255575
 30
0.0
 11
66.3698962908426
 21
-55.51969768126361
 31
0.0
  0
LINE
  5
A97
330
17
100
AcDbEntity
  8
0
100
AcDbLine
 10
66.3698962908426
 20
-55.51969768126361
 30
0.0
 11
66.46508751072263
 21
-55.36422065719086
 31
0.0
  0
LINE
  5
A98
330
17
100
AcDbEntity
  8
0
100
AcDbLine
 10
66.46508751072263
 20
-55.36422065719086
 30
0.0
 11
66.55986106161008
 21
-55.20846367078856
 31
0.0
  0
LINE
  5
A99
330
17
100
AcDbEntity
  8
0
100
AcDbLine
 10
66.55986106161008
 20
-55.20846367078856
 30
0.0
 11
66.65421592557816
 21
-55.05242796646941
 31
0.0
  0
LINE
  5
A9A
330
17
100
AcDbEntity
  8
0
100
AcDbLine
 10
66.65421592557816
 20
-55.05242796646941
 30
0.0
 11
66.7481511164854
 21
-54.896114746677924
 31
0.0
  0
LINE
  5
A9B
330
17
100
AcDbEntity
  8
0
100
AcDbLine
 10
66.7481511164854
 20
-54.896114746677924
 30
0.0
 11
66.84166564880842
 21
-54.73952522519071
 31
0.0
  0
LINE
  5
A9C
330
17
100
AcDbEntity
  8
0
100
AcDbLine
 10
66.84166564880842
 20
-54.73952522519071
 30
0.0
 11
66.93475851721976
 21
-54.58266065926515
 31
0.0
  0
LINE
  5
A9D
330
17
100
AcDbEntity
  8
0
100
AcDbLine
 10
66.93475851721976
 20
-54.58266065926515
 30
0.0
 11
67.027428720121
 21
-54.425522310135165
 31
0.0
  0
LINE
  5
A9E
330
17
100
AcDbEntity
  8
0
100
AcDbLine
 10
67.027428720121
 20
-54.425522310135165
 30
0.0
 11
67.11967525965811
 21
-54.26811144300022
 31
0.0
  0
LINE
  5
A9F
330
17
100
AcDbEntity
  8
0
100
AcDbLine
 10
67.11967525965811
 20
-54.26811144300022
 30
0.0
 11
67.21149714173734
 21
-54.110429327014835
 31
0.0
  0
LINE
  5
AA0
330
17
100
AcDbEntity
  8
0
100
AcDbLine
 10
67.21149714173734
 20
-54.110429327014835
 30
0.0
 11
67.30289337604049
 21
-53.95247723527828
 31
0.0
  0
LINE
  5
AA1
330
17
100
AcDbEntity
  8
0
100
AcDbLine
 10
67.30289337604049
 20
-53.95247723527828
 30
0.0
 11
67.39386297602152
 21
-53.79425644485659
 31
0.0
  0
LINE
  5
AA2
330
17
100
AcDbEntity
  8
0
100
AcDbLine
 10
67.39386297602152
 20
-53.79425644485659
 30
0.0
 11
67.4844049579043
 21
-53.63576823851708
 31
0.0
  0
LINE
  5
AA3
330
17
100
AcDbEntity
  8
0
100
AcDbLine
 10
67.4844049579043
 20
-53.63576823851708
 30
0.0
 11
67.57451834214429
 21
-53.47701390215079
 31
0.0
  0
LINE
  5
AA4
330
17
100
AcDbEntity
  8
0
100
AcDbLine
 10
67.57451834214429
 20
-53.47701390215079
 30
0.0
 11
67.66420215362743
 21
-53.3179947245048
 31
0.0
  0
LINE
  5
AA5
330
17
100
AcDbEntity
  8
0
100
AcDbLine
 10
67.66420215362743
 20
-53.3179947245048
 30
0.0
 11
67.7534554210924
 21
-53.1587119982174
 31
0.0
  0
LINE
  5
AA6
330
17
100
AcDbEntity
  8
0
100
AcDbLine
 10
67.7534554210924
 20
-53.1587119982174
 30
0.0
 11
67.84227717714563
 21
-52.99916701980742
 31
0.0
  0
LINE
  5
AA7
330
17
100
AcDbEntity
  8
0
100
AcDbLine
 10
67.84227717714563
 20
-52.99916701980742
 30
0.0
 11
67.9306664582769
 21
-52.83936108966315
 31
0.0
  0
LINE
  5
AA8
330
17
100
AcDbEntity
  8
0
100
AcDbLine
 10
67.9306664582769
 20
-52.83936108966315
 30
0.0
 11
68.01862230487454
 21
-52.67929551203104
 31
0.0
  0
LINE
  5
AA9
330
17
100
AcDbEntity
  8
0
100
AcDbLine
 10
68.01862230487454
 20
-52.67929551203104
 30
0.0
 11
68.10614376150806
 21
-52.51897159451628
 31
0.0
  0
LINE
  5
AAA
330
17
100
AcDbEntity
  8
0
100
AcDbLine
 10
68.10614376150806
 20
-52.51897159451628
 30
0.0
 11
68.19322988194342
 21
-52.358390639087176
 31
0.0
  0
LINE
  5
AAB
330
17
100
AcDbEntity
  8
0
100
AcDbLine
 10
68.19322988194342
 20
-52.358390639087176
 30
0.0
 11
68.27987972075353
 21
-52.197553957654016
 31
0.0
  0
LINE
  5
AAC
330
17
100
AcDbEntity
  8
0
100
AcDbLine
 10
68.27987972075353
 20
-52.197553957654016
 30
0.0
 11
68.36609233433646
 21
-52.03646286989622
 31
0.0
  0
LINE
  5
AAD
330
17
100
AcDbEntity
  8
0
100
AcDbLine
 10
68.36609233433646
 20
-52.03646286989622
 30
0.0
 11
68.4518667830661
 21
-51.87511869929259
 31
0.0
  0
LINE
  5
AAE
330
17
100
AcDbEntity
  8
0
100
AcDbLine
 10
68.4518667830661
 20
-51.87511869929259
 30
0.0
 11
68.53720213130742
 21
-51.71352277310982
 31
0.0
  0
LINE
  5
AAF
330
17
100
AcDbEntity
  8
0
100
AcDbLine
 10
68.53720213130742
 20
-51.71352277310982
 30
0.0
 11
68.62209744743143
 21
-51.55167642239138
 31
0.0
  0
LINE
  5
AB0
330
17
100
AcDbEntity
  8
0
100
AcDbLine
 10
68.62209744743143
 20
-51.55167642239138
 30
0.0
 11
68.70655180383028
 21
-51.38958098194552
 31
0.0
  0
LINE
  5
AB1
330
17
100
AcDbEntity
  8
0
100
AcDbLine
 10
68.70655180383028
 20
-51.38958098194552
 30
0.0
 11
68.7905642961934
 21
-51.227237753275645
 31
0.0
  0
LINE
  5
AB2
330
17
100
AcDbEntity
  8
0
100
AcDbLine
 10
68.7905642961934
 20
-51.227237753275645
 30
0.0
 11
68.87413421448649
 21
-51.06464768279484
 31
0.0
  0
LINE
  5
AB3
330
17
100
AcDbEntity
  8
0
100
AcDbLine
 10
68.87413421448649
 20
-51.06464768279484
 30
0.0
 11
68.95726070830982
 21
-50.90181201274697
 31
0.0
  0
LINE
  5
AB4
330
17
100
AcDbEntity
  8
0
100
AcDbLine
 10
68.95726070830982
 20
-50.90181201274697
 30
0.0
 11
69.03994287612616
 21
-50.738732096829885
 31
0.0
  0
LINE
  5
AB5
330
17
100
AcDbEntity
  8
0
100
AcDbLine
 10
69.03994287612616
 20
-50.738732096829885
 30
0.0
 11
69.12217982053751
 21
-50.57540929234222
 31
0.0
  0
LINE
  5
AB6
330
17
100
AcDbEntity
  8
0
100
AcDbLine
 10
69.12217982053751
 20
-50.57540929234222
 30
0.0
 11
69.2039706482993
 21
-50.41184496017107
 31
0.0
  0
LINE
  5
AB7
330
17
100
AcDbEntity
  8
0
100
AcDbLine
 10
69.2039706482993
 20
-50.41184496017107
 30
0.0
 11
69.28531447033434
 21
-50.24804046478016
 31
0.0
  0
LINE
  5
AB8
330
17
100
AcDbEntity
  8
0
100
AcDbLine
 10
69.28531447033434
 20
-50.24804046478016
 30
0.0
 11
69.36621040174731
 21
-50.08399717419752
 31
0.0
  0
LINE
  5
AB9
330
17
100
AcDbEntity
  8
0
100
AcDbLine
 10
69.36621040174731
 20
-50.08399717419752
 30
0.0
 11
69.44665756843942
 21
-49.919716446615546
 31
0.0
  0
LINE
  5
ABA
330
17
100
AcDbEntity
  8
0
100
AcDbLine
 10
69.44665756843942
 20
-49.919716446615546
 30
0.0
 11
69.52665513773212
 21
-49.75519957015107
 31
0.0
  0
LINE
  5
ABB
330
17
100
AcDbEntity
  8
0
100
AcDbLine
 10
69.52665513773212
 20
-49.75519957015107
 30
0.0
 11
69.60620224714381
 21
-49.59044790845663
 31
0.0
  0
LINE
  5
ABC
330
17
100
AcDbEntity
  8
0
100
AcDbLine
 10
69.60620224714381
 20
-49.59044790845663
 30
0.0
 11
69.68529803075326
 21
-49.42546284449572
 31
0.0
  0
LINE
  5
ABD
330
17
100
AcDbEntity
  8
0
100
AcDbLine
 10
69.68529803075326
 20
-49.42546284449572
 30
0.0
 11
69.76394162689996
 21
-49.260245764711726
 31
0.0
  0
LINE
  5
ABE
330
17
100
AcDbEntity
  8
0
100
AcDbLine
 10
69.76394162689996
 20
-49.260245764711726
 30
0.0
 11
69.84213217819799
 21
-49.09479805901505
 31
0.0
  0
LINE
  5
ABF
330
17
100
AcDbEntity
  8
0
100
AcDbLine
 10
69.84213217819799
 20
-49.09479805901505
 30
0.0
 11
69.91986883154985
 21
-48.92912112077035
 31
0.0
  0
LINE
  5
AC0
330
17
100
AcDbEntity
  8
0
100
AcDbLine
 10
69.91986883154985
 20
-48.92912112077035
 30
0.0
 11
69.99715073816002
 21
-48.76321634678419
 31
0.0
  0
LINE
  5
AC1
330
17
100
AcDbEntity
  8
0
100
AcDbLine
 10
69.99715073816002
 20
-48.76321634678419
 30
0.0
 11
70.07397708785804
 21
-48.59708506380571
 31
0.0
  0
LINE
  5
AC2
330
17
100
AcDbEntity
  8
0
100
AcDbLine
 10
70.07397708785804
 20
-48.59708506380571
 30
0.0
 11
70.1503471904415
 21
-48.430728362363794
 31
0.0
  0
LINE
  5
AC3
330
17
100
AcDbEntity
  8
0
100
AcDbLine
 10
70.1503471904415
 20
-48.430728362363794
 30
0.0
 11
70.22626023419168
 21
-48.2641476164962
 31
0.0
  0
LINE
  5
AC4
330
17
100
AcDbEntity
  8
0
100
AcDbLine
 10
70.22626023419168
 20
-48.2641476164962
 30
0.0
 11
70.30171539529034
 21
-48.09734423940088
 31
0.0
  0
LINE
  5
AC5
330
17
100
AcDbEntity
  8
0
100
AcDbLine
 10
70.30171539529034
 20
-48.09734423940088
 30
0.0
 11
70.3767118543197
 21
-47.9303196475709
 31
0.0
  0
LINE
  5
AC6
330
17
100
AcDbEntity
  8
0
100
AcDbLine
 10
70.3767118543197
 20
-47.9303196475709
 30
0.0
 11
70.45124879627546
 21
-47.76307526078171
 31
0.0
  0
LINE
  5
AC7
330
17
100
AcDbEntity
  8
0
100
AcDbLine
 10
70.45124879627546
 20
-47.76307526078171
 30
0.0
 11
70.52532541057982
 21
-47.595612502077444
 31
0.0
  0
LINE
  5
AC8
330
17
100
AcDbEntity
  8
0
100
AcDbLine
 10
70.52532541057982
 20
-47.595612502077444
 30
0.0
 11
70.59894089109433
 21
-47.42793279775803
 31
0.0
  0
LINE
  5
AC9
330
17
100
AcDbEntity
  8
0
100
AcDbLine
 10
70.59894089109433
 20
-47.42793279775803
 30
0.0
 11
70.67209449329326
 21
-47.26003744780252
 31
0.0
  0
LINE
  5
ACA
330
17
100
AcDbEntity
  8
0
100
AcDbLine
 10
70.67209449329326
 20
-47.26003744780252
 30
0.0
 11
70.74478559093801
 21
-47.0919275093904
 31
0.0
  0
LINE
  5
ACB
330
17
100
AcDbEntity
  8
0
100
AcDbLine
 10
70.74478559093801
 20
-47.0919275093904
 30
0.0
 11
70.8170134112747
 21
-46.92360439769774
 31
0.0
  0
LINE
  5
ACC
330
17
100
AcDbEntity
  8
0
100
AcDbLine
 10
70.8170134112747
 20
-46.92360439769774
 30
0.0
 11
70.88877717558331
 21
-46.75506955516215
 31
0.0
  0
LINE
  5
ACD
330
17
100
AcDbEntity
  8
0
100
AcDbLine
 10
70.88877717558331
 20
-46.75506955516215
 30
0.0
 11
70.96007610968327
 21
-46.58632442730701
 31
0.0
  0
LINE
  5
ACE
330
17
100
AcDbEntity
  8
0
100
AcDbLine
 10
70.96007610968327
 20
-46.58632442730701
 30
0.0
 11
71.03090944394528
 21
-46.417370462728044
 31
0.0
  0
LINE
  5
ACF
330
17
100
AcDbEntity
  8
0
100
AcDbLine
 10
71.03090944394528
 20
-46.417370462728044
 30
0.0
 11
71.10127641330362
 21
-46.2482091130793
 31
0.0
  0
LINE
  5
AD0
330
17
100
AcDbEntity
  8
0
100
AcDbLine
 10
71.10127641330362
 20
-46.2482091130793
 30
0.0
 11
71.17117625726807
 21
-46.078841833059016
 31
0.0
  0
LINE
  5
AD1
330
17
100
AcDbEntity
  8
0
100
AcDbLine
 10
71.17117625726807
 20
-46.078841833059016
 30
0.0
 11
71.24060825378065
 21
-45.909269999023394
 31
0.0
  0
LINE
  5
AD2
330
17
100
AcDbEntity
  8
0
100
AcDbLine
 10
71.24060825378065
 20
-45.909269999023394
 30
0.0
 11
71.3095717218271
 21
-45.73949490935199
 31
0.0
  0
LINE
  5
AD3
330
17
100
AcDbEntity
  8
0
100
AcDbLine
 10
71.3095717218271
 20
-45.73949490935199
 30
0.0
 11
71.37806592103615
 21
-45.56951802468185
 31
0.0
  0
LINE
  5
AD4
330
17
100
AcDbEntity
  8
0
100
AcDbLine
 10
71.37806592103615
 20
-45.56951802468185
 30
0.0
 11
71.44609011379713
 21
-45.39934081318199
 31
0.0
  0
LINE
  5
AD5
330
17
100
AcDbEntity
  8
0
100
AcDbLine
 10
71.44609011379713
 20
-45.39934081318199
 30
0.0
 11
71.51364356715017
 21
-45.22896474594778
 31
0.0
  0
LINE
  5
AD6
330
17
100
AcDbEntity
  8
0
100
AcDbLine
 10
71.51364356715017
 20
-45.22896474594778
 30
0.0
 11
71.58072555279774
 21
-45.05839129698655
 31
0.0
  0
LINE
  5
AD7
330
17
100
AcDbEntity
  8
0
100
AcDbLine
 10
71.58072555279774
 20
-45.05839129698655
 30
0.0
 11
71.64733534711591
 21
-44.88762194320363
 31
0.0
  0
LINE
  5
AD8
330
17
100
AcDbEntity
  8
0
100
AcDbLine
 10
71.64733534711591
 20
-44.88762194320363
 30
0.0
 11
71.71347223116584
 21
-44.716658164387816
 31
0.0
  0
LINE
  5
AD9
330
17
100
AcDbEntity
  8
0
100
AcDbLine
 10
71.71347223116584
 20
-44.716658164387816
 30
0.0
 11
71.77913558656465
 21
-44.54550119808302
 31
0.0
  0
LINE
  5
ADA
330
17
100
AcDbEntity
  8
0
100
AcDbLine
 10
71.77913558656465
 20
-44.54550119808302
 30
0.0
 11
71.84432484106968
 21
-44.37415219695916
 31
0.0
  0
LINE
  5
ADB
330
17
100
AcDbEntity
  8
0
100
AcDbLine
 10
71.84432484106968
 20
-44.37415219695916
 30
0.0
 11
71.90903930096748
 21
-44.20261265064663
 31
0.0
  0
LINE
  5
ADC
330
17
100
AcDbEntity
  8
0
100
AcDbLine
 10
71.90903930096748
 20
-44.20261265064663
 30
0.0
 11
71.97327827655326
 21
-44.03088405345961
 31
0.0
  0
LINE
  5
ADD
330
17
100
AcDbEntity
  8
0
100
AcDbLine
 10
71.97327827655326
 20
-44.03088405345961
 30
0.0
 11
72.03704108289817
 21
-43.858967902412154
 31
0.0
  0
LINE
  5
ADE
330
17
100
AcDbEntity
  8
0
100
AcDbLine
 10
72.03704108289817
 20
-43.858967902412154
 30
0.0
 11
72.10032703986
 21
-43.68686569720286
 31
0.0
  0
LINE
  5
ADF
330
17
100
AcDbEntity
  8
0
100
AcDbLine
 10
72.10032703986
 20
-43.68686569720286
 30
0.0
 11
72.16313547209347
 21
-43.51457894020052
 31
0.0
  0
LINE
  5
AE0
330
17
100
AcDbEntity
  8
0
100
AcDbLine
 10
72.16313547209347
 20
-43.51457894020052
 30
0.0
 11
72.22546570909199
 21
-43.34210913634188
 31
0.0
  0
LINE
  5
AE1
330
17
100
AcDbEntity
  8
0
100
AcDbLine
 10
72.22546570909199
 20
-43.34210913634188
 30
0.0
 11
72.28731712988309
 21
-43.169457671242654
 31
0.0
  0
LINE
  5
AE2
330
17
100
AcDbEntity
  8
0
100
AcDbLine
 10
72.28731712988309
 20
-43.169457671242654
 30
0.0
 11
72.3486891165665
 21
-42.99662594643307
 31
0.0
  0
LINE
  5
AE3
330
17
100
AcDbEntity
  8
0
100
AcDbLine
 10
72.3486891165665
 20
-42.99662594643307
 30
0.0
 11
72.40958101719623
 21
-42.823615476023356
 31
0.0
  0
LINE
  5
AE4
330
17
100
AcDbEntity
  8
0
100
AcDbLine
 10
72.40958101719623
 20
-42.823615476023356
 30
0.0
 11
72.46999218468791
 21
-42.65042777667453
 31
0.0
  0
LINE
  5
AE5
330
17
100
AcDbEntity
  8
0
100
AcDbLine
 10
72.46999218468791
 20
-42.65042777667453
 30
0.0
 11
72.52992197682863
 21
-42.47706436758368
 31
0.0
  0
LINE
  5
AE6
330
17
100
AcDbEntity
  8
0
100
AcDbLine
 10
72.52992197682863
 20
-42.47706436758368
 30
0.0
 11
72.58936975628686
 21
-42.30352677046848
 31
0.0
  0
LINE
  5
AE7
330
17
100
AcDbEntity
  8
0
100
AcDbLine
 10
72.58936975628686
 20
-42.30352677046848
 30
0.0
 11
72.64833489062212
 21
-42.129816509551816
 31
0.0
  0
LINE
  5
AE8
330
17
100
AcDbEntity
  8
0
100
AcDbLine
 10
72.64833489062212
 20
-42.129816509551816
 30
0.0
 11
72.70681675424728
 21
-41.95593510573761
 31
0.0
  0
LINE
  5
AE9
330
17
100
AcDbEntity
  8
0
100
AcDbLine
 10
72.70681675424728
 20
-41.95593510573761
 30
0.0
 11
72.76481485552331
 21
-41.781883706120155
 31
0.0
  0
LINE
  5
AEA
330
17
100
AcDbEntity
  8
0
100
AcDbLine
 10
72.76481485552331
 20
-41.781883706120155
 30
0.0
 11
72.82232866377855
 21
-41.60766361450524
 31
0.0
  0
LINE
  5
AEB
330
17
100
AcDbEntity
  8
0
100
AcDbLine
 10
72.82232866377855
 20
-41.60766361450524
 30
0.0
 11
72.87935757716184
 21
-41.43327636799843
 31
0.0
  0
LINE
  5
AEC
330
17
100
AcDbEntity
  8
0
100
AcDbLine
 10
72.87935757716184
 20
-41.43327636799843
 30
0.0
 11
72.93590099879452
 21
-41.25872350601652
 31
0.0
  0
LINE
  5
AED
330
17
100
AcDbEntity
  8
0
100
AcDbLine
 10
72.93590099879452
 20
-41.25872350601652
 30
0.0
 11
72.99195833677896
 21
-41.084006570271676
 31
0.0
  0
LINE
  5
AEE
330
17
100
AcDbEntity
  8
0
100
AcDbLine
 10
72.99195833677896
 20
-41.084006570271676
 30
0.0
 11
73.04752900420738
 21
-40.90912710475618
 31
0.0
  0
LINE
  5
AEF
330
17
100
AcDbEntity
  8
0
100
AcDbLine
 10
73.04752900420738
 20
-40.90912710475618
 30
0.0
 11
73.10261241917064
 21
-40.73408665572654
 31
0.0
  0
LINE
  5
AF0
330
17
100
AcDbEntity
  8
0
100
AcDbLine
 10
73.10261241917064
 20
-40.73408665572654
 30
0.0
 11
73.15720800922502
 21
-40.55888675741666
 31
0.0
  0
LINE
  5
AF1
330
17
100
AcDbEntity
  8
0
100
AcDbLine
 10
73.15720800922502
 20
-40.55888675741666
 30
0.0
 11
73.21131530518949
 21
-40.383528639216124
 31
0.0
  0
LINE
  5
AF2
330
17
100
AcDbEntity
  8
0
100
AcDbLine
 10
73.21131530518949
 20
-40.383528639216124
 30
0.0
 11
73.26493378929123
 21
-40.20801372283811
 31
0.0
  0
LINE
  5
AF3
330
17
100
AcDbEntity
  8
0
100
AcDbLine
 10
73.26493378929123
 20
-40.20801372283811
 30
0.0
 11
73.31806290796771
 21
-40.03234356556295
 31
0.0
  0
LINE
  5
AF4
330
17
100
AcDbEntity
  8
0
100
AcDbLine
 10
73.31806290796771
 20
-40.03234356556295
 30
0.0
 11
73.37070211272102
 21
-39.85651972676749
 31
0.0
  0
LINE
  5
AF5
330
17
100
AcDbEntity
  8
0
100
AcDbLine
 10
73.37070211272102
 20
-39.85651972676749
 30
0.0
 11
73.42285086012583
 21
-39.6805437679089
 31
0.0
  0
LINE
  5
AF6
330
17
100
AcDbEntity
  8
0
100
AcDbLine
 10
73.42285086012583
 20
-39.6805437679089
 30
0.0
 11
73.47450861183724
 21
-39.50441725250837
 31
0.0
  0
LINE
  5
AF7
330
17
100
AcDbEntity
  8
0
100
AcDbLine
 10
73.47450861183724
 20
-39.50441725250837
 30
0.0
 11
73.52567483459848
 21
-39.328141746135515
 31
0.0
  0
LINE
  5
AF8
330
17
100
AcDbEntity
  8
0
100
AcDbLine
 10
73.52567483459848
 20
-39.328141746135515
 30
0.0
 11
73.57634900661832
 21
-39.15171879435343
 31
0.0
  0
LINE
  5
AF9
330
17
100
AcDbEntity
  8
0
100
AcDbLine
 10
73.57634900661832
 20
-39.15171879435343
 30
0.0
 11
73.62653067994482
 21
-38.97514971384773
 31
0.0
  0
LINE
  5
AFA
330
17
100
AcDbEntity
  8
0
100
AcDbLine
 10
73.62653067994482
 20
-38.97514971384773
 30
0.0
 11
73.67621936311542
 21
-38.79843600563246
 31
0.0
  0
LINE
  5
AFB
330
17
100
AcDbEntity
  8
0
100
AcDbLine
 10
73.67621936311542
 20
-38.79843600563246
 30
0.0
 11
73.72541454940809
 21
-38.62157924476419
 31
0.0
  0
LINE
  5
AFC
330
17
100
AcDbEntity
  8
0
100
AcDbLine
 10
73.72541454940809
 20
-38.62157924476419
 30
0.0
 11
73.77411573724319
 21
-38.44458100820131
 31
0.0
  0
LINE
  5
AFD
330
17
100
AcDbEntity
  8
0
100
AcDbLine
 10
73.77411573724319
 20
-38.44458100820131
 30
0.0
 11
73.82232243019038
 21
-38.26744287478746
 31
0.0
  0
LINE
  5
AFE
330
17
100
AcDbEntity
  8
0
100
AcDbLine
 10
73.82232243019038
 20
-38.26744287478746
 30
0.0
 11
73.87003413697602
 21
-38.09016642523499
 31
0.0
  0
LINE
  5
AFF
330
17
100
AcDbEntity
  8
0
100
AcDbLine
 10
73.87003413697602
 20
-38.09016642523499
 30
0.0
 11
73.91725037148969
 21
-37.91275324210886
 31
0.0
  0
LINE
  5
B00
330
17
100
AcDbEntity
  8
0
100
AcDbLine
 10
73.91725037148969
 20
-37.91275324210886
 30
0.0
 11
73.9639706659598
 21
-37.73520486029044
 31
0.0
  0
LINE
  5
B01
330
17
100
AcDbEntity
  8
0
100
AcDbLine
 10
73.9639706659598
 20
-37.73520486029044
 30
0.0
 11
74.01019463839347
 21
-37.55752252479393
 31
0.0
  0
LINE
  5
B02
330
17
100
AcDbEntity
  8
0
100
AcDbLine
 10
74.01019463839347
 20
-37.55752252479393
 30
0.0
 11
74.05592184314554
 21
-37.37970776024429
 31
0.0
  0
LINE
  5
B03
330
17
100
AcDbEntity
  8
0
100
AcDbLine
 10
74.05592184314554
 20
-37.37970776024429
 30
0.0
 11
74.10115182283447
 21
-37.20176215821425
 31
0.0
  0
LINE
  5
B04
330
17
100
AcDbEntity
  8
0
100
AcDbLine
 10
74.10115182283447
 20
-37.20176215821425
 30
0.0
 11
74.14588412529594
 21
-37.02368731196039
 31
0.0
  0
LINE
  5
B05
330
17
100
AcDbEntity
  8
0
100
AcDbLine
 10
74.14588412529594
 20
-37.02368731196039
 30
0.0
 11
74.19011830358872
 21
-36.845484816406795
 31
0.0
  0
LINE
  5
B06
330
17
100
AcDbEntity
  8
0
100
AcDbLine
 10
74.19011830358872
 20
-36.845484816406795
 30
0.0
 11
74.23385391600091
 21
-36.667156268128196
 31
0.0
  0
LINE
  5
B07
330
17
100
AcDbEntity
  8
0
100
AcDbLine
 10
74.23385391600091
 20
-36.667156268128196
 30
0.0
 11
74.27709052605613
 21
-36.488703265333
 31
0.0
  0
LINE
  5
B08
330
17
100
AcDbEntity
  8
0
100
AcDbLine
 10
74.27709052605613
 20
-36.488703265333
 30
0.0
 11
74.31982772911775
 21
-36.310127298418
 31
0.0
  0
LINE
  5
B09
330
17
100
AcDbEntity
  8
0
100
AcDbLine
 10
74.31982772911775
 20
-36.310127298418
 30
0.0
 11
74.36206522358576
 21
-36.13142947773461
 31
0.0
  0
LINE
  5
B0A
330
17
100
AcDbEntity
  8
0
100
AcDbLine
 10
74.36206522358576
 20
-36.13142947773461
 30
0.0
 11
74.40380261441645
 21
-35.95261134906042
 31
0.0
  0
LINE
  5
B0B
330
17
100
AcDbEntity
  8
0
100
AcDbLine
 10
74.40380261441645
 20
-35.95261134906042
 30
0.0
 11
74.44503949770778
 21
-35.77367451930898
 31
0.0
  0
LINE
  5
B0C
330
17
100
AcDbEntity
  8
0
100
AcDbLine
 10
74.44503949770778
 20
-35.77367451930898
 30
0.0
 11
74.48577547484831
 21
-35.5946205968195
 31
0.0
  0
LINE
  5
B0D
330
17
100
AcDbEntity
  8
0
100
AcDbLine
 10
74.48577547484831
 20
-35.5946205968195
 30
0.0
 11
74.52601015252253
 21
-35.415451191339606
 31
0.0
  0
LINE
  5
B0E
330
17
100
AcDbEntity
  8
0
100
AcDbLine
 10
74.52601015252253
 20
-35.415451191339606
 30
0.0
 11
74.56574314271562
 21
-35.236167914008874
 31
0.0
  0
LINE
  5
B0F
330
17
100
AcDbEntity
  8
0
100
AcDbLine
 10
74.56574314271562
 20
-35.236167914008874
 30
0.0
 11
74.60497406271841
 21
-35.056772377341154
 31
0.0
  0
LINE
  5
B10
330
17
100
AcDbEntity
  8
0
100
AcDbLine
 10
74.60497406271841
 20
-35.056772377341154
 30
0.0
 11
74.64370254111846
 21
-34.87726616805192
 31
0.0
  0
LINE
  5
B11
330
17
100
AcDbEntity
  8
0
100
AcDbLine
 10
74.64370254111846
 20
-34.87726616805192
 30
0.0
 11
74.68192822505428
 21
-34.697650818675946
 31
0.0
  0
LINE
  5
B12
330
17
100
AcDbEntity
  8
0
100
AcDbLine
 10
74.68192822505428
 20
-34.697650818675946
 30
0.0
 11
74.71965075101463
 21
-34.517927940388944
 31
0.0
  0
LINE
  5
B13
330
17
100
AcDbEntity
  8
0
100
AcDbLine
 10
74.71965075101463
 20
-34.517927940388944
 30
0.0
 11
74.75686975958375
 21
-34.33809915140452
 31
0.0
  0
LINE
  5
B14
330
17
100
AcDbEntity
  8
0
100
AcDbLine
 10
74.75686975958375
 20
-34.33809915140452
 30
0.0
 11
74.79358489667929
 21
-34.158166071203674
 31
0.0
  0
LINE
  5
B15
330
17
100
AcDbEntity
  8
0
100
AcDbLine
 10
74.79358489667929
 20
-34.158166071203674
 30
0.0
 11
74.82979581355669
 21
-33.978130320517415
 31
0.0
  0
LINE
  5
B16
330
17
100
AcDbEntity
  8
0
100
AcDbLine
 10
74.82979581355669
 20
-33.978130320517415
 30
0.0
 11
74.86550216681349
 21
-33.797993521310005
 31
0.0
  0
LINE
  5
B17
330
17
100
AcDbEntity
  8
0
100
AcDbLine
 10
74.86550216681349
 20
-33.797993521310005
 30
0.0
 11
74.90070361839385
 21
-33.61775729676159
 31
0.0
  0
LINE
  5
B18
330
17
100
AcDbEntity
  8
0
100
AcDbLine
 10
74.90070361839385
 20
-33.61775729676159
 30
0.0
 11
74.93539988606528
 21
-33.437423016373046
 31
0.0
  0
LINE
  5
B19
330
17
100
AcDbEntity
  8
0
100
AcDbLine
 10
74.93539988606528
 20
-33.437423016373046
 30
0.0
 11
74.96959075607802
 21
-33.256991771501156
 31
0.0
  0
LINE
  5
B1A
330
17
100
AcDbEntity
  8
0
100
AcDbLine
 10
74.96959075607802
 20
-33.256991771501156
 30
0.0
 11
75.00327592378282
 21
-33.07646517429277
 31
0.0
  0
LINE
  5
B1B
330
17
100
AcDbEntity
  8
0
100
AcDbLine
 10
75.00327592378282
 20
-33.07646517429277
 30
0.0
 11
75.03645508664361
 21
-32.89584485495641
 31
0.0
  0
LINE
  5
B1C
330
17
100
AcDbEntity
  8
0
100
AcDbLine
 10
75.03645508664361
 20
-32.89584485495641
 30
0.0
 11
75.06912794751794
 21
-32.715132444679114
 31
0.0
  0
LINE
  5
B1D
330
17
100
AcDbEntity
  8
0
100
AcDbLine
 10
75.06912794751794
 20
-32.715132444679114
 30
0.0
 11
75.10129421465993
 21
-32.5343295756088
 31
0.0
  0
LINE
  5
B1E
330
17
100
AcDbEntity
  8
0
100
AcDbLine
 10
75.10129421465993
 20
-32.5343295756088
 30
0.0
 11
75.13295360172333
 21
-32.35343788083659
 31
0.0
  0
LINE
  5
B1F
330
17
100
AcDbEntity
  8
0
100
AcDbLine
 10
75.13295360172333
 20
-32.35343788083659
 30
0.0
 11
75.16410582776459
 21
-32.172458994379745
 31
0.0
  0
LINE
  5
B20
330
17
100
AcDbEntity
  8
0
100
AcDbLine
 10
75.16410582776459
 20
-32.172458994379745
 30
0.0
 11
75.19475062412164
 21
-31.991394512050803
 31
0.0
  0
LINE
  5
B21
330
17
100
AcDbEntity
  8
0
100
AcDbLine
 10
75.19475062412164
 20
-31.991394512050803
 30
0.0
 11
75.22488773154022
 21
-31.810246013687184
 31
0.0
  0
LINE
  5
B22
330
17
100
AcDbEntity
  8
0
100
AcDbLine
 10
75.22488773154022
 20
-31.810246013687184
 30
0.0
 11
75.25451688704169
 21
-31.629015135803538
 31
0.0
  0
LINE
  5
B23
330
17
100
AcDbEntity
  8
0
100
AcDbLine
 10
75.25451688704169
 20
-31.629015135803538
 30
0.0
 11
75.28363783298951
 21
-31.447703516193066
 31
0.0
  0
LINE
  5
B24
330
17
100
AcDbEntity
  8
0
100
AcDbLine
 10
75.28363783298951
 20
-31.447703516193066
 30
0.0
 11
75.31225031716653
 21
-31.266312793469336
 31
0.0
  0
LINE
  5
B25
330
17
100
AcDbEntity
  8
0
100
AcDbLine
 10
75.31225031716653
 20
-31.266312793469336
 30
0.0
 11
75.34035409277772
 21
-31.084844607049313
 31
0.0
  0
LINE
  5
B26
330
17
100
AcDbEntity
  8
0
100
AcDbLine
 10
75.34035409277772
 20
-31.084844607049313
 30
0.0
 11
75.36794891845231
 21
-30.90330059713518
 31
0.0
  0
LINE
  5
B27
330
17
100
AcDbEntity
  8
0
100
AcDbLine
 10
75.36794891845231
 20
-30.90330059713518
 30
0.0
 11
75.3950345582616
 21
-30.721682404596738
 31
0.0
  0
LINE
  5
B28
330
17
100
AcDbEntity
  8
0
100
AcDbLine
 10
75.3950345582616
 20
-30.721682404596738
 30
0.0
 11
75.42161086627505
 21
-30.539991120984226
 31
0.0
  0
LINE
  5
B29
330
17
100
AcDbEntity
  8
0
100
AcDbLine
 10
75.42161086627505
 20
-30.539991120984226
 30
0.0
 11
75.4476777100948
 21
-30.35822786951102
 31
0.0
  0
LINE
  5
B2A
330
17
100
AcDbEntity
  8
0
100
AcDbLine
 10
75.4476777100948
 20
-30.35822786951102
 30
0.0
 11
75.4732348886952
 21
-30.17639429597567
 31
0.0
  0
LINE
  5
B2B
330
17
100
AcDbEntity
  8
0
100
AcDbLine
 10
75.4732348886952
 20
-30.17639429597567
 30
0.0
 11
75.49828220651573
 21
-29.994492046674313
 31
0.0
  0
LINE
  5
B2C
330
17
100
AcDbEntity
  8
0
100
AcDbLine
 10
75.49828220651573
 20
-29.994492046674313
 30
0.0
 11
75.52281947346181
 21
-29.812522768382692
 31
0.0
  0
LINE
  5
B2D
330
17
100
AcDbEntity
  8
0
100
AcDbLine
 10
75.52281947346181
 20
-29.812522768382692
 30
0.0
 11
75.54684650490583
 21
-29.630488108338838
 31
0.0
  0
LINE
  5
B2E
330
17
100
AcDbEntity
  8
0
100
AcDbLine
 10
75.54684650490583
 20
-29.630488108338838
 30
0.0
 11
75.57036312168783
 21
-29.448389714225065
 31
0.0
  0
LINE
  5
B2F
330
17
100
AcDbEntity
  8
0
100
AcDbLine
 10
75.57036312168783
 20
-29.448389714225065
 30
0.0
 11
75.59336914878047
 21
-29.2662292447573
 31
0.0
  0
LINE
  5
B30
330
17
100
AcDbEntity
  8
0
100
AcDbLine
 10
75.59336914878047
 20
-29.2662292447573
 30
0.0
 11
75.61586430598334
 21
-29.084009196464525
 31
0.0
  0
LINE
  5
B31
330
17
100
AcDbEntity
  8
0
100
AcDbLine
 10
75.61586430598334
 20
-29.084009196464525
 30
0.0
 11
75.63784834189248
 21
-28.901731751835236
 31
0.0
  0
LINE
  5
B32
330
17
100
AcDbEntity
  8
0
100
AcDbLine
 10
75.63784834189248
 20
-28.901731751835236
 30
0.0
 11
75.65932107500177
 21
-28.719398557160744
 31
0.0
  0
LINE
  5
B33
330
17
100
AcDbEntity
  8
0
100
AcDbLine
 10
75.65932107500177
 20
-28.719398557160744
 30
0.0
 11
75.68028232924347
 21
-28.53701125934853
 31
0.0
  0
LINE
  5
B34
330
17
100
AcDbEntity
  8
0
100
AcDbLine
 10
75.68028232924347
 20
-28.53701125934853
 30
0.0
 11
75.70073193399035
 21
-28.35457150590451
 31
0.0
  0
LINE
  5
B35
330
17
100
AcDbEntity
  8
0
100
AcDbLine
 10
75.70073193399035
 20
-28.35457150590451
 30
0.0
 11
75.72066972405787
 21
-28.172080944915194
 31
0.0
  0
LINE
  5
B36
330
17
100
AcDbEntity
  8
0
100
AcDbLine
 10
75.72066972405787
 20
-28.172080944915194
 30
0.0
 11
75.74009553970595
 21
-27.989541225030628
 31
0.0
  0
LINE
  5
B37
330
17
100
AcDbEntity
  8
0
100
AcDbLine
 10
75.74009553970595
 20
-27.989541225030628
 30
0.0
 11
75.75900924823772
 21
-27.806953788167704
 31
0.0
  0
LINE
  5
B38
330
17
100
AcDbEntity
  8
0
100
AcDbLine
 10
75.75900924823772
 20
-27.806953788167704
 30
0.0
 11
75.77741127485406
 21
-27.624315100387786
 31
0.0
  0
LINE
  5
B39
330
17
100
AcDbEntity
  8
0
100
AcDbLine
 10
75.77741127485406
 20
-27.624315100387786
 30
0.0
 11
75.79530182996547
 21
-27.441624576513068
 31
0.0
  0
LINE
  5
B3A
330
17
100
AcDbEntity
  8
0
100
AcDbLine
 10
75.79530182996547
 20
-27.441624576513068
 30
0.0
 11
75.81268090823491
 21
-27.25888388129738
 31
0.0
  0
LINE
  5
B3B
330
17
100
AcDbEntity
  8
0
100
AcDbLine
 10
75.81268090823491
 20
-27.25888388129738
 30
0.0
 11
75.82954850994803
 21
-27.076094678544642
 31
0.0
  0
LINE
  5
B3C
330
17
100
AcDbEntity
  8
0
100
AcDbLine
 10
75.82954850994803
 20
-27.076094678544642
 30
0.0
 11
75.84590464100599
 21
-26.893258631090532
 31
0.0
  0
LINE
  5
B3D
330
17
100
AcDbEntity
  8
0
100
AcDbLine
 10
75.84590464100599
 20
-26.893258631090532
 30
0.0
 11
75.86174931291838
 21
-26.71037740078357
 31
0.0
  0
LINE
  5
B3E
330
17
100
AcDbEntity
  8
0
100
AcDbLine
 10
75.86174931291838
 20
-26.71037740078357
 30
0.0
 11
75.87708254279588
 21
-26.52745264846618
 31
0.0
  0
LINE
  5
B3F
330
17
100
AcDbEntity
  8
0
100
AcDbLine
 10
75.87708254279588
 20
-26.52745264846618
 30
0.0
 11
75.89190422236817
 21
-26.344487620383518
 31
0.0
  0
LINE
  5
B40
330
17
100
AcDbEntity
  8
0
100
AcDbLine
 10
75.89190422236817
 20
-26.344487620383518
 30
0.0
 11
75.90621261943795
 21
-26.161503579122797
 31
0.0
  0
LINE
  5
B41
330
17
100
AcDbEntity
  8
0
100
AcDbLine
 10
75.90621261943795
 20
-26.161503579122797
 30
0.0
 11
75.92000684990751
 21
-25.97850798787548
 31
0.0
  0
LINE
  5
B42
330
17
100
AcDbEntity
  8
0
100
AcDbLine
 10
75.92000684990751
 20
-25.97850798787548
 30
0.0
 11
75.93328648397716
 21
-25.795502461917927
 31
0.0
  0
LINE
  5
B43
330
17
100
AcDbEntity
  8
0
100
AcDbLine
 10
75.93328648397716
 20
-25.795502461917927
 30
0.0
 11
75.94605109710783
 21
-25.612488620476796
 31
0.0
  0
LINE
  5
B44
330
17
100
AcDbEntity
  8
0
100
AcDbLine
 10
75.94605109710783
 20
-25.612488620476796
 30
0.0
 11
75.95830027004476
 21
-25.42946808671187
 31
0.0
  0
LINE
  5
B45
330
17
100
AcDbEntity
  8
0
100
AcDbLine
 10
75.95830027004476
 20
-25.42946808671187
 30
0.0
 11
75.97003358884103
 21
-25.246442487698182
 31
0.0
  0
LINE
  5
B46
330
17
100
AcDbEntity
  8
0
100
AcDbLine
 10
75.97003358884103
 20
-25.246442487698182
 30
0.0
 11
75.98125064488117
 21
-25.063413454407907
 31
0.0
  0
LINE
  5
B47
330
17
100
AcDbEntity
  8
0
100
AcDbLine
 10
75.98125064488117
 20
-25.063413454407907
 30
0.0
 11
75.9919516852233
 21
-24.88037195057074
 31
0.0
  0
LINE
  5
B48
330
17
100
AcDbEntity
  8
0
100
AcDbLine
 10
75.9919516852233
 20
-24.88037195057074
 30
0.0
 11
76.00214170492389
 21
-24.697241581600903
 31
0.0
  0
LINE
  5
B49
330
17
100
AcDbEntity
  8
0
100
AcDbLine
 10
76.00214170492389
 20
-24.697241581600903
 30
0.0
 11
76.01182298310613
 21
-24.514008450617037
 31
0.0
  0
LINE
  5
B4A
330
17
100
AcDbEntity
  8
0
100
AcDbLine
 10
76.01182298310613
 20
-24.514008450617037
 30
0.0
 11
76.02099694300249
 21
-24.330674331839376
 31
0.0
  0
LINE
  5
B4B
330
17
100
AcDbEntity
  8
0
100
AcDbLine
 10
76.02099694300249
 20
-24.330674331839376
 30
0.0
 11
76.02966501714111
 21
-24.1472409837945
 31
0.0
  0
LINE
  5
B4C
330
17
100
AcDbEntity
  8
0
100
AcDbLine
 10
76.02966501714111
 20
-24.1472409837945
 30
0.0
 11
76.03782864724948
 21
-23.963710149256997
 31
0.0
  0
LINE
  5
B4D
330
17
100
AcDbEntity
  8
0
100
AcDbLine
 10
76.03782864724948
 20
-23.963710149256997
 30
0.0
 11
76.0454892841582
 21
-23.780083555192647
 31
0.0
  0
LINE
  5
B4E
330
17
100
AcDbEntity
  8
0
100
AcDbLine
 10
76.0454892841582
 20
-23.780083555192647
 30
0.0
 11
76.05264838770421
 21
-23.596362912701803
 31
0.0
  0
LINE
  5
B4F
330
17
100
AcDbEntity
  8
0
100
AcDbLine
 10
76.05264838770421
 20
-23.596362912701803
 30
0.0
 11
76.05930499563691
 21
-23.412611181911288
 31
0.0
  0
LINE
  5
B50
330
17
100
AcDbEntity
  8
0
100
AcDbLine
 10
76.05930499563691
 20
-23.412611181911288
 30
0.0
 11
76.06544632592491
 21
-23.22911970403451
 31
0.0
  0
LINE
  5
B51
330
17
100
AcDbEntity
  8
0
100
AcDbLine
 10
76.06544632592491
 20
-23.22911970403451
 30
0.0
 11
76.07106583037066
 21
-23.04592705078076
 31
0.0
  0
LINE
  5
B52
330
17
100
AcDbEntity
  8
0
100
AcDbLine
 10
76.07106583037066
 20
-23.04592705078076
 30
0.0
 11
76.07615826060338
 21
-22.8630345129777
 31
0.0
  0
LINE
  5
B53
330
17
100
AcDbEntity
  8
0
100
AcDbLine
 10
76.07615826060338
 20
-22.8630345129777
 30
0.0
 11
76.08071840533421
 21
-22.68044343641896
 31
0.0
  0
LINE
  5
B54
330
17
100
AcDbEntity
  8
0
100
AcDbLine
 10
76.08071840533421
 20
-22.68044343641896
 30
0.0
 11
76.08474109070265
 21
-22.498155221387837
 31
0.0
  0
LINE
  5
B55
330
17
100
AcDbEntity
  8
0
100
AcDbLine
 10
76.08474109070265
 20
-22.498155221387837
 30
0.0
 11
76.08822118061968
 21
-22.316171322159175
 31
0.0
  0
LINE
  5
B56
330
17
100
AcDbEntity
  8
0
100
AcDbLine
 10
76.08822118061968
 20
-22.316171322159175
 30
0.0
 11
76.09115357710732
 21
-22.13449324648012
 31
0.0
  0
LINE
  5
B57
330
17
100
AcDbEntity
  8
0
100
AcDbLine
 10
76.09115357710732
 20
-22.13449324648012
 30
0.0
 11
76.09353890963818
 21
-21.952795086929267
 31
0.0
  0
LINE
  5
B58
330
17
100
AcDbEntity
  8
0
100
AcDbLine
 10
76.09353890963818
 20
-21.952795086929267
 30
0.0
 11
76.09540172428297
 21
-21.770031500981034
 31
0.0
  0
LINE
  5
B59
330
17
100
AcDbEntity
  8
0
100
AcDbLine
 10
76.09540172428297
 20
-21.770031500981034
 30
0.0
 11
76.09676266437219
 21
-21.586126772754586
 31
0.0
  0
LINE
  5
B5A
330
17
100
AcDbEntity
  8
0
100
AcDbLine
 10
76.09676266437219
 20
-21.586126772754586
 30
0.0
 11
76.0976419546566
 21
-21.401083524576105
 31
0.0
  0
LINE
  5
B5B
330
17
100
AcDbEntity
  8
0
100
AcDbLine
 10
76.0976419546566
 20
-21.401083524576105
 30
0.0
 11
76.09806032900933
 21
-21.214904123985345
 31
0.0
  0
LINE
  5
B5C
330
17
100
AcDbEntity
  8
0
100
AcDbLine
 10
76.09806032900933
 20
-21.214904123985345
 30
0.0
 11
76.09803902903897
 21
-21.027590678907252
 31
0.0
  0
LINE
  5
B5D
330
17
100
AcDbEntity
  8
0
100
AcDbLine
 10
76.09803902903897
 20
-21.027590678907252
 30
0.0
 11
76.09759980278125
 21
-20.83914503389348
 31
0.0
  0
LINE
  5
B5E
330
17
100
AcDbEntity
  8
0
100
AcDbLine
 10
76.09759980278125
 20
-20.83914503389348
 30
0.0
 11
76.09676490348072
 21
-20.649568767435593
 31
0.0
  0
LINE
  5
B5F
330
17
100
AcDbEntity
  8
0
100
AcDbLine
 10
76.09676490348072
 20
-20.649568767435593
 30
0.0
 11
76.09555818577317
 21
-20.46051754755833
 31
0.0
  0
LINE
  5
B60
330
17
100
AcDbEntity
  8
0
100
AcDbLine
 10
76.09555818577317
 20
-20.46051754755833
 30
0.0
 11
76.09395007458079
 21
-20.27563339220605
 31
0.0
  0
LINE
  5
B61
330
17
100
AcDbEntity
  8
0
100
AcDbLine
 10
76.09395007458079
 20
-20.27563339220605
 30
0.0
 11
76.0918648077346
 21
-20.095045375955678
 31
0.0
  0
LINE
  5
B62
330
17
100
AcDbEntity
  8
0
100
AcDbLine
 10
76.0918648077346
 20
-20.095045375955678
 30
0.0
 11
76.08923251603326
 21
-19.918752354490145
 31
0.0
  0
LINE
  5
B63
330
17
100
AcDbEntity
  8
0
100
AcDbLine
 10
76.08923251603326
 20
-19.918752354490145
 30
0.0
 11
76.08599016923769
 21
-19.746753216807317
 31
0.0
  0
LINE
  5
B64
330
17
100
AcDbEntity
  8
0
100
AcDbLine
 10
76.08599016923769
 20
-19.746753216807317
 30
0.0
 11
76.08208156630783
 21
-19.579046709014108
 31
0.0
  0
LINE
  5
B65
330
17
100
AcDbEntity
  8
0
100
AcDbLine
 10
76.08208156630783
 20
-19.579046709014108
 30
0.0
 11
76.07745731667245
 21
-19.415631203563645
 31
0.0
  0
LINE
  5
B66
330
17
100
AcDbEntity
  8
0
100
AcDbLine
 10
76.07745731667245
 20
-19.415631203563645
 30
0.0
 11
76.0720748099532
 21
-19.256504414331875
 31
0.0
  0
LINE
  5
B67
330
17
100
AcDbEntity
  8
0
100
AcDbLine
 10
76.0720748099532
 20
-19.256504414331875
 30
0.0
 11
76.06574712746576
 21
-19.097372869253324
 31
0.0
  0
LINE
  5
B68
330
17
100
AcDbEntity
  8
0
100
AcDbLine
 10
76.06574712746576
 20
-19.097372869253324
 30
0.0
 11
76.05826927575495
 21
-18.931776956723585
 31
0.0
  0
LINE
  5
B69
330
17
100
AcDbEntity
  8
0
100
AcDbLine
 10
76.05826927575495
 20
-18.931776956723585
 30
0.0
 11
76.04971002852972
 21
-18.759665307731538
 31
0.0
  0
LINE
  5
B6A
330
17
100
AcDbEntity
  8
0
100
AcDbLine
 10
76.04971002852972
 20
-18.759665307731538
 30
0.0
 11
76.04015674520201
 21
-18.581048344722685
 31
0.0
  0
LINE
  5
B6B
330
17
100
AcDbEntity
  8
0
100
AcDbLine
 10
76.04015674520201
 20
-18.581048344722685
 30
0.0
 11
76.02971283820497
 21
-18.3959327188751
 31
0.0
  0
LINE
  5
B6C
330
17
100
AcDbEntity
  8
0
100
AcDbLine
 10
76.02971283820497
 20
-18.3959327188751
 30
0.0
 11
76.01849772117063
 21
-18.204320972821364
 31
0.0
  0
LINE
  5
B6D
330
17
100
AcDbEntity
  8
0
100
AcDbLine
 10
76.01849772117063
 20
-18.204320972821364
 30
0.0
 11
76.00664679097652
 21
-18.006211398504384
 31
0.0
  0
LINE
  5
B6E
330
17
100
AcDbEntity
  8
0
100
AcDbLine
 10
76.00664679097652
 20
-18.006211398504384
 30
0.0
 11
75.99431144612424
 21
-17.80159809031349
 31
0.0
  0
CIRCLE
  5
B6F
330
17
100
AcDbEntity
  8
0
100
AcDbCircle
 10
-20.00000000000001
 20
-34.64101615137754
 30
0.0
 40
2.75
  0
CIRCLE
  5
B70
330
17
100
AcDbEntity
  8
0
100
AcDbCircle
 10
9.999999999999998
 20
-17.32050807568877
 30
0.0
 40
2.75
  0
CIRCLE
  5
B71
330
17
100
AcDbEntity
  8
0
100
AcDbCircle
 10
-10.000000000000002
 20
-17.32050807568877
 30
0.0
 40
16.0
  0
CIRCLE
  5
B72
330
17
100
AcDbEntity
  8
0
100
AcDbCircle
 10
-20.0
 20
3.552713678800501e-15
 30
0.0
 40
2.75
  0
CIRCLE
  5
B73
330
17
100
AcDbEntity
  8
0
100
AcDbCircle
 10
0.0
 20
0.0
 30
0.0
 40
2.0
  0
ENDSEC
  0
SECTION
  2
OBJECTS
  0
DICTIONARY
  5
A
330
0
100
AcDbDictionary
281
1
  3
ACAD_COLOR
350
B
  3
ACAD_GROUP
350
C
  3
ACAD_LAYOUT
350
D
  3
ACAD_MATERIAL
350
E
  3
ACAD_MLEADERSTYLE
350
F
  3
ACAD_MLINESTYLE
350
10
  3
ACAD_PLOTSETTINGS
350
11
  3
ACAD_PLOTSTYLENAME
350
12
  3
ACAD_SCALELIST
350
14
  3
ACAD_TABLESTYLE
350
15
  3
ACAD_VISUALSTYLE
350
16
  3
EZDXF_META
350
2D
  0
DICTIONARY
  5
B
330
A
100
AcDbDictionary
281
1
  0
DICTIONARY
  5
C
330
A
100
AcDbDictionary
281
1
  0
DICTIONARY
  5
D
330
A
100
AcDbDictionary
281
1
  3
Model
350
1A
  3
Layout1
350
1E
  0
DICTIONARY
  5
E
330
A
100
AcDbDictionary
281
1
  3
ByBlock
350
1F
  3
ByLayer
350
20
  3
Global
350
21
  0
DICTIONARY
  5
F
330
A
100
AcDbDictionary
281
1
  3
Standard
350
2C
  0
DICTIONARY
  5
10
330
A
100
AcDbDictionary
281
1
  3
Standard
350
22
  0
DICTIONARY
  5
11
330
A
100
AcDbDictionary
281
1
  0
ACDBDICTIONARYWDFLT
  5
12
330
A
100
AcDbDictionary
281
1
  3
Normal
350
13
100
AcDbDictionaryWithDefault
340
13
  0
ACDBPLACEHOLDER
  5
13
330
12
  0
DICTIONARY
  5
14
330
A
100
AcDbDictionary
281
1
  0
DICTIONARY
  5
15
330
A
100
AcDbDictionary
281
1
  0
DICTIONARY
  5
16
330
A
100
AcDbDictionary
281
1
  0
LAYOUT
  5
1A
330
D
100
AcDbPlotSettings
  1

  4
A3
  6

 40
7.5
 41
20.0
 42
7.5
 43
20.0
 44
420.0
 45
297.0
 46
0.0
 47
0.0
 48
0.0
 49
0.0
140
0.0
141
0.0
142
1.0
143
1.0
 70
1024
 72
1
 73
0
 74
5
  7

 75
16
 76
0
 77
2
 78
300
147
1.0
148
0.0
149
0.0
100
AcDbLayout
  1
Model
 70
1
 71
0
 10
0.0
 20
0.0
 11
420.0
 21
297.0
 12
0.0
 22
0.0
 32
0.0
 14
1e+20
 24
1e+20
 34
1e+20
 15
-1e+20
 25
-1e+20
 35
-1e+20
146
0.0
 13
0.0
 23
0.0
 33
0.0
 16
1.0
 26
0.0
 36
0.0
 17
0.0
 27
1.0
 37
0.0
 76
1
330
17
  0
LAYOUT
  5
1E
330
D
100
AcDbPlotSettings
  1

  4
A3
  6

 40
7.5
 41
20.0
 42
7.5
 43
20.0
 44
420.0
 45
297.0
 46
0.0
 47
0.0
 48
0.0
 49
0.0
140
0.0
141
0.0
142
1.0
143
1.0
 70
0
 72
1
 73
0
 74
5
  7

 75
16
 76
0
 77
2
 78
300
147
1.0
148
0.0
149
0.0
100
AcDbLayout
  1
Layout1
 70
1
 71
1
 10
0.0
 20
0.0
 11
420.0
 21
297.0
 12
0.0
 22
0.0
 32
0.0
 14
1e+20
 24
1e+20
 34
1e+20
 15
-1e+20
 25
-1e+20
 35
-1e+20
146
0.0
 13
0.0
 23
0.0
 33
0.0
 16
1.0
 26
0.0
 36
0.0
 17
0.0
 27
1.0
 37
0.0
 76
1
330
1B
  0
MATERIAL
  5
1F
102
{ACAD_REACTORS
330
E
102
}
330
E
100
AcDbMaterial
  1
ByBlock
  2

 70
0
 40
1.0
 71
1
 41
1.0
 91
-1023410177
 42
1.0
 72
1
  3

 73
1
 74
1
 75
1
 44
0.5
 73
0
 45
1.0
 46
1.0
 77
1
  4

 78
1
 79
1
170
1
 48
1.0
171
1
  6

172
1
173
1
174
1
140
1.0
141
1.0
175
1
  7

176
1
177
1
178
1
143
1.0
179
1
  8

270
1
271
1
272
1
145
1.0
146
1.0
273
1
  9

274
1
275
1
276
1
 42
1.0
 72
1
  3

 73
1
 74
1
 75
1
 94
63
  0
MATERIAL
  5
20
102
{ACAD_REACTORS
330
E
102
}
330
E
100
AcDbMaterial
  1
ByLayer
  2

 70
0
 40
1.0
 71
1
 41
1.0
 91
-1023410177
 42
1.0
 72
1
  3

 73
1
 74
1
 75
1
 44
0.5
 73
0
 45
1.0
 46
1.0
 77
1
  4

 78
1
 79
1
170
1
 48
1.0
171
1
  6

172
1
173
1
174
1
140
1.0
141
1.0
175
1
  7

176
1
177
1
178
1
143
1.0
179
1
  8

270
1
271
1
272
1
145
1.0
146
1.0
273
1
  9

274
1
275
1
276
1
 42
1.0
 72
1
  3

 73
1
 74
1
 75
1
 94
63
  0
MATERIAL
  5
21
102
{ACAD_REACTORS
330
E
102
}
330
E
100
AcDbMaterial
  1
Global
  2

 70
0
 40
1.0
 71
1
 41
1.0
 91
-1023410177
 42
1.0
 72
1
  3

 73
1
 74
1
 75
1
 44
0.5
 73
0
 45
1.0
 46
1.0
 77
1
  4

 78
1
 79
1
170
1
 48
1.0
171
1
  6

172
1
173
1
174
1
140
1.0
141
1.0
175
1
  7

176
1
177
1
178
1
143
1.0
179
1
  8

270
1
271
1
272
1
145
1.0
146
1.0
273
1
  9

274
1
275
1
276
1
 42
1.0
 72
1
  3

 73
1
 74
1
 75
1
 94
63
  0
MLINESTYLE
  5
22
102
{ACAD_REACTORS
330
10
102
}
330
10
100
AcDbMlineStyle
  2
Standard
 70
0
  3

 62
256
 51
90.0
 52
90.0
 71
2
 49
0.5
 62
256
  6
BYLAYER
 49
-0.5
 62
256
  6
BYLAYER
  0
MLEADERSTYLE
  5
2C
102
{ACAD_REACTORS
330
F
102
}
330
F
100
AcDbMLeaderStyle
179
2
170
2
171
1
172
0
 90
2
 40
0.0
 41
0.0
173
1
 91
-1056964608
 92
-2
290
1
 42
2.0
291
1
 43
8.0
  3
Standard
 44
4.0
300

342
29
174
1
175
1
176
0
178
1
 93
-1056964608
 45
4.0
292
0
297
0
 46
4.0
 94
-1056964608
 47
1.0
 49
1.0
140
1.0
294
1
141
0.0
177
0
142
1.0
295
0
296
0
143
3.75
271
0
272
9
273
9
  0
DICTIONARY
  5
2D
330
A
100
AcDbDictionary
280
1
281
1
  3
CREATED_BY_EZDXF
350
2E
  3
WRITTEN_BY_EZDXF
350
B77
  0
DICTIONARYVAR
  5
2E
330
2D
100
DictionaryVariables
280
0
  1
1.4.2 @ 2000-01-01T00:00:00+00:00
  0
DICTIONARYVAR
  5
B77
330
2D
100
DictionaryVariables
280
0
  1
1.4.2 @ 2000-01-01T00:00:00+00:00
  0
ENDSEC
  0
EOF
