day_coordinate,cam_angle_deg,pitch_radius_mm,surface_x_mm,surface_y_mm,surface_radius_mm,pressure_angle_deg,pitch_curvature_radius_mm
0.000000000,0.000000000,93.979832869,85.994311446,-0.481090015,85.995657150,3.447633544,inf
0.126736111,0.125000000,93.967725169,85.981930254,-0.275255980,85.982370844,3.316689665,1389.580487968
0.253472222,0.250000000,93.956037329,85.969764156,-0.073492662,85.969795569,3.214580211,315.196138815
0.380208333,0.375000000,93.944665572,85.957714645,0.124196596,85.957804368,3.141339121,177.647705775
0.506944444,0.500000000,93.933506122,85.945689249,0.317808859,85.946276841,3.096993637,123.634465990
0.633680556,0.625000000,93.922455203,85.933601548,0.507341514,85.935099176,3.081565160,94.789601930
0.760416667,0.750000000,93.911409038,85.921371201,0.692792215,85.924164180,3.095069902,76.849368167
0.887152778,0.875000000,93.900263849,85.908923950,0.874158892,85.913371299,3.137519314,64.615588196
1.013888889,1.000000000,93.888915891,85.896189391,1.051470506,85.902624768,3.208699688,56.825872843
1.140625000,1.125000000,93.877291295,85.882898606,1.227782367,85.891674349,3.286660300,59.044735731
1.267361111,1.250000000,93.865402533,85.868910712,1.405119847,85.880406314,3.356838278,61.443619666
1.394097222,1.375000000,93.853277576,85.854242800,1.583480397,85.868844274,3.419233348,64.045571018
1.520833333,1.500000000,93.840944395,85.838912404,1.762861740,85.857012318,3.473844791,66.877756515
1.647569444,1.625000000,93.828430963,85.822937499,1.943261877,85.844935015,3.520671436,69.972424401
1.774305556,1.750000000,93.815765250,85.806336501,2.124679093,85.832637411,3.559711649,73.368147815
1.901041667,1.875000000,93.802975228,85.789128260,2.307111967,85.820145031,3.590963330,77.111452043
2.027777778,2.000000000,93.790088807,85.771335228,2.490526526,85.807486091,3.614660312,80.064290501
2.154513889,2.125000000,93.777123485,85.753059463,2.674003831,85.794740537,3.637405871,78.952737530
2.281250000,2.250000000,93.764074747,85.734338798,2.857125511,85.781932919,3.662200685,77.871057726
2.407986111,2.375000000,93.750935276,85.715168399,3.039890001,85.769056336,3.689045615,76.818072045
2.534722222,2.500000000,93.737697757,85.695543467,3.222295691,85.756103920,3.717941509,75.792662549
2.661458333,2.625000000,93.724354871,85.675459242,3.404340927,85.743068837,3.748889202,74.793768557
2.788194444,2.750000000,93.710899304,85.654911002,3.586024007,85.729944284,3.781889517,73.820383080
2.914930556,2.875000000,93.697323739,85.633894062,3.767343184,85.716723496,3.816943268,72.871549518
3.041666667,3.000000000,93.683620916,85.612401452,3.948316473,85.703398330,3.853908416,72.331626390
3.168402778,3.125000000,93.669787054,85.590399429,4.129206209,85.689945842,3.890880732,72.587231420
3.295138889,3.250000000,93.655823829,85.567879563,4.310093336,85.676361486,3.927264800,72.844614504
3.421875000,3.375000000,93.641733397,85.544843592,4.490976277,85.662647245,3.963060542,73.103799361
3.548611111,3.500000000,93.627517911,85.521293262,4.671853473,85.648805106,3.998267870,73.364810132
3.675347222,3.625000000,93.613179527,85.497230325,4.852723383,85.634837055,4.032886691,73.627671390
3.802083333,3.750000000,93.598720399,85.472656541,5.033584483,85.620745086,4.066916903,73.892408143
3.928819444,3.875000000,93.584142681,85.447573676,5.214435264,85.606531189,4.100358396,74.159045847
4.055555556,4.000000000,93.569448493,85.421984806,5.395264859,85.592198074,4.133278884,74.281706141
4.182291667,4.125000000,93.554638841,85.395901251,5.575998922,85.577752450,4.166205156,74.217949982
4.309027778,4.250000000,93.539713427,85.369325316,5.756620492,85.563195268,4.199248693,74.154163687
4.435763889,4.375000000,93.524671876,85.342257080,5.937127999,85.548526184,4.232409642,74.090347030
4.562500000,4.500000000,93.509513814,85.314696626,6.117519867,85.533744859,4.265688147,74.026499790
4.689236111,4.625000000,93.494238868,85.286644044,6.297794524,85.518850952,4.299084356,73.962621746
4.815972222,4.750000000,93.478846664,85.258099429,6.477950391,85.503844121,4.332598417,73.898712681
4.942708333,4.875000000,93.463336827,85.229062881,6.657985892,85.488724027,4.366230477,73.834772380
5.069444444,5.000000000,93.447709003,85.199533858,6.837903477,85.473490005,4.399951441,73.820420383
5.196180556,5.125000000,93.431963192,85.169509431,7.017721654,85.458140361,4.433615762,73.846932406
5.322916667,5.250000000,93.416099707,85.138989730,7.197441621,85.442675158,4.467203610,73.873360475
5.449652778,5.375000000,93.400118870,85.107975345,7.377061838,85.427094699,4.500715057,73.899704842
5.576388889,5.500000000,93.384021005,85.076466872,7.556580769,85.411399288,4.534150172,73.925965765
5.703125000,5.625000000,93.367806435,85.044464911,7.735996882,85.395589229,4.567509027,73.952143499
5.829861111,5.750000000,93.351475485,85.011970068,7.915308647,85.379664827,4.600791690,73.978238304
5.956597222,5.875000000,93.335028476,84.978982953,8.094514538,85.363626384,4.633998229,74.004250438
6.083333333,6.000000000,93.318465725,84.945504451,8.273611555,85.347474331,4.667139485,74.014841767
6.210069444,6.125000000,93.301787443,84.911536033,8.452593213,85.331209317,4.700251667,74.017338225
6.336805556,6.250000000,93.284993779,84.877078278,8.631457585,85.314831518,4.733337785,74.019723727
6.463541667,6.375000000,93.268084877,84.842131696,8.810203145,85.298341075,4.766397928,74.021998372
6.590277778,6.500000000,93.251060882,84.806696801,8.988828370,85.281738126,4.799432183,74.024162263
6.717013889,6.625000000,93.233921939,84.770774114,9.167331743,85.265022812,4.832440638,74.026215502
6.843750000,6.750000000,93.216668194,84.734364156,9.345711743,85.248195271,4.865423379,74.028158191
6.970486111,6.875000000,93.199299791,84.697467458,9.523966857,85.231255644,4.898380494,74.029990432
7.097222222,7.000000000,93.181816880,84.660084429,9.702096181,85.214204015,4.931307613,74.037159211
7.223958333,7.125000000,93.164219643,84.622215339,9.880099613,85.197040425,4.964194541,74.045876177
7.350694444,7.250000000,93.146508281,84.583860755,10.057975703,85.179765058,4.997040946,74.054488598
7.477430556,7.375000000,93.128682991,84.545021262,10.235722953,85.162378105,5.029846907,74.062996614
7.604166667,7.500000000,93.110743973,84.505697449,10.413339864,85.144879754,5.062612503,74.071400369
7.730902778,7.625000000,93.092691426,84.465889909,10.590824941,85.127270197,5.095337812,74.079700003
7.857638889,7.750000000,93.074525551,84.425599243,10.768176692,85.109549622,5.128022911,74.087895661
7.984375000,7.875000000,93.056246545,84.384826052,10.945393628,85.091718219,5.160667877,74.095987484
8.111111111,8.000000000,93.037854609,84.343570945,11.122474265,85.073776180,5.193272775,74.103989864
8.237847222,8.125000000,93.019349942,84.301834533,11.299417122,85.055723693,5.225837660,74.111890716
8.364583333,8.250000000,93.000732742,84.259617433,11.476220719,85.037560948,5.258362608,74.119688182
8.491319444,8.375000000,92.982003210,84.216920269,11.652883579,85.019288137,5.290847695,74.127382406
8.618055556,8.500000000,92.963161545,84.173743665,11.829404227,85.000905448,5.323292995,74.134973534
8.744791667,8.625000000,92.944207946,84.130088254,12.005781191,84.982413073,5.355698586,74.142461712
8.871527778,8.750000000,92.925142613,84.085954672,12.182013005,84.963811202,5.388064540,74.149847085
8.998263889,8.875000000,92.905965745,84.041343558,12.358098202,84.945100025,5.420390932,74.157129802
9.125000000,9.000000000,92.886677542,83.996255573,12.534035260,84.926279738,5.452678274,74.163892578
9.251736111,9.125000000,92.867278198,83.950691379,12.709822659,84.907350536,5.484927099,74.170546800
9.378472222,9.250000000,92.847767912,83.904651630,12.885458940,84.888312607,5.517137481,74.177098407
9.505208333,9.375000000,92.828146879,83.858136981,13.060942652,84.869166138,5.549309494,74.183547546
9.631944444,9.500000000,92.808415295,83.811148094,13.236272344,84.849911316,5.581443211,74.189894362
9.758680556,9.625000000,92.788573357,83.763685634,13.411446568,84.830548330,5.613538704,74.196139002
9.885416667,9.750000000,92.768621261,83.715750270,13.586463880,84.811077366,5.645596046,74.202281613
10.012152778,9.875000000,92.748559202,83.667342678,13.761322839,84.791498613,5.677615304,74.208364181
10.138888889,10.000000000,92.728387378,83.618463517,13.936022081,84.771812251,5.709596008,74.214739710
10.265625000,10.125000000,92.708105989,83.569113457,14.110560222,84.752018464,5.741537852,74.221014058
10.392361111,10.250000000,92.687715232,83.519293189,14.284935830,84.732117443,5.773440906,74.227187375
10.519097222,10.375000000,92.667215309,83.469003407,14.459147477,84.712109379,5.805305240,74.233259813
10.645833333,10.500000000,92.646606418,83.418244810,14.633193739,84.691994463,5.837130923,74.239231525
10.772569444,10.625000000,92.625888759,83.367018101,14.807073193,84.671772886,5.868918025,74.245102662
10.899305556,10.750000000,92.605062531,83.315323989,14.980784422,84.651444838,5.900666615,74.250873378
11.026041667,10.875000000,92.584127934,83.263163184,15.154326010,84.631010512,5.932376757,74.256561360
11.152777778,11.000000000,92.563085168,83.210536398,15.327696562,84.610470094,5.964048400,74.262217073
11.279513889,11.125000000,92.541934432,83.157444351,15.500894676,84.589823778,5.995681555,74.267772905
11.406250000,11.250000000,92.520675927,83.103887768,15.673918947,84.569071754,6.027276289,74.273229011
11.532986111,11.375000000,92.499309853,83.049867378,15.846767973,84.548214213,6.058832670,74.278585546
11.659722222,11.500000000,92.477836410,82.995383915,16.019440355,84.527251348,6.090350764,74.283842666
11.786458333,11.625000000,92.456255799,82.940438118,16.191934698,84.506183351,6.121830636,74.289000527
11.913194444,11.750000000,92.434568218,82.885030730,16.364249609,84.485010412,6.153272354,74.294059285
12.039930556,11.875000000,92.412773869,82.829162497,16.536383701,84.463732725,6.184675983,74.299015479
12.166666667,12.000000000,92.390872952,82.772834170,16.708335585,84.442350480,6.216041607,74.303865010
12.293402778,12.125000000,92.368865666,82.716046507,16.880103878,84.420863870,6.247369296,74.308615900
12.420138889,12.250000000,92.346752211,82.658800265,17.051687201,84.399273087,6.278659114,74.313268307
12.546875000,12.375000000,92.324532789,82.601096209,17.223084180,84.377578322,6.309911125,74.317822389
12.673611111,12.500000000,92.302207598,82.542935106,17.394293443,84.355779768,6.341125393,74.322278304
12.800347222,12.625000000,92.279776838,82.484317728,17.565313620,84.333877616,6.372301982,74.326636212
12.927083333,12.750000000,92.257240711,82.425244852,17.736143348,84.311872058,6.403440955,74.330896273
13.053819444,12.875000000,92.234599415,82.365717255,17.906781275,84.289763284,6.434542295,74.335234714
13.180555556,13.000000000,92.211853153,82.305735690,18.077226129,84.267551478,6.465605418,74.339714444
13.307291667,13.125000000,92.189002127,82.245300944,18.247476573,84.245236830,6.496630240,74.344097188
13.434027778,13.250000000,92.166046541,82.184413809,18.417531259,84.222819537,6.527616823,74.348383112
13.560763889,13.375000000,92.142986597,82.123075085,18.587388838,84.200299793,6.558565227,74.352572378
13.687500000,13.500000000,92.119822499,82.061285574,18.757047966,84.177677792,6.589475512,74.356665152
13.814236111,13.625000000,92.096554450,81.999046084,18.926507305,84.154953731,6.620347740,74.360661597
13.940972222,13.750000000,92.073182653,81.936357425,19.095765517,84.132127803,6.651181969,74.364561880
14.067708333,13.875000000,92.049707311,81.873220413,19.264821265,84.109200205,6.681978288,74.368312053
14.194444444,14.000000000,92.026128628,81.809635874,19.433673200,84.086171134,6.712736917,74.371919149
14.321180556,14.125000000,92.002446804,81.745604633,19.602319991,84.063040784,6.743457936,74.375430486
14.447916667,14.250000000,91.978662043,81.681127515,19.770760318,84.039809350,6.774141405,74.378846231
14.574652778,14.375000000,91.954774548,81.616205350,19.938992861,84.016477027,6.804787380,74.382166550
14.701388889,14.500000000,91.930784519,81.550838973,20.107016305,83.993044009,6.835395921,74.385391610
14.828125000,14.625000000,91.906692161,81.485029222,20.274829338,83.969510490,6.865967083,74.388521577
14.954861111,14.750000000,91.882497675,81.418776938,20.442430653,83.945876666,6.896500924,74.391556620
15.081597222,14.875000000,91.858201264,81.352082924,20.609819058,83.922142714,6.926996640,74.395776962
15.208333333,15.000000000,91.833803140,81.284947879,20.776993646,83.898308783,6.957451255,74.400612399
15.335069444,15.125000000,91.809303520,81.217372651,20.943953157,83.874375075,6.987864559,74.405355333
15.461805556,15.250000000,91.784702620,81.149358109,21.110696300,83.850341799,7.018236604,74.410005947
15.588541667,15.375000000,91.760000659,81.080905123,21.277221790,83.826209163,7.048567442,74.414564427
15.715277778,15.500000000,91.735197852,81.012014568,21.443528342,83.801977376,7.078857127,74.419030955
15.842013889,15.625000000,91.710294418,80.942687323,21.609614678,83.777646646,7.109105708,74.423405716
15.968750000,15.750000000,91.685290573,80.872924269,21.775479522,83.753217181,7.139313238,74.427688895
16.095486111,15.875000000,91.660186534,80.802726329,21.941121514,83.728689202,7.169480461,74.430996902
16.222222222,16.000000000,91.634982512,80.732094482,22.106539169,83.704062945,7.199609105,74.433923459
16.348958333,16.125000000,91.609678715,80.661029617,22.271731212,83.679338610,7.229699296,74.436757841
16.475694444,16.250000000,91.584275353,80.589532628,22.436696383,83.654516398,7.259751086,74.439500224
16.602430556,16.375000000,91.558772633,80.517604409,22.601433422,83.629596510,7.289764526,74.442150787
16.729166667,16.500000000,91.533170764,80.445245858,22.765941076,83.604579146,7.319739665,74.444709708
16.855902778,16.625000000,91.507469955,80.372457878,22.930218096,83.579464507,7.349676555,74.447177165
16.982638889,16.750000000,91.481670413,80.299241375,23.094263234,83.554252793,7.379575246,74.449553339
17.109375000,16.875000000,91.455772350,80.225597148,23.258075500,83.528944167,7.409433825,74.454024614
17.236111111,17.000000000,91.429775988,80.151525934,23.421654071,83.503538781,7.439249081,74.458754351
17.362847222,17.125000000,91.403681553,80.077028658,23.584997724,83.478036850,7.469021011,74.463395908
17.489583333,17.250000000,91.377489274,80.002106253,23.748105231,83.452438592,7.498749659,74.467949484
17.616319444,17.375000000,91.351199378,79.926759655,23.910975370,83.426744226,7.528435069,74.472415279
17.743055556,17.500000000,91.324812090,79.850989804,24.073606921,83.400953969,7.558077284,74.476793495
17.869791667,17.625000000,91.298327640,79.774797643,24.235998670,83.375068039,7.587676349,74.481084333
17.996527778,17.750000000,91.271746252,79.698184118,24.398149406,83.349086654,7.617232305,74.485287995
18.123263889,17.875000000,91.245068155,79.621150221,24.560057833,83.323010046,7.646745901,74.488706013
18.250000000,18.000000000,91.218293571,79.543696949,24.721722649,83.296838445,7.676217964,74.492016836
18.376736111,18.125000000,91.191422721,79.465825256,24.883142654,83.270572064,7.705648536,74.495240331
18.503472222,18.250000000,91.164455828,79.387536098,25.044316652,83.244211116,7.735037661,74.498376696
18.630208333,18.375000000,91.137393113,79.308830437,25.205243453,83.217755814,7.764385381,74.501426130
18.756944444,18.500000000,91.110234799,79.229709235,25.365921868,83.191206372,7.793691737,74.504388831
18.883680556,18.625000000,91.082981106,79.150173459,25.526350714,83.164563002,7.822956770,74.507264999
19.010416667,18.750000000,91.055632258,79.070224079,25.686528814,83.137825918,7.852180515,74.510134389
19.137152778,18.875000000,91.028188476,78.989861998,25.846455136,83.110995311,7.881361859,74.513806589
19.263888889,19.000000000,91.000649990,78.909088144,26.006128615,83.084071381,7.910499997,74.517393874
19.390625000,19.125000000,90.973017028,78.827903502,26.165548087,83.057054349,7.939594967,74.520896454
19.517361111,19.250000000,90.945289820,78.746309059,26.324712390,83.029944435,7.968646806,74.524314537
19.644097222,19.375000000,90.917468593,78.664305808,26.483620368,83.002741858,7.997655553,74.527648334
19.770833333,19.500000000,90.889553578,78.581894741,26.642270867,82.975446839,8.026621244,74.530898053
19.897569444,19.625000000,90.861545002,78.499076859,26.800662739,82.948059597,8.055543915,74.534063906
20.024305556,19.750000000,90.833443095,78.415853156,26.958794847,82.920580351,8.084423544,74.537443569
20.151041667,19.875000000,90.805248089,78.332224503,27.116666311,82.893009279,8.113258069,74.541994421
20.277777778,20.000000000,90.776960224,78.248191846,27.274276125,82.865346589,8.142046476,74.546463778
20.404513889,20.125000000,90.748579738,78.163756201,27.431623162,82.837592510,8.170788798,74.550851865
20.531250000,20.250000000,90.720106874,78.078918591,27.588706296,82.809747273,8.199485066,74.555158910
20.657986111,20.375000000,90.691541870,77.993680038,27.745524407,82.781811109,8.228135313,74.559385139
20.784722222,20.500000000,90.662884967,77.908041570,27.902076379,82.753784248,8.256739569,74.563530778
20.911458333,20.625000000,90.634136406,77.822004215,28.058361099,82.725666922,8.285297864,74.567596055
21.038194444,20.750000000,90.605296426,77.735569014,28.214377452,82.697459362,8.313810313,74.571307854
21.164930556,20.875000000,90.576365266,77.648737089,28.370124170,82.669161826,8.342278273,74.574305416
21.291666667,21.000000000,90.547343159,77.561509507,28.525600099,82.640774549,8.370702229,74.577222270
21.418402778,21.125000000,90.518230340,77.473887306,28.680804142,82.612297756,8.399082213,74.580058635
21.545138889,21.250000000,90.489027041,77.385871525,28.835735208,82.583731671,8.427418254,74.582814735
21.671875000,21.375000000,90.459733496,77.297463210,28.990392210,82.555076519,8.455710381,74.585490791
21.798611111,21.500000000,90.430349940,77.208663405,29.144774065,82.526332525,8.483958624,74.588087026
21.925347222,21.625000000,90.400876605,77.119473160,29.298879695,82.497499913,8.512163011,74.590603662
22.052083333,21.750000000,90.371313726,77.029893510,29.452708056,82.468578902,8.540323317,74.593640027
22.178819444,21.875000000,90.341661540,76.939925357,29.606258348,82.439569670,8.568437350,74.597457134
22.305555556,22.000000000,90.311920292,76.849569730,29.759529570,82.410472441,8.596504613,74.601196999
22.432291667,22.125000000,90.282090225,76.758827694,29.912520665,82.381287447,8.624525132,74.604859859
22.559027778,22.250000000,90.252171585,76.667700321,30.065230578,82.352014925,8.652498931,74.608445954
22.685763889,22.375000000,90.222164614,76.576188684,30.217658260,82.322655108,8.680426033,74.611955522
22.812500000,22.500000000,90.192069558,76.484293858,30.369802667,82.293208232,8.708306460,74.615388804
22.939236111,22.625000000,90.161886660,76.392016923,30.521662758,82.263674529,8.736140236,74.618746039
23.065972222,22.750000000,90.131616165,76.299358942,30.673237526,82.234054231,8.763927149,74.622467147
23.192708333,22.875000000,90.101258320,76.206320906,30.824526093,82.204347543,8.791665922,74.626518435
23.319444444,23.000000000,90.070813375,76.112903893,30.975527460,82.174554702,8.819356378,74.630495431
23.446180556,23.125000000,90.040281581,76.019108995,31.126240604,82.144675947,8.846998535,74.634398386
23.572916667,23.250000000,90.009663187,75.924937307,31.276664510,82.114711520,8.874592412,74.638227551
23.699652778,23.375000000,89.978958445,75.830389929,31.426798167,82.084661660,8.902138027,74.641983179
23.826388889,23.500000000,89.948167603,75.735467961,31.576640568,82.054526607,8.929635398,74.645665520
23.953125000,23.625000000,89.917290913,75.640172506,31.726190709,82.024306603,8.957084543,74.649274828
24.079861111,23.750000000,89.886328625,75.544504686,31.875447569,81.994001891,8.984485686,74.652489543
24.206597222,23.875000000,89.855280986,75.448465667,32.024410065,81.963612729,9.011839606,74.655442331
24.333333333,24.000000000,89.824148244,75.352056562,32.173077199,81.933139354,9.039146393,74.658322217
24.460069444,24.125000000,89.792930644,75.255278482,32.321447984,81.902582005,9.066406063,74.661129451
24.586805556,24.250000000,89.761628434,75.158132541,32.469521442,81.871940918,9.093618633,74.663864283
24.713541667,24.375000000,89.730241860,75.060619856,32.617296597,81.841216330,9.120784117,74.666526963
24.840277778,24.500000000,89.698771168,74.962741546,32.764772476,81.810408478,9.147902530,74.669117744
24.967013889,24.625000000,89.667216606,74.864498731,32.911948114,81.779517599,9.174973889,74.671636876
25.093750000,24.750000000,89.635578421,74.765892462,33.058822658,81.748543908,9.201997260,74.675340936
25.220486111,24.875000000,89.603856867,74.666923684,33.205395430,81.717487590,9.228970262,74.679417757
25.347222222,25.000000000,89.572052203,74.567593524,33.351665496,81.686348892,9.255892788,74.683425847
25.473958333,25.125000000,89.540164688,74.467903120,33.497631911,81.655128061,9.282764848,74.687365480
25.600694444,25.250000000,89.508194581,74.367853612,33.643293733,81.623825346,9.309586449,74.691236926
25.727430556,25.375000000,89.476142139,74.267446144,33.788650029,81.592440995,9.336357602,74.695040458
25.854166667,25.500000000,89.444007623,74.166681860,33.933699867,81.560975257,9.363078314,74.698776349
25.980902778,25.625000000,89.411791291,74.065561908,34.078442322,81.529428379,9.389748592,74.702444874
26.107638889,25.750000000,89.379493400,73.964087503,34.222876377,81.497800631,9.416369275,74.705082750
26.234375000,25.875000000,89.347114203,73.862259909,34.367000950,81.466092291,9.442941816,74.707481507
26.361111111,26.000000000,89.314653951,73.760080277,34.510815123,81.434303600,9.469466249,74.709812253
26.487847222,26.125000000,89.282112895,73.657549757,34.654317987,81.402434800,9.495942583,74.712075253
26.614583333,26.250000000,89.249491285,73.554669505,34.797508637,81.370486132,9.522370824,74.714270770
26.741319444,26.375000000,89.216789372,73.451440674,34.940386174,81.338457836,9.548750981,74.716399070
26.868055556,26.500000000,89.184007406,73.347864423,35.082949702,81.306350153,9.575083060,74.718460419
26.994791667,26.625000000,89.151145638,73.243941911,35.225198331,81.274163324,9.601367066,74.720455083
27.121527778,26.750000000,89.118204321,73.139674200,35.367131312,81.241897561,9.627601790,74.723636161
27.248263889,26.875000000,89.085183712,73.035062342,35.508747927,81.209553075,9.653785810,74.726806441
27.375000000,27.000000000,89.052084072,72.930107508,35.650047302,81.177130115,9.679919125,74.729912547
27.501736111,27.125000000,89.018905659,72.824810870,35.791028570,81.144628931,9.706001737,74.732954761
27.628472222,27.250000000,88.985648734,72.719173606,35.931690865,81.112049773,9.732033646,74.735933367
27.755208333,27.375000000,88.952313558,72.613196892,36.072033329,81.079392890,9.758014854,74.738848649
27.881944444,27.500000000,88.918900389,72.506881908,36.212055107,81.046658531,9.783945361,74.741700891
28.008680556,27.625000000,88.885409488,72.400229836,36.351755348,81.013846947,9.809825173,74.744385491
28.135416667,27.750000000,88.851841112,72.293242006,36.491133015,80.980958431,9.835656033,74.745580115
28.262152778,27.875000000,88.818195512,72.185919710,36.630187115,80.947993258,9.861439283,74.746710561
28.388888889,28.000000000,88.784472937,72.078264131,36.768916811,80.914951669,9.887174925,74.747777100
28.515625000,28.125000000,88.750673636,71.970276449,36.907321266,80.881833901,9.912862959,74.748780004
28.642361111,28.250000000,88.716797859,71.861957851,37.045399654,80.848640197,9.938503387,74.749719541
28.769097222,28.375000000,88.682845854,71.753309521,37.183151149,80.815370794,9.964096208,74.750595986
28.895833333,28.500000000,88.648817870,71.644332647,37.320574932,80.782025932,9.989641422,74.751409608
29.022569444,28.625000000,88.614714157,71.535028417,37.457670191,80.748605851,10.015138990,74.752375601
29.149305556,28.750000000,88.580534966,71.425397887,37.594436289,80.715110749,10.040587339,74.754272171
29.276041667,28.875000000,88.546280554,71.315442183,37.730872513,80.681540852,10.065985645,74.756108312
29.402777778,29.000000000,88.511951178,71.205162505,37.866978064,80.647896408,10.091333904,74.757884312
29.529513889,29.125000000,88.477547096,71.094560055,38.002752150,80.614177664,10.116632109,74.759600459
29.656250000,29.250000000,88.443068566,70.983636038,38.138193981,80.580384867,10.141880255,74.761257042
29.782986111,29.375000000,88.408515844,70.872391658,38.273302775,80.546518265,10.167078336,74.762854351
29.909722222,29.500000000,88.373889190,70.760828122,38.408077753,80.512578106,10.192226345,74.764392675
30.036458333,29.625000000,88.339188859,70.648946651,38.542518127,80.478564640,10.217324414,74.765391727
30.163194444,29.750000000,88.304415106,70.536748665,38.676622872,80.444478176,10.242374900,74.765140979
30.289930556,29.875000000,88.269568177,70.424235445,38.810391129,80.410318974,10.267378649,74.764829943
30.416666667,30.000000000,88.234648319,70.311408197,38.943822135,80.376087272,10.292335656,74.764458895
30.543402778,30.125000000,88.199655777,70.198268129,39.076915132,80.341783305,10.317245916,74.764028107
30.670138889,30.250000000,88.164590797,70.084816452,39.209669365,80.307407310,10.342109422,74.763537855
30.796875000,30.375000000,88.129453625,69.971054376,39.342084087,80.272959524,10.366926169,74.762988414
30.923611111,30.500000000,88.094244506,69.856983114,39.474158552,80.238440184,10.391696151,74.762380060
31.050347222,30.625000000,88.058963688,69.742603859,39.605892047,80.203849520,10.416419120,74.762313733
31.177083333,30.750000000,88.023611420,69.627917624,39.737284073,80.169187710,10.441092830,74.763101776
31.303819444,30.875000000,87.988187958,69.512925582,39.868333964,80.134454986,10.465716720,74.763833717
31.430555556,31.000000000,87.952693560,69.397628958,39.999040996,80.099651595,10.490290777,74.764509851
31.557291667,31.125000000,87.917128480,69.282028979,40.129404454,80.064777782,10.514814989,74.765130474
31.684027778,31.250000000,87.881492976,69.166126872,40.259423626,80.029833794,10.539289344,74.765695883
31.810763889,31.375000000,87.845787304,69.049923866,40.389097804,79.994819878,10.563713828,74.766206375
31.937500000,31.500000000,87.810011720,68.933421192,40.518426287,79.959736281,10.588088426,74.766662248
32.064236111,31.625000000,87.774166481,68.816620105,40.647408351,79.924583255,10.612413376,74.766570061
32.190972222,31.750000000,87.738251840,68.699521973,40.776043152,79.889361085,10.636690121,74.765942483
32.317708333,31.875000000,87.702268046,68.582128049,40.904329976,79.854070018,10.660918885,74.765259877
32.444444444,32.000000000,87.666215349,68.464439564,41.032268136,79.818710295,10.685099656,74.764522533
32.571180556,32.125000000,87.630093999,68.346457751,41.159856953,79.783282156,10.709232418,74.763730739
32.697916667,32.250000000,87.593904246,68.228183845,41.287095751,79.747785840,10.733317157,74.762884786
32.824652778,32.375000000,87.557646339,68.109619082,41.413983860,79.712221589,10.757353860,74.761984963
32.951388889,32.500000000,87.521320528,67.990764698,41.540520613,79.676589642,10.781342510,74.761031561
33.078125000,32.625000000,87.484927063,67.871621904,41.666705378,79.640890232,10.805282815,74.760474312
33.204861111,32.750000000,87.448466196,67.752191841,41.792537607,79.605123572,10.829173690,74.760144505
33.331597222,32.875000000,87.411938183,67.632475740,41.918016663,79.569289903,10.853015010,74.759762978
33.458333333,33.000000000,87.375343277,67.512474845,42.043141899,79.533389469,10.876806754,74.759330032
33.585069444,33.125000000,87.338681734,67.392190404,42.167912676,79.497422517,10.900548905,74.758845970
33.711805556,33.250000000,87.301953808,67.271623661,42.292328359,79.461389291,10.924241442,74.758311095
33.838541667,33.375000000,87.265159753,67.150775865,42.416388317,79.425290035,10.947884345,74.757725711
33.965277778,33.500000000,87.228299826,67.029648265,42.540091925,79.389124995,10.971477594,74.757090121
34.092013889,33.625000000,87.191374279,66.908242177,42.663438494,79.352894436,10.995021851,74.755456001
34.218750000,33.750000000,87.154383361,66.786559026,42.786427225,79.316598649,11.018518910,74.753412805
34.345486111,33.875000000,87.117327319,66.664600068,42.909057495,79.280237874,11.041968850,74.751318560
34.472222222,34.000000000,87.080206398,66.542366552,43.031328693,79.243812348,11.065371652,74.749173558
34.598958333,34.125000000,87.043020844,66.419859725,43.153240216,79.207322307,11.088727296,74.746978089
34.725694444,34.250000000,87.005770902,66.297080839,43.274791462,79.170767988,11.112035761,74.744732445
34.852430556,34.375000000,86.968456818,66.174031142,43.395981837,79.134149627,11.135297026,74.742436920
34.979166667,34.500000000,86.931078839,66.050711888,43.516810751,79.097467461,11.158511071,74.740091806
35.105902778,34.625000000,86.893637209,65.927124284,43.637277660,79.060721714,11.181677435,74.738226730
35.232638889,34.750000000,86.856132179,65.803269507,43.757382064,79.023912602,11.204795296,74.736417561
35.359375000,34.875000000,86.818563998,65.679148812,43.877123389,78.987040365,11.227864611,74.734560537
35.486111111,35.000000000,86.780932916,65.554763456,43.996501065,78.950105242,11.250885357,74.732655963
35.612847222,35.125000000,86.743239184,65.430114698,44.115514529,78.913107476,11.273857508,74.730704142
35.739583333,35.250000000,86.705483051,65.305203797,44.234163220,78.876047307,11.296781039,74.728705379
35.866319444,35.375000000,86.667664768,65.180032013,44.352446583,78.838924975,11.319655924,74.726659978
35.993055556,35.500000000,86.629784584,65.054600608,44.470364068,78.801740720,11.342482136,74.724568246
36.119791667,35.625000000,86.591842748,64.928910981,44.587914997,78.764494824,11.365261016,74.720967639
36.246527778,35.750000000,86.553839503,64.802964561,44.705098667,78.727187570,11.387994228,74.717234515
36.373263889,35.875000000,86.515775086,64.676762608,44.821914536,78.689819189,11.410681751,74.713453908
36.500000000,36.000000000,86.477649739,64.550306378,44.938362068,78.652389912,11.433323562,74.709626107
36.626736111,36.125000000,86.439463700,64.423597130,45.054440734,78.614899969,11.455919637,74.705751402
36.753472222,36.250000000,86.401217209,64.296636125,45.170150008,78.577349591,11.478469949,74.701830082
36.880208333,36.375000000,86.362910506,64.169424622,45.285489368,78.539739009,11.500974473,74.697862438
37.006944444,36.500000000,86.324543830,64.041963882,45.400458298,78.502068454,11.523433187,74.693797876
37.133680556,36.625000000,86.286117420,63.914255272,45.515056191,78.464338186,11.545847074,74.688809193
37.260416667,36.750000000,86.247631509,63.786300136,45.629282461,78.426548457,11.568216930,74.683773874
37.387152778,36.875000000,86.209086332,63.658099732,45.743136605,78.388699491,11.590542729,74.678692201
37.513888889,37.000000000,86.170482121,63.529655321,45.856618121,78.350791513,11.612824446,74.673564456
37.640625000,37.125000000,86.131819110,63.400968164,45.969726514,78.312824748,11.635062055,74.668390921
37.767361111,37.250000000,86.093097531,63.272039522,46.082461295,78.274799421,11.657255530,74.663171878
37.894097222,37.375000000,86.054317619,63.142870657,46.194821976,78.236715756,11.679404844,74.657907611
38.020833333,37.500000000,86.015479607,63.013462834,46.306808075,78.198573979,11.701509994,74.652456345
38.147569444,37.625000000,85.976583726,62.883817429,46.418419016,78.160374349,11.723572037,74.646237662
38.274305556,37.750000000,85.937630204,62.753935765,46.529654269,78.122117101,11.745591542,74.639973532
38.401041667,37.875000000,85.898619269,62.623819105,46.640513365,78.083802458,11.767568482,74.633664229
38.527777778,38.000000000,85.859551149,62.493468709,46.750995840,78.045430637,11.789502833,74.627310029
38.654513889,38.125000000,85.820426070,62.362885839,46.861101232,78.007001858,11.811394566,74.620911207
38.781250000,38.250000000,85.781244261,62.232071757,46.970829087,77.968516340,11.833243655,74.614468040
38.907986111,38.375000000,85.742005949,62.101027727,47.080178953,77.929974304,11.855050072,74.607980805
39.034722222,38.500000000,85.702711361,61.969755019,47.189150378,77.891375970,11.876813864,74.601168573
39.161458333,38.625000000,85.663360722,61.838255048,47.297742791,77.852721600,11.898536415,74.593566851
39.288194444,38.750000000,85.623954254,61.706529133,47.405955707,77.814011426,11.920218231,74.585920649
39.414930556,38.875000000,85.584492177,61.574578533,47.513788690,77.775245658,11.941859286,74.578230235
39.541666667,39.000000000,85.544974712,61.442404510,47.621241309,77.736424511,11.963459552,74.570495875
39.668402778,39.125000000,85.505402079,61.310008327,47.728313138,77.697548198,11.985019002,74.562717837
39.795138889,39.250000000,85.465774499,61.177391244,47.835003754,77.658616931,12.006537609,74.554896388
39.921875000,39.375000000,85.426092193,61.044554525,47.941312742,77.619630923,12.028015344,74.547031795
40.048611111,39.500000000,85.386355381,60.911499451,48.047239674,77.580590392,12.049452349,74.538673375
40.175347222,39.625000000,85.346564280,60.778227469,48.152783992,77.541495604,12.070850298,74.529546660
40.302083333,39.750000000,85.306719103,60.644739887,48.257945252,77.502346777,12.092209602,74.520376236
40.428819444,39.875000000,85.266820064,60.511037964,48.362723052,77.463144117,12.113530235,74.511162357
40.555555556,40.000000000,85.226867375,60.377122961,48.467116994,77.423887830,12.134812171,74.501905280
40.682291667,40.125000000,85.186861249,60.242996137,48.571126685,77.384578122,12.156055383,74.492605263
40.809027778,40.250000000,85.146801898,60.108658754,48.674751737,77.345215197,12.177259842,74.483262562
40.935763889,40.375000000,85.106689535,59.974112072,48.777991765,77.305799262,12.198425523,74.473877434
41.062500000,40.500000000,85.066524373,59.839357370,48.880846377,77.266330526,12.219552549,74.464131888
41.189236111,40.625000000,85.026306623,59.704396012,48.983315117,77.226809224,12.240641843,74.454016800
41.315972222,40.750000000,84.986036493,59.569229277,49.085397598,77.187235564,12.261693540,74.443859327
41.442708333,40.875000000,84.945714192,59.433858424,49.187093452,77.147609746,12.282707614,74.433659721
41.569444444,41.000000000,84.905339927,59.298284713,49.288402317,77.107931971,12.303684035,74.423418235
41.696180556,41.125000000,84.864913908,59.162509404,49.389323833,77.068202442,12.324622777,74.413135120
41.822916667,41.250000000,84.824436343,59.026533758,49.489857645,77.028421360,12.345523809,74.402810629
41.949652778,41.375000000,84.783907441,58.890359034,49.590003405,76.988588926,12.366387105,74.392445015
42.076388889,41.500000000,84.743327409,58.753986484,49.689760772,76.948705339,12.387212559,74.382163954
42.203125000,41.625000000,84.702696458,58.617417336,49.789129431,76.908770792,12.407999842,74.371925130
42.329861111,41.750000000,84.662014796,58.480652848,49.888109049,76.868785485,12.428748889,74.361646181
42.456597222,41.875000000,84.621282635,58.343694281,49.986699294,76.828749623,12.449459670,74.351327364
42.583333333,42.000000000,84.580500183,58.206542896,50.084899839,76.788663407,12.470132154,74.340968938
42.710069444,42.125000000,84.539667650,58.069199956,50.182710362,76.748527040,12.490766310,74.330571159
42.836805556,42.250000000,84.498785247,57.931666721,50.280130545,76.708340724,12.511362104,74.320134286
42.963541667,42.375000000,84.457853183,57.793944455,50.377160074,76.668104664,12.531919505,74.309658577
43.090277778,42.500000000,84.416871668,57.656034493,50.473798587,76.627819082,12.552439138,74.298201291
43.217013889,42.625000000,84.375840905,57.517938302,50.570045631,76.587484236,12.572922800,74.286323594
43.343750000,42.750000000,84.334761096,57.379657154,50.665900892,76.547100326,12.593370566,74.274406348
43.470486111,42.875000000,84.293632442,57.241192304,50.761364072,76.506667545,12.613782409,74.262449795
43.597222222,43.000000000,84.252455144,57.102545010,50.856434874,76.466186088,12.634158297,74.250454182
43.723958333,43.125000000,84.211229403,56.963716530,50.951113008,76.425656149,12.654498200,74.238419753
43.850694444,43.250000000,84.169955420,56.824708121,51.045398187,76.385077922,12.674802087,74.226346753
43.977430556,43.375000000,84.128633396,56.685521040,51.139290130,76.344451603,12.695069926,74.214235430
44.104166667,43.500000000,84.087263533,56.546156473,51.232788605,76.303777365,12.715301077,74.202842582
44.230902778,43.625000000,84.045846037,56.406615546,51.325893433,76.263055368,12.735494343,74.191576763
44.357638889,43.750000000,84.004381114,56.266899514,51.418604348,76.222285810,12.755649659,74.180274403
44.484375000,43.875000000,83.962868971,56.127009638,51.510921091,76.181468892,12.775766991,74.168935758
44.611111111,44.000000000,83.921309817,55.986947177,51.602843402,76.140604814,12.795846303,74.157561089
44.737847222,44.125000000,83.879703858,55.846713390,51.694371030,76.099693775,12.815887557,74.146150654
44.864583333,44.250000000,83.838051300,55.706309538,51.785503725,76.058735977,12.835890719,74.134704712
44.991319444,44.375000000,83.796352352,55.565736877,51.876241244,76.017731618,12.855855751,74.123223522
45.118055556,44.500000000,83.754607220,55.424996780,51.966583274,75.976680930,12.875783566,74.110663247
45.244791667,44.625000000,83.712816104,55.284090645,52.056529484,75.935584151,12.895675366,74.097990245
45.371527778,44.750000000,83.670979205,55.143019729,52.146079639,75.894441474,12.915531119,74.085281492
45.498263889,44.875000000,83.629096723,55.001785286,52.235233510,75.853253091,12.935350792,74.072537237
45.625000000,45.000000000,83.587168856,54.860388570,52.323990869,75.812019195,12.955134349,74.059757727
45.751736111,45.125000000,83.545195805,54.718830835,52.412351496,75.770739981,12.974881755,74.046943211
45.878472222,45.250000000,83.503177771,54.577113334,52.500315173,75.729415640,12.994592973,74.034093938
46.005208333,45.375000000,83.461114951,54.435237321,52.587881689,75.688046366,13.014267965,74.021264303
46.131944444,45.500000000,83.419007549,54.293203885,52.675050936,75.646632306,13.033905304,74.009664600
46.258680556,45.625000000,83.376855771,54.151014141,52.761822800,75.605173617,13.053503767,73.998032416
46.385416667,45.750000000,83.334659826,54.008669345,52.848197087,75.563670502,13.073063313,73.986368016
46.512152778,45.875000000,83.292419921,53.866170753,52.934173604,75.522123161,13.092583898,73.974671668
46.638888889,46.000000000,83.250136266,53.723519621,53.019752165,75.480531795,13.112065482,73.962943637
46.765625000,46.125000000,83.207809069,53.580717204,53.104932586,75.438896606,13.131508022,73.951184194
46.892361111,46.250000000,83.165438538,53.437764757,53.189714690,75.397217794,13.150911474,73.939393604
47.019097222,46.375000000,83.123024882,53.294663537,53.274098301,75.355495561,13.170275827,73.927365912
47.145833333,46.500000000,83.080568307,53.151415000,53.358083128,75.313730167,13.189602715,73.914144332
47.272569444,46.625000000,83.038069013,53.008020510,53.441668935,75.271921836,13.208893062,73.900890801
47.399305556,46.750000000,82.995527200,52.864481317,53.524855555,75.230070763,13.228146828,73.887605573
47.526041667,46.875000000,82.952943067,52.720798668,53.607642828,75.188177141,13.247363973,73.874288899
47.652777778,47.000000000,82.910316813,52.576973810,53.690030597,75.146241160,13.266544455,73.860941035
47.779513889,47.125000000,82.867648639,52.433007992,53.772018708,75.104263015,13.285688233,73.847562233
47.906250000,47.250000000,82.824938744,52.288902460,53.853607015,75.062242898,13.304795266,73.834152748
48.032986111,47.375000000,82.782187327,52.144658447,53.934795378,75.020180998,13.323865418,73.821085528
48.159722222,47.500000000,82.739394591,52.000276966,54.015583792,74.978077442,13.342896709,73.809048440
48.286458333,47.625000000,82.696560744,51.855759172,54.095972178,74.935932404,13.361888329,73.796983153
48.413194444,47.750000000,82.653685994,51.711106314,54.175960409,74.893746084,13.380840231,73.784889938
48.539930556,47.875000000,82.610770552,51.566319640,54.255548362,74.851518684,13.399752366,73.772769072
48.666666667,48.000000000,82.567814624,51.421400396,54.334735920,74.809250405,13.418624686,73.760620829
48.793402778,48.125000000,82.524818421,51.276349830,54.413522968,74.766941449,13.437457144,73.748445484
48.920138889,48.250000000,82.481782151,51.131169187,54.491909396,74.724592017,13.456249689,73.736243313
49.046875000,48.375000000,82.438706023,50.985859737,54.569895086,74.682202317,13.475002478,73.723444796
49.173611111,48.500000000,82.395590241,50.840422995,54.647479789,74.639772625,13.493717665,73.709647966
49.300347222,48.625000000,82.352435005,50.694860272,54.724663363,74.597303157,13.512395800,73.695823263
49.427083333,48.750000000,82.309240513,50.549172807,54.801445712,74.554794102,13.531036838,73.681970943
49.553819444,48.875000000,82.266006965,50.403361838,54.877826740,74.512245653,13.549640733,73.668091265
49.680555556,49.000000000,82.222734559,50.257428602,54.953806359,74.469658002,13.568207439,73.654184488
49.807291667,49.125000000,82.179423494,50.111374334,55.029384483,74.427031341,13.586736909,73.640250871
49.934027778,49.250000000,82.136073969,49.965200272,55.104561032,74.384365862,13.605229096,73.626290674
50.060763889,49.375000000,82.092686183,49.818907596,55.179335954,74.341661741,13.623683536,73.613197897
50.187500000,49.500000000,82.049260341,49.672497206,55.253709353,74.298919077,13.642097455,73.601051114
50.314236111,49.625000000,82.005796653,49.525970278,55.327681197,74.256138054,13.660470308,73.588880861
50.440972222,49.750000000,81.962295329,49.379328051,55.401251429,74.213318876,13.678802041,73.576687423
50.567708333,49.875000000,81.918756582,49.232571760,55.474419993,74.170461746,13.697092598,73.564471086
50.694444444,50.000000000,81.875180622,49.085702642,55.547186840,74.127566867,13.715341925,73.552232135
50.821180556,50.125000000,81.831567659,48.938721930,55.619551923,74.084634441,13.733549966,73.539970859
50.947916667,50.250000000,81.787917904,48.791630860,55.691515202,74.041664672,13.751716664,73.527687544
51.074652778,50.375000000,81.744231569,48.644430712,55.763076615,73.998657777,13.769842358,73.514696268
51.201388889,50.500000000,81.700508859,48.497122928,55.834236022,73.955614016,13.787928674,73.501203592
51.328125000,50.625000000,81.656749979,48.349708761,55.904993380,73.912533593,13.805975750,73.487688235
51.454861111,50.750000000,81.612955131,48.202189436,55.975348660,73.869416703,13.823983533,73.474150473
51.581597222,50.875000000,81.569124519,48.054566180,56.045301836,73.826263543,13.841951969,73.460590579
51.708333333,51.000000000,81.525258346,47.906840216,56.114852888,73.783074307,13.859881003,73.447008828
51.835069444,51.125000000,81.481356815,47.759012770,56.184001800,73.739849193,13.877770580,73.433405497
51.961805556,51.250000000,81.437420131,47.611085063,56.252748557,73.696588395,13.895620645,73.419780859
52.088541667,51.375000000,81.393448496,47.463058268,56.321093175,73.653292096,13.913430753,73.406707913
52.215277778,51.500000000,81.349442118,47.314933463,56.389035718,73.609960453,13.931199713,73.393862172
52.342013889,51.625000000,81.305401205,47.166711862,56.456576192,73.566593663,13.948927395,73.380997029
52.468750000,51.750000000,81.261325965,47.018394684,56.523714603,73.523191927,13.966613739,73.368112771
52.595486111,51.875000000,81.217216607,46.869983149,56.590450962,73.479755447,13.984258685,73.355209689
52.722222222,52.000000000,81.173073341,46.721478476,56.656785284,73.436284422,14.001862172,73.342288073
52.848958333,52.125000000,81.128896374,46.572881882,56.722717586,73.392779053,14.019424140,73.329348211
52.975694444,52.250000000,81.084685915,46.424194583,56.788247892,73.349239542,14.036944527,73.316390397
53.102430556,52.375000000,81.040442173,46.275417750,56.853376248,73.305666075,14.054422925,73.303857334
53.229166667,52.500000000,80.996165359,46.126552507,56.918102725,73.262058830,14.071858574,73.291412555
53.355902778,52.625000000,80.951855685,45.977600068,56.982427361,73.218418010,14.089251391,73.278951449
53.482638889,52.750000000,80.907513364,45.828561644,57.046350196,73.174743819,14.106601310,73.266474318
53.609375000,52.875000000,80.863138607,45.679438447,57.109871275,73.131036461,14.123908267,73.253981463
53.736111111,53.000000000,80.818731626,45.530231687,57.172990646,73.087296139,14.141172196,73.241473186
53.862847222,53.125000000,80.774292635,45.380942573,57.235708363,73.043523057,14.158393032,73.228949789
53.989583333,53.250000000,80.729821844,45.231572312,57.298024482,72.999717420,14.175570709,73.216411576
54.116319444,53.375000000,80.685319465,45.082122153,57.359939046,72.955879442,14.192705488,73.203489675
54.243055556,53.500000000,80.640785709,44.932593359,57.421452094,72.912009344,14.209797753,73.190519969
54.369791667,53.625000000,80.596220786,44.782987132,57.482563693,72.868107326,14.226847440,73.177535794
54.496527778,53.750000000,80.551624904,44.633304673,57.543273916,72.824173589,14.243854483,73.164537450
54.623263889,53.875000000,80.506998273,44.483547182,57.603582836,72.780208336,14.260818816,73.151525238
54.750000000,54.000000000,80.462341103,44.333715858,57.663490533,72.736211767,14.277740370,73.138499458
54.876736111,54.125000000,80.417653604,44.183811898,57.722997090,72.692184084,14.294619078,73.125460413
55.003472222,54.250000000,80.372935984,44.033836498,57.782102593,72.648125487,14.311454872,73.112400428
55.130208333,54.375000000,80.328188454,43.883790891,57.840807119,72.604036191,14.328247982,73.099044456
55.256944444,54.500000000,80.283411221,43.733676303,57.899110748,72.559916403,14.344998605,73.085675718
55.383680556,54.625000000,80.238604492,43.583493926,57.957013578,72.515766324,14.361706675,73.072294514
55.510416667,54.750000000,80.193768476,43.433244949,58.014515709,72.471586154,14.378372121,73.058901144
55.637152778,54.875000000,80.148903381,43.282930560,58.071617247,72.427376092,14.394994876,73.045495909
55.763888889,55.000000000,80.104009413,43.132551946,58.128318302,72.383136337,14.411574869,73.032079110
55.890625000,55.125000000,80.059086781,42.982110291,58.184618987,72.338867089,14.428112030,73.018651049
56.017361111,55.250000000,80.014135693,42.831606778,58.240519419,72.294568547,14.444606285,73.005243877
56.144097222,55.375000000,79.969156356,42.681042554,58.296019733,72.250240900,14.461057284,72.992026877
56.270833333,55.500000000,79.924148979,42.530418776,58.351120062,72.205884343,14.477464788,72.978799857
56.397569444,55.625000000,79.879113772,42.379736626,58.405820535,72.161499076,14.493828725,72.965563125
56.524305556,55.750000000,79.834050944,42.228997280,58.460121286,72.117085299,14.510149020,72.952316989
56.651041667,55.875000000,79.788960704,42.078201916,58.514022452,72.072643215,14.526425602,72.939061760
56.777777778,56.000000000,79.743843261,41.927351708,58.567524173,72.028173023,14.542658397,72.925797746
56.904513889,56.125000000,79.698698825,41.776447829,58.620626594,71.983674924,14.558847329,72.912525258
57.031250000,56.250000000,79.653527604,41.625491461,58.673329860,71.939149121,14.574992400,72.898933741
57.157986111,56.375000000,79.608329805,41.474483994,58.725634045,71.894595879,14.591095209,72.884383388
57.284722222,56.500000000,79.563105630,41.323426685,58.777539269,71.850015417,14.607156377,72.869823692
57.411458333,56.625000000,79.517855281,41.172320697,58.829045687,71.805407930,14.623175834,72.855254947
57.538194444,56.750000000,79.472578958,41.021167193,58.880153458,71.760773610,14.639153507,72.840677447
57.664930556,56.875000000,79.427276863,40.869967334,58.930862745,71.716112651,14.655089324,72.826091488
57.791666667,57.000000000,79.381949197,40.718722278,58.981173714,71.671425245,14.670983213,72.811497367
57.918402778,57.125000000,79.336596162,40.567433184,59.031086535,71.626711586,14.686835102,72.796895380
58.045138889,57.250000000,79.291217958,40.416101207,59.080601382,71.581971868,14.702644916,72.782286037
58.171875000,57.375000000,79.245814787,40.264727501,59.129718433,71.537206282,14.718412582,72.767669808
58.298611111,57.500000000,79.200386851,40.113313219,59.178437868,71.492415023,14.734138024,72.753046608
58.425347222,57.625000000,79.154934350,39.961859511,59.226759873,71.447598284,14.749821169,72.738416736
58.552083333,57.750000000,79.109457485,39.810367526,59.274684635,71.402756257,14.765461942,72.723780491
58.678819444,57.875000000,79.063956459,39.658838412,59.322212347,71.357889136,14.781060267,72.709138174
58.805555556,58.000000000,79.018431472,39.507273315,59.369343205,71.312997114,14.796616069,72.694490086
58.932291667,58.125000000,78.972882726,39.355673378,59.416077408,71.268080384,14.812129272,72.679836529
59.059027778,58.250000000,78.927310421,39.204039741,59.462415160,71.223139138,14.827599782,72.665212964
59.185763889,58.375000000,78.881714760,39.052373531,59.508356671,71.178173565,14.843027415,72.650624944
59.312500000,58.500000000,78.836095944,38.900675883,59.553902153,71.133183858,14.858412072,72.636032474
59.439236111,58.625000000,78.790454175,38.748947934,59.599051820,71.088170211,14.873753674,72.621435858
59.565972222,58.750000000,78.744789654,38.597190821,59.643805890,71.043132816,14.889052144,72.606835402
59.692708333,58.875000000,78.699102584,38.445405675,59.688164584,70.998071867,14.904307402,72.592231412
59.819444444,59.000000000,78.653393166,38.293593629,59.732128126,70.952987558,14.919519370,72.577624195
59.946180556,59.125000000,78.607661602,38.141755812,59.775696745,70.907880082,14.934687967,72.563014059
60.072916667,59.250000000,78.561908093,37.989893403,59.818870657,70.862749647,14.949813494,72.547717509
60.199652778,59.375000000,78.516132837,37.838007757,59.861650032,70.817596511,14.964897580,72.531912590
60.326388889,59.500000000,78.470336029,37.686100023,59.904035095,70.772420868,14.979940356,72.516103941
60.453125000,59.625000000,78.424517862,37.534171320,59.946026084,70.727222906,14.994941745,72.500291857
60.579861111,59.750000000,78.378678532,37.382222766,59.987623242,70.682002810,15.009901669,72.484476629
60.706597222,59.875000000,78.332818233,37.230255479,60.028826813,70.636760767,15.024820051,72.468658551
60.833333333,60.000000000,78.286937158,37.078270572,60.069637046,70.591496963,15.039696813,72.452837918
60.960069444,60.125000000,78.241035503,36.926269157,60.110054193,70.546211584,15.054531877,72.437015025
61.086805556,60.250000000,78.195113462,36.774252282,60.150078526,70.500904799,15.069324690,72.421904913
61.213541667,60.375000000,78.149171234,36.622220861,60.189710357,70.455576740,15.084073732,72.407123212
61.340277778,60.500000000,78.103209019,36.470175991,60.228949958,70.410227594,15.098778817,72.392341692
61.467013889,60.625000000,78.057227018,36.318118778,60.267797595,70.364857554,15.113439863,72.377560668
61.593750000,60.750000000,78.011225433,36.166050327,60.306253544,70.319466812,15.128056785,72.362780452
61.720486111,60.875000000,77.965204464,36.013971741,60.344318080,70.274055561,15.142629497,72.348001359
61.847222222,61.000000000,77.919164311,35.861884121,60.381991482,70.228623993,15.157157916,72.333223705
61.973958333,61.125000000,77.873105176,35.709788565,60.419274034,70.183172300,15.171641955,72.318447805
62.100694444,61.250000000,77.827027258,35.557686270,60.456165998,70.137700704,15.186082263,72.302713141
62.227430556,61.375000000,77.780930754,35.405578540,60.492667609,70.092209454,15.200480305,72.286730740
62.354166667,61.500000000,77.734815856,35.253466470,60.528779154,70.046698738,15.214836047,72.270749209
62.480902778,61.625000000,77.688682759,35.101351150,60.564500927,70.001168741,15.229149405,72.254768848
62.607638889,61.750000000,77.642531655,34.949233666,60.599833221,69.955619648,15.243420298,72.238789957
62.734375000,61.875000000,77.596362738,34.797115102,60.634776337,69.910051644,15.257648641,72.222812837
62.861111111,62.000000000,77.550176201,34.644996541,60.669330576,69.864464915,15.271834351,72.206837790
62.987847222,62.125000000,77.503972239,34.492879064,60.703496244,69.818859646,15.285977343,72.190865120
63.114583333,62.250000000,77.457751043,34.340763720,60.737273654,69.773236014,15.300077333,72.175123408
63.241319444,62.375000000,77.411512809,34.188651548,60.770663130,69.727594193,15.314133952,72.159409254
63.368055556,62.500000000,77.365257732,34.036543623,60.803664987,69.681934371,15.328147109,72.143698773
63.494791667,62.625000000,77.318986007,33.884441017,60.836279543,69.636256732,15.342116718,72.127992274
63.621527778,62.750000000,77.272697829,33.732344799,60.868507123,69.590561465,15.356042692,72.112290066
63.748263889,62.875000000,77.226393392,33.580256039,60.900348052,69.544848756,15.369924943,72.096592461
63.875000000,63.000000000,77.180072892,33.428175802,60.931802658,69.499118790,15.383763382,72.080899769
64.001736111,63.125000000,77.133736524,33.276105153,60.962871274,69.453371755,15.397557923,72.065182425
64.128472222,63.250000000,77.087384480,33.124045448,60.993554175,69.407607924,15.411310633,72.047317739
64.255208333,63.375000000,77.041016944,32.971998022,61.023851635,69.361827556,15.425023474,72.029455649
64.381944444,63.500000000,76.994634097,32.819963929,61.053763989,69.316030826,15.438696365,72.011596435
64.508680556,63.625000000,76.948236122,32.667944222,61.083291573,69.270217908,15.452329223,71.993740378
64.635416667,63.750000000,76.901823200,32.515939948,61.112434728,69.224388976,15.465921966,71.975887759
64.762152778,63.875000000,76.855395513,32.363952156,61.141193796,69.178544202,15.479474513,71.958038862
64.888888889,64.000000000,76.808953242,32.211981890,61.169569125,69.132683763,15.492986780,71.940193968
65.015625000,64.125000000,76.762496569,32.060030195,61.197561063,69.086807831,15.506458691,71.922300761
65.142361111,64.250000000,76.716025675,31.908098181,61.225169951,69.040916600,15.519890662,71.904037734
65.269097222,64.375000000,76.669540740,31.756186927,61.252396134,68.995010256,15.533282925,71.885778943
65.395833333,64.500000000,76.623041942,31.604297471,61.279239969,68.949088970,15.546635398,71.867524667
65.522569444,64.625000000,76.576529461,31.452430845,61.305701818,68.903152914,15.559947999,71.849275185
65.649305556,64.750000000,76.530003476,31.300588082,61.331782042,68.857202257,15.573220644,71.831030777
65.776041667,64.875000000,76.483464165,31.148770212,61.357481008,68.811237173,15.586453249,71.812791723
65.902777778,65.000000000,76.436911709,30.996978260,61.382799085,68.765257832,15.599645729,71.794558305
66.029513889,65.125000000,76.390346285,30.845213265,61.407736644,68.719264410,15.612798091,71.775931072
66.156250000,65.250000000,76.343768071,30.693476557,61.432294007,68.673257168,15.625912493,71.755991775
66.282986111,65.375000000,76.297177235,30.541769288,61.456471525,68.627236310,15.638989827,71.736056513
66.409722222,65.500000000,76.250573946,30.390092475,61.480269572,68.581201996,15.652030015,71.716125545
66.536458333,65.625000000,76.203958373,30.238447129,61.503688526,68.535154389,15.665032978,71.696199129
66.663194444,65.750000000,76.157330684,30.086834264,61.526728769,68.489093650,15.677998636,71.676277524
66.789930556,65.875000000,76.110691049,29.935254887,61.549390683,68.443019940,15.690926909,71.656360991
66.916666667,66.000000000,76.064039636,29.783710006,61.571674655,68.396933422,15.703817718,71.636449788
67.043402778,66.125000000,76.017376614,29.632200635,61.593581073,68.350834259,15.716671051,71.616331133
67.170138889,66.250000000,75.970702150,29.480727896,61.615110312,68.304722648,15.729487698,71.595808710
67.296875000,66.375000000,75.924016409,29.329292825,61.636262759,68.258598758,15.742267838,71.575291537
67.423611111,66.500000000,75.877319556,29.177896418,61.657038809,68.212462748,15.755011391,71.554779865
67.550347222,66.625000000,75.830611757,29.026539672,61.677438862,68.166314775,15.767718279,71.534273949
67.677083333,66.750000000,75.783893176,28.875223577,61.697463319,68.120154996,15.780388422,71.513774042
67.803819444,66.875000000,75.737163978,28.723949126,61.717112584,68.073983570,15.793021739,71.493280399
67.930555556,67.000000000,75.690424328,28.572717306,61.736387065,68.027800655,15.805618150,71.472793275
68.057291667,67.125000000,75.643674391,28.421529135,61.755287166,67.981606419,15.818177807,71.451780729
68.184027778,67.250000000,75.596914329,28.270385832,61.773813269,67.935401087,15.830702323,71.430128963
68.310763889,67.375000000,75.550144300,28.119288423,61.791965780,67.889184826,15.843191963,71.408482870
68.437500000,67.500000000,75.503364462,27.968237885,61.809745112,67.842957787,15.855646649,71.386842689
68.564236111,67.625000000,75.456574972,27.817235195,61.827151682,67.796720120,15.868066304,71.365208661
68.690972222,67.750000000,75.409775990,27.666281325,61.844185910,67.750471978,15.880450850,71.343581028
68.817708333,67.875000000,75.362967672,27.515377246,61.860848217,67.704213511,15.892800210,71.321960030
68.944444444,68.000000000,75.316150177,27.364523928,61.877139028,67.657944871,15.905114304,71.300345911
69.071180556,68.125000000,75.269323662,27.213722361,61.893058768,67.611666216,15.917393240,71.278396267
69.197916667,68.250000000,75.222488283,27.062973632,61.908607853,67.565377733,15.929637816,71.256185920
69.324652778,68.375000000,75.175644196,26.912278718,61.923786712,67.519079574,15.941848069,71.233982354
69.451388889,68.500000000,75.128791553,26.761638576,61.938595778,67.472771888,15.954023921,71.211785805
69.578125000,68.625000000,75.081930510,26.611054164,61.953035487,67.426454821,15.966165295,71.189596510
69.704861111,68.750000000,75.035061220,26.460526436,61.967106278,67.380128522,15.978272112,71.167414703
69.831597222,68.875000000,74.988183838,26.310056344,61.980808591,67.333793139,15.990344296,71.145240621
69.958333333,69.000000000,74.941298519,26.159644837,61.994142871,67.287448817,16.002381768,71.123074502
70.085069444,69.125000000,74.894405416,26.009292893,62.007109562,67.241095716,16.014384663,71.100584148
70.211805556,69.250000000,74.847504682,25.859001553,62.019709103,67.194734009,16.026353591,71.077938853
70.338541667,69.375000000,74.800596468,25.708771765,62.031941942,67.148363843,16.038288528,71.055301564
70.465277778,69.500000000,74.753680925,25.558604469,62.043808534,67.101985364,16.050189394,71.032672514
70.592013889,69.625000000,74.706758206,25.408500604,62.055309332,67.055598717,16.062056113,71.010051935
70.718750000,69.750000000,74.659828461,25.258461103,62.066444794,67.009204045,16.073888605,70.987440059
70.845486111,69.875000000,74.612891841,25.108486901,62.077215381,66.962801494,16.085686793,70.964837119
70.972222222,70.000000000,74.565948498,24.958578928,62.087621554,66.916391208,16.097450597,70.942243349
71.098958333,70.125000000,74.518998584,24.808738083,62.097663781,66.869973324,16.109179729,70.919936971
71.225694444,70.250000000,74.472042252,24.658965229,62.107342535,66.823547968,16.120873649,70.897718695
71.352430556,70.375000000,74.425079654,24.509261286,62.116658288,66.777115284,16.132532258,70.875510782
71.479166667,70.500000000,74.378110944,24.359627177,62.125611513,66.730675421,16.144155475,70.853313472
71.605902778,70.625000000,74.331136276,24.210063821,62.134202688,66.684228524,16.155743217,70.831127006
71.732638889,70.750000000,74.284155804,24.060572136,62.142432290,66.637774741,16.167295403,70.808951625
71.859375000,70.875000000,74.237169680,23.911153034,62.150300802,66.591314217,16.178811950,70.786787572
71.986111111,71.000000000,74.190178058,23.761807430,62.157808707,66.544847100,16.190292775,70.764635087
72.112847222,71.125000000,74.143181090,23.612536362,62.164956484,66.498373575,16.201738724,70.741412501
72.239583333,71.250000000,74.096178926,23.463340931,62.171744611,66.451893845,16.213151116,70.718067237
72.366319444,71.375000000,74.049171710,23.314222042,62.178173572,66.405408049,16.224529886,70.694732588
72.493055556,71.500000000,74.002159590,23.165180598,62.184243858,66.358916329,16.235874956,70.671408782
72.619791667,71.625000000,73.955142711,23.016217496,62.189955960,66.312418822,16.247186247,70.648096046
72.746527778,71.750000000,73.908121220,22.867333633,62.195310371,66.265915670,16.258463677,70.624794607
72.873263889,71.875000000,73.861095264,22.718529904,62.200307588,66.219407012,16.269707168,70.601504693
73.000000000,72.000000000,73.814064987,22.569807198,62.204948110,66.172892987,16.280916639,70.578226532
73.126736111,72.125000000,73.767030538,22.421166274,62.209232442,66.126373695,16.292091052,70.555952343
73.253472222,72.250000000,73.719992068,22.272607884,62.213161094,66.079849238,16.303229367,70.533691750
73.380208333,72.375000000,73.672949729,22.124132914,62.216734577,66.033319761,16.314331497,70.511444995
73.506944444,72.500000000,73.625903674,21.975742248,62.219953401,65.986785409,16.325397358,70.489212325
73.633680556,72.625000000,73.578854053,21.827436765,62.222818081,65.940246327,16.336426862,70.466993983
73.760416667,72.750000000,73.531801020,21.679217345,62.225329132,65.893702660,16.347419923,70.444790215
73.887152778,72.875000000,73.484744726,21.531084861,62.227487074,65.847154554,16.358376455,70.422601267
74.013888889,73.000000000,73.437685323,21.383040187,62.229292428,65.800602153,16.369296366,70.400467696
74.140625000,73.125000000,73.390622965,21.235084135,62.230745717,65.754045585,16.380179144,70.378677253
74.267361111,73.250000000,73.343557805,21.087217532,62.231847469,65.707484982,16.391024417,70.356902911
74.394097222,73.375000000,73.296489998,20.939441246,62.232598213,65.660920494,16.401832097,70.335144923
74.520833333,73.500000000,73.249419697,20.791756140,62.232998480,65.614352266,16.412602094,70.313403543
74.647569444,73.625000000,73.202347058,20.644163073,62.233048804,65.567780445,16.423334316,70.291679027
74.774305556,73.750000000,73.155272233,20.496662906,62.232749720,65.521205179,16.434028673,70.269971628
74.901041667,73.875000000,73.108195379,20.349256493,62.232101767,65.474626614,16.444685073,70.248281603
75.027777778,74.000000000,73.061116648,20.201944694,62.231105485,65.428044899,16.455303469,70.226405333
75.154513889,74.125000000,73.014036194,20.054728527,62.229761416,65.381460233,16.465884976,70.203819812
75.281250000,74.250000000,72.966954166,19.907608916,62.228070103,65.334872783,16.476430051,70.181251051
75.407986111,74.375000000,72.919870712,19.760586706,62.226032089,65.288282689,16.486938606,70.158699295
75.534722222,74.500000000,72.872785982,19.613662738,62.223647919,65.241690095,16.497410553,70.136164788
75.661458333,74.625000000,72.825700125,19.466837852,62.220918142,65.195095140,16.507845803,70.113647774
75.788194444,74.750000000,72.778613288,19.320112885,62.217843306,65.148497968,16.518244266,70.091148498
75.914930556,74.875000000,72.731525622,19.173488672,62.214423964,65.101898720,16.528605852,70.068667208
76.041666667,75.000000000,72.684437275,19.026966027,62.210660669,65.055297533,16.538930356,70.046565749
76.168402778,75.125000000,72.637348398,18.880545568,62.206553974,65.008694482,16.549216155,70.025222142
76.295138889,75.250000000,72.590259146,18.734228055,62.202104439,64.962089695,16.559462676,70.003898940
76.421875000,75.375000000,72.543169675,18.588014313,62.197312628,64.915483317,16.569669822,69.982596406
76.548611111,75.500000000,72.496080139,18.441905165,62.192179108,64.868875497,16.579837497,69.961314806
76.675347222,75.625000000,72.448990694,18.295901430,62.186704447,64.822266383,16.589965605,69.940054407
76.802083333,75.750000000,72.401901495,18.150003925,62.180889216,64.775656123,16.600054047,69.918815474
76.928819444,75.875000000,72.354812698,18.004213464,62.174733987,64.729044863,16.610102727,69.897598276
77.055555556,76.000000000,72.307724457,17.858530841,62.168239335,64.682432745,16.620111404,69.876741707
77.182291667,76.125000000,72.260636931,17.712956708,62.161405830,64.635819869,16.630078865,69.856342167
77.309027778,76.250000000,72.213550278,17.567491840,62.154234052,64.589206375,16.640004772,69.835966417
77.435763889,76.375000000,72.166464658,17.422137042,62.146724586,64.542592416,16.649889023,69.815614738
77.562500000,76.500000000,72.119380231,17.276893115,62.138878015,64.495978144,16.659731516,69.795287412
77.689236111,76.625000000,72.072297158,17.131760858,62.130694929,64.449363709,16.669532147,69.774984725
77.815972222,76.750000000,72.025215596,16.986741068,62.122175917,64.402749264,16.679290814,69.754706959
77.942708333,76.875000000,71.978135707,16.841834537,62.113321570,64.356134960,16.689007411,69.734454399
78.069444444,77.000000000,71.931057649,16.697042098,62.104132483,64.309520962,16.698682128,69.713675246
78.196180556,77.125000000,71.883981580,16.552364741,62.094609264,64.262907483,16.708316315,69.692465123
78.322916667,77.250000000,71.836907653,16.407803277,62.084752508,64.216294679,16.717910073,69.671279403
78.449652778,77.375000000,71.789836023,16.263358489,62.074562809,64.169682696,16.727463299,69.650118356
78.576388889,77.500000000,71.742766843,16.119031157,62.064040767,64.123071680,16.736975893,69.628982254
78.703125000,77.625000000,71.695700267,15.974822055,62.053186979,64.076461777,16.746447753,69.607871370
78.829861111,77.750000000,71.648636448,15.830731959,62.042002047,64.029853134,16.755878777,69.586785978
78.956597222,77.875000000,71.601575542,15.686761639,62.030486574,63.983245895,16.765268863,69.565726350
79.083333333,78.000000000,71.554517702,15.542911749,62.018641156,63.936640172,16.774617086,69.545988388
79.210069444,78.125000000,71.507463090,15.399182671,62.006466372,63.890035991,16.783920577,69.526954327
79.336805556,78.250000000,71.460411870,15.255575138,61.993962837,63.843433499,16.793179004,69.507950240
79.463541667,78.375000000,71.413364207,15.112089912,61.981131166,63.796832854,16.802392251,69.488976439
79.590277778,78.500000000,71.366320268,14.968727752,61.967971981,63.750234211,16.811560207,69.470033232
79.717013889,78.625000000,71.319280216,14.825489412,61.954485902,63.703637727,16.820682758,69.451120931
79.843750000,78.750000000,71.272244218,14.682375646,61.940673551,63.657043558,16.829759790,69.432239849
79.970486111,78.875000000,71.225212438,14.539387203,61.926535555,63.610451862,16.838791189,69.413390299
80.097222222,79.000000000,71.178185042,14.396524829,61.912072539,63.563862794,16.847776827,69.394589515
80.223958333,79.125000000,71.131162195,14.253789265,61.897285132,63.517276509,16.856716560,69.375826062
80.350694444,79.250000000,71.084144063,14.111181250,61.882173963,63.470693163,16.865610271,69.357095126
80.477430556,79.375000000,71.037130811,13.968701524,61.866739664,63.424112914,16.874457845,69.338397021
80.604166667,79.500000000,70.990122603,13.826350823,61.850982870,63.377535918,16.883259165,69.319732067
80.730902778,79.625000000,70.943119606,13.684129878,61.834904215,63.330962331,16.892014114,69.301100581
80.857638889,79.750000000,70.896121985,13.542039421,61.818504336,63.284392310,16.900722575,69.282502883
80.984375000,79.875000000,70.849129905,13.400080178,61.801783873,63.237826012,16.909384429,69.263939293
81.111111111,80.000000000,70.802143532,13.258252847,61.784743463,63.191263583,16.917999371,69.245633221
81.237847222,80.125000000,70.755163031,13.116558107,61.767383742,63.144705170,16.926566982,69.227393715
81.364583333,80.250000000,70.708188571,12.974996678,61.749705357,63.098150928,16.935087139,69.209189759
81.491319444,80.375000000,70.661220318,12.833569274,61.731708954,63.051601016,16.943559721,69.191021682
81.618055556,80.500000000,70.614258438,12.692276608,61.713395179,63.005055591,16.951984606,69.172889814
81.744791667,80.625000000,70.567303098,12.551119391,61.694764684,62.958514812,16.960361675,69.154794484
81.871527778,80.750000000,70.520354466,12.410098328,61.675818118,62.911978836,16.968690804,69.136736023
81.998263889,80.875000000,70.473412707,12.269214123,61.656556135,62.865447820,16.976971872,69.118714764
82.125000000,81.000000000,70.426477991,12.128467265,61.636979360,62.818921854,16.985203214,69.102352102
82.251736111,81.125000000,70.379550491,11.987858228,61.617088424,62.772401027,16.993383077,69.086053017
82.378472222,81.250000000,70.332630384,11.847387707,61.596883990,62.725885507,17.001511328,69.069795383
82.505208333,81.375000000,70.285717846,11.707056395,61.576366722,62.679375460,17.009587835,69.053579567
82.631944444,81.500000000,70.238813052,11.566864981,61.555537287,62.632871052,17.017612468,69.037405938
82.758680556,81.625000000,70.191916180,11.426814154,61.534396354,62.586372449,17.025585092,69.021274865
82.885416667,81.750000000,70.145027405,11.286904596,61.512944591,62.539879818,17.033505576,69.005186719
83.012152778,81.875000000,70.098146903,11.147136989,61.491182670,62.493393324,17.041373791,68.989078333
83.138888889,82.000000000,70.051274849,11.007512114,61.469111279,62.446913169,17.049190352,68.972413809
83.265625000,82.125000000,70.004411417,10.868030718,61.446731101,62.400439539,17.056955651,68.955791979
83.392361111,82.250000000,69.957556778,10.728693471,61.424042809,62.353972597,17.064669554,68.939213206
83.519097222,82.375000000,69.910711105,10.589501042,61.401047078,62.307512505,17.072331929,68.922677854
83.645833333,82.500000000,69.863874570,10.450454097,61.377744584,62.261059427,17.079942645,68.906186286
83.772569444,82.625000000,69.817047346,10.311553298,61.354136003,62.214613525,17.087501567,68.889738867
83.899305556,82.750000000,69.770229606,10.172799304,61.330222015,62.168174961,17.095008562,68.873335966
84.026041667,82.875000000,69.723421520,10.034192768,61.306003299,62.121743898,17.102463476,68.857083444
84.152777778,83.000000000,69.676623263,9.895734255,61.281480521,62.075320469,17.109865518,68.841284729
84.279513889,83.125000000,69.629835009,9.757424372,61.256654359,62.028904824,17.117214240,68.825532708
84.406250000,83.250000000,69.583056935,9.619263765,61.231525499,61.982497129,17.124509504,68.809827762
84.532986111,83.375000000,69.536289214,9.481253080,61.206094627,61.936097548,17.131751171,68.794170275
84.659722222,83.500000000,69.489532022,9.343392958,61.180362434,61.889706248,17.138939103,68.778560629
84.786458333,83.625000000,69.442785535,9.205684037,61.154329608,61.843323394,17.146073161,68.762999210
84.913194444,83.750000000,69.396049928,9.068126952,61.127996842,61.796949150,17.153153204,68.747486405
85.039930556,83.875000000,69.349325375,8.930722339,61.101364828,61.750583684,17.160179120,68.731934486
85.166666667,84.000000000,69.302612052,8.793470879,61.074434271,61.704227178,17.167151153,68.716240013
85.293402778,84.125000000,69.255910133,8.656373216,61.047205868,61.657879801,17.174069289,68.700594719
85.420138889,84.250000000,69.209219790,8.519429973,61.019680314,61.611541717,17.180933387,68.684998990
85.546875000,84.375000000,69.162541198,8.382641770,60.991858307,61.565213090,17.187743306,68.669453213
85.673611111,84.500000000,69.115874530,8.246009222,60.963740545,61.518894084,17.194498907,68.653957775
85.800347222,84.625000000,69.069219960,8.109532945,60.935327725,61.472584862,17.201200046,68.638513066
85.927083333,84.750000000,69.022577662,7.973213547,60.906620550,61.426285588,17.207846583,68.623119477
86.053819444,84.875000000,68.975947809,7.837051646,60.877619722,61.379996428,17.214438432,68.607633836
86.180555556,85.000000000,68.929330574,7.701047910,60.848325957,61.333717568,17.220975934,68.592005073
86.307291667,85.125000000,68.882726129,7.565202957,60.818739962,61.287449175,17.227459055,68.576427870
86.434027778,85.250000000,68.836134647,7.429517384,60.788862440,61.241191410,17.233887651,68.560902617
86.560763889,85.375000000,68.789556297,7.293991786,60.758694096,61.194944435,17.240261580,68.545429702
86.687500000,85.500000000,68.742991254,7.158626756,60.728235637,61.148708413,17.246580699,68.530009518
86.814236111,85.625000000,68.696439687,7.023422882,60.697487769,61.102483505,17.252844863,68.514642457
86.940972222,85.750000000,68.649901769,6.888380751,60.666451201,61.056269872,17.259053930,68.499328912
87.067708333,85.875000000,68.603377673,6.753500946,60.635126643,61.010067678,17.265207764,68.484048076
87.194444444,86.000000000,68.556867568,6.618784056,60.603514808,60.963877087,17.271306278,68.468802997
87.321180556,86.125000000,68.510371628,6.484230658,60.571616406,60.917698260,17.277349335,68.453612534
87.447916667,86.250000000,68.463890024,6.349841325,60.539432150,60.871531359,17.283336788,68.438477086
87.574652778,86.375000000,68.417422927,6.215616629,60.506962755,60.825376545,17.289268491,68.423397052
87.701388889,86.500000000,68.370970509,6.081557137,60.474208934,60.779233981,17.295144298,68.408372833
87.828125000,86.625000000,68.324532941,5.947663412,60.441171403,60.733103828,17.300964061,68.393404831
87.954861111,86.750000000,68.278110396,5.813936017,60.407850878,60.686986247,17.306727632,68.378493449
88.081597222,86.875000000,68.231703044,5.680375493,60.374248075,60.640881395,17.312434747,68.363826450
88.208333333,87.000000000,68.185311058,5.546982342,60.340363697,60.594789414,17.318084853,68.349321070
88.335069444,87.125000000,68.138934612,5.413757110,60.306198464,60.548710467,17.323677762,68.334874196
88.461805556,87.250000000,68.092573879,5.280700346,60.271753098,60.502644716,17.329213323,68.320486243
88.588541667,87.375000000,68.046229031,5.147812597,60.237028321,60.456592324,17.334691386,68.306157627
88.715277778,87.500000000,67.999900242,5.015094404,60.202024857,60.410553455,17.340111798,68.291888766
88.842013889,87.625000000,67.953587685,4.882546308,60.166743429,60.364528271,17.345474407,68.277680080
88.968750000,87.750000000,67.907291534,4.750168845,60.131184764,60.318516934,17.350779059,68.263531989
89.095486111,87.875000000,67.861011962,4.617962496,60.095349573,60.272519591,17.356025216,68.249980253
89.222222222,88.000000000,67.814749144,4.485927666,60.059238551,60.226536363,17.361211793,68.236666631
89.348958333,88.125000000,67.768503257,4.354064878,60.022852427,60.180567415,17.366338590,68.223416567
89.475694444,88.250000000,67.722274479,4.222374655,59.986191931,60.134612913,17.371405450,68.210230505
89.602430556,88.375000000,67.676062987,4.090857518,59.949257797,60.088673023,17.376412214,68.197108890
89.729166667,88.500000000,67.629868957,3.959513984,59.912050756,60.042747912,17.381358721,68.184052165
89.855902778,88.625000000,67.583692567,3.828344569,59.874571543,59.996837747,17.386244812,68.171060781
89.982638889,88.750000000,67.537533994,3.697349783,59.836820892,59.950942694,17.391070326,68.158135184
90.109375000,88.875000000,67.491393414,3.566530156,59.798799544,59.905062926,17.395835260,68.145084984
90.236111111,89.000000000,67.445271004,3.435886228,59.760508244,59.859198622,17.400539712,68.132070680
90.362847222,89.125000000,67.399166940,3.305418502,59.721947728,59.813349947,17.405183526,68.119122978
90.489583333,89.250000000,67.353081397,3.175127476,59.683118734,59.767517067,17.409766541,68.106242327
90.616319444,89.375000000,67.307014550,3.045013646,59.644021999,59.721700146,17.414288594,68.093429180
90.743055556,89.500000000,67.260966577,2.915077505,59.604658260,59.675899350,17.418749524,68.080683991
90.869791667,89.625000000,67.214937653,2.785319542,59.565028258,59.630114844,17.423149166,68.068007214
90.996527778,89.750000000,67.168927954,2.655740243,59.525132731,59.584346794,17.427487359,68.055399307
91.123263889,89.875000000,67.122937654,2.526340113,59.484972425,59.538595371,17.431764093,68.042693297
91.250000000,90.000000000,67.076966930,2.397119653,59.444548089,59.492860750,17.435979376,68.030051937
91.376736111,90.125000000,67.031015957,2.268079342,59.403860464,59.447143093,17.440133045,68.017480396
91.503472222,90.250000000,66.985084909,2.139219652,59.362910290,59.401442565,17.444224934,68.004979132
91.630208333,90.375000000,66.939173961,2.010541055,59.321698311,59.355759332,17.448254879,67.992548608
91.756944444,90.500000000,66.893283288,1.882044018,59.280225269,59.310093556,17.452222715,67.980189286
91.883680556,90.625000000,66.847413065,1.753729005,59.238491908,59.264445403,17.456128275,67.967901631
92.010416667,90.750000000,66.801563466,1.625596478,59.196498972,59.218815037,17.459971396,67.955643632
92.137152778,90.875000000,66.755734668,1.497646970,59.154247229,59.173202649,17.463752476,67.942983205
92.263888889,91.000000000,66.709926840,1.369880990,59.111737442,59.127608419,17.467471761,67.930394540
92.390625000,91.125000000,66.664140157,1.242298991,59.068970355,59.082032511,17.471129087,67.917878095
92.517361111,91.250000000,66.618374790,1.114901422,59.025946712,59.036475085,17.474724287,67.905434331
92.644097222,91.375000000,66.572630911,0.987688727,58.982667259,58.990936304,17.478257195,67.893063712
92.770833333,91.500000000,66.526908693,0.860661350,58.939132740,58.945416328,17.481727644,67.880766702
92.897569444,91.625000000,66.481208307,0.733819730,58.895343902,58.899915321,17.485135468,67.868543766
93.024305556,91.750000000,66.435529926,0.607164308,58.851301495,58.854433445,17.488480535,67.856181447
93.151041667,91.875000000,66.389873721,0.480695701,58.807006326,58.808970926,17.491764062,67.842990911
93.277777778,92.000000000,66.344239857,0.354414428,58.762459172,58.763527953,17.494986574,67.829873011
93.404513889,92.125000000,66.298628502,0.228320919,58.717660778,58.718104684,17.498147906,67.816828195
93.531250000,92.250000000,66.253039822,0.102415596,58.672611887,58.672701273,17.501247894,67.803856910
93.657986111,92.375000000,66.207473983,-0.023301119,58.627313246,58.627317877,17.504286373,67.790959607
93.784722222,92.500000000,66.161931151,-0.148828808,58.581765600,58.581954652,17.507263179,67.778136736
93.911458333,92.625000000,66.116411493,-0.274167055,58.535969696,58.536611755,17.510178146,67.765388750
94.038194444,92.750000000,66.070915175,-0.399315437,58.489926283,58.491289346,17.513031201,67.752387915
94.164930556,92.875000000,66.025442362,-0.524273353,58.443636178,58.445987649,17.515823638,67.738700275
94.291666667,93.000000000,65.979993213,-0.649040331,58.397100149,58.400706838,17.518555797,67.725086112
94.418402778,93.125000000,65.934567890,-0.773615969,58.350318940,58.355447064,17.521227516,67.711545859
94.545138889,93.250000000,65.889166554,-0.897999865,58.303293296,58.310208479,17.523838633,67.698079953
94.671875000,93.375000000,65.843789365,-1.022191623,58.256023961,58.264991233,17.526388983,67.684688831
94.798611111,93.500000000,65.798436484,-1.146190849,58.208511679,58.219795477,17.528878405,67.671372932
94.925347222,93.625000000,65.753108071,-1.269997151,58.160757198,58.174621362,17.531306734,67.658132696
95.052083333,93.750000000,65.707804287,-1.393610110,58.112761273,58.129469049,17.533674047,67.644344547
95.178819444,93.875000000,65.662525289,-1.517029065,58.064524757,58.084338788,17.535982303,67.629735822
95.305555556,94.000000000,65.617271231,-1.640253568,58.016048415,58.039230745,17.538231840,67.615200239
95.432291667,94.125000000,65.572042264,-1.763283240,57.967332990,57.994145065,17.540422500,67.600738208
95.559027778,94.250000000,65.526838542,-1.886117704,57.918379223,57.949081890,17.542554123,67.586350143
95.685763889,94.375000000,65.481660217,-2.008756586,57.869187857,57.904041363,17.544626553,67.572036458
95.812500000,94.500000000,65.436507443,-2.131199515,57.819759632,57.859023629,17.546639628,67.557797570
95.939236111,94.625000000,65.391380371,-2.253446123,57.770095293,57.814028831,17.548593190,67.543633896
96.065972222,94.750000000,65.346279155,-2.375496056,57.720195578,57.769057107,17.550486997,67.529710488
96.192708333,94.875000000,65.301203949,-2.497349010,57.670061206,57.724108582,17.552320443,67.516015381
96.319444444,95.000000000,65.256154906,-2.619004633,57.619692919,57.679183397,17.554093298,67.502397561
96.446180556,95.125000000,65.211132182,-2.740462571,57.569091461,57.634281697,17.555805398,67.488857457
96.572916667,95.250000000,65.166135929,-2.861722470,57.518257575,57.589403626,17.557456580,67.475395502
96.699652778,95.375000000,65.121166304,-2.982783980,57.467192008,57.544549330,17.559046679,67.462012130
96.826388889,95.500000000,65.076223460,-3.103646755,57.415895504,57.499718954,17.560575531,67.448707776
96.953125000,95.625000000,65.031307552,-3.224310449,57.364368808,57.454912642,17.562042972,67.435482877
97.079861111,95.750000000,64.986418734,-3.344774690,57.312612679,57.410130550,17.563449077,67.421930871
97.206597222,95.875000000,64.941557158,-3.465039028,57.260627909,57.365372865,17.564794568,67.408218938
97.333333333,96.000000000,64.896722975,-3.585103114,57.208415246,57.320639732,17.566079366,67.394586090
97.460069444,96.125000000,64.851916337,-3.704966617,57.155975434,57.275931293,17.567303307,67.381032754
97.586805556,96.250000000,64.807137395,-3.824629207,57.103309216,57.231247689,17.568466227,67.367559360
97.713541667,96.375000000,64.762386299,-3.944090557,57.050417336,57.186589062,17.569567963,67.354166339
97.840277778,96.500000000,64.717663201,-4.063350342,56.997300538,57.141955555,17.570608350,67.340854124
97.967013889,96.625000000,64.672968252,-4.182408242,56.943959566,57.097347309,17.571587222,67.327623149
98.093750000,96.750000000,64.628301603,-4.301263845,56.890395204,57.052764500,17.572505145,67.313417427
98.220486111,96.875000000,64.583663399,-4.419916601,56.836608299,57.008207354,17.573363807,67.298918884
98.347222222,97.000000000,64.539053785,-4.538366184,56.782599596,56.963676010,17.574163139,67.284499149
98.473958333,97.125000000,64.494472904,-4.656612285,56.728369835,56.919170603,17.574902981,67.270158631
98.600694444,97.250000000,64.449920901,-4.774654595,56.673919754,56.874691268,17.575583173,67.255897737
98.727430556,97.375000000,64.405397919,-4.892492811,56.619250093,56.830238140,17.576203556,67.241716877
98.854166667,97.500000000,64.360904102,-5.010126630,56.564361592,56.785811354,17.576763969,67.227616463
98.980902778,97.625000000,64.316439594,-5.127555754,56.509254990,56.741411046,17.577264250,67.213596908
99.107638889,97.750000000,64.272004539,-5.244780054,56.453930947,56.697037287,17.577702905,67.201342315
99.234375000,97.875000000,64.227599090,-5.361799532,56.398390069,56.652690109,17.578077442,67.189473042
99.361111111,98.000000000,64.183223400,-5.478613904,56.342633099,56.608369653,17.578387648,67.177691229
99.487847222,98.125000000,64.138877622,-5.595222883,56.286660782,56.564076065,17.578633349,67.165997345
99.614583333,98.250000000,64.094561911,-5.711626186,56.230473864,56.519809489,17.578814372,67.154391857
99.741319444,98.375000000,64.050276421,-5.827823533,56.174073090,56.475570069,17.578930543,67.142875236
99.868055556,98.500000000,64.006021304,-5.943814646,56.117459204,56.431357950,17.578981689,67.131447953
99.994791667,98.625000000,63.961796716,-6.059599250,56.060632952,56.387173276,17.578967634,67.120110481
100.121527778,98.750000000,63.917602809,-6.175176909,56.003595159,56.343016254,17.578889524,67.107382712
100.248263889,98.875000000,63.873439729,-6.290547157,55.946346661,56.298887096,17.578748740,67.094678079
100.375000000,99.000000000,63.829307625,-6.405709729,55.888888199,56.254785941,17.578545115,67.082060390
100.501736111,99.125000000,63.785206640,-6.520664359,55.831220510,56.210712924,17.578278480,67.069530088
100.628472222,99.250000000,63.741136923,-6.635410787,55.773344336,56.166668183,17.577948668,67.057087616
100.755208333,99.375000000,63.697098618,-6.749948753,55.715260415,56.122651855,17.577555510,67.044733421
100.881944444,99.500000000,63.653091872,-6.864278002,55.656969486,56.078664079,17.577098834,67.032467950
101.008680556,99.625000000,63.609116832,-6.978398282,55.598472287,56.034704990,17.576578466,67.020381315
101.135416667,99.750000000,63.565173643,-7.092309512,55.539769471,55.990774661,17.575992864,67.009605701
101.262152778,99.875000000,63.521262460,-7.206011578,55.480861712,55.946873185,17.575340797,66.998923860
101.388888889,100.000000000,63.477383433,-7.319504235,55.421749752,55.903000705,17.574622085,66.988336277
101.515625000,100.125000000,63.433536715,-7.432787243,55.362434333,55.859157365,17.573836551,66.977843442
101.642361111,100.250000000,63.389722460,-7.545860364,55.302916196,55.815343307,17.572984017,66.967445845
101.769097222,100.375000000,63.345940819,-7.658723363,55.243196084,55.771558675,17.572064302,66.957143978
101.895833333,100.500000000,63.302191946,-7.771376009,55.183274736,55.727803614,17.571077226,66.946938336
102.022569444,100.625000000,63.258475992,-7.883818070,55.123152893,55.684078265,17.570022609,66.936839703
102.149305556,100.750000000,63.214793111,-7.996049331,55.062831292,55.640382770,17.568900200,66.926885865
102.276041667,100.875000000,63.171143456,-8.108069571,55.002310670,55.596717270,17.567709782,66.917029916
102.402777778,101.000000000,63.127527179,-8.219878570,54.941591767,55.553081909,17.566451173,66.907272360
102.529513889,101.125000000,63.083944433,-8.331476110,54.880675323,55.509476831,17.565124190,66.897613701
102.656250000,101.250000000,63.040395371,-8.442861975,54.819562076,55.465902179,17.563728652,66.888054448
102.782986111,101.375000000,62.996880146,-8.554035953,54.758252767,55.422358098,17.562264374,66.878595110
102.909722222,101.500000000,62.953398911,-8.664997836,54.696748132,55.378844731,17.560731175,66.869236198
103.036458333,101.625000000,62.909951819,-8.775747421,54.635048908,55.335362220,17.559128821,66.860155480
103.163194444,101.750000000,62.866539024,-8.886284603,54.573155778,55.291910671,17.557456328,66.851616330
103.289930556,101.875000000,62.823160681,-8.996609216,54.511069461,55.248490217,17.555713219,66.843181020
103.416666667,102.000000000,62.779816947,-9.106721064,54.448790697,55.205101004,17.553899304,66.834850086
103.543402778,102.125000000,62.736507977,-9.216619949,54.386320223,55.161743180,17.552014397,66.826624066
103.670138889,102.250000000,62.693233927,-9.326305682,54.323658777,55.118416891,17.550058306,66.818503501
103.796875000,102.375000000,62.649994952,-9.435778071,54.260807096,55.075122284,17.548030843,66.810488933
103.923611111,102.500000000,62.606791210,-9.545036932,54.197765918,55.031859505,17.545931817,66.802580907
104.050347222,102.625000000,62.563622856,-9.654082085,54.134535976,54.988628700,17.543760991,66.794909693
104.177083333,102.750000000,62.520490046,-9.762913404,54.071117975,54.945429993,17.541517728,66.787543648
104.303819444,102.875000000,62.477392937,-9.871530724,54.007512643,54.902263530,17.539201727,66.780286816
104.430555556,103.000000000,62.434331688,-9.979933870,53.943720716,54.859129457,17.536812794,66.773139760
104.557291667,103.125000000,62.391306455,-10.088122670,53.879742930,54.816027923,17.534350735,66.766103045
104.684027778,103.250000000,62.348317397,-10.196096955,53.815580020,54.772959076,17.531815356,66.759177238
104.810763889,103.375000000,62.305364670,-10.303856557,53.751232719,54.729923065,17.529206461,66.752362909
104.937500000,103.500000000,62.262448432,-10.411401313,53.686701762,54.686920039,17.526523855,66.745660629
105.064236111,103.625000000,62.219568841,-10.518731117,53.621987848,54.643950124,17.523766884,66.740059410
105.190972222,103.750000000,62.176726059,-10.625846132,53.557091521,54.601013344,17.520932669,66.735537907
105.317708333,103.875000000,62.133920252,-10.732746255,53.492013485,54.558109836,17.518020571,66.731136592
105.444444444,104.000000000,62.091151587,-10.839431336,53.426754479,54.515239758,17.515030381,66.726856104
105.571180556,104.125000000,62.048420232,-10.945901227,53.361315239,54.472403267,17.511961893,66.722697085
105.697916667,104.250000000,62.005726351,-11.052155782,53.295696499,54.429600520,17.508814897,66.718660179
105.824652778,104.375000000,61.963070114,-11.158194860,53.229898995,54.386831674,17.505589185,66.714746034
105.951388889,104.500000000,61.920451686,-11.264018321,53.163923462,54.344096888,17.502284548,66.710955299
106.078125000,104.625000000,61.877871233,-11.369625999,53.097770650,54.301396330,17.498901015,66.706863289
106.204861111,104.750000000,61.835328922,-11.475017651,53.031441361,54.258730200,17.495439303,66.702629454
106.331597222,104.875000000,61.792824914,-11.580193135,52.964936330,54.216098656,17.491899299,66.698518644
106.458333333,105.000000000,61.750359374,-11.685152321,52.898256288,54.173501854,17.488280794,66.694531497
106.585069444,105.125000000,61.707932466,-11.789895083,52.831401964,54.130939947,17.484583580,66.690668658
106.711805556,105.250000000,61.665544352,-11.894421297,52.764374086,54.088413091,17.480807450,66.686930771
106.838541667,105.375000000,61.623195197,-11.998730843,52.697173382,54.045921440,17.476952195,66.683318484
106.965277778,105.500000000,61.580885163,-12.102823603,52.629800577,54.003465148,17.473017605,66.679832449
107.092013889,105.625000000,61.538614415,-12.206699562,52.562256335,53.961044330,17.469002620,66.677764331
107.218750000,105.750000000,61.496383122,-12.310358871,52.494541211,53.918659038,17.464904773,66.676316325
107.345486111,105.875000000,61.454191456,-12.413801437,52.426655927,53.876309430,17.460723722,66.675002820
107.472222222,106.000000000,61.412039588,-12.517027155,52.358601210,53.833995667,17.456459248,66.673824536
107.598958333,106.125000000,61.369927691,-12.620035922,52.290377789,53.791717912,17.452111128,66.672782196
107.725694444,106.250000000,61.327855935,-12.722827640,52.221986390,53.749476329,17.447679142,66.671876525
107.852430556,106.375000000,61.285824493,-12.825402211,52.153427739,53.707271079,17.443163069,66.671108253
107.979166667,106.500000000,61.243833537,-12.927759542,52.084702561,53.665102326,17.438562686,66.670478111
108.105902778,106.625000000,61.201883239,-13.029899643,52.015811513,53.622970191,17.433876887,66.671158807
108.232638889,106.750000000,61.159973776,-13.131822614,51.946755195,53.580874764,17.429103833,66.672214410
108.359375000,106.875000000,61.118105325,-13.233528374,51.877534331,53.538816213,17.424243259,66.673415582
108.486111111,107.000000000,61.076278066,-13.335016843,51.808149646,53.496794707,17.419294933,66.674763117
108.612847222,107.125000000,61.034492177,-13.436287941,51.738601865,53.454810416,17.414258623,66.676257812
108.739583333,107.250000000,60.992747835,-13.537341594,51.668891711,53.412863507,17.409134098,66.677900469
108.866319444,107.375000000,60.951045220,-13.638177727,51.599019907,53.370954151,17.403921124,66.679691892
108.993055556,107.500000000,60.909384508,-13.738796271,51.528987174,53.329082518,17.398619469,66.681632890
109.119791667,107.625000000,60.867765880,-13.839197129,51.458794254,53.287248787,17.393229153,66.683422891
109.246527778,107.750000000,60.826189511,-13.939380200,51.388441892,53.245453143,17.387750259,66.685345439
109.373263889,107.875000000,60.784655578,-14.039345421,51.317930804,53.203695754,17.382182555,66.687418782
109.500000000,108.000000000,60.743164258,-14.139092734,51.247261709,53.161976788,17.376525808,66.689643732
109.626736111,108.125000000,60.701715729,-14.238622080,51.176435321,53.120296413,17.370779783,66.692021104
109.753472222,108.250000000,60.660310167,-14.337933407,51.105452357,53.078654796,17.364944247,66.694551720
109.880208333,108.375000000,60.618947748,-14.437026662,51.034313530,53.037052108,17.359018963,66.697236403
110.006944444,108.500000000,60.577628650,-14.535901799,50.963019551,52.995488515,17.353003689,66.700265046
110.133680556,108.625000000,60.536353052,-14.634559156,50.891570858,52.953964027,17.346894789,66.706718088
110.260416667,108.750000000,60.495121145,-14.732999004,50.819967944,52.912478694,17.340689264,66.713341572
110.387152778,108.875000000,60.453933121,-14.831221307,50.748211528,52.871032700,17.334386859,66.720136470
110.513888889,109.000000000,60.412789173,-14.929226031,50.676302327,52.829626228,17.327987318,66.727103756
110.640625000,109.125000000,60.371689492,-15.027013146,50.604241058,52.788259463,17.321490387,66.734244410
110.767361111,109.250000000,60.330634272,-15.124582623,50.532028435,52.746932586,17.314895808,66.741559417
110.894097222,109.375000000,60.289623704,-15.221934437,50.459665174,52.705645783,17.308203325,66.749049767
111.020833333,109.500000000,60.248657982,-15.319068561,50.387151989,52.664399239,17.301412718,66.756461865
111.147569444,109.625000000,60.207737295,-15.415984779,50.314489739,52.623193218,17.294525479,66.762753386
111.274305556,109.750000000,60.166861830,-15.512682967,50.241679210,52.582027944,17.287542312,66.769216755
111.401041667,109.875000000,60.126031772,-15.609163107,50.168721107,52.540903594,17.280462968,66.775852919
111.527777778,110.000000000,60.085247308,-15.705425186,50.095616136,52.499820345,17.273287196,66.782662832
111.654513889,110.125000000,60.044508621,-15.801469194,50.022364998,52.458778376,17.266014744,66.789647450
111.781250000,110.250000000,60.003815899,-15.897295123,49.948968397,52.417777863,17.258645360,66.796807736
111.907986111,110.375000000,59.963169326,-15.992902967,49.875427032,52.376818985,17.251178792,66.804144657
112.034722222,110.500000000,59.922569088,-16.088292738,49.801741592,52.335901911,17.243614651,66.812221744
112.161458333,110.625000000,59.882015374,-16.183464716,49.727912562,52.295026704,17.235950161,66.821973808
112.288194444,110.750000000,59.841508377,-16.278419011,49.653940562,52.254193505,17.228184106,66.831914306
112.414930556,110.875000000,59.801048292,-16.373155630,49.579826293,52.213402499,17.220316223,66.842044307
112.541666667,111.000000000,59.760635314,-16.467674585,49.505570454,52.172653874,17.212346245,66.852364887
112.668402778,111.125000000,59.720269636,-16.561975887,49.431173745,52.131947816,17.204273907,66.862877128
112.795138889,111.250000000,59.679951454,-16.656059554,49.356636860,52.091284511,17.196098943,66.873582117
112.921875000,111.375000000,59.639680963,-16.749925604,49.281960498,52.050664148,17.187821085,66.884480947
113.048611111,111.500000000,59.599458355,-16.843574045,49.207145361,52.010086918,17.179440193,66.895200999
113.175347222,111.625000000,59.559283826,-16.937004763,49.132192252,51.969553066,17.170957249,66.905513484
113.302083333,111.750000000,59.519157564,-17.030217750,49.057101888,51.929062790,17.162372313,66.916018765
113.428819444,111.875000000,59.479079760,-17.123213033,48.981874956,51.888616274,17.153685121,66.926717916
113.555555556,112.000000000,59.439050605,-17.215990643,48.906512144,51.848213700,17.144895411,66.937612015
113.682291667,112.125000000,59.399070289,-17.308550613,48.831014136,51.807855252,17.136002916,66.948702147
113.809027778,112.250000000,59.359139002,-17.400892979,48.755381616,51.767541114,17.127007374,66.959989403
113.935763889,112.375000000,59.319256934,-17.493017780,48.679615266,51.727271468,17.117908517,66.971474876
114.062500000,112.500000000,59.279424276,-17.584925063,48.603715763,51.687046495,17.108706026,66.983291315
114.189236111,112.625000000,59.239641218,-17.676614909,48.527683755,51.646866365,17.099399287,66.995444384
114.315972222,112.750000000,59.199907953,-17.768087370,48.451519917,51.606731257,17.089987973,67.007800212
114.442708333,112.875000000,59.160224671,-17.859342497,48.375224925,51.566641358,17.080471817,67.020359928
114.569444444,113.000000000,59.120591564,-17.950380341,48.298799455,51.526596853,17.070850549,67.033124666
114.696180556,113.125000000,59.081008824,-18.041200957,48.222244183,51.486597926,17.061123901,67.046095570
114.822916667,113.250000000,59.041476641,-18.131804400,48.145559780,51.446644762,17.051291603,67.059273784
114.949652778,113.375000000,59.001995208,-18.222190731,48.068746918,51.406737548,17.041353386,67.072660463
115.076388889,113.500000000,58.962564716,-18.312360004,47.991806275,51.366876471,17.031309060,67.086099565
115.203125000,113.625000000,58.923185355,-18.402312246,47.914738548,51.327061733,17.021158685,67.099644874
115.329861111,113.750000000,58.883857316,-18.492047522,47.837544408,51.287293519,17.010902028,67.113400918
115.456597222,113.875000000,58.844580789,-18.581565900,47.760224520,51.247572015,17.000538818,67.127368861
115.583333333,114.000000000,58.805355965,-18.670867452,47.682779546,51.207897405,16.990068785,67.141549874
115.710069444,114.125000000,58.766183034,-18.759952252,47.605210148,51.168269873,16.979491659,67.155945135
115.836805556,114.250000000,58.727062186,-18.848820378,47.527516988,51.128689604,16.968807167,67.170555826
115.963541667,114.375000000,58.687993612,-18.937471908,47.449700723,51.089156785,16.958015039,67.185383137
116.090277778,114.500000000,58.648977502,-19.025906968,47.371761973,51.049671579,16.947114577,67.201132147
116.217013889,114.625000000,58.610014050,-19.114125767,47.293701284,51.010234120,16.936104325,67.217388494
116.343750000,114.750000000,58.571103449,-19.202128401,47.215519308,50.970844594,16.924983935,67.233869846
116.470486111,114.875000000,58.532245895,-19.289914959,47.137216698,50.931503190,16.913753131,67.250577463
116.597222222,115.000000000,58.493441581,-19.377485535,47.058794108,50.892210097,16.902411634,67.267512610
116.723958333,115.125000000,58.454690702,-19.464840223,46.980252190,50.852965506,16.890959164,67.284676560
116.850694444,115.250000000,58.415993453,-19.551979122,46.901591593,50.813769606,16.879395444,67.302070593
116.977430556,115.375000000,58.377350028,-19.638902332,46.822812966,50.774622586,16.867720193,67.319695994
117.104166667,115.500000000,58.338760621,-19.725609933,46.743916973,50.735524647,16.855933335,67.337260377
117.230902778,115.625000000,58.300225426,-19.812101992,46.664904297,50.696475996,16.844034979,67.354993480
117.357638889,115.750000000,58.261744635,-19.898378613,46.585775580,50.657476820,16.832024856,67.372960067
117.484375000,115.875000000,58.223318442,-19.984439906,46.506531463,50.618527311,16.819902687,67.391161434
117.611111111,116.000000000,58.184947040,-20.070285983,46.427172586,50.579627656,16.807668193,67.409598884
117.737847222,116.125000000,58.146630622,-20.155916958,46.347699586,50.540778044,16.795321095,67.428273725
117.864583333,116.250000000,58.108369380,-20.241332948,46.268113098,50.501978666,16.782861113,67.447187274
117.991319444,116.375000000,58.070163508,-20.326534070,46.188413758,50.463229710,16.770287966,67.466340853
118.118055556,116.500000000,58.032013200,-20.411520648,46.108602010,50.424531276,16.757599407,67.488277058
118.244791667,116.625000000,57.993918657,-20.496293067,46.028678245,50.385883445,16.744792588,67.510656373
118.371527778,116.750000000,57.955880085,-20.580851460,45.948643098,50.347286415,16.731867204,67.533293901
118.498263889,116.875000000,57.917897686,-20.665195957,45.868497201,50.308740388,16.718822960,67.556191131
118.625000000,117.000000000,57.879971664,-20.749326693,45.788241185,50.270245564,16.705659560,67.579349561
118.751736111,117.125000000,57.842102224,-20.833243806,45.707875680,50.231802145,16.692376710,67.602770696
118.878472222,117.250000000,57.804289570,-20.916947434,45.627401314,50.193410330,16.678974113,67.626456050
119.005208333,117.375000000,57.766533905,-21.000437719,45.546818711,50.155070323,16.665451475,67.650361558
119.131944444,117.500000000,57.728835432,-21.083714705,45.466128592,50.116782368,16.651809485,67.673467535
119.258680556,117.625000000,57.691194352,-21.166778454,45.385331658,50.078546702,16.638048693,67.696836391
119.385416667,117.750000000,57.653610864,-21.249629111,45.304428527,50.040363523,16.624168806,67.720469612
119.512152778,117.875000000,57.616085167,-21.332266828,45.223419815,50.002233028,16.610169533,67.744368696
119.638888889,118.000000000,57.578617462,-21.414691754,45.142306137,49.964155415,16.596050581,67.768535147
119.765625000,118.125000000,57.541207948,-21.496904045,45.061088105,49.926130880,16.581811660,67.792970478
119.892361111,118.250000000,57.503856824,-21.578903856,44.979766329,49.888159624,16.567452477,67.817676209
120.019097222,118.375000000,57.466564290,-21.660691347,44.898341418,49.850241842,16.552972726,67.842749648
120.145833333,118.500000000,57.429330546,-21.742266742,44.816813915,49.812377704,16.538371466,67.868638383
120.272569444,118.625000000,57.392155794,-21.823630244,44.735184388,49.774567394,16.523648027,67.894805611
120.399305556,118.750000000,57.355040236,-21.904782018,44.653453443,49.736811112,16.508802113,67.921252919
120.526041667,118.875000000,57.317984073,-21.985722231,44.571621682,49.699109060,16.493833427,67.947981904
120.652777778,119.000000000,57.280987509,-22.066451055,44.489689705,49.661461439,16.478741673,67.974994171
120.779513889,119.125000000,57.244050744,-22.146968663,44.407658112,49.623868450,16.463526553,68.002291334
120.906250000,119.250000000,57.207173981,-22.227275230,44.325527498,49.586330295,16.448187771,68.029875015
121.032986111,119.375000000,57.170357422,-22.307370917,44.243298475,49.548847183,16.432725181,68.057020523
121.159722222,119.500000000,57.133601265,-22.387255601,44.160971944,49.511419454,16.417141598,68.082381829
121.286458333,119.625000000,57.096905702,-22.466929339,44.078548613,49.474047356,16.401437966,68.108019054
121.413194444,119.750000000,57.060270926,-22.546392312,43.996029068,49.436731081,16.385613999,68.133933703
121.539930556,119.875000000,57.023697127,-22.625644701,43.913413889,49.399470822,16.369669415,68.160127288
121.666666667,120.000000000,56.987184496,-22.704686689,43.830703656,49.362266769,16.353603928,68.186601329
121.793402778,120.125000000,56.950733226,-22.783518464,43.747898947,49.325119116,16.337417255,68.213357352
121.920138889,120.250000000,56.914343506,-22.862140213,43.665000338,49.288028056,16.321109111,68.240396895
122.046875000,120.375000000,56.878015530,-22.940552140,43.582008388,49.250993773,16.304679058,68.268245843
122.173611111,120.500000000,56.841749490,-23.018754597,43.498923502,49.214016388,16.288125156,68.297280186
122.300347222,120.625000000,56.805545583,-23.096747823,43.415746207,49.177096078,16.271446668,68.326610728
122.427083333,120.750000000,56.769404006,-23.174532017,43.332477074,49.140233043,16.254643302,68.356239115
122.553819444,120.875000000,56.733324954,-23.252107378,43.249116671,49.103427481,16.237714767,68.386167002
122.680555556,121.000000000,56.697308626,-23.329474109,43.165665566,49.066679590,16.220660770,68.416396050
122.807291667,121.125000000,56.661355217,-23.406632414,43.082124323,49.029989569,16.203481019,68.446927931
122.934027778,121.250000000,56.625464925,-23.483582501,42.998493505,48.993357619,16.186175224,68.477764326
123.060763889,121.375000000,56.589637945,-23.560324493,42.914773763,48.956783976,16.168743976,68.506556286
123.187500000,121.500000000,56.553874465,-23.636858054,42.830966244,48.920269092,16.151192758,68.533083487
123.314236111,121.625000000,56.518174666,-23.713183291,42.747071605,48.883813196,16.133522342,68.559892306
123.440972222,121.750000000,56.482538724,-23.789300411,42.663090390,48.847416469,16.115732462,68.586984187
123.567708333,121.875000000,56.446966820,-23.865209623,42.579023144,48.811079093,16.097822848,68.614360579
123.694444444,122.000000000,56.411459132,-23.940911139,42.494870408,48.774801252,16.079793231,68.642022940
123.821180556,122.125000000,56.376015839,-24.016405170,42.410632723,48.738583128,16.061643345,68.669972732
123.947916667,122.250000000,56.340637118,-24.091691932,42.326310626,48.702424902,16.043372920,68.698211427
124.074652778,122.375000000,56.305323150,-24.166771721,42.241904562,48.666326720,16.024980808,68.728668414
124.201388889,122.500000000,56.270074120,-24.241645109,42.157414675,48.630288604,16.006462971,68.760777271
124.328125000,122.625000000,56.234890219,-24.316312360,42.072841457,48.594310728,15.987818695,68.793198459
124.454861111,122.750000000,56.199771635,-24.390773701,41.988185445,48.558393288,15.969047699,68.825933657
124.581597222,122.875000000,56.164718561,-24.465029360,41.903447172,48.522536481,15.950149699,68.858984553
124.708333333,123.000000000,56.129731187,-24.539079567,41.818627169,48.486740500,15.931124410,68.892352846
124.835069444,123.125000000,56.094809703,-24.612924555,41.733725965,48.451005542,15.911971551,68.926040240
124.961805556,123.250000000,56.059954299,-24.686564558,41.648744087,48.415331804,15.892690838,68.960048448
125.088541667,123.375000000,56.025165165,-24.759999643,41.563682255,48.379719562,15.873283840,68.990913119
125.215277778,123.500000000,55.990442481,-24.833229549,41.478541556,48.344169239,15.853755675,69.020582247
125.342013889,123.625000000,55.955786419,-24.906254479,41.393322539,48.308681031,15.834106429,69.050548118
125.468750000,123.750000000,55.921197153,-24.979074666,41.308025714,48.273255116,15.814335843,69.080812198
125.595486111,123.875000000,55.886674854,-25.051690346,41.222651589,48.237891675,15.794443657,69.111375960
125.722222222,124.000000000,55.852219697,-25.124101755,41.137200672,48.202590886,15.774429612,69.142240883
125.848958333,124.125000000,55.817831855,-25.196309132,41.051673465,48.167352929,15.754293449,69.173408452
125.975694444,124.250000000,55.783511500,-25.268312717,40.966070473,48.132177985,15.734034911,69.204880159
126.102430556,124.375000000,55.749258806,-25.340112866,40.880392060,48.097066179,15.713652485,69.238710086
126.229166667,124.500000000,55.715073952,-25.411710050,40.794638460,48.062017589,15.693143397,69.273347780
126.355902778,124.625000000,55.680957121,-25.483104523,40.708810166,48.027032401,15.672507305,69.308309270
126.482638889,124.750000000,55.646908494,-25.554296538,40.622907674,47.992110804,15.651743942,69.343596217
126.609375000,124.875000000,55.612928252,-25.625286345,40.536931482,47.957252989,15.630853036,69.379210287
126.736111111,125.000000000,55.579016578,-25.696074200,40.450882082,47.922459145,15.609834320,69.415153156
126.862847222,125.125000000,55.545173653,-25.766660358,40.364759967,47.887729464,15.588687525,69.451426507
126.989583333,125.250000000,55.511399660,-25.837045076,40.278565626,47.853064135,15.567412382,69.488032030
127.116319444,125.375000000,55.477694779,-25.907228555,40.192299615,47.818463377,15.546009270,69.524025687
127.243055556,125.500000000,55.444059189,-25.977210978,40.105962514,47.783927417,15.524478805,69.560264200
127.369791667,125.625000000,55.410493069,-26.046992604,40.019554805,47.749456442,15.502820731,69.596833655
127.496527778,125.750000000,55.376996597,-26.116573696,39.933076967,47.715050641,15.481034784,69.633735711
127.623263889,125.875000000,55.343569952,-26.185954516,39.846529477,47.680710201,15.459120704,69.670972035
127.750000000,126.000000000,55.310213311,-26.255135330,39.759912810,47.646435311,15.437078226,69.708544300
127.876736111,126.125000000,55.276926853,-26.324116405,39.673227438,47.612226160,15.414907091,69.746454185
128.003472222,126.250000000,55.243710756,-26.392898009,39.586473834,47.578082936,15.392607037,69.784676187
128.130208333,126.375000000,55.210565199,-26.461480344,39.499652547,47.544005861,15.370178573,69.822270760
128.256944444,126.500000000,55.177490355,-26.529863620,39.412764121,47.509995152,15.347622133,69.860201880
128.383680556,126.625000000,55.144486401,-26.598048109,39.325809015,47.476050994,15.324937461,69.898471194
128.510416667,126.750000000,55.111553511,-26.666034084,39.238787693,47.442173573,15.302124301,69.937080360
128.637152778,126.875000000,55.078691861,-26.733821817,39.151700610,47.408363077,15.279182399,69.976031038
128.763888889,127.000000000,55.045901625,-26.801411586,39.064548224,47.374619692,15.256111501,70.015324899
128.890625000,127.125000000,55.013182978,-26.868803665,38.977330989,47.340943605,15.232911352,70.054963617
129.017361111,127.250000000,54.980536096,-26.935998337,38.890049353,47.307335003,15.209581678,70.095166779
129.144097222,127.375000000,54.947961154,-27.002996002,38.802703609,47.273794014,15.186120797,70.137096689
129.270833333,127.500000000,54.915458332,-27.069797016,38.715294112,47.240320793,15.162527593,70.179386646
129.397569444,127.625000000,54.883027811,-27.136401665,38.627821308,47.206915535,15.138801807,70.222038448
129.524305556,127.750000000,54.850669770,-27.202810234,38.540285643,47.173578432,15.114943180,70.265053901
129.651041667,127.875000000,54.818384390,-27.269023012,38.452687561,47.140309679,15.090951454,70.308434817
129.777777778,128.000000000,54.786171850,-27.335040287,38.365027500,47.107109470,15.066826370,70.352183016
129.904513889,128.125000000,54.754032332,-27.400862350,38.277305901,47.073977998,15.042567673,70.396300323
130.031250000,128.250000000,54.721966015,-27.466489489,38.189523203,47.040915461,15.018175143,70.440567424
130.157986111,128.375000000,54.689973078,-27.531921925,38.101679939,47.007922088,14.993649405,70.484527945
130.284722222,128.500000000,54.658053699,-27.597159919,38.013776580,46.974998089,14.968990568,70.528857236
130.411458333,128.625000000,54.626208055,-27.662203766,37.925813553,46.942143654,14.944198382,70.573557094
130.538194444,128.750000000,54.594436324,-27.727053762,37.837791285,46.909358977,14.919272597,70.618629326
130.664930556,128.875000000,54.562738683,-27.791710204,37.749710200,46.876644251,14.894212963,70.664075742
130.791666667,129.000000000,54.531115309,-27.856173390,37.661570719,46.843999669,14.869019229,70.709898162
130.918402778,129.125000000,54.499566380,-27.920443620,37.573373262,46.811425424,14.843691149,70.756098411
131.045138889,129.250000000,54.468092072,-27.984521201,37.485118237,46.778921707,14.818228398,70.802976706
131.171875000,129.375000000,54.436692565,-28.048406505,37.396805962,46.746488677,14.792629870,70.850779659
131.298611111,129.500000000,54.405368037,-28.112099858,37.308436824,46.714126522,14.766895071,70.898971555
131.425347222,129.625000000,54.374118670,-28.175601565,37.220011234,46.681835438,14.741023751,70.947554300
131.552083333,129.750000000,54.342944642,-28.238911934,37.131529601,46.649615622,14.715015662,70.996529805
131.678819444,129.875000000,54.311846134,-28.302031271,37.042992331,46.617467273,14.688870555,71.045899989
131.805555556,130.000000000,54.280823325,-28.364959889,36.954399829,46.585390588,14.662588183,71.095666776
131.932291667,130.125000000,54.249876396,-28.427698095,36.865752498,46.553385766,14.636168298,71.145832099
132.059027778,130.250000000,54.219005527,-28.490246215,36.777050722,46.521453000,14.609610518,71.196824613
132.185763889,130.375000000,54.188210899,-28.552604637,36.688294791,46.489592451,14.582913648,71.248713604
132.312500000,130.500000000,54.157492693,-28.614773693,36.599485080,46.457804313,14.556077258,71.301013277
132.439236111,130.625000000,54.126851095,-28.676753698,36.510621984,46.426088790,14.529101102,71.353725653
132.565972222,130.750000000,54.096286284,-28.738544971,36.421705895,46.394446083,14.501984933,71.406852758
132.692708333,130.875000000,54.065798446,-28.800147830,36.332737202,46.362876395,14.474728504,71.460396625
132.819444444,131.000000000,54.035387762,-28.861562597,36.243716293,46.331379931,14.447331571,71.514359295
132.946180556,131.125000000,54.005054414,-28.922789592,36.154643553,46.299956892,14.419793888,71.568742815
133.072916667,131.250000000,53.974798587,-28.983829146,36.065519352,46.268607479,14.392115114,71.623802882
133.199652778,131.375000000,53.944620463,-29.044681618,35.976344020,46.237331880,14.364294560,71.679477565
133.326388889,131.500000000,53.914520225,-29.105347338,35.887117929,46.206130296,14.336331927,71.735582405
133.453125000,131.625000000,53.884498059,-29.165826632,35.797841456,46.175002935,14.308226975,71.792119505
133.579861111,131.750000000,53.854554149,-29.226119828,35.708514975,46.143950003,14.279979460,71.849090977
133.706597222,131.875000000,53.824688677,-29.286227254,35.619138855,46.112971706,14.251589142,71.906498940
133.833333333,132.000000000,53.794901829,-29.346149240,35.529713468,46.082068252,14.223055781,71.964345518
133.960069444,132.125000000,53.765193788,-29.405886117,35.440239179,46.051239847,14.194379138,72.022632843
134.086805556,132.250000000,53.735564739,-29.465438215,35.350716356,46.020486700,14.165559003,72.081304275
134.213541667,132.375000000,53.706014864,-29.524805860,35.261145371,45.989809023,14.136595220,72.140393180
134.340277778,132.500000000,53.676544349,-29.583989386,35.171526584,45.959207023,14.107487558,72.199928644
134.467013889,132.625000000,53.647153376,-29.642989126,35.081860352,45.928680909,14.078235785,72.259912819
134.593750000,132.750000000,53.617842130,-29.701805418,34.992147029,45.898230890,14.048839665,72.320347862
134.720486111,132.875000000,53.588610794,-29.760438597,34.902386969,45.867857173,14.019298968,72.381235938
134.847222222,133.000000000,53.559459552,-29.818889001,34.812580522,45.837559969,13.989613460,72.442579217
134.973958333,133.125000000,53.530388588,-29.877156970,34.722728036,45.807339487,13.959782912,72.504379876
135.100694444,133.250000000,53.501398086,-29.935242949,34.632829691,45.777195882,13.929805689,72.569344443
135.227430556,133.375000000,53.472488237,-29.993147506,34.542885487,45.747129255,13.899678603,72.635492883
135.354166667,133.500000000,53.443659235,-30.050870996,34.452895759,45.717139825,13.869401320,72.702130826
135.480902778,133.625000000,53.414911273,-30.108413765,34.362860847,45.687227811,13.838973601,72.769260725
135.607638889,133.750000000,53.386244543,-30.165776162,34.272781092,45.657393435,13.808395208,72.836885040
135.734375000,133.875000000,53.357659241,-30.222958537,34.182656831,45.627636918,13.777665904,72.905006239
135.861111111,134.000000000,53.329155558,-30.279961240,34.092488398,45.597958484,13.746785455,72.973626796
135.987847222,134.125000000,53.300733689,-30.336784622,34.002276127,45.568358353,13.715753625,73.042749194
136.114583333,134.250000000,53.272393826,-30.393428928,33.912020516,45.538836804,13.684571625,73.109887298
136.241319444,134.375000000,53.244136156,-30.449894354,33.821722136,45.509394134,13.653241298,73.177248301
136.368055556,134.500000000,53.215960865,-30.506181250,33.731381310,45.480030558,13.621762442,73.245097444
136.494791667,134.625000000,53.187868139,-30.562289965,33.640998359,45.450746292,13.590134837,73.313437029
136.621527778,134.750000000,53.159858164,-30.618220851,33.550573600,45.421541552,13.558358266,73.382269360
136.748263889,134.875000000,53.131931126,-30.673974262,33.460107348,45.392416556,13.526432513,73.451596749
136.875000000,135.000000000,53.104087210,-30.729550549,33.369599916,45.363371518,13.494357363,73.521421512
137.001736111,135.125000000,53.076326603,-30.784950068,33.279051613,45.334406658,13.462132603,73.591804552
137.128472222,135.250000000,53.048649491,-30.840173376,33.188462420,45.305522088,13.429755250,73.666924411
137.255208333,135.375000000,53.021056071,-30.895221023,33.097832332,45.276717937,13.397222462,73.742582217
137.381944444,135.500000000,52.993546541,-30.950093373,33.007161657,45.247994436,13.364534014,73.818780641
137.508680556,135.625000000,52.966121096,-31.004790790,32.916450700,45.219351815,13.331689683,73.895522359
137.635416667,135.750000000,52.938779935,-31.059313637,32.825699763,45.190790307,13.298689246,73.972810055
137.762152778,135.875000000,52.911523255,-31.113662279,32.734909147,45.162310141,13.265532483,74.050646419
137.888888889,136.000000000,52.884351253,-31.167837083,32.644079149,45.133911551,13.232219176,74.129034148
138.015625000,136.125000000,52.857264127,-31.221838413,32.553210066,45.105594770,13.198749132,74.207645011
138.142361111,136.250000000,52.830262072,-31.275666493,32.462302433,45.077360103,13.165124149,74.284447255
138.269097222,136.375000000,52.803345279,-31.329321596,32.371356690,45.049207825,13.131345293,74.361787315
138.395833333,136.500000000,52.776513939,-31.382804088,32.280373122,45.021138161,13.097412360,74.439667693
138.522569444,136.625000000,52.749768242,-31.436114333,32.189352011,44.993151338,13.063325150,74.518090898
138.649305556,136.750000000,52.723108378,-31.489252700,32.098293639,44.965247582,13.029083461,74.597059440
138.776041667,136.875000000,52.696534538,-31.542219553,32.007198282,44.937427121,12.994687097,74.676575836
138.902777778,137.000000000,52.670046912,-31.595015262,31.916066217,44.909690181,12.960135861,74.756642603
139.029513889,137.125000000,52.643645690,-31.647640202,31.824897702,44.882036987,12.925429444,74.838063986
139.156250000,137.250000000,52.617331065,-31.700094940,31.733692670,44.854467667,12.890564836,74.922699163
139.282986111,137.375000000,52.591103236,-31.752379935,31.642451242,44.826982412,12.855540612,75.007920731
139.409722222,137.500000000,52.564962402,-31.804495563,31.551173688,44.799581461,12.820356571,75.093731506
139.536458333,137.625000000,52.538908761,-31.856442199,31.459860275,44.772265054,12.785012515,75.180134310
139.663194444,137.750000000,52.512942513,-31.908220219,31.368511265,44.745033429,12.749508245,75.267131968
139.789930556,137.875000000,52.487063857,-31.959830001,31.277126922,44.717886826,12.713843564,75.354727311
139.916666667,138.000000000,52.461272992,-32.011271922,31.185707503,44.690825485,12.678018280,75.442923173
140.043402778,138.125000000,52.435570116,-32.062546339,31.094253301,44.663849656,12.642032494,75.530264106
140.170138889,138.250000000,52.409955426,-32.113653382,31.002765011,44.636959707,12.605889655,75.615387459
140.296875000,138.375000000,52.384429110,-32.164593351,30.911243013,44.610155907,12.569590672,75.701084017
140.423611111,138.500000000,52.358991356,-32.215366618,30.819687553,44.583438486,12.533135372,75.787356270
140.550347222,138.625000000,52.333642354,-32.265973559,30.728098874,44.556807674,12.496523585,75.874206708
140.677083333,138.750000000,52.308382291,-32.316414548,30.636477216,44.530263703,12.459755143,75.961637821
140.803819444,138.875000000,52.283211356,-32.366689960,30.544822818,44.503806803,12.422829878,76.049652098
140.930555556,139.000000000,52.258129738,-32.416800172,30.453135916,44.477437207,12.385747626,76.138252030
141.057291667,139.125000000,52.233137626,-32.466745560,30.361416740,44.451155145,12.348508208,76.227503808
141.184027778,139.250000000,52.208235207,-32.516526510,30.269665508,44.424960847,12.311111343,76.317424294
141.310763889,139.375000000,52.183422671,-32.566143400,30.177882444,44.398854543,12.273556847,76.407939088
141.437500000,139.500000000,52.158700208,-32.615596608,30.086067776,44.372836469,12.235844563,76.499050686
141.564236111,139.625000000,52.134068004,-32.664886513,29.994221726,44.346906858,12.197974336,76.590761583
141.690972222,139.750000000,52.109526251,-32.714013492,29.902344518,44.321065944,12.159946014,76.683074269
141.817708333,139.875000000,52.085075136,-32.762977924,29.810436369,44.295313962,12.121759447,76.775991234
141.944444444,140.000000000,52.060714848,-32.811780190,29.718497496,44.269651147,12.083414486,76.869514965
142.071180556,140.125000000,52.036445576,-32.860420623,29.626528198,44.244077757,12.044911659,76.961511235
142.197916667,140.250000000,52.012267504,-32.908899395,29.534529077,44.218594134,12.006254014,77.052426438
142.324652778,140.375000000,51.988180813,-32.957216852,29.442500390,44.193200516,11.967441830,77.143923409
142.451388889,140.500000000,51.964185682,-33.005373371,29.350442342,44.167897131,11.928474981,77.236004309
142.578125000,140.625000000,51.940282291,-33.053369326,29.258355135,44.142684207,11.889353340,77.328671293
142.704861111,140.750000000,51.916470820,-33.101205095,29.166238968,44.117561971,11.850076784,77.421926509
142.831597222,140.875000000,51.892751450,-33.148881053,29.074094039,44.092530651,11.810645192,77.515772099
142.958333333,141.000000000,51.869124360,-33.196397576,28.981920541,44.067590475,11.771058446,77.610210193
143.085069444,141.125000000,51.845589730,-33.243755030,28.889718692,44.042741679,11.731316617,77.704732359
143.211805556,141.250000000,51.822147740,-33.290953752,28.797488756,44.017984510,11.691420193,77.799595814
143.338541667,141.375000000,51.798798568,-33.337994115,28.705230925,43.993319198,11.651369109,77.895051623
143.465277778,141.500000000,51.775542391,-33.384876496,28.612945384,43.968745971,11.611163258,77.991101824
143.592013889,141.625000000,51.752379389,-33.431601272,28.520632316,43.944265056,11.570802536,78.087748446
143.718750000,141.750000000,51.729309740,-33.478168818,28.428291902,43.919876683,11.530286841,78.184993507
143.845486111,141.875000000,51.706333621,-33.524579511,28.335924319,43.895581081,11.489616072,78.282839016
143.972222222,142.000000000,51.683451212,-33.570833729,28.243529744,43.871378479,11.448790133,78.381286967
144.098958333,142.125000000,51.660662690,-33.616931772,28.151108502,43.847269147,11.407810159,78.477391430
144.225694444,142.250000000,51.637968227,-33.662873843,28.058661102,43.823253396,11.366678773,78.573246253
144.352430556,142.375000000,51.615367994,-33.708660310,27.966187721,43.799331451,11.325395994,78.669677096
144.479166667,142.500000000,51.592862160,-33.754291545,27.873688524,43.775503534,11.283961744,78.766685618
144.605902778,142.625000000,51.570450896,-33.799767921,27.781163672,43.751769867,11.242375949,78.864273459
144.732638889,142.750000000,51.548134372,-33.845089809,27.688613325,43.728130672,11.200638538,78.962442246
144.859375000,142.875000000,51.525912757,-33.890257582,27.596037640,43.704586171,11.158749442,79.061193590
144.986111111,143.000000000,51.503786223,-33.935271613,27.503436772,43.681136589,11.116708594,79.160529086
145.112847222,143.125000000,51.481754938,-33.980132290,27.410810840,43.657782140,11.074515666,79.261019076
145.239583333,143.250000000,51.459819075,-34.024840011,27.318159945,43.634523036,11.032170198,79.362171510
145.366319444,143.375000000,51.437978804,-34.069395150,27.225484234,43.611359503,10.989672125,79.463918274
145.493055556,143.500000000,51.416234298,-34.113798080,27.132783856,43.588291767,10.947021390,79.566260940
145.619791667,143.625000000,51.394585727,-34.158049173,27.040058952,43.565320055,10.904217938,79.669201063
145.746527778,143.750000000,51.373033262,-34.202148804,26.947309666,43.542444593,10.861261717,79.772740179
145.873263889,143.875000000,51.351577076,-34.246097346,26.854536137,43.519665608,10.818152678,79.876879805
146.000000000,144.000000000,51.330217340,-34.289895172,26.761738502,43.496983327,10.774890774,79.981621437
146.126736111,144.125000000,51.308954225,-34.333542664,26.668916877,43.474397975,10.731475803,80.087276476
146.253472222,144.250000000,51.287787903,-34.377040205,26.576071374,43.451909773,10.687907566,80.193539138
146.380208333,144.375000000,51.266718546,-34.420388169,26.483202125,43.429518953,10.644186025,80.300410881
146.506944444,144.500000000,51.245746327,-34.463586929,26.390309258,43.407225743,10.600311143,80.407893138
146.633680556,144.625000000,51.224871417,-34.506636857,26.297392899,43.385030373,10.556282887,80.515987321
146.760416667,144.750000000,51.204093988,-34.549538328,26.204453174,43.362933074,10.512101227,80.624694819
146.887152778,144.875000000,51.183414212,-34.592291713,26.111490203,43.340934076,10.467766135,80.734016996
147.013888889,145.000000000,51.162832263,-34.634897386,26.018504108,43.319033611,10.423277603,80.843651867
147.140625000,145.125000000,51.142348309,-34.677355621,25.925495217,43.297231956,10.378637257,80.951426184
147.267361111,145.250000000,51.121962519,-34.719666725,25.832463780,43.275529372,10.333846177,81.059794889
147.394097222,145.375000000,51.101675059,-34.761831067,25.739409910,43.253926084,10.288904352,81.168759041
147.520833333,145.500000000,51.081486096,-34.803849016,25.646333716,43.232422317,10.243811778,81.278319672
147.647569444,145.625000000,51.061395795,-34.845720939,25.553235306,43.211018298,10.198568451,81.388477785
147.774305556,145.750000000,51.041404324,-34.887447206,25.460114784,43.189714254,10.153174373,81.499234356
147.901041667,145.875000000,51.021511849,-34.929028183,25.366972253,43.168510411,10.107629545,81.610590331
148.027777778,146.000000000,51.001718536,-34.970464241,25.273807810,43.147406996,10.061933949,81.722791945
148.154513889,146.125000000,50.982024553,-35.011755787,25.180621463,43.126404215,10.016086864,81.836474694
148.281250000,146.250000000,50.962430069,-35.052903210,25.087413264,43.105502291,9.970087972,81.950769363
148.407986111,146.375000000,50.942935251,-35.093906878,24.994183310,43.084701453,9.923937283,82.065676852
148.534722222,146.500000000,50.923540268,-35.134767159,24.900931692,43.064001932,9.877634816,82.181198033
148.661458333,146.625000000,50.904245290,-35.175484420,24.807658502,43.043403961,9.831180589,82.297333742
148.788194444,146.750000000,50.885050485,-35.216059029,24.714363828,43.022907769,9.784574625,82.414084782
148.914930556,146.875000000,50.865956022,-35.256491353,24.621047755,43.002513590,9.737816950,82.531451922
149.041666667,147.000000000,50.846962068,-35.296781732,24.527710431,42.982221669,9.690908073,82.646344119
149.168402778,147.125000000,50.828068787,-35.336930175,24.434352755,42.962032410,9.643854429,82.755487478
149.295138889,147.250000000,50.809276330,-35.376936927,24.340975058,42.941946080,9.596658073,82.865167277
149.421875000,147.375000000,50.790584849,-35.416802341,24.247577414,42.921962892,9.549319063,82.975383518
149.548611111,147.500000000,50.771994493,-35.456526773,24.154159893,42.902083061,9.501837464,83.086136164
149.675347222,147.625000000,50.753505414,-35.496110575,24.060722564,42.882306797,9.454213340,83.197425140
149.802083333,147.750000000,50.735117764,-35.535554100,23.967265495,42.862634316,9.406446761,83.309250331
149.928819444,147.875000000,50.716831693,-35.574857701,23.873788750,42.843065830,9.358537798,83.421611581
150.055555556,148.000000000,50.698647352,-35.614021730,23.780292393,42.823601554,9.310486537,83.534458914
150.182291667,148.125000000,50.680564891,-35.653046533,23.686776495,42.804241704,9.262293136,83.647777399
150.309027778,148.250000000,50.662584463,-35.691932462,23.593241117,42.784986494,9.213957692,83.761630262
150.435763889,148.375000000,50.644706217,-35.730679866,23.499686316,42.765836139,9.165480291,83.876017174
150.562500000,148.500000000,50.626930305,-35.769289095,23.406112148,42.746790853,9.116861023,83.990937761
150.689236111,148.625000000,50.609256877,-35.807760500,23.312518663,42.727850852,9.068099978,84.106391606
150.815972222,148.750000000,50.591686084,-35.846094428,23.218905915,42.709016351,9.019197253,84.222378246
150.942708333,148.875000000,50.574218077,-35.884291229,23.125273950,42.690287564,8.970152946,84.338897173
151.069444444,149.000000000,50.556853006,-35.922351192,23.031622960,42.671664736,8.920968266,84.451444816
151.196180556,149.125000000,50.539591014,-35.960274369,22.937953700,42.653148215,8.871648835,84.560755783
151.322916667,149.250000000,50.522432237,-35.998061059,22.844266306,42.634738220,8.822195531,84.670528620
151.449652778,149.375000000,50.505376813,-36.035711597,22.750560816,42.616434949,8.772608481,84.780762200
151.576388889,149.500000000,50.488424877,-36.073226320,22.656837264,42.598238602,8.722887817,84.891455349
151.703125000,149.625000000,50.471576565,-36.110605563,22.563095685,42.580149378,8.673033674,85.002606845
151.829861111,149.750000000,50.454832013,-36.147849661,22.469336111,42.562167477,8.623046190,85.114215418
151.956597222,149.875000000,50.438191359,-36.184958947,22.375558570,42.544293100,8.572925506,85.226279749
152.083333333,150.000000000,50.421654738,-36.221933712,22.281763200,42.526526465,8.522672601,85.335896349
152.210069444,150.125000000,50.405222281,-36.258774143,22.187950389,42.508867837,8.472290429,85.444425089
152.336805556,150.250000000,50.388894117,-36.295480553,22.094120189,42.491317413,8.421779375,85.553369797
152.463541667,150.375000000,50.372670374,-36.332053270,22.000272620,42.473875384,8.371139601,85.662728762
152.590277778,150.500000000,50.356551183,-36.368492619,21.906407700,42.456541942,8.320371273,85.772500226
152.717013889,150.625000000,50.340536670,-36.404798924,21.812525448,42.439317279,8.269474561,85.882682376
152.843750000,150.750000000,50.324626965,-36.440972509,21.718625878,42.422201587,8.218449638,85.993273353
152.970486111,150.875000000,50.308822197,-36.477013698,21.624709004,42.405195057,8.167296680,86.104271242
153.097222222,151.000000000,50.293122493,-36.512922748,21.530775006,42.388297913,8.116017171,86.211686831
153.223958333,151.125000000,50.277527976,-36.548699825,21.436824287,42.371510410,8.064614313,86.318259241
153.350694444,151.250000000,50.262038767,-36.584345238,21.342856868,42.354832733,8.013088421,86.425191941
153.477430556,151.375000000,50.246654984,-36.619859302,21.248872754,42.338265064,7.961439693,86.532482623
153.604166667,151.500000000,50.231376749,-36.655242331,21.154871946,42.321807586,7.909668330,86.640128931
153.730902778,151.625000000,50.216204181,-36.690494635,21.060854445,42.305460481,7.857774538,86.748128454
153.857638889,151.750000000,50.201137400,-36.725616528,20.966820251,42.289223932,7.805758523,86.856478729
153.984375000,151.875000000,50.186176527,-36.760608320,20.872769361,42.273098122,7.753620498,86.965177240
154.111111111,152.000000000,50.171321679,-36.795470248,20.778701964,42.257083265,7.701362160,87.070170190
154.237847222,152.125000000,50.156572973,-36.830202503,20.684618361,42.241179590,7.648986075,87.174903946
154.364583333,152.250000000,50.141930519,-36.864805388,20.590518544,42.225387271,7.596492502,87.279943275
154.491319444,152.375000000,50.127394431,-36.899279203,20.496402504,42.209706482,7.543881672,87.385285325
154.618055556,152.500000000,50.112964821,-36.933624252,20.402270227,42.194137398,7.491153821,87.490927188
154.744791667,152.625000000,50.098641802,-36.967840833,20.308121699,42.178680192,7.438309187,87.596865906
154.871527778,152.750000000,50.084425485,-37.001929246,20.213956904,42.163335039,7.385348012,87.703098467
154.998263889,152.875000000,50.070315985,-37.035889789,20.119775825,42.148102113,7.332270541,87.809621807
155.125000000,153.000000000,50.056313411,-37.069722668,20.025578695,42.132981627,7.279078946,87.911650066
155.251736111,153.125000000,50.042417870,-37.103428080,19.931365758,42.117973791,7.225775517,88.013861616
155.378472222,153.250000000,50.028629467,-37.137006314,19.837136990,42.103078770,7.172360514,88.116319325
155.505208333,153.375000000,50.014948306,-37.170457660,19.742892365,42.088296730,7.118834204,88.219019826
155.631944444,153.500000000,50.001374494,-37.203782406,19.648631857,42.073627834,7.065196855,88.321959699
155.758680556,153.625000000,49.987908133,-37.236980839,19.554355436,42.059072250,7.011448738,88.425135474
155.885416667,153.750000000,49.974549330,-37.270053245,19.460063072,42.044630140,6.957590128,88.528543628
156.012152778,153.875000000,49.961298189,-37.302999909,19.365754735,42.030301672,6.903621318,88.631793853
156.138888889,154.000000000,49.948154813,-37.335821027,19.271430641,42.016087046,6.849544486,88.731607555
156.265625000,154.125000000,49.935119302,-37.368516817,19.177090928,42.001986448,6.795361240,88.831614726
156.392361111,154.250000000,49.922191754,-37.401087557,19.082735558,41.988000034,6.741071873,88.931811592
156.519097222,154.375000000,49.909372269,-37.433533524,18.988364492,41.974127962,6.686676683,89.032194332
156.645833333,154.500000000,49.896660944,-37.465854994,18.893977688,41.960370390,6.632175969,89.132759072
156.772569444,154.625000000,49.884057879,-37.498052240,18.799575105,41.946727476,6.577570033,89.233501893
156.899305556,154.750000000,49.871563171,-37.530125537,18.705156699,41.933199376,6.522859181,89.334418824
157.026041667,154.875000000,49.859176920,-37.562075152,18.610722436,41.919786250,6.468043802,89.434512552
157.152777778,155.000000000,49.846899222,-37.593901243,18.516272599,41.906488300,6.413126725,89.530912244
157.279513889,155.125000000,49.834730168,-37.625604022,18.421807299,41.893305697,6.358109465,89.627441774
157.406250000,155.250000000,49.822669851,-37.657183753,18.327326485,41.880238589,6.302992348,89.724096961
157.532986111,155.375000000,49.810718362,-37.688640698,18.232830102,41.867287125,6.247775701,89.820873580
157.659722222,155.500000000,49.798875791,-37.719975119,18.138318098,41.854451453,6.192459855,89.917767359
157.786458333,155.625000000,49.787142230,-37.751187277,18.043790418,41.841731721,6.137045144,90.014773982
157.913194444,155.750000000,49.775517771,-37.782277429,17.949247004,41.829128078,6.081531904,90.111889089
158.039930556,155.875000000,49.764002504,-37.813245830,17.854687813,41.816640672,6.025920584,90.208211239
158.166666667,156.000000000,49.752596520,-37.844092667,17.760112993,41.804269678,5.970213093,90.302671111
158.293402778,156.125000000,49.741299906,-37.874818171,17.665522550,41.792015248,5.914410295,90.397208124
158.420138889,156.250000000,49.730112748,-37.905422593,17.570916422,41.779877523,5.858512541,90.491817753
158.546875000,156.375000000,49.719035135,-37.935906183,17.476294543,41.767856647,5.802520186,90.586495430
158.673611111,156.500000000,49.708067153,-37.966269190,17.381656848,41.755952761,5.746433589,90.681236547
158.800347222,156.625000000,49.697208889,-37.996511862,17.287003271,41.744166009,5.690253112,90.776036453
158.927083333,156.750000000,49.686460431,-38.026634446,17.192333741,41.732496531,5.633979117,90.870890456
159.053819444,156.875000000,49.675821865,-38.056637177,17.097648220,41.720944474,5.577612185,90.964464825
159.180555556,157.000000000,49.665293277,-38.086520224,17.002946867,41.709510006,5.521154443,91.056269765
159.307291667,157.125000000,49.654874749,-38.116283810,16.908229663,41.698193268,5.464606659,91.148095637
159.434027778,157.250000000,49.644566365,-38.145928174,16.813496533,41.686994398,5.407969211,91.239937627
159.560763889,157.375000000,49.634368205,-38.175453553,16.718747400,41.675913530,5.351242481,91.331790881
159.687500000,157.500000000,49.624280354,-38.204860182,16.623982188,41.664950802,5.294426855,91.423650510
159.814236111,157.625000000,49.614302894,-38.234148295,16.529200819,41.654106347,5.237522721,91.515511588
159.940972222,157.750000000,49.604435908,-38.263318127,16.434403212,41.643380302,5.180530469,91.607369152
160.067708333,157.875000000,49.594679477,-38.292369873,16.339589401,41.632772815,5.123451340,91.694938169
160.194444444,158.000000000,49.585033678,-38.321303578,16.244759894,41.622284079,5.066290173,91.778727882
160.321180556,158.125000000,49.575498584,-38.350119438,16.149914691,41.611914225,5.009048018,91.862454218
160.447916667,158.250000000,49.566074265,-38.378817672,16.055053706,41.601663373,4.951725286,91.946112243
160.574652778,158.375000000,49.556760792,-38.407398499,15.960176851,41.591531645,4.894322388,92.029696997
160.701388889,158.500000000,49.547558237,-38.435862135,15.865284037,41.581519160,4.836839740,92.113203495
160.828125000,158.625000000,49.538466672,-38.464208797,15.770375173,41.571626039,4.779277760,92.196626727
160.954861111,158.750000000,49.529486167,-38.492438699,15.675450168,41.561852401,4.721636868,92.279961658
161.081597222,158.875000000,49.520616794,-38.520552073,15.580508864,41.552198359,4.663916997,92.365295063
161.208333333,159.000000000,49.511858628,-38.548549202,15.485550937,41.542664014,4.606116846,92.451701343
161.335069444,159.125000000,49.503211743,-38.576430304,15.390576273,41.533249487,4.548236692,92.538021192
161.461805556,159.250000000,49.494676217,-38.604195591,15.295584776,41.523954904,4.490276962,92.624249395
161.588541667,159.375000000,49.486252123,-38.631845275,15.200576351,41.514780389,4.432238087,92.710380710
161.715277778,159.500000000,49.477939540,-38.659379564,15.105550900,41.505726066,4.374120501,92.796409869
161.842013889,159.625000000,49.469738541,-38.686798666,15.010508324,41.496792059,4.315924641,92.882331583
161.968750000,159.750000000,49.461649203,-38.714102788,14.915448524,41.487978492,4.257650944,92.968140535
162.095486111,159.875000000,49.453671602,-38.741292076,14.820371600,41.479285506,4.199301354,93.048265289
162.222222222,160.000000000,49.445805806,-38.768366590,14.725277936,41.470713261,4.140879945,93.126412685
162.348958333,160.125000000,49.438051880,-38.795326518,14.630167448,41.462261868,4.082387329,93.204394662
162.475694444,160.250000000,49.430409891,-38.822172054,14.535040030,41.453931438,4.023823961,93.282206066
162.602430556,160.375000000,49.422879905,-38.848903390,14.439895576,41.445722082,3.965190299,93.359841732
162.729166667,160.500000000,49.415461987,-38.875520717,14.344733976,41.437633908,3.906486802,93.437296482
162.855902778,160.625000000,49.408156203,-38.902024224,14.249555122,41.429667026,3.847713933,93.514565128
162.982638889,160.750000000,49.400962619,-38.928414098,14.154358904,41.421821545,3.788872156,93.591642471
163.109375000,160.875000000,49.393881301,-38.954690500,14.059145300,41.414097582,3.729962610,93.666317460
163.236111111,161.000000000,49.386912311,-38.980853572,13.963914348,41.406495253,3.670986878,93.740429819
163.362847222,161.125000000,49.380055712,-39.006903494,13.868665936,41.399014662,3.611945452,93.814323759
163.489583333,161.250000000,49.373311567,-39.032840444,13.773399949,41.391655914,3.552838808,93.887994151
163.616319444,161.375000000,49.366679937,-39.058664602,13.678116272,41.384419112,3.493667422,93.961435860
163.743055556,161.500000000,49.360160885,-39.084376143,13.582814786,41.377304359,3.434431776,94.034643748
163.869791667,161.625000000,49.353754474,-39.109975242,13.487495375,41.370311757,3.375132352,94.107612672
163.996527778,161.750000000,49.347460766,-39.135462071,13.392157920,41.363441410,3.315769635,94.180337491
164.123263889,161.875000000,49.341279823,-39.160836768,13.296802431,41.356693428,3.256345086,94.249933375
164.250000000,162.000000000,49.335211704,-39.186099461,13.201428934,41.350067919,3.196860279,94.319181657
164.376736111,162.125000000,49.329256468,-39.211250316,13.106037306,41.343564979,3.137315709,94.388158276
164.503472222,162.250000000,49.323414172,-39.236289497,13.010627424,41.337184707,3.077711870,94.456858227
164.630208333,162.375000000,49.317684876,-39.261217167,12.915199163,41.330927196,3.018049261,94.525276511
164.756944444,162.500000000,49.312068638,-39.286033487,12.819752399,41.324792543,2.958328380,94.593408132
164.883680556,162.625000000,49.306565517,-39.310738617,12.724287004,41.318780843,2.898549729,94.661248102
165.010416667,162.750000000,49.301175571,-39.335332714,12.628802853,41.312892192,2.838713819,94.728531194
165.137152778,162.875000000,49.295898858,-39.359815891,12.533299988,41.307126692,2.778822410,94.792600161
165.263888889,163.000000000,49.290735432,-39.384188269,12.437778401,41.301484442,2.718876926,94.856350737
165.390625000,163.125000000,49.285685349,-39.408449997,12.342237964,41.295965531,2.658877880,94.919778130
165.517361111,163.250000000,49.280748662,-39.432601224,12.246678543,41.290570045,2.598825785,94.982877564
165.644097222,163.375000000,49.275925426,-39.456642099,12.151100008,41.285298075,2.538721155,95.045644276
165.770833333,163.500000000,49.271215696,-39.480572765,12.055502225,41.280149706,2.478564508,95.108073517
165.897569444,163.625000000,49.266619525,-39.504393368,11.959885059,41.275125027,2.418356363,95.170160556
166.024305556,163.750000000,49.262136969,-39.528104046,11.864248392,41.270224125,2.358097355,95.230130758
166.151041667,163.875000000,49.257768078,-39.551704799,11.768592644,41.265447112,2.297792117,95.282272746
166.277777778,164.000000000,49.253512896,-39.575195690,11.672917954,41.260794072,2.237443224,95.334029194
166.404513889,164.125000000,49.249371466,-39.598576848,11.577224183,41.256265078,2.177051206,95.385395983
166.531250000,164.250000000,49.245343830,-39.621848400,11.481511190,41.251860199,2.116616595,95.436369020
166.657986111,164.375000000,49.241430031,-39.645010473,11.385778835,41.247579506,2.056139923,95.486944241
166.784722222,164.500000000,49.237630112,-39.668063190,11.290026976,41.243423068,1.995621725,95.537117613
166.911458333,164.625000000,49.233944115,-39.691006673,11.194255470,41.239390954,1.935062536,95.586885129
167.038194444,164.750000000,49.230372083,-39.713841042,11.098464181,41.235483234,1.874462948,95.635724799
167.164930556,164.875000000,49.226914058,-39.736566389,11.002653078,41.231699978,1.813824321,95.682946859
167.291666667,165.000000000,49.223570080,-39.759182820,10.906822052,41.228041255,1.753147479,95.729746738
167.418402778,165.125000000,49.220340190,-39.781690449,10.810970959,41.224507129,1.692432964,95.776120669
167.545138889,165.250000000,49.217224428,-39.804089390,10.715099651,41.221097665,1.631681320,95.822064919
167.671875000,165.375000000,49.214222835,-39.826379753,10.619207982,41.217812926,1.570893092,95.867575792
167.798611111,165.500000000,49.211335451,-39.848561646,10.523295804,41.214652975,1.510068826,95.912649627
167.925347222,165.625000000,49.208562317,-39.870635179,10.427362967,41.211617877,1.449209071,95.957282802
168.052083333,165.750000000,49.205903473,-39.892600434,10.331409417,41.208707696,1.388315067,95.996425081
168.178819444,165.875000000,49.203358953,-39.914457322,10.235435831,41.205922511,1.327393451,96.027868298
168.305555556,166.000000000,49.200928782,-39.936205890,10.139442249,41.203262371,1.266446198,96.058835744
168.432291667,166.125000000,49.198612985,-39.957846228,10.043428517,41.200727318,1.205473864,96.089324794
168.559027778,166.250000000,49.196411588,-39.979378423,9.947394481,41.198317393,1.144477006,96.119332868
168.685763889,166.375000000,49.194324616,-40.000802560,9.851339986,41.196032637,1.083456180,96.148857434
168.812500000,166.500000000,49.192352094,-40.022118726,9.755264875,41.193873089,1.022411945,96.177896010
168.939236111,166.625000000,49.190494046,-40.043327002,9.659168994,41.191838791,0.961344861,96.206446164
169.065972222,166.750000000,49.188750498,-40.064427444,9.563052297,41.189929784,0.900256308,96.229747252
169.192708333,166.875000000,49.187121469,-40.085419990,9.466915247,41.188146111,0.839151399,96.248163828
169.319444444,167.000000000,49.185606973,-40.106304690,9.370757778,41.186487800,0.778031394,96.266074003
169.446180556,167.125000000,49.184207024,-40.127081611,9.274579732,41.184954872,0.716896856,96.283476208
169.572916667,167.250000000,49.182921635,-40.147750818,9.178380946,41.183547352,0.655748350,96.300368923
169.699652778,167.375000000,49.181750820,-40.168312375,9.082161261,41.182265263,0.594586439,96.316750690
169.826388889,167.500000000,49.180694593,-40.188766343,8.985920514,41.181108626,0.533411688,96.332620100
169.953125000,167.625000000,49.179752967,-40.209112785,8.889658543,41.180077464,0.472224664,96.347975805
170.079861111,167.750000000,49.178925956,-40.229351717,8.793375373,41.179171799,0.411027300,96.356254155
170.206597222,167.875000000,49.178213566,-40.249483047,8.697071530,41.178391648,0.349825219,96.360160138
170.333333333,168.000000000,49.177615798,-40.269506806,8.600746912,41.177737017,0.288619458,96.363544084
170.460069444,168.125000000,49.177132652,-40.289423037,8.504401355,41.177207908,0.227410586,96.366405637
170.586805556,168.250000000,49.176764129,-40.309231784,8.408034691,41.176804324,0.166199170,96.368744504
170.713541667,168.375000000,49.176510230,-40.328933086,8.311646755,41.176526269,0.104985777,96.370560445
170.840277778,168.500000000,49.176370956,-40.348526981,8.215237379,41.176373744,0.043770976,96.371853282
170.967013889,168.625000000,49.176346308,-40.368013507,8.118806395,41.176346751,0.017444666,96.372622895
171.093750000,168.750000000,49.176436286,-40.387392636,8.022353938,41.176445289,0.078658377,96.363865109
171.220486111,168.875000000,49.176640879,-40.406664241,7.925880602,41.176669346,0.139864010,96.351419206
171.347222222,169.000000000,49.176960075,-40.425828334,7.829386254,41.177018902,0.201060723,96.338454669
171.473958333,169.125000000,49.177393858,-40.444884934,7.732870722,41.177493937,0.262247951,96.324972509
171.600694444,169.250000000,49.177942215,-40.463834058,7.636333836,41.178094433,0.323425126,96.310973796
171.727430556,169.375000000,49.178605130,-40.482675719,7.539775424,41.178820367,0.384591681,96.296459656
171.854166667,169.500000000,49.179382591,-40.501409931,7.443195314,41.179671719,0.445747052,96.281431273
171.980902778,169.625000000,49.180274582,-40.520036706,7.346593335,41.180648469,0.506890673,96.265889887
172.107638889,169.750000000,49.181281088,-40.538556019,7.249969484,41.181750590,0.568020734,96.245423401
172.234375000,169.875000000,49.182402092,-40.556967818,7.153323887,41.182978052,0.629134506,96.223668429
172.361111111,170.000000000,49.183637571,-40.575272102,7.056656374,41.184330823,0.690231386,96.201410156
172.487847222,170.125000000,49.184987505,-40.593468870,6.959966772,41.185808871,0.751310811,96.178650418
172.614583333,170.250000000,49.186451873,-40.611558121,6.863254907,41.187412166,0.812372219,96.155391105
172.741319444,170.375000000,49.188030655,-40.629539849,6.766520606,41.189140674,0.873415049,96.131634160
172.868055556,170.500000000,49.189723830,-40.647414048,6.669763693,41.190994362,0.934438739,96.107381578
172.994791667,170.625000000,49.191531377,-40.665180711,6.572983994,41.192973197,0.995442729,96.082635407
173.121527778,170.750000000,49.193453273,-40.682839730,6.476181856,41.195077133,1.056422664,96.045519680
173.248263889,170.875000000,49.195489485,-40.700390973,6.379357715,41.197306104,1.117373532,96.007426485
173.375000000,171.000000000,49.197639977,-40.717834414,6.282511395,41.199660057,1.178294771,95.968868364
173.501736111,171.125000000,49.199904712,-40.735170027,6.185642717,41.202138937,1.239185827,95.929848419
173.628472222,171.250000000,49.202283654,-40.752397784,6.088751507,41.204742689,1.300046146,95.890369794
173.755208333,171.375000000,49.204776768,-40.769517653,5.991837586,41.207471256,1.360875178,95.850435675
173.881944444,171.500000000,49.207384016,-40.786529604,5.894900777,41.210324584,1.421672370,95.810049291
174.008680556,171.625000000,49.210105362,-40.803433601,5.797940903,41.213302614,1.482437178,95.769416932
174.135416667,171.750000000,49.212940772,-40.820229637,5.700957632,41.216405296,1.543170175,95.731096474
174.262152778,171.875000000,49.215890212,-40.836917697,5.603950669,41.219632581,1.603871677,95.692327013
174.388888889,172.000000000,49.218953650,-40.853497745,5.506919836,41.222984415,1.664541135,95.653111745
174.515625000,172.125000000,49.222131053,-40.869969741,5.409864958,41.226460744,1.725178004,95.613453909
174.642361111,172.250000000,49.225422389,-40.886333646,5.312785858,41.230061516,1.785781741,95.573356781
174.769097222,172.375000000,49.228827625,-40.902589418,5.215682358,41.233786675,1.846351801,95.532823676
174.895833333,172.500000000,49.232346729,-40.918737012,5.118554281,41.237636166,1.906887643,95.491857950
175.022569444,172.625000000,49.235979668,-40.934776381,5.021401466,41.241609935,1.967388617,95.448640815
175.149305556,172.750000000,49.239726407,-40.950707373,4.924224352,41.245707895,2.027849713,95.396603979
175.276041667,172.875000000,49.243586900,-40.966529876,4.827023082,41.249929963,2.088268061,95.344172698
175.402777778,173.000000000,49.247561103,-40.982243831,4.729797477,41.254276065,2.148643127,95.291351101
175.529513889,173.125000000,49.251648971,-40.997849175,4.632547359,41.258746127,2.208974381,95.238143342
175.656250000,173.250000000,49.255850457,-41.013345843,4.535272550,41.263340078,2.269261293,95.184553605
175.782986111,173.375000000,49.260165516,-41.028733770,4.437972871,41.268057841,2.329503335,95.130586097
175.909722222,173.500000000,49.264594103,-41.044012887,4.340648146,41.272899343,2.389699980,95.076245052
176.036458333,173.625000000,49.269136173,-41.059183122,4.243298207,41.277864508,2.449850614,95.020618278
176.163194444,173.750000000,49.273791678,-41.074244371,4.145923089,41.282953248,2.509953181,94.962363905
176.289930556,173.875000000,49.278560569,-41.089196545,4.048522690,41.288165479,2.570006609,94.903759389
176.416666667,174.000000000,49.283442796,-41.104039566,3.951096831,41.293501120,2.630010380,94.844809230
176.543402778,174.125000000,49.288438311,-41.118773353,3.853645334,41.298960089,2.689963977,94.785517951
176.670138889,174.250000000,49.293547063,-41.133397827,3.756168023,41.304542304,2.749866887,94.725890088
176.796875000,174.375000000,49.298769003,-41.147912902,3.658664719,41.310247684,2.809718596,94.665930198
176.923611111,174.500000000,49.304104082,-41.162318493,3.561135245,41.316076144,2.869518593,94.605642852
177.050347222,174.625000000,49.309552249,-41.176614507,3.463579464,41.322027600,2.929266077,94.542890883
177.177083333,174.750000000,49.315113453,-41.190800798,3.365997579,41.328101942,2.988957787,94.476585185
177.303819444,174.875000000,49.320787637,-41.204877256,3.268389507,41.334299071,3.048592545,94.409986224
177.430555556,175.000000000,49.326574744,-41.218843783,3.170755069,41.340618894,3.108169851,94.343098895
177.557291667,175.125000000,49.332474718,-41.232700280,3.073094088,41.347061318,3.167689208,94.275928098
177.684027778,175.250000000,49.338487502,-41.246446646,2.975406388,41.353626251,3.227150117,94.208478742
177.810763889,175.375000000,49.344613040,-41.260082777,2.877691793,41.360313596,3.286552087,94.140755739
177.937500000,175.500000000,49.350851275,-41.273608568,2.779950124,41.367123262,3.345894624,94.072764007
178.064236111,175.625000000,49.357202151,-41.287023893,2.682181362,41.374055141,3.405176123,93.998215156
178.190972222,175.750000000,49.363665602,-41.300328511,2.584386230,41.381109064,3.464389586,93.917325301
178.317708333,175.875000000,49.370241556,-41.313522282,2.486564697,41.388284905,3.523533479,93.836236474
178.444444444,176.000000000,49.376929940,-41.326605082,2.388716586,41.395582549,3.582607326,93.754954111
178.571180556,176.125000000,49.383730681,-41.339576784,2.290841721,41.403001878,3.641610655,93.673483637
178.697916667,176.250000000,49.390643706,-41.352437261,2.192939926,41.410542776,3.700542996,93.591830463
178.824652778,176.375000000,49.397668942,-41.365186384,2.095011026,41.418205125,3.759403880,93.509999989
178.951388889,176.500000000,49.404806316,-41.377824022,1.997054844,41.425988809,3.818192843,93.427997600
179.078125000,176.625000000,49.412055755,-41.390350037,1.899071240,41.433893707,3.876909174,93.344698989
179.204861111,176.750000000,49.419417185,-41.402764277,1.801060173,41.441919689,3.935551455,93.260543599
179.331597222,176.875000000,49.426890531,-41.415066601,1.703021482,41.450066631,3.994119132,93.176241470
179.458333333,177.000000000,49.434475717,-41.427256871,1.604954992,41.458334414,4.052611753,93.091797983
179.585069444,177.125000000,49.442172667,-41.439334943,1.506860531,41.466722914,4.111028867,93.007218503
179.711805556,177.250000000,49.449981306,-41.451300676,1.408737926,41.475232010,4.169370023,92.922508372
179.838541667,177.375000000,49.457901560,-41.463153923,1.310587003,41.483861580,4.227634777,92.837672915
179.965277778,177.500000000,49.465933352,-41.474894538,1.212407593,41.492611500,4.285822684,92.752717433
180.092013889,177.625000000,49.474076605,-41.486522330,1.114199872,41.501481617,4.343930777,92.658007642
180.218750000,177.750000000,49.482331233,-41.498037029,1.015964599,41.510471706,4.401951919,92.559613743
180.345486111,177.875000000,49.490697142,-41.509438463,0.917701653,41.519581619,4.459885324,92.461188821
180.472222222,178.000000000,49.499174238,-41.520726466,0.819410860,41.528811209,4.517730573,92.362738388
180.598958333,178.125000000,49.507762428,-41.531900868,0.721092052,41.538160329,4.575487245,92.264267922
180.725694444,178.250000000,49.516461618,-41.542961500,0.622745056,41.547628833,4.633154926,92.165782858
180.852430556,178.375000000,49.525271715,-41.553908189,0.524369705,41.557216574,4.690733202,92.067288596
180.979166667,178.500000000,49.534192624,-41.564740760,0.425965828,41.566923405,4.748221665,91.968790495
181.105902778,178.625000000,49.543224253,-41.575459033,0.327533303,41.576749174,4.805619585,91.869249102
181.232638889,178.750000000,49.552366507,-41.586062821,0.229072042,41.586693724,4.862925973,91.769515825
181.359375000,178.875000000,49.561619289,-41.596551943,0.130581881,41.596756906,4.920140418,91.669802068
181.486111111,179.000000000,49.570982505,-41.606926216,0.032062653,41.606938570,4.977262521,91.570113047
181.612847222,179.125000000,49.580456060,-41.617185458,-0.066485808,41.617238566,5.034291891,91.470453935
181.739583333,179.250000000,49.590039858,-41.627329483,-0.165063666,41.627656743,5.091228136,91.370829863
181.866319444,179.375000000,49.599733804,-41.637358103,-0.263671087,41.638192951,5.148070869,91.271245922
181.993055556,179.500000000,49.609537802,-41.647271129,-0.362308233,41.648847040,5.204819706,91.171707156
182.119791667,179.625000000,49.619451755,-41.657068330,-0.460974861,41.659618813,5.261471336,91.063969062
182.246527778,179.750000000,49.629475559,-41.666749454,-0.559670632,41.670508052,5.318021771,90.955862110
182.373263889,179.875000000,49.639609105,-41.676314301,-0.658395705,41.681514591,5.374470632,90.847871016
182.500000000,180.000000000,49.649852285,-41.685762663,-0.757150244,41.692638263,5.430817558,90.740000689
182.626736111,180.125000000,49.660204992,-41.695094336,-0.855934408,41.703878901,5.487062190,90.632255983
182.753472222,180.250000000,49.670667118,-41.704309111,-0.954748357,41.715236340,5.543204170,90.524641700
182.880208333,180.375000000,49.681238555,-41.713406779,-1.053592251,41.726710411,5.599243145,90.417162590
183.006944444,180.500000000,49.691919195,-41.722387129,-1.152466248,41.738300950,5.655178761,90.309605573
183.133680556,180.625000000,49.702708929,-41.731249924,-1.251370271,41.750007758,5.711008994,90.198450687
183.260416667,180.750000000,49.713607645,-41.739994932,-1.350304289,41.761830642,5.766732145,90.087471868
183.387152778,180.875000000,49.724615228,-41.748621930,-1.449268457,41.773769427,5.822347879,89.976673636
183.513888889,181.000000000,49.735731566,-41.757130698,-1.548262931,41.785823938,5.877855863,89.866060452
183.640625000,181.125000000,49.746956544,-41.765521011,-1.647287865,41.797994002,5.933255769,89.755636723
183.767361111,181.250000000,49.758290049,-41.773792644,-1.746343413,41.810279444,5.988547270,89.645406797
183.894097222,181.375000000,49.769731968,-41.781945371,-1.845429727,41.822680089,6.043730045,89.535374966
184.020833333,181.500000000,49.781282186,-41.789978962,-1.944546954,41.835195763,6.098803741,89.425009606
184.147569444,181.625000000,49.792940589,-41.797893169,-2.043695018,41.847826260,6.153766416,89.312140202
184.274305556,181.750000000,49.804707058,-41.805687747,-2.142873944,41.860571386,6.208616871,89.199504444
184.401041667,181.875000000,49.816581476,-41.813362458,-2.242083883,41.873430958,6.263354802,89.087106361
184.527777778,182.000000000,49.828563724,-41.820917066,-2.341324982,41.886404798,6.317979906,88.974949924
184.654513889,182.125000000,49.840653683,-41.828351329,-2.440597388,41.899492724,6.372491886,88.863039043
184.781250000,182.250000000,49.852851235,-41.835665006,-2.539901247,41.912694555,6.426890447,88.751377572
184.907986111,182.375000000,49.865156260,-41.842857855,-2.639236704,41.926010111,6.481175298,88.639969308
185.034722222,182.500000000,49.877568642,-41.849929629,-2.738603877,41.939439209,6.535345964,88.527113781
185.161458333,182.625000000,49.890088257,-41.856880045,-2.838002423,41.952981597,6.589398681,88.410031951
185.288194444,182.750000000,49.902714979,-41.863708836,-2.937432303,41.966637059,6.643331863,88.293260147
185.414930556,182.875000000,49.915448679,-41.870415746,-3.036893657,41.980405403,6.697145239,88.176801807
185.541666667,183.000000000,49.928289229,-41.877000517,-3.136386627,41.994286437,6.750838546,88.060660305
185.668402778,183.125000000,49.941236502,-41.883462890,-3.235911350,42.008279968,6.804411519,87.944838958
185.795138889,183.250000000,49.954290368,-41.889802604,-3.335467964,42.022385805,6.857863901,87.829341020
185.921875000,183.375000000,49.967450700,-41.896019398,-3.435056607,42.036603756,6.911195435,87.714169687
186.048611111,183.500000000,49.980717371,-41.902113007,-3.534677412,42.050933627,6.964405854,87.599232557
186.175347222,183.625000000,49.994090251,-41.908083165,-3.634330493,42.065375224,7.017494760,87.484476011
186.302083333,183.750000000,50.007569211,-41.913929605,-3.734015976,42.079928353,7.070461869,87.370057182
186.428819444,183.875000000,50.021154125,-41.919652057,-3.833733995,42.094592823,7.123306940,87.255979026
186.555555556,184.000000000,50.034844863,-41.925250253,-3.933484681,42.109368441,7.176029735,87.142244435
186.682291667,184.125000000,50.048641296,-41.930723920,-4.033268163,42.124255015,7.228630019,87.028856247
186.809027778,184.250000000,50.062543296,-41.936072786,-4.133084569,42.139252352,7.281107561,86.915817243
186.935763889,184.375000000,50.076550735,-41.941296576,-4.232934028,42.154360260,7.333462135,86.803130145
187.062500000,184.500000000,50.090663484,-41.946395012,-4.332816611,42.169578540,7.385693128,86.688932377
187.189236111,184.625000000,50.104881411,-41.951367797,-4.432732112,42.184906945,7.437797940,86.573196565
187.315972222,184.750000000,50.119204383,-41.956214645,-4.532680596,42.200345268,7.489775949,86.457849623
187.442708333,184.875000000,50.133632263,-41.960935272,-4.632662187,42.215893308,7.541626949,86.342893924
187.569444444,185.000000000,50.148164919,-41.965529391,-4.732677007,42.231550868,7.593350734,86.228331787
187.696180556,185.125000000,50.162802214,-41.969996715,-4.832725174,42.247317748,7.644947104,86.114165473
187.822916667,185.250000000,50.177544015,-41.974336956,-4.932806809,42.263193750,7.696415860,86.000397189
187.949652778,185.375000000,50.192390186,-41.978549823,-5.032922028,42.279178674,7.747756808,85.887029086
188.076388889,185.500000000,50.207340593,-41.982635023,-5.133070930,42.295272320,7.798969630,85.773568788
188.203125000,185.625000000,50.222395101,-41.986592260,-5.233253558,42.311474477,7.850053614,85.660192076
188.329861111,185.750000000,50.237553573,-41.990421238,-5.333470015,42.327784943,7.901008524,85.547228098
188.456597222,185.875000000,50.252815873,-41.994121660,-5.433720416,42.344203518,7.951834179,85.434678758
188.583333333,186.000000000,50.268181866,-41.997693228,-5.534004871,42.360730003,8.002530403,85.322545910
188.710069444,186.125000000,50.283651416,-42.001135643,-5.634323489,42.377364199,8.053097025,85.210831354
188.836805556,186.250000000,50.299224385,-42.004448602,-5.734676379,42.394105906,8.103533874,85.099536840
188.963541667,186.375000000,50.314900639,-42.007631805,-5.835063647,42.410954925,8.153840784,84.988664066
189.090277778,186.500000000,50.330680042,-42.010684945,-5.935485353,42.427911049,8.204017262,84.877163860
189.217013889,186.625000000,50.346562454,-42.013607713,-6.035941472,42.444974055,8.254062233,84.765674280
189.343750000,186.750000000,50.362547739,-42.016399800,-6.136432101,42.462143741,8.303975490,84.654622869
189.470486111,186.875000000,50.378635756,-42.019060896,-6.236957339,42.479419905,8.353756882,84.544011063
189.597222222,187.000000000,50.394826369,-42.021590691,-6.337517287,42.496802345,8.403406262,84.433840250
189.723958333,187.125000000,50.411119437,-42.023988872,-6.438112044,42.514290861,8.452923487,84.324111770
189.850694444,187.250000000,50.427514823,-42.026255126,-6.538741706,42.531885251,8.502308417,84.214826914
189.977430556,187.375000000,50.444012388,-42.028389138,-6.639406369,42.549585315,8.551560914,84.105986929
190.104166667,187.500000000,50.460611993,-42.030390590,-6.740106069,42.567390841,8.600680438,83.996497417
190.230902778,187.625000000,50.477313498,-42.032259162,-6.840840792,42.585301608,8.649666081,83.887227444
190.357638889,187.750000000,50.494116762,-42.033994533,-6.941610624,42.603317412,8.698517698,83.778416385
190.484375000,187.875000000,50.511021644,-42.035596382,-7.042415657,42.621438050,8.747235169,83.670065238
190.611111111,188.000000000,50.528028003,-42.037064385,-7.143255977,42.639663320,8.795818374,83.562174961
190.737847222,188.125000000,50.545135698,-42.038398219,-7.244131671,42.657993020,8.844267199,83.454746465
190.864583333,188.250000000,50.562344588,-42.039597557,-7.345042826,42.676426946,8.892581532,83.347780617
190.991319444,188.375000000,50.579654532,-42.040662073,-7.445989523,42.694964896,8.940761265,83.241278243
191.118055556,188.500000000,50.597065390,-42.041591441,-7.546971971,42.713606694,8.988807187,83.137315393
191.244791667,188.625000000,50.614577024,-42.042385335,-7.647990412,42.732352170,9.036720357,83.033953049
191.371527778,188.750000000,50.632189297,-42.043043427,-7.749044926,42.751201128,9.084500676,82.931038820
191.498263889,188.875000000,50.649902073,-42.043565389,-7.850135590,42.770153372,9.132148044,82.828573474
191.625000000,189.000000000,50.667715214,-42.043950891,-7.951262481,42.789208705,9.179662362,82.726557740
191.751736111,189.125000000,50.685628583,-42.044199602,-8.052425673,42.808366932,9.227043537,82.624992310
191.878472222,189.250000000,50.703642044,-42.044311188,-8.153625238,42.827627856,9.274291477,82.523877836
192.005208333,189.375000000,50.721755460,-42.044285316,-8.254861247,42.846991282,9.321406090,82.423045149
192.131944444,189.500000000,50.739968693,-42.044121651,-8.356133475,42.866456957,9.368385184,82.318720161
192.258680556,189.625000000,50.758281598,-42.043819851,-8.457441740,42.886024629,9.415226887,82.214880602
192.385416667,189.750000000,50.776694032,-42.043379575,-8.558786109,42.905694095,9.461931130,82.111526764
192.512152778,189.875000000,50.795205850,-42.042800478,-8.660166645,42.925465150,9.508497844,82.008658898
192.638888889,190.000000000,50.813816906,-42.042082215,-8.761583412,42.945337592,9.554926965,81.906277223
192.765625000,190.125000000,50.832527058,-42.041224440,-8.863036472,42.965311216,9.601218432,81.804381920
192.892361111,190.250000000,50.851336159,-42.040226806,-8.964525883,42.985385821,9.647372184,81.702973136
193.019097222,190.375000000,50.870244065,-42.039088963,-9.066051711,43.005561204,9.693388208,81.602605974
193.145833333,190.500000000,50.889250634,-42.037810561,-9.167614323,43.025837228,9.739268689,81.505836852
193.272569444,190.625000000,50.908355727,-42.036391250,-9.269213956,43.046213733,9.785014858,81.409525445
193.399305556,190.750000000,50.927559207,-42.034830684,-9.370850661,43.066690525,9.830626658,81.313671964
193.526041667,190.875000000,50.946860936,-42.033128515,-9.472524491,43.087267411,9.876104038,81.218276587
193.652777778,191.000000000,50.966260777,-42.031284393,-9.574235495,43.107944199,9.921446948,81.123339461
193.779513889,191.125000000,50.985758592,-42.029297968,-9.675983723,43.128720694,9.966655341,81.028860702
193.906250000,191.250000000,51.005354243,-42.027168888,-9.777769219,43.149596704,10.011729174,80.934840395
194.032986111,191.375000000,51.025047594,-42.024896803,-9.879591999,43.170572030,10.056668181,80.839554758
194.159722222,191.500000000,51.044838502,-42.022481369,-9.981451470,43.191646343,10.101467784,80.739861497
194.286458333,191.625000000,51.064726818,-42.019922229,-10.083347423,43.212819387,10.146126163,80.640679126
194.413194444,191.750000000,51.084712391,-42.017219019,-10.185279897,43.234090955,10.190643303,80.542007237
194.539930556,191.875000000,51.104795069,-42.014371372,-10.287248929,43.255460838,10.235019187,80.443845396
194.666666667,192.000000000,51.124974704,-42.011378922,-10.389254556,43.276928832,10.279253806,80.346193142
194.793402778,192.125000000,51.145251143,-42.008241301,-10.491296812,43.298494731,10.323347149,80.249049986
194.920138889,192.250000000,51.165624237,-42.004958139,-10.593375728,43.320158328,10.367299212,80.152415410
195.046875000,192.375000000,51.186093834,-42.001529066,-10.695491347,43.341919421,10.411110081,80.056769889
195.173611111,192.500000000,51.206659785,-41.997953708,-10.797643833,43.363777834,10.454780723,79.962444216
195.300347222,192.625000000,51.227321942,-41.994231694,-10.899833249,43.385733374,10.498311399,79.868615073
195.427083333,192.750000000,51.248080157,-41.990362651,-11.002059621,43.407785839,10.541702110,79.775281923
195.553819444,192.875000000,51.268934282,-41.986346208,-11.104322971,43.429935028,10.584952861,79.682444201
195.680555556,193.000000000,51.289884169,-41.982181992,-11.206623320,43.452180739,10.628063658,79.590101320
195.807291667,193.125000000,51.310929669,-41.977869628,-11.308960688,43.474522773,10.671034513,79.498252671
195.934027778,193.250000000,51.332070636,-41.973408742,-11.411335092,43.496960928,10.713865435,79.406897619
196.060763889,193.375000000,51.353306920,-41.968798962,-11.513746434,43.519494980,10.756555617,79.312725978
196.187500000,193.500000000,51.374638366,-41.964039941,-11.616193976,43.542124554,10.799099707,79.215494587
196.314236111,193.625000000,51.396064813,-41.959131298,-11.718677594,43.564849406,10.841496771,79.118810078
196.440972222,193.750000000,51.417586098,-41.954072642,-11.821197297,43.587669321,10.883746849,79.022671286
196.567708333,193.875000000,51.439202058,-41.948863586,-11.923753093,43.610584082,10.925849985,78.927077029
196.694444444,194.000000000,51.460912531,-41.943503737,-12.026344986,43.633593474,10.967806224,78.832026106
196.821180556,194.125000000,51.482717354,-41.937992706,-12.128972981,43.656697284,11.009615615,78.737517295
196.947916667,194.250000000,51.504616365,-41.932330099,-12.231637078,43.679895297,11.051278209,78.643549359
197.074652778,194.375000000,51.526609400,-41.926515528,-12.334337195,43.703187279,11.092793474,78.548254344
197.201388889,194.500000000,51.548696294,-41.920548617,-12.437072979,43.726572935,11.134158968,78.452216017
197.328125000,194.625000000,51.570876878,-41.914428967,-12.539844387,43.750052032,11.175374473,78.356740589
197.454861111,194.750000000,51.593150981,-41.908156178,-12.642651410,43.773624352,11.216440059,78.261826534
197.581597222,194.875000000,51.615518434,-41.901729851,-12.745494039,43.797289674,11.257355797,78.167472308
197.708333333,195.000000000,51.637979068,-41.895149581,-12.848372263,43.821047777,11.298121764,78.073676352
197.835069444,195.125000000,51.660532714,-41.888414968,-12.951286068,43.844898442,11.338738035,77.980437095
197.961805556,195.250000000,51.683179202,-41.881525607,-13.054235439,43.868841449,11.379204690,77.887752950
198.088541667,195.375000000,51.705918363,-41.874481098,-13.157220299,43.892876566,11.419521396,77.794532966
198.215277778,195.500000000,51.728750025,-41.867281045,-13.260240461,43.917003532,11.459687034,77.701405851
198.342013889,195.625000000,51.751674014,-41.859925042,-13.363295892,43.941222122,11.499701616,77.608841724
198.468750000,195.750000000,51.774690159,-41.852412679,-13.466386566,43.965532116,11.539565237,77.516838837
198.595486111,195.875000000,51.797798286,-41.844743547,-13.569512458,43.989933290,11.579277992,77.425395426
198.722222222,196.000000000,51.820998222,-41.836917236,-13.672673538,44.014425425,11.618839979,77.334509720
198.848958333,196.125000000,51.844289795,-41.828933333,-13.775869777,44.039008298,11.658251300,77.244179936
198.975694444,196.250000000,51.867672831,-41.820791429,-13.879101140,44.063681691,11.697512057,77.154404281
199.102430556,196.375000000,51.891147157,-41.812491142,-13.982367166,44.088445278,11.736619295,77.058395487
199.229166667,196.500000000,51.914712584,-41.804032118,-14.085666962,44.113298620,11.775567000,76.961390465
199.355902778,196.625000000,51.938368922,-41.795413934,-14.189000462,44.138241470,11.814355134,76.865003611
199.482638889,196.750000000,51.962115977,-41.786636161,-14.292367624,44.163273587,11.852983834,76.769232444
199.609375000,196.875000000,51.985953558,-41.777698372,-14.395768401,44.188394733,11.891453238,76.674074478
199.736111111,197.000000000,52.009881472,-41.768600137,-14.499202744,44.213604667,11.929763490,76.579527223
199.862847222,197.125000000,52.033899528,-41.759341028,-14.602670604,44.238903149,11.967914731,76.485588187
199.989583333,197.250000000,52.058007533,-41.749920615,-14.706171927,44.264289942,12.005907110,76.392254871
200.116319444,197.375000000,52.082205295,-41.740338454,-14.809706809,44.289764845,12.043741865,76.301605207
200.243055556,197.500000000,52.106492627,-41.730594097,-14.913275402,44.315327675,12.081420634,76.211724415
200.369791667,197.625000000,52.130869341,-41.720687117,-15.016877647,44.340978200,12.118943572,76.122423083
200.496527778,197.750000000,52.155335252,-41.710617085,-15.120513481,44.366716191,12.156310827,76.033698885
200.623263889,197.875000000,52.179890171,-41.700383573,-15.224182841,44.392541415,12.193522548,75.945549492
200.750000000,198.000000000,52.204533913,-41.689986149,-15.327885661,44.418453642,12.230578886,75.857972574
200.876736111,198.125000000,52.229266290,-41.679424386,-15.431621870,44.444452642,12.267479997,75.770965796
201.003472222,198.250000000,52.254087116,-41.668697850,-15.535391399,44.470538185,12.304226032,75.684425778
201.130208333,198.375000000,52.278996203,-41.657806144,-15.639193857,44.496709960,12.340814887,75.594879740
201.256944444,198.500000000,52.303993354,-41.646748861,-15.743028886,44.522967659,12.377244694,75.505927093
201.383680556,198.625000000,52.329078376,-41.635525561,-15.846896406,44.549311043,12.413515627,75.417565199
201.510416667,198.750000000,52.354251072,-41.624135806,-15.950796336,44.575739874,12.449627862,75.329791426
201.637152778,198.875000000,52.379511247,-41.612579158,-16.054728591,44.602253915,12.485581576,75.242603139
201.763888889,199.000000000,52.404858704,-41.600855177,-16.158693084,44.628852928,12.521376949,75.155997706
201.890625000,199.125000000,52.430293248,-41.588963423,-16.262689727,44.655536675,12.557014161,75.069972497
202.017361111,199.250000000,52.455814683,-41.576903456,-16.366718425,44.682304921,12.592493379,74.984303653
202.144097222,199.375000000,52.481422812,-41.564674855,-16.470778919,44.709157384,12.627813595,74.897823586
202.270833333,199.500000000,52.507117436,-41.552277187,-16.574871011,44.736093800,12.662974281,74.811929074
202.397569444,199.625000000,52.532898355,-41.539710009,-16.678994604,44.763113929,12.697975633,74.726617365
202.524305556,199.750000000,52.558765369,-41.526972875,-16.783149594,44.790217531,12.732817846,74.641885709
202.651041667,199.875000000,52.584718278,-41.514065342,-16.887335877,44.817404367,12.767501118,74.557731362
202.777777778,200.000000000,52.610756883,-41.500986963,-16.991553345,44.844674199,12.802025649,74.474151583
202.904513889,200.125000000,52.636880984,-41.487737294,-17.095801891,44.872026788,12.836391638,74.391143638
203.031250000,200.250000000,52.663090380,-41.474315886,-17.200081421,44.899461902,12.870599433,74.309647253
203.157986111,200.375000000,52.689384876,-41.460722238,-17.304392264,44.926979424,12.904652438,74.231577897
203.284722222,200.500000000,52.715764279,-41.446955886,-17.408734490,44.954579174,12.938552176,74.154041806
203.411458333,200.625000000,52.742228402,-41.433016388,-17.513107979,44.982260927,12.972298842,74.077036567
203.538194444,200.750000000,52.768777052,-41.418903306,-17.617512611,45.010024457,13.005892631,74.000559770
203.664930556,200.875000000,52.795410041,-41.404616197,-17.721948262,45.037869539,13.039333742,73.924609007
203.791666667,201.000000000,52.822127179,-41.390154620,-17.826414806,45.065795947,13.072622374,73.849181874
203.918402778,201.125000000,52.848928275,-41.375518134,-17.930912117,45.093803457,13.105758729,73.774275972
204.045138889,201.250000000,52.875813140,-41.360706301,-18.035440032,45.121891836,13.138742795,73.698927179
204.171875000,201.375000000,52.902781580,-41.345718726,-18.139998078,45.150060767,13.171572318,73.622370650
204.298611111,201.500000000,52.929833399,-41.330554976,-18.244586022,45.178309992,13.204246813,73.546349135
204.425347222,201.625000000,52.956968400,-41.315214603,-18.349203725,45.206639281,13.236766498,73.470860042
204.552083333,201.750000000,52.984186386,-41.299697161,-18.453851045,45.235048403,13.269131590,73.395900785
204.678819444,201.875000000,53.011487159,-41.284002202,-18.558527837,45.263537127,13.301342310,73.321468785
204.805555556,202.000000000,53.038870522,-41.268129277,-18.663233954,45.292105225,13.333398878,73.247561468
204.932291667,202.125000000,53.066336278,-41.252077941,-18.767969248,45.320752466,13.365301517,73.174176269
205.059027778,202.250000000,53.093884231,-41.235847741,-18.872733579,45.349478626,13.397050551,73.101642891
205.185763889,202.375000000,53.121514183,-41.219438216,-18.977526887,45.378283502,13.428646884,73.030003611
205.312500000,202.500000000,53.149225940,-41.202848917,-19.082349034,45.407166874,13.460090872,72.958873332
205.439236111,202.625000000,53.177019306,-41.186079395,-19.187199859,45.436128514,13.491382740,72.888249571
205.565972222,202.750000000,53.204894087,-41.169129204,-19.292079201,45.465168199,13.522522715,72.818129848
205.692708333,202.875000000,53.232850086,-41.151997897,-19.396986896,45.494285702,13.553511025,72.748511691
205.819444444,203.000000000,53.260887109,-41.134685025,-19.501922776,45.523480799,13.584347899,72.679392636
205.946180556,203.125000000,53.289004961,-41.117190141,-19.606886671,45.552753265,13.615033568,72.610770224
206.072916667,203.250000000,53.317203446,-41.099512799,-19.711878402,45.582102874,13.645568215,72.542511222
206.199652778,203.375000000,53.345482369,-41.081652555,-19.816897764,45.611529394,13.675951853,72.474648787
206.326388889,203.500000000,53.373841534,-41.063608962,-19.921944576,45.641032599,13.706184689,72.407277361
206.453125000,203.625000000,53.402280745,-41.045381572,-20.027018657,45.670612265,13.736266961,72.340394498
206.579861111,203.750000000,53.430799807,-41.026969936,-20.132119825,45.700268170,13.766198906,72.273997760
206.706597222,203.875000000,53.459398523,-41.008373607,-20.237247895,45.730000090,13.795980763,72.208084713
206.833333333,204.000000000,53.488076698,-40.989592135,-20.342402677,45.759807802,13.825612772,72.142652936
206.960069444,204.125000000,53.516834136,-40.970625072,-20.447583983,45.789691084,13.855095173,72.077700012
207.086805556,204.250000000,53.545670640,-40.951471973,-20.552791607,45.819649710,13.884428132,72.013056278
207.213541667,204.375000000,53.574586015,-40.932132393,-20.658025323,45.849683450,13.913611661,71.948811170
207.340277778,204.500000000,53.603580065,-40.912605886,-20.763284929,45.879792081,13.942645989,71.885039501
207.467013889,204.625000000,53.632652592,-40.892892001,-20.868570225,45.909975380,13.971531362,71.821738869
207.593750000,204.750000000,53.661803400,-40.872990291,-20.973881006,45.940233127,14.000268027,71.758906881
207.720486111,204.875000000,53.691032293,-40.852900307,-21.079217067,45.970565100,14.028856233,71.696541150
207.847222222,205.000000000,53.720339074,-40.832621600,-21.184578197,46.000971078,14.057296228,71.634639300
207.973958333,205.125000000,53.749723546,-40.812153722,-21.289964187,46.031450841,14.085588264,71.573198962
208.100694444,205.250000000,53.779185513,-40.791496238,-21.395374755,46.062004149,14.113732117,71.511337246
208.227430556,205.375000000,53.808724776,-40.770648724,-21.500809549,46.092630741,14.141727045,71.449711820
208.354166667,205.500000000,53.838341134,-40.749610732,-21.606268343,46.123330393,14.169573274,71.388548816
208.480902778,205.625000000,53.868034389,-40.728381810,-21.711750916,46.154102880,14.197271063,71.327845820
208.607638889,205.750000000,53.897804341,-40.706961510,-21.817257040,46.184947983,14.224820671,71.267600425
208.734375000,205.875000000,53.927650789,-40.685349382,-21.922786489,46.215865477,14.252222359,71.207810238
208.861111111,206.000000000,53.957573533,-40.663544977,-22.028339032,46.246855143,14.279476387,71.148472870
208.987847222,206.125000000,53.987572375,-40.641547845,-22.133914435,46.277916757,14.306583018,71.089585945
209.114583333,206.250000000,54.017647114,-40.619357532,-22.239512485,46.309050108,14.333542688,71.031425123
209.241319444,206.375000000,54.047797551,-40.596973583,-22.345132979,46.340254983,14.360355909,70.973737424
209.368055556,206.500000000,54.078023488,-40.574395549,-22.450775674,46.371531165,14.387022947,70.916490929
209.494791667,206.625000000,54.108324725,-40.551622984,-22.556440328,46.402878433,14.413544066,70.859683320
209.621527778,206.750000000,54.138701063,-40.528655439,-22.662126694,46.434296570,14.439919531,70.803312290
209.748263889,206.875000000,54.169152305,-40.505492467,-22.767834522,46.465785356,14.466149607,70.747375540
209.875000000,207.000000000,54.199678250,-40.482133621,-22.873563560,46.497344574,14.492234560,70.691870782
210.001736111,207.125000000,54.230278700,-40.458578454,-22.979313554,46.528974005,14.518174659,70.636791955
210.128472222,207.250000000,54.260953455,-40.434826527,-23.085084219,46.560673424,14.543969972,70.581869350
210.255208333,207.375000000,54.291702318,-40.410877397,-23.190875270,46.592442604,14.569620579,70.527373838
210.381944444,207.500000000,54.322525087,-40.386730619,-23.296686444,46.624281328,14.595126753,70.473303147
210.508680556,207.625000000,54.353421562,-40.362385747,-23.402517475,46.656189379,14.620488763,70.419655018
210.635416667,207.750000000,54.384391545,-40.337842334,-23.508368095,46.688166538,14.645706881,70.366427200
210.762152778,207.875000000,54.415434835,-40.313099936,-23.614238034,46.720212589,14.670781380,70.313617451
210.888888889,208.000000000,54.446551233,-40.288158108,-23.720127016,46.752327316,14.695712533,70.261223541
211.015625000,208.125000000,54.477740539,-40.263016405,-23.826034769,46.784510501,14.720500625,70.209365094
211.142361111,208.250000000,54.509002554,-40.237674355,-23.931961130,46.816761966,14.745146786,70.158780739
211.269097222,208.375000000,54.540337081,-40.212131498,-24.037905891,46.849081520,14.769651832,70.108598930
211.395833333,208.500000000,54.571743923,-40.186387393,-24.143868769,46.881468949,14.794016032,70.058817541
211.522569444,208.625000000,54.603222884,-40.160441599,-24.249849478,46.913924043,14.818239659,70.009434455
211.649305556,208.750000000,54.634773768,-40.134293675,-24.355847728,46.946446589,14.842322986,69.960447565
211.776041667,208.875000000,54.666396377,-40.107943181,-24.461863229,46.979036376,14.866266285,69.911854774
211.902777778,209.000000000,54.698090515,-40.081389677,-24.567895685,47.011693192,14.890069830,69.863653992
212.029513889,209.125000000,54.729855985,-40.054632725,-24.673944793,47.044416825,14.913733842,69.815533539
212.156250000,209.250000000,54.761692590,-40.027671931,-24.780010076,47.077207007,14.937257286,69.766786528
212.282986111,209.375000000,54.793600128,-40.000506873,-24.886091153,47.110063500,14.960639875,69.718434071
212.409722222,209.500000000,54.825578400,-39.973137111,-24.992187719,47.142986090,14.983881890,69.670474028
212.536458333,209.625000000,54.857627204,-39.945562204,-25.098299464,47.175974561,15.006983613,69.622904271
212.663194444,209.750000000,54.889746339,-39.917781714,-25.204426078,47.209028701,15.029945325,69.575722679
212.789930556,209.875000000,54.921935604,-39.889795201,-25.310567247,47.242148295,15.052767309,69.528927142
212.916666667,210.000000000,54.954194799,-39.861602227,-25.416722653,47.275333130,15.075449849,69.482515561
213.043402778,210.125000000,54.986523722,-39.833202349,-25.522892001,47.308583000,15.097993401,69.437174933
213.170138889,210.250000000,55.018922175,-39.804595051,-25.629075260,47.341897785,15.120400401,69.393528421
213.296875000,210.375000000,55.051389964,-39.775779879,-25.735272193,47.375277307,15.142671769,69.350246734
213.423611111,210.500000000,55.083926894,-39.746756401,-25.841482475,47.408721359,15.164807778,69.307327941
213.550347222,210.625000000,55.116532772,-39.717524184,-25.947705777,47.442229737,15.186808706,69.264770118
213.677083333,210.750000000,55.149207402,-39.688082797,-26.053941768,47.475802234,15.208674829,69.222571350
213.803819444,210.875000000,55.181950591,-39.658431811,-26.160190114,47.509438646,15.230406424,69.180729731
213.930555556,211.000000000,55.214762144,-39.628570796,-26.266450478,47.543138769,15.252003767,69.139243364
214.057291667,211.125000000,55.247641867,-39.598499320,-26.372722526,47.576902399,15.273467171,69.098213327
214.184027778,211.250000000,55.280589567,-39.568216948,-26.479005951,47.610729343,15.294797169,69.057658550
214.310763889,211.375000000,55.313605050,-39.537723248,-26.585300416,47.644619400,15.315994088,69.017451974
214.437500000,211.500000000,55.346688122,-39.507017794,-26.691605573,47.678572368,15.337058207,68.977591752
214.564236111,211.625000000,55.379838590,-39.476100161,-26.797921073,47.712588043,15.357989803,68.938076042
214.690972222,211.750000000,55.413056260,-39.444969922,-26.904246564,47.746666222,15.378789153,68.898903014
214.817708333,211.875000000,55.446340939,-39.413626654,-27.010581691,47.780806704,15.399456536,68.860070844
214.944444444,212.000000000,55.479692434,-39.382069933,-27.116926096,47.815009287,15.419992230,68.821577717
215.071180556,212.125000000,55.513110551,-39.350299326,-27.223279449,47.849273777,15.440396731,68.783929481
215.197916667,212.250000000,55.546595099,-39.318314371,-27.329641525,47.883600020,15.460671341,68.747008629
215.324652778,212.375000000,55.580145886,-39.286114643,-27.436011977,47.917987822,15.480816469,68.710415997
215.451388889,212.500000000,55.613762723,-39.253699723,-27.542390437,47.952436986,15.500832390,68.674149859
215.578125000,212.625000000,55.647445420,-39.221069192,-27.648776537,47.986947314,15.520719378,68.638208493
215.704861111,212.750000000,55.681193785,-39.188222633,-27.755169903,48.021518608,15.540477709,68.602590190
215.831597222,212.875000000,55.715007629,-39.155159628,-27.861570161,48.056150671,15.560107660,68.567293243
215.958333333,213.000000000,55.748886762,-39.121879762,-27.967976932,48.090843305,15.579609505,68.532315958
216.085069444,213.125000000,55.782830992,-39.088382613,-28.074389859,48.125596321,15.598983680,68.497964824
216.211805556,213.250000000,55.816840132,-39.054667745,-28.180808627,48.160409545,15.618230972,68.464078674
216.338541667,213.375000000,55.850913991,-39.020734745,-28.287232855,48.195282784,15.637351693,68.430504472
216.465277778,213.500000000,55.885052382,-38.986583199,-28.393662157,48.230215843,15.656346116,68.397240579
216.592013889,213.625000000,55.919255116,-38.952212698,-28.500096142,48.265208527,15.675214518,68.364285364
216.718750000,213.750000000,55.953522003,-38.917622831,-28.606534417,48.300260642,15.693957171,68.331637203
216.845486111,213.875000000,55.987852856,-38.882813188,-28.712976587,48.335371995,15.712574351,68.299294482
216.972222222,214.000000000,56.022247485,-38.847783361,-28.819422254,48.370542390,15.731066333,68.267255591
217.098958333,214.125000000,56.056705703,-38.812532889,-28.925871182,48.405771690,15.749434635,68.237554400
217.225694444,214.250000000,56.091227327,-38.777061248,-29.032323335,48.441059827,15.767682260,68.208712109
217.352430556,214.375000000,56.125812178,-38.741368033,-29.138778320,48.476406623,15.785809570,68.180154290
217.479166667,214.500000000,56.160460077,-38.705452845,-29.245235734,48.511811892,15.803816828,68.151879504
217.605902778,214.625000000,56.195170845,-38.669315286,-29.351695167,48.547275453,15.821704297,68.123886319
217.732638889,214.750000000,56.229944302,-38.632954956,-29.458156210,48.582797120,15.839472239,68.096173308
217.859375000,214.875000000,56.264780268,-38.596371460,-29.564618450,48.618376711,15.857120919,68.068739051
217.986111111,215.000000000,56.299678565,-38.559564402,-29.671081470,48.654014042,15.874650598,68.041582134
218.112847222,215.125000000,56.334639013,-38.522533398,-29.777544815,48.689708919,15.892061253,68.014292369
218.239583333,215.250000000,56.369661432,-38.485278075,-29.884008006,48.725461137,15.909352713,67.987229189
218.366319444,215.375000000,56.404745640,-38.447798038,-29.990470619,48.761270512,15.926525240,67.960441624
218.493055556,215.500000000,56.439891456,-38.410092894,-30.096932228,48.797136860,15.943579099,67.933928264
218.619791667,215.625000000,56.475098700,-38.372162252,-30.203392405,48.833059997,15.960514556,67.907687702
218.746527778,215.750000000,56.510367190,-38.334005719,-30.309850718,48.869039740,15.977331876,67.881718540
218.873263889,215.875000000,56.545696746,-38.295622907,-30.416306734,48.905075904,15.994031324,67.856019386
219.000000000,216.000000000,56.581087186,-38.257013424,-30.522760017,48.941168306,16.010613167,67.830588853
219.126736111,216.125000000,56.616538332,-38.218176755,-30.629210489,48.977316889,16.027080422,67.808862096
219.253472222,216.250000000,56.652050013,-38.179112384,-30.735658075,49.013521601,16.043436095,67.787383234
219.380208333,216.375000000,56.687622061,-38.139819934,-30.842102335,49.049782273,16.059680437,67.766151067
219.506944444,216.500000000,56.723254307,-38.100299027,-30.948542827,49.086098736,16.075813695,67.745164398
219.633680556,216.625000000,56.758946585,-38.060549286,-31.054979107,49.122470818,16.091836119,67.724422038
219.760416667,216.750000000,56.794698725,-38.020570334,-31.161410727,49.158898350,16.107747958,67.703922802
219.887152778,216.875000000,56.830510560,-37.980361796,-31.267837238,49.195381162,16.123549460,67.683665508
220.013888889,217.000000000,56.866381921,-37.939923300,-31.374258190,49.231919087,16.139240881,67.663730062
220.140625000,217.125000000,56.902312641,-37.899254436,-31.480673222,49.268511985,16.154823185,67.644690936
220.267361111,217.250000000,56.938302555,-37.858354810,-31.587081939,49.305159714,16.170297090,67.625886563
220.394097222,217.375000000,56.974351496,-37.817224054,-31.693483885,49.341862105,16.185662842,67.607315815
220.520833333,217.500000000,57.010459299,-37.775861800,-31.799878599,49.378618993,16.200920686,67.588977570
220.647569444,217.625000000,57.046625800,-37.734267680,-31.906265617,49.415430211,16.216070867,67.570870712
220.774305556,217.750000000,57.082850832,-37.692441329,-32.012644475,49.452295595,16.231113630,67.552994127
220.901041667,217.875000000,57.119134231,-37.650382382,-32.119014705,49.489214978,16.246049219,67.535346708
221.027777778,218.000000000,57.155475830,-37.608090475,-32.225375840,49.526188196,16.260877895,67.518009109
221.154513889,218.125000000,57.191875466,-37.565565224,-32.331727459,49.563215101,16.275600310,67.501188634
221.281250000,218.250000000,57.228332975,-37.522806259,-32.438069114,49.600295538,16.290216892,67.484592229
221.407986111,218.375000000,57.264848191,-37.479813221,-32.544400328,49.637429343,16.304727885,67.468218822
221.534722222,218.500000000,57.301420952,-37.436585752,-32.650720621,49.674616353,16.319133530,67.452067344
221.661458333,218.625000000,57.338051093,-37.393123494,-32.757029513,49.711856404,16.333434071,67.436136732
221.788194444,218.750000000,57.374738450,-37.349426091,-32.863326520,49.749149333,16.347629750,67.420425926
221.914930556,218.875000000,57.411482861,-37.305493190,-32.969611157,49.786494976,16.361720809,67.404933873
222.041666667,219.000000000,57.448284160,-37.261324428,-33.075882954,49.823893177,16.375707637,67.390198595
222.168402778,219.125000000,57.485142186,-37.216919350,-33.182141672,49.861343863,16.389592419,67.376775478
222.295138889,219.250000000,57.522056782,-37.172277575,-33.288386899,49.898846905,16.403376001,67.363560346
222.421875000,219.375000000,57.559027789,-37.127398758,-33.394618142,49.936402147,16.417058615,67.350552231
222.548611111,219.500000000,57.596055051,-37.082282553,-33.500834907,49.974009433,16.430640496,67.337750168
222.675347222,219.625000000,57.633138410,-37.036928615,-33.607036695,50.011668605,16.444121876,67.325153196
222.802083333,219.750000000,57.670277709,-36.991336603,-33.713223007,50.049379508,16.457502989,67.312760358
222.928819444,219.875000000,57.707472789,-36.945506174,-33.819393340,50.087141986,16.470784068,67.300570701
223.055555556,220.000000000,57.744723494,-36.899436998,-33.925547168,50.124955874,16.483965166,67.288085471
223.182291667,220.125000000,57.782029664,-36.853128813,-34.031683802,50.162820951,16.497045106,67.275167442
223.309027778,220.250000000,57.819391137,-36.806581297,-34.137802694,50.200737042,16.510023831,67.262454904
223.435763889,220.375000000,57.856807751,-36.759794110,-34.243903331,50.238703988,16.522901578,67.249946874
223.562500000,220.500000000,57.894279344,-36.712766915,-34.349985198,50.276721628,16.535678585,67.237642373
223.689236111,220.625000000,57.931805754,-36.665499376,-34.456047777,50.314789803,16.548355091,67.225540426
223.815972222,220.750000000,57.969386819,-36.617991157,-34.562090550,50.352908353,16.560931332,67.213640062
223.942708333,220.875000000,58.007022377,-36.570241926,-34.668112994,50.391077118,16.573407546,67.201940315
224.069444444,221.000000000,58.044712266,-36.522251365,-34.774114553,50.429295927,16.585783719,67.189889259
224.196180556,221.125000000,58.082456322,-36.474019215,-34.880094540,50.467564562,16.598058827,67.177585870
224.322916667,221.250000000,58.120254379,-36.425545153,-34.986052402,50.505882849,16.610232940,67.165484733
224.449652778,221.375000000,58.158106270,-36.376828851,-35.091987607,50.544250627,16.622306301,67.153584857
224.576388889,221.500000000,58.196011830,-36.327869980,-35.197899620,50.582667732,16.634279150,67.141885255
224.703125000,221.625000000,58.233970893,-36.278668211,-35.303787905,50.621134002,16.646151729,67.130384946
224.829861111,221.750000000,58.271983292,-36.229223221,-35.409651922,50.659649273,16.657924279,67.119082952
224.956597222,221.875000000,58.310048861,-36.179534684,-35.515491130,50.698213382,16.669597041,67.107978300
225.083333333,222.000000000,58.348167435,-36.129602322,-35.621304890,50.736826133,16.681169513,67.095733160
225.210069444,222.125000000,58.386338841,-36.079425959,-35.727092341,50.775487242,16.692639445,67.082994730
225.336805556,222.250000000,58.424562906,-36.029005283,-35.832852905,50.814196530,16.704006885,67.070459823
225.463541667,222.375000000,58.462839455,-35.978339972,-35.938586029,50.852953827,16.715272085,67.058127399
225.590277778,222.500000000,58.501168314,-35.927429705,-36.044291156,50.891758961,16.726435294,67.045996425
225.717013889,222.625000000,58.539549308,-35.876274162,-36.149967729,50.930611763,16.737496761,67.034065872
225.843750000,222.750000000,58.577982263,-35.824873026,-36.255615187,50.969512062,16.748456736,67.022334713
225.970486111,222.875000000,58.616467005,-35.773225980,-36.361232967,51.008459689,16.759315467,67.010801930
226.097222222,223.000000000,58.655003359,-35.721332689,-36.466820544,51.047454488,16.770073527,66.999959924
226.223958333,223.125000000,58.693591153,-35.669192797,-36.572377447,51.086496326,16.780731908,66.989461537
226.350694444,223.250000000,58.732230215,-35.616805989,-36.677903109,51.125585037,16.791290882,66.979155669
226.477430556,223.375000000,58.770920373,-35.564171959,-36.783396960,51.164720454,16.801750696,66.969041343
226.604166667,223.500000000,58.809661456,-35.511290399,-36.888858428,51.203902409,16.812111594,66.959117590
226.730902778,223.625000000,58.848453292,-35.458161003,-36.994286936,51.243130736,16.822373819,66.949383443
226.857638889,223.750000000,58.887295710,-35.404783469,-37.099681908,51.282405269,16.832537615,66.939837939
226.984375000,223.875000000,58.926188537,-35.351157493,-37.205042764,51.321725839,16.842603227,66.930480121
227.111111111,224.000000000,58.965131600,-35.297282945,-37.310368584,51.361092154,16.852568196,66.917728681
227.237847222,224.125000000,59.004124714,-35.243159793,-37.415658249,51.400503834,16.862428507,66.904676489
227.364583333,224.250000000,59.043167690,-35.188787734,-37.520911158,51.439960695,16.872184371,66.891827040
227.491319444,224.375000000,59.082260339,-35.134166464,-37.626126717,51.479462554,16.881836048,66.879179226
227.618055556,224.500000000,59.121402472,-35.079295682,-37.731304327,51.519009227,16.891383803,66.866731946
227.744791667,224.625000000,59.160593901,-35.024175086,-37.836443388,51.558600531,16.900827897,66.854484103
227.871527778,224.750000000,59.199834436,-34.968804380,-37.941543298,51.598236284,16.910168592,66.842434606
227.998263889,224.875000000,59.239123889,-34.913183265,-38.046603454,51.637916303,16.919406149,66.830582370
228.125000000,225.000000000,59.278462072,-34.857311315,-38.151623500,51.677640502,16.928542877,66.821320006
228.251736111,225.125000000,59.317848804,-34.801188099,-38.256603099,51.717408808,16.937581191,66.812275494
228.378472222,225.250000000,59.357283908,-34.744813331,-38.361541644,51.757221048,16.946521339,66.803414543
228.505208333,225.375000000,59.396767205,-34.688186725,-38.466438525,51.797077051,16.955363569,66.794736188
228.631944444,225.500000000,59.436298515,-34.631308001,-38.571293131,51.836976644,16.964108127,66.786239468
228.758680556,225.625000000,59.475877662,-34.574176877,-38.676104848,51.876919655,16.972755261,66.777923425
228.885416667,225.750000000,59.515504465,-34.516793074,-38.780873060,51.916905911,16.981305216,66.769787108
229.012152778,225.875000000,59.555178747,-34.459156317,-38.885597146,51.956935240,16.989758215,66.761535759
229.138888889,226.000000000,59.594900326,-34.401266541,-38.990276102,51.997007319,16.998111365,66.750699235
229.265625000,226.125000000,59.634669012,-34.343123615,-39.094909032,52.037121864,17.006362739,66.740052651
229.392361111,226.250000000,59.674484614,-34.284727262,-39.199495307,52.077278690,17.014512597,66.729594951
229.519097222,226.375000000,59.714346938,-34.226077205,-39.304034294,52.117477612,17.022561199,66.719325082
229.645833333,226.500000000,59.754255794,-34.167173170,-39.408525359,52.157718445,17.030508805,66.709241998
229.772569444,226.625000000,59.794210989,-34.108014888,-39.512967865,52.198001007,17.038355673,66.699344658
229.899305556,226.750000000,59.834212333,-34.048602086,-39.617361174,52.238325111,17.046102063,66.689632026
230.026041667,226.875000000,59.874259632,-33.988934493,-39.721704654,52.278690578,17.053748313,66.680544636
230.152777778,227.000000000,59.914352698,-33.929011669,-39.825997967,52.319097344,17.061297186,66.673341846
230.279513889,227.125000000,59.954491348,-33.868833272,-39.930240616,52.359545289,17.068750126,66.666311723
230.406250000,227.250000000,59.994675400,-33.808399044,-40.034431959,52.400034238,17.076107377,66.659453337
230.532986111,227.375000000,60.034904670,-33.747708731,-40.138571348,52.440564017,17.083369186,66.652765759
230.659722222,227.500000000,60.075178977,-33.686762078,-40.242658137,52.481134450,17.090535797,66.646248068
230.786458333,227.625000000,60.115498139,-33.625558834,-40.346691675,52.521745363,17.097607455,66.639899345
230.913194444,227.750000000,60.155861972,-33.564098750,-40.450671311,52.562396582,17.104584404,66.633718677
231.039930556,227.875000000,60.196270295,-33.502381581,-40.554596386,52.603087929,17.111466844,66.627548419
231.166666667,228.000000000,60.236722924,-33.440407127,-40.658466167,52.643819199,17.118254388,66.621204994
231.293402778,228.125000000,60.277219675,-33.378175159,-40.762279970,52.684590207,17.124947073,66.615028908
231.420138889,228.250000000,60.317760363,-33.315685433,-40.866037134,52.725400775,17.131545145,66.609019243
231.546875000,228.375000000,60.358344804,-33.252937711,-40.969736996,52.766250728,17.138048848,66.603175091
231.673611111,228.500000000,60.398972813,-33.189931753,-41.073378891,52.807139889,17.144458426,66.597495543
231.800347222,228.625000000,60.439644205,-33.126667324,-41.176962152,52.848068082,17.150774123,66.591979698
231.927083333,228.750000000,60.480358796,-33.063144189,-41.280486108,52.889035130,17.156996182,66.586626659
232.053819444,228.875000000,60.521116402,-32.999362117,-41.383950090,52.930040858,17.163124858,66.581467453
232.180555556,229.000000000,60.561916837,-32.935320871,-41.487353436,52.971085094,17.169160493,66.576512309
232.307291667,229.125000000,60.602759918,-32.871020220,-41.590695475,53.012167663,17.175103351,66.571717007
232.434027778,229.250000000,60.643645461,-32.806459940,-41.693975527,53.053288391,17.180953672,66.567080668
232.560763889,229.375000000,60.684573280,-32.741639809,-41.797192915,53.094447101,17.186711696,66.562602419
232.687500000,229.500000000,60.725543193,-32.676559604,-41.900346957,53.135643617,17.192377665,66.558281390
232.814236111,229.625000000,60.766555014,-32.611219108,-42.003436968,53.176877765,17.197951817,66.554116715
232.940972222,229.750000000,60.807608559,-32.545618103,-42.106462265,53.218149368,17.203434391,66.550107532
233.067708333,229.875000000,60.848703645,-32.479756340,-42.209422216,53.259458274,17.208826103,66.547245229
233.194444444,230.000000000,60.889840091,-32.413633419,-42.312316428,53.300804430,17.214129688,66.545396334
233.321180556,230.125000000,60.931017721,-32.347249108,-42.415144255,53.342187685,17.219345736,66.543693375
233.447916667,230.250000000,60.972236361,-32.280603202,-42.517905010,53.383607873,17.224474475,66.542135572
233.574652778,230.375000000,61.013495834,-32.213695500,-42.620598000,53.425064826,17.229516132,66.540722147
233.701388889,230.500000000,61.054795964,-32.146525801,-42.723222533,53.466558377,17.234470934,66.539452328
233.828125000,230.625000000,61.096136575,-32.079093908,-42.825777913,53.508088359,17.239339107,66.538325343
233.954861111,230.750000000,61.137517492,-32.011399625,-42.928263444,53.549654605,17.244120876,66.537340427
234.081597222,230.875000000,61.178938540,-31.943442785,-43.030678389,53.591256932,17.248816147,66.535945111
234.208333333,231.000000000,61.220399538,-31.875223283,-43.133021915,53.632895119,17.253424014,66.534387729
234.335069444,231.125000000,61.261900309,-31.806740935,-43.235293306,53.674568989,17.257944609,66.532973256
234.461805556,231.250000000,61.303440672,-31.737995554,-43.337491857,53.716278372,17.262378160,66.531700912
234.588541667,231.375000000,61.345020447,-31.668986953,-43.439616858,53.758023098,17.266724895,66.530569917
234.715277778,231.500000000,61.386639455,-31.599714951,-43.541667601,53.799802996,17.270985041,66.529579497
234.842013889,231.625000000,61.428297516,-31.530179364,-43.643643373,53.841617896,17.275158825,66.528728881
234.968750000,231.750000000,61.469994450,-31.460380014,-43.745543461,53.883467626,17.279246473,66.528017301
235.095486111,231.875000000,61.511730079,-31.390316678,-43.847367221,53.925352046,17.283248821,66.528332812
235.222222222,232.000000000,61.553504225,-31.319989064,-43.949114105,53.967271059,17.287167562,66.529073029
235.348958333,232.125000000,61.595316715,-31.249396999,-44.050783405,54.009224503,17.291002982,66.529945827
235.475694444,232.250000000,61.637167375,-31.178540315,-44.152374403,54.051212212,17.294755299,66.530950489
235.602430556,232.375000000,61.679056030,-31.107418847,-44.253886379,54.093234022,17.298424730,66.532086304
235.729166667,232.500000000,61.720982506,-31.036032432,-44.355318612,54.135289768,17.302011493,66.533352562
235.855902778,232.625000000,61.762946629,-30.964380911,-44.456670377,54.177379285,17.305515805,66.534748559
235.982638889,232.750000000,61.804948225,-30.892464124,-44.557940950,54.219502408,17.308937882,66.536273590
236.109375000,232.875000000,61.846987119,-30.820281935,-44.659129576,54.261658960,17.312277708,66.537631309
236.236111111,233.000000000,61.889063136,-30.747834222,-44.760235484,54.303848758,17.315535111,66.539070841
236.362847222,233.125000000,61.931176100,-30.675120834,-44.861257940,54.346071634,17.318710302,66.540638492
236.489583333,233.250000000,61.973325835,-30.602141620,-44.962196211,54.388327423,17.321803498,66.542333559
236.616319444,233.375000000,62.015512165,-30.528896435,-45.063049565,54.430615958,17.324814914,66.544155344
236.743055556,233.500000000,62.057734916,-30.455385134,-45.163817263,54.472937074,17.327744767,66.546103153
236.869791667,233.625000000,62.099993909,-30.381607575,-45.264498568,54.515290602,17.330593270,66.548176294
236.996527778,233.750000000,62.142288971,-30.307563619,-45.365092741,54.557676379,17.333360639,66.550374076
237.123263889,233.875000000,62.184619925,-30.233253044,-45.465599153,54.600094285,17.336048097,66.553825343
237.250000000,234.000000000,62.226986602,-30.158675624,-45.566017192,54.642544213,17.338656979,66.557427873
237.376736111,234.125000000,62.269388829,-30.083831230,-45.666346114,54.685026002,17.341187491,66.561149150
237.503472222,234.250000000,62.311826438,-30.008719733,-45.766585176,54.727539491,17.343639842,66.564988531
237.630208333,234.375000000,62.354299257,-29.933341009,-45.866733633,54.770084519,17.346014236,66.568945377
237.756944444,234.500000000,62.396807117,-29.857694935,-45.966790739,54.812660925,17.348310880,66.573019053
237.883680556,234.625000000,62.439349846,-29.781781390,-46.066755745,54.855268549,17.350529978,66.577208925
238.010416667,234.750000000,62.481927276,-29.705600256,-46.166627899,54.897907230,17.352671730,66.581452195
238.137152778,234.875000000,62.524539235,-29.629151487,-46.266406363,54.940576768,17.354735539,66.585117541
238.263888889,235.000000000,62.567185549,-29.552435018,-46.366090314,54.983276971,17.356721022,66.588899649
238.390625000,235.125000000,62.609866044,-29.475450736,-46.465678998,55.026007677,17.358628388,66.592797874
238.517361111,235.250000000,62.652580547,-29.398198534,-46.565171655,55.068768719,17.360457842,66.596811574
238.644097222,235.375000000,62.695328884,-29.320678302,-46.664567526,55.111559935,17.362209591,66.600940107
238.770833333,235.500000000,62.738110880,-29.242889938,-46.763865851,55.154381161,17.363883840,66.605182838
238.897569444,235.625000000,62.780926362,-29.164833340,-46.863065866,55.197232232,17.365480795,66.609539131
239.024305556,235.750000000,62.823775156,-29.086508404,-46.962166812,55.240112987,17.367000714,66.614307370
239.151041667,235.875000000,62.866657090,-29.007914869,-47.061168133,55.283023354,17.368445691,66.620445117
239.277777778,236.000000000,62.909571997,-28.929052562,-47.160069169,55.325963219,17.369816869,66.626689652
239.404513889,236.125000000,62.952519710,-28.849921395,-47.258869153,55.368932428,17.371114441,66.633040396
239.531250000,236.250000000,62.995500064,-28.770521282,-47.357567321,55.411930821,17.372338604,66.639496772
239.657986111,236.375000000,63.038512892,-28.690852138,-47.456162903,55.454958244,17.373489551,66.646058206
239.784722222,236.500000000,63.081558027,-28.610913883,-47.554655131,55.498014539,17.374567476,66.652724126
239.911458333,236.625000000,63.124635304,-28.530706438,-47.653043233,55.541099550,17.375572572,66.659493961
240.038194444,236.750000000,63.167744555,-28.450229728,-47.751326436,55.584213119,17.376505014,66.666301172
240.164930556,236.875000000,63.210885615,-28.369483706,-47.849503935,55.627355075,17.377364704,66.673058660
240.291666667,237.000000000,63.254058316,-28.288468309,-47.947574943,55.670525256,17.378151737,66.679919028
240.418402778,237.125000000,63.297262491,-28.207183469,-48.045538684,55.713723504,17.378866304,66.686881711
240.545138889,237.250000000,63.340497971,-28.125629119,-48.143394379,55.756949662,17.379508598,66.693946144
240.671875000,237.375000000,63.383764590,-28.043805196,-48.241141248,55.800203573,17.380078810,66.701111765
240.798611111,237.500000000,63.427062180,-27.961711640,-48.338778510,55.843485078,17.380577132,66.708378014
240.925347222,237.625000000,63.470390575,-27.879348390,-48.436305383,55.886794020,17.381003754,66.715744333
241.052083333,237.750000000,63.513749605,-27.796715388,-48.533721089,55.930130244,17.381358923,66.723358056
241.178819444,237.875000000,63.557139106,-27.713812535,-48.631024897,55.973493618,17.381643328,66.731281964
241.305555556,238.000000000,63.600558910,-27.630639771,-48.728216033,56.016883990,17.381857271,66.739303227
241.432291667,238.125000000,63.644008853,-27.547197049,-48.825293710,56.060301204,17.382000941,66.747421305
241.559027778,238.250000000,63.687488769,-27.463484324,-48.922257141,56.103745106,17.382074524,66.755635662
241.685763889,238.375000000,63.730998492,-27.379501554,-49.019105535,56.147215539,17.382078205,66.763945763
241.812500000,238.500000000,63.774537857,-27.295248701,-49.115838102,56.190712347,17.382012171,66.772351075
241.939236111,238.625000000,63.818106697,-27.210725728,-49.212454050,56.234235375,17.381876606,66.780851068
242.065972222,238.750000000,63.861704848,-27.125932582,-49.308952606,56.277784476,17.381671891,66.789848948
242.192708333,238.875000000,63.905332146,-27.040869134,-49.405333091,56.321359548,17.381399300,66.799310633
242.319444444,239.000000000,63.948988429,-26.955535340,-49.501594729,56.364960447,17.381059180,66.808863225
242.446180556,239.125000000,63.992673535,-26.869931176,-49.597736724,56.408587020,17.380651709,66.818506222
242.572916667,239.250000000,64.036387303,-26.784056620,-49.693758281,56.452239116,17.380177067,66.828239124
242.699652778,239.375000000,64.080129570,-26.697911653,-49.789658602,56.495916582,17.379635431,66.838061432
242.826388889,239.500000000,64.123900176,-26.611496260,-49.885436889,56.539619266,17.379026980,66.847972650
242.953125000,239.625000000,64.167698958,-26.524810425,-49.981092341,56.583347017,17.378351892,66.857972282
243.079861111,239.750000000,64.211525754,-26.437854115,-50.076624182,56.627099694,17.377610585,66.868471250
243.206597222,239.875000000,64.255380405,-26.350627239,-50.172031706,56.670877189,17.376804137,66.879297673
243.333333333,240.000000000,64.299262753,-26.263129783,-50.267314118,56.714679357,17.375932803,66.890209264
243.460069444,240.125000000,64.343172639,-26.175361746,-50.362470616,56.758506050,17.374996757,66.901205552
243.586805556,240.250000000,64.387109904,-26.087323129,-50.457500396,56.802357119,17.373996169,66.912286069
243.713541667,240.375000000,64.431074390,-25.999013935,-50.552402653,56.846232413,17.372931211,66.923450347
243.840277778,240.500000000,64.475065939,-25.910434171,-50.647176582,56.890131786,17.371802054,66.934697919
243.967013889,240.625000000,64.519084393,-25.821583846,-50.741821374,56.934055087,17.370608868,66.946028323
244.093750000,240.750000000,64.563129592,-25.732462933,-50.836336264,56.978002188,17.369352235,66.958030447
244.220486111,240.875000000,64.607201381,-25.643071347,-50.930720550,57.021972992,17.368033363,66.970320022
244.347222222,241.000000000,64.651299607,-25.553409103,-51.024973428,57.065967355,17.366652467,66.982688969
244.473958333,241.125000000,64.695424114,-25.463476220,-51.119094090,57.109985132,17.365209713,66.995136848
244.600694444,241.250000000,64.739574748,-25.373272725,-51.213081725,57.154026180,17.363705264,67.007663224
244.727430556,241.375000000,64.783751354,-25.282798643,-51.306935522,57.198090351,17.362139285,67.020267660
244.854166667,241.500000000,64.827953780,-25.192054004,-51.400654668,57.242177503,17.360511939,67.032949724
244.980902778,241.625000000,64.872181869,-25.101038840,-51.494238351,57.286287488,17.358823388,67.045708982
245.107638889,241.750000000,64.916435468,-25.009753123,-51.587685822,57.330420195,17.357074459,67.059372551
245.234375000,241.875000000,64.960714426,-24.918196777,-51.680996384,57.374575536,17.355266470,67.073257013
245.361111111,242.000000000,65.005018595,-24.826369844,-51.774169227,57.418753372,17.353399596,67.087214955
245.487847222,242.125000000,65.049347824,-24.734272368,-51.867203535,57.462953562,17.351473995,67.101245972
245.614583333,242.250000000,65.093701965,-24.641904397,-51.960098492,57.507175967,17.349489822,67.115349661
245.741319444,242.375000000,65.138080867,-24.549265982,-52.052853284,57.551420445,17.347447234,67.129525623
245.868055556,242.500000000,65.182484382,-24.456357175,-52.145467092,57.595686857,17.345346384,67.143773456
245.994791667,242.625000000,65.226912360,-24.363178032,-52.237939099,57.639975062,17.343187427,67.158092762
246.121527778,242.750000000,65.271364652,-24.269728600,-52.330268498,57.684284926,17.340970654,67.172631722
246.248263889,242.875000000,65.315841109,-24.176008924,-52.422454486,57.728616317,17.338696374,67.187247363
246.375000000,243.000000000,65.360341582,-24.082019068,-52.514496243,57.772969095,17.336364742,67.201932917
246.501736111,243.125000000,65.404865924,-23.987759100,-52.606392947,57.817343121,17.333975909,67.216687996
246.628472222,243.250000000,65.449413984,-23.893229090,-52.698143777,57.861738255,17.331530027,67.231512211
246.755208333,243.375000000,65.493985615,-23.798429111,-52.789747909,57.906154357,17.329027247,67.246405174
246.881944444,243.500000000,65.538580669,-23.703359238,-52.881204521,57.950591289,17.326467721,67.261366500
247.008680556,243.625000000,65.583198996,-23.608019550,-52.972512787,57.995048910,17.323851610,67.276569694
247.135416667,243.750000000,65.627840450,-23.512409853,-53.063672148,58.039527211,17.321181778,67.294202271
247.262152778,243.875000000,65.672504895,-23.416530025,-53.154681984,58.084026162,17.318460453,67.311896270
247.388888889,244.000000000,65.717192196,-23.320380156,-53.245541476,58.128545636,17.315687772,67.329651365
247.515625000,244.125000000,65.761902215,-23.223960341,-53.336249805,58.173085505,17.312863872,67.347467227
247.642361111,244.250000000,65.806634819,-23.127270674,-53.426806148,58.217645642,17.309988887,67.365343529
247.769097222,244.375000000,65.851389872,-23.030311257,-53.517209686,58.262225920,17.307062955,67.383279947
247.895833333,244.500000000,65.896167239,-22.933082189,-53.607459594,58.306826211,17.304086210,67.401276157
248.022569444,244.625000000,65.940966784,-22.835583577,-53.697555050,58.351446389,17.301058785,67.419319400
248.149305556,244.750000000,65.985788371,-22.737815535,-53.787495223,58.396086322,17.297980728,67.437364494
248.276041667,244.875000000,66.030631865,-22.639778180,-53.877279283,58.440745880,17.294852129,67.455468562
248.402777778,245.000000000,66.075497130,-22.541471623,-53.966906405,58.485424935,17.291673123,67.473631282
248.529513889,245.125000000,66.120384031,-22.442895980,-54.056375764,58.530123361,17.288443843,67.491852333
248.656250000,245.250000000,66.165292431,-22.344051369,-54.145686532,58.574841030,17.285164422,67.510131394
248.782986111,245.375000000,66.210222196,-22.244937912,-54.234837883,58.619577813,17.281834994,67.528468148
248.909722222,245.500000000,66.255173188,-22.145555733,-54.323828989,58.664333583,17.278455691,67.546862276
249.036458333,245.625000000,66.300145273,-22.045904945,-54.412659033,58.709108219,17.275026765,67.565752574
249.163194444,245.750000000,66.345138317,-21.945985466,-54.501327376,58.753901690,17.271550392,67.585784905
249.289930556,245.875000000,66.390152193,-21.845797353,-54.589833264,58.798713912,17.268027433,67.605870511
249.416666667,246.000000000,66.435186772,-21.745340743,-54.678175869,58.843544764,17.264458012,67.626009109
249.543402778,246.125000000,66.480241926,-21.644615777,-54.766354366,58.888394125,17.260842251,67.646200412
249.670138889,246.250000000,66.525317529,-21.543622598,-54.854367928,58.933261876,17.257180274,67.666444137
249.796875000,246.375000000,66.570413452,-21.442361350,-54.942215728,58.978147897,17.253472203,67.686740000
249.923611111,246.500000000,66.615529568,-21.340832183,-55.029896938,59.023052067,17.249718161,67.707087718
250.050347222,246.625000000,66.660665749,-21.239035241,-55.117410738,59.067974270,17.245918339,67.727669591
250.177083333,246.750000000,66.705821868,-21.136970608,-55.204756356,59.112914417,17.242073504,67.748579144
250.303819444,246.875000000,66.750997800,-21.034638426,-55.291932981,59.157872396,17.238183934,67.769538809
250.430555556,247.000000000,66.796193419,-20.932038854,-55.378939783,59.202848091,17.234249747,67.790548315
250.557291667,247.125000000,66.841408601,-20.829172056,-55.465775935,59.247841383,17.230271063,67.811607391
250.684027778,247.250000000,66.886643219,-20.726038198,-55.552440606,59.292852155,17.226247998,67.832715766
250.810763889,247.375000000,66.931897150,-20.622637447,-55.638932968,59.337880288,17.222180672,67.853873172
250.937500000,247.500000000,66.977170266,-20.518969976,-55.725252191,59.382925665,17.218069201,67.875079341
251.064236111,247.625000000,67.022462444,-20.415035973,-55.811397430,59.427988161,17.213913555,67.896029710
251.190972222,247.750000000,67.067773556,-20.310835708,-55.897367779,59.473067617,17.209712996,67.916733112
251.317708333,247.875000000,67.113103474,-20.206369374,-55.983162391,59.518163905,17.205467504,67.937485626
251.444444444,248.000000000,67.158452069,-20.101637152,-56.068780433,59.563276903,17.201177199,67.958286975
251.571180556,248.125000000,67.203819213,-19.996639229,-56.154221071,59.608406493,17.196842198,67.979136886
251.697916667,248.250000000,67.249204777,-19.891375790,-56.239483472,59.653552551,17.192462620,68.000035083
251.824652778,248.375000000,67.294608633,-19.785847025,-56.324566799,59.698714958,17.188038584,68.020981292
251.951388889,248.500000000,67.340030652,-19.680053129,-56.409470219,59.743893592,17.183570206,68.041975240
252.078125000,248.625000000,67.385470706,-19.573994343,-56.494192858,59.789088312,17.179057177,68.062289354
252.204861111,248.750000000,67.430928663,-19.467671045,-56.578733735,59.834298918,17.174497964,68.082199972
252.331597222,248.875000000,67.476404387,-19.361083453,-56.663091995,59.879525273,17.169892524,68.102159784
252.458333333,249.000000000,67.521897744,-19.254231771,-56.747266799,59.924767252,17.165240977,68.122168499
252.585069444,249.125000000,67.567408599,-19.147116203,-56.831257306,59.970024728,17.160543447,68.142225828
252.711805556,249.250000000,67.612936817,-19.039736959,-56.915062674,60.015297572,17.155800054,68.162331481
252.838541667,249.375000000,67.658482264,-18.932094250,-56.998682064,60.060585660,17.151010919,68.182485168
252.965277778,249.500000000,67.704044804,-18.824188291,-57.082114634,60.105888862,17.146176164,68.202686603
253.092013889,249.625000000,67.749624304,-18.716019342,-57.165359509,60.151207035,17.141295515,68.222367496
253.218750000,249.750000000,67.795220624,-18.607587738,-57.248415756,60.196540000,17.136368053,68.241882540
253.345486111,249.875000000,67.840833626,-18.498893708,-57.331282525,60.241887623,17.131393845,68.261445987
253.472222222,250.000000000,67.886463172,-18.389937476,-57.413958973,60.287249774,17.126373016,68.281057538
253.598958333,250.125000000,67.932109121,-18.280719271,-57.496444253,60.332626321,17.121305686,68.300716894
253.725694444,250.250000000,67.977771336,-18.171239324,-57.578737520,60.378017133,17.116191979,68.320423758
253.852430556,250.375000000,68.023449676,-18.061497869,-57.660837929,60.423422080,17.111032016,68.340177835
253.979166667,250.500000000,68.069144004,-17.951495142,-57.742744633,60.468841031,17.105825919,68.359978829
254.105902778,250.625000000,68.114854179,-17.841231519,-57.824456686,60.514273797,17.100572610,68.378319927
254.232638889,250.750000000,68.160580054,-17.730707486,-57.905973056,60.559720140,17.095270025,68.396414268
254.359375000,250.875000000,68.206321482,-17.619923291,-57.987292885,60.605179918,17.089918246,68.414558185
254.486111111,251.000000000,68.252078313,-17.508879183,-58.068415321,60.650652990,17.084517403,68.432751352
254.612847222,251.125000000,68.297850398,-17.397575409,-58.149339511,60.696139216,17.079067623,68.450993446
254.739583333,251.250000000,68.343637590,-17.286012224,-58.230064603,60.741638456,17.073569035,68.469284142
254.866319444,251.375000000,68.389439739,-17.174189883,-58.310589743,60.787150569,17.068021765,68.487623119
254.993055556,251.500000000,68.435256695,-17.062108645,-58.390914077,60.832675415,17.062425942,68.506010055
255.119791667,251.625000000,68.481088312,-16.949768819,-58.471036719,60.878212835,17.056781281,68.523989173
255.246527778,251.750000000,68.526934436,-16.837170726,-58.550956772,60.923762663,17.051087404,68.541990144
255.373263889,251.875000000,68.572794917,-16.724314635,-58.630673381,60.969324755,17.045344436,68.560039069
255.500000000,252.000000000,68.618669604,-16.611200816,-58.710185690,61.014898970,17.039552506,68.578135622
255.626736111,252.125000000,68.664558345,-16.497829543,-58.789492845,61.060485165,17.033711741,68.596279476
255.753472222,252.250000000,68.710460989,-16.384201093,-58.868593988,61.106083196,17.027822269,68.614470308
255.880208333,252.375000000,68.756377385,-16.270315745,-58.947488264,61.151692921,17.021884215,68.632707793
256.006944444,252.500000000,68.802307380,-16.156173783,-59.026174817,61.197314197,17.015897701,68.650878990
256.133680556,252.625000000,68.848250822,-16.041775743,-59.104652618,61.242946778,17.009860690,68.667155752
256.260416667,252.750000000,68.894207549,-15.927122111,-59.182920667,61.288590434,17.003771564,68.683482358
256.387152778,252.875000000,68.940177399,-15.812213180,-59.260978100,61.334245011,16.997630456,68.699858448
256.513888889,253.000000000,68.986160210,-15.697049241,-59.338824055,61.379910354,16.991437502,68.716283664
256.640625000,253.125000000,69.032155818,-15.581630591,-59.416457667,61.425586311,16.985192836,68.732757650
256.767361111,253.250000000,69.078164060,-15.465957531,-59.493878075,61.471272728,16.978896591,68.749280048
256.894097222,253.375000000,69.124184775,-15.350030361,-59.571084415,61.516969451,16.972548900,68.765850503
257.020833333,253.500000000,69.170217800,-15.233849387,-59.648075825,61.562676329,16.966149916,68.782600208
257.147569444,253.625000000,69.216262973,-15.117414804,-59.724851518,61.608393253,16.959700745,68.800065017
257.274305556,253.750000000,69.262320136,-15.000726863,-59.801410674,61.654120098,16.953202050,68.817575217
257.401041667,253.875000000,69.308389130,-14.883785880,-59.877752433,61.699856714,16.946653959,68.835130473
257.527777778,254.000000000,69.354469797,-14.766592175,-59.953875934,61.745602953,16.940056597,68.852730451
257.654513889,254.125000000,69.400561980,-14.649146070,-60.029780317,61.791358664,16.933410093,68.870374816
257.781250000,254.250000000,69.446665519,-14.531447892,-60.105464722,61.837123698,16.926714573,68.888063235
257.907986111,254.375000000,69.492780256,-14.413497970,-60.180928288,61.882897907,16.919970162,68.905795378
258.034722222,254.500000000,69.538906034,-14.295296646,-60.256170149,61.928681135,16.913176903,68.923249515
258.161458333,254.625000000,69.585042691,-14.176844439,-60.331189325,61.974473161,16.906333353,68.939896492
258.288194444,254.750000000,69.631190065,-14.058141757,-60.405984910,62.020273803,16.899439051,68.956588515
258.414930556,254.875000000,69.677347989,-13.939188940,-60.480556039,62.066082904,16.892494127,68.973325232
258.541666667,255.000000000,69.723516299,-13.819986333,-60.554901847,62.111900309,16.885498711,68.990106296
258.668402778,255.125000000,69.769694831,-13.700534282,-60.629021473,62.157725863,16.878452931,69.006931358
258.795138889,255.250000000,69.815883419,-13.580833138,-60.702914052,62.203559409,16.871356915,69.023800071
258.921875000,255.375000000,69.862081900,-13.460883255,-60.776578721,62.249400792,16.864210793,69.040712089
259.048611111,255.500000000,69.908290108,-13.340684989,-60.850014617,62.295249857,16.857014693,69.057673197
259.175347222,255.625000000,69.954507878,-13.220238697,-60.923220878,62.341106450,16.849768766,69.074686748
259.302083333,255.750000000,70.000735047,-13.099544743,-60.996196643,62.386970413,16.842473145,69.091742542
259.428819444,255.875000000,70.046971449,-12.978603492,-61.068941048,62.432841593,16.835127955,69.108840236
259.555555556,256.000000000,70.093216920,-12.857415315,-61.141453233,62.478719833,16.827733322,69.125979490
259.682291667,256.125000000,70.139471295,-12.735980584,-61.213732333,62.524604978,16.820289373,69.143159965
259.809027778,256.250000000,70.185734410,-12.614299677,-61.285777489,62.570496872,16.812796232,69.160381322
259.935763889,256.375000000,70.232006100,-12.492372972,-61.357587838,62.616395359,16.805254024,69.177643223
260.062500000,256.500000000,70.278286200,-12.370200850,-61.429162521,62.662300285,16.797662899,69.195000526
260.189236111,256.625000000,70.324574546,-12.247783677,-61.500500688,62.708211502,16.790023142,69.212454271
260.315972222,256.750000000,70.370870974,-12.125121839,-61.571601481,62.754128856,16.782334903,69.229947339
260.442708333,256.875000000,70.417175320,-12.002215729,-61.642464040,62.800052192,16.774598305,69.247479399
260.569444444,257.000000000,70.463487420,-11.879065743,-61.713087505,62.845981354,16.766813470,69.265050120
260.696180556,257.125000000,70.509807111,-11.755672280,-61.783471018,62.891916188,16.758980520,69.282659172
260.822916667,257.250000000,70.556134227,-11.632035743,-61.853613719,62.937856538,16.751099576,69.300306226
260.949652778,257.375000000,70.602468606,-11.508156538,-61.923514749,62.983802249,16.743170758,69.317990954
261.076388889,257.500000000,70.648810082,-11.384035086,-61.993173243,63.029753161,16.735194081,69.335529204
261.203125000,257.625000000,70.695158492,-11.259671852,-62.062588312,63.075709098,16.727169233,69.352983777
261.329861111,257.750000000,70.741513669,-11.135067257,-62.131759096,63.121669902,16.719096289,69.370475613
261.456597222,257.875000000,70.787875447,-11.010221719,-62.200684736,63.167635415,16.710975370,69.388004382
261.583333333,258.000000000,70.834243662,-10.885135661,-62.269364374,63.213605481,16.702806595,69.405569755
261.710069444,258.125000000,70.880618147,-10.759809508,-62.337797153,63.259579942,16.694590084,69.423171404
261.836805556,258.250000000,70.926998736,-10.634243687,-62.405982215,63.305558643,16.686325958,69.440809002
261.963541667,258.375000000,70.973385264,-10.508438631,-62.473918706,63.351541425,16.678014334,69.458482222
262.090277778,258.500000000,71.019777566,-10.382394748,-62.541605782,63.397528142,16.669655548,69.476508139
262.217013889,258.625000000,71.066175476,-10.256112402,-62.609042630,63.443518666,16.661250321,69.494696510
262.343750000,258.750000000,71.112578833,-10.129592030,-62.676228399,63.489512843,16.652798804,69.512918723
262.470486111,258.875000000,71.158987472,-10.002834078,-62.743162236,63.535510519,16.644301111,69.531174461
262.597222222,259.000000000,71.205401231,-9.875838994,-62.809843287,63.581511539,16.635757359,69.549463411
262.723958333,259.125000000,71.251819947,-9.748607230,-62.876270703,63.627515749,16.627167661,69.567785259
262.850694444,259.250000000,71.298243456,-9.621139239,-62.942443631,63.673522994,16.618532131,69.586139693
262.977430556,259.375000000,71.344671594,-9.493435482,-63.008361220,63.719533119,16.609850884,69.604526402
263.104166667,259.500000000,71.391104200,-9.365496449,-63.074022605,63.765545958,16.601123780,69.622625414
263.230902778,259.625000000,71.437541107,-9.237322667,-63.139426904,63.811561333,16.592350451,69.640687452
263.357638889,259.750000000,71.483982151,-9.108914603,-63.204573265,63.857579087,16.583530998,69.658781522
263.484375000,259.875000000,71.530427166,-8.980272730,-63.269460840,63.903599063,16.574665536,69.676907309
263.611111111,260.000000000,71.576875987,-8.851397520,-63.334088778,63.949621105,16.565754177,69.695064499
263.737847222,260.125000000,71.623328448,-8.722289452,-63.398456232,63.995645054,16.556797036,69.713252778
263.864583333,260.250000000,71.669784384,-8.592949006,-63.462562354,64.041670756,16.547794225,69.731471834
263.991319444,260.375000000,71.716243629,-8.463376667,-63.526406297,64.087698052,16.538745856,69.749721355
264.118055556,260.500000000,71.762706019,-8.333572854,-63.589987246,64.133726810,16.529652579,69.768602619
264.244791667,260.625000000,71.809171391,-8.203537971,-63.653304403,64.179756907,16.520515204,69.787556879
264.371527778,260.750000000,71.855639584,-8.073272511,-63.716356923,64.225788190,16.511333843,69.806539564
264.498263889,260.875000000,71.902110435,-7.942776972,-63.779143966,64.271820505,16.502108603,69.825550376
264.625000000,261.000000000,71.948583783,-7.812051855,-63.841664690,64.317853700,16.492839592,69.844589017
264.751736111,261.125000000,71.995059467,-7.681097664,-63.903918253,64.363887619,16.483526916,69.863655193
264.878472222,261.250000000,72.041537324,-7.549914906,-63.965903817,64.409922110,16.474170683,69.882748608
265.005208333,261.375000000,72.088017193,-7.418504093,-64.027620543,64.455957020,16.464770997,69.901830532
265.131944444,261.500000000,72.134498911,-7.286865860,-64.089067533,64.501992150,16.455326995,69.920043144
265.258680556,261.625000000,72.180982312,-7.155000828,-64.150243899,64.548027307,16.445837959,69.938283704
265.385416667,261.750000000,72.227467229,-7.022909518,-64.211148800,64.594062331,16.436303998,69.956551903
265.512152778,261.875000000,72.273953495,-6.890592453,-64.271781398,64.640097064,16.426725221,69.974847434
265.638888889,262.000000000,72.320440942,-6.758050159,-64.332140853,64.686131347,16.417101737,69.993169991
265.765625000,262.125000000,72.366929404,-6.625283165,-64.392226328,64.732165022,16.407433654,70.011519267
265.892361111,262.250000000,72.413418713,-6.492292005,-64.452036985,64.778197930,16.397721078,70.029894958
266.019097222,262.375000000,72.459908703,-6.359077214,-64.511571991,64.824229913,16.387964133,70.048395238
266.145833333,262.500000000,72.506399207,-6.225639229,-64.570830555,64.870260847,16.378163713,70.067475759
266.272569444,262.625000000,72.552890062,-6.091978537,-64.629811871,64.916290598,16.368320377,70.086580693
266.399305556,262.750000000,72.599381104,-5.958095684,-64.688515109,64.962319010,16.358434227,70.105709751
266.526041667,262.875000000,72.645872170,-5.823991219,-64.746939437,65.008345927,16.348505366,70.124862639
266.652777778,263.000000000,72.692363096,-5.689665696,-64.805084028,65.054371195,16.338533898,70.144039071
266.779513889,263.125000000,72.738853721,-5.555119671,-64.862948053,65.100394658,16.328519924,70.163238755
266.906250000,263.250000000,72.785343879,-5.420353703,-64.920530685,65.146416162,16.318463545,70.182461403
267.032986111,263.375000000,72.831833408,-5.285368355,-64.977831098,65.192435550,16.308364870,70.201732061
267.159722222,263.500000000,72.878322145,-5.150164174,-65.034848475,65.238452673,16.298224129,70.221097006
267.286458333,263.625000000,72.924809926,-5.014741725,-65.091581994,65.284467379,16.288041474,70.240483898
267.413194444,263.750000000,72.971296590,-4.879101580,-65.148030832,65.330479514,16.277817004,70.259892453
267.539930556,263.875000000,73.017781973,-4.743244314,-65.204194167,65.376488921,16.267550820,70.279322387
267.666666667,264.000000000,73.064265913,-4.607170507,-65.260071180,65.422495447,16.257243019,70.298773417
267.793402778,264.125000000,73.110748247,-4.470880740,-65.315661050,65.468498936,16.246893701,70.318245261
267.920138889,264.250000000,73.157228812,-4.334375600,-65.370962958,65.514499234,16.236502965,70.337737638
268.046875000,264.375000000,73.203707445,-4.197655683,-65.425976083,65.560496182,16.226070843,70.357071116
268.173611111,264.500000000,73.250183983,-4.060721669,-65.480699573,65.606489596,16.215596752,70.376119874
268.300347222,264.625000000,73.296658260,-3.923574179,-65.535132601,65.652479309,16.205080605,70.395189091
268.427083333,264.750000000,73.343130110,-3.786213809,-65.589274351,65.698465164,16.194522500,70.414278478
268.553819444,264.875000000,73.389599369,-3.648641162,-65.643124007,65.744447003,16.183922537,70.433387751
268.680555556,265.000000000,73.436065870,-3.510856842,-65.696680756,65.790424669,16.173280814,70.452516622
268.807291667,265.125000000,73.482529448,-3.372861457,-65.749943785,65.836398004,16.162597428,70.471664809
268.934027778,265.250000000,73.528989937,-3.234655619,-65.802912282,65.882366850,16.151872477,70.490832027
269.060763889,265.375000000,73.575447171,-3.096239933,-65.855585440,65.928331053,16.141106127,70.510167308
269.187500000,265.500000000,73.621900987,-2.957614958,-65.907962474,65.974290475,16.130298924,70.529682808
269.314236111,265.625000000,73.668351221,-2.818781305,-65.960042579,66.020244964,16.119451043,70.549216009
269.440972222,265.750000000,73.714797707,-2.679739598,-66.011824951,66.066194363,16.108562580,70.568766634
269.567708333,265.875000000,73.761240284,-2.540490464,-66.063308785,66.112138518,16.097633629,70.588334406
269.694444444,266.000000000,73.807678787,-2.401034535,-66.114493277,66.158077270,16.086664284,70.607919052
269.821180556,266.125000000,73.854113052,-2.261372444,-66.165377626,66.204010466,16.075654638,70.627520295
269.947916667,266.250000000,73.900542915,-2.121504829,-66.215961032,66.249937948,16.064604784,70.647137862
270.074652778,266.375000000,73.946968214,-1.981432338,-66.266242690,66.295859557,16.053514748,70.666652922
270.201388889,266.500000000,73.993388783,-1.841155654,-66.316221790,66.341775125,16.042384336,70.686101288
270.328125000,266.625000000,74.039804457,-1.700675427,-66.365897532,66.387684492,16.031213607,70.705565463
270.454861111,266.750000000,74.086215072,-1.559992307,-66.415269120,66.433587501,16.020002654,70.725045172
270.581597222,266.875000000,74.132620463,-1.419106948,-66.464335759,66.479483996,16.008751568,70.744540141
270.708333333,267.000000000,74.179020464,-1.278020007,-66.513096654,66.525373818,15.997460443,70.764050095
270.835069444,267.125000000,74.225414911,-1.136732141,-66.561551015,66.571256811,15.986129369,70.783574763
270.961805556,267.250000000,74.271803639,-0.995244016,-66.609698049,66.617132817,15.974758438,70.803113872
271.088541667,267.375000000,74.318186484,-0.853556240,-66.657536986,66.663001697,15.963348164,70.823298340
271.215277778,267.500000000,74.364563283,-0.711669318,-66.705067096,66.708863351,15.951899874,70.843767858
271.342013889,267.625000000,74.410933877,-0.569583915,-66.752287599,66.754717628,15.940413733,70.864249688
271.468750000,267.750000000,74.457298107,-0.427300704,-66.799197714,66.800564377,15.928889826,70.884743575
271.595486111,267.875000000,74.503655813,-0.284820366,-66.845796659,66.846403446,15.917328239,70.905249261
271.722222222,268.000000000,74.550006835,-0.142143581,-66.892083656,66.892234681,15.905729058,70.925766492
271.848958333,268.125000000,74.596351015,0.000728964,-66.938057926,66.938057930,15.894092367,70.946295012
271.975694444,268.250000000,74.642688191,0.143796581,-66.983718695,66.983873042,15.882418252,70.966834567
272.102430556,268.375000000,74.689018204,0.287058489,-67.029065158,67.029679833,15.870706118,70.986514194
272.229166667,268.500000000,74.735340891,0.430513812,-67.074096482,67.075478090,15.858954692,71.005999143
272.355902778,268.625000000,74.781656084,0.574161847,-67.118811889,67.121267652,15.847164025,71.025495903
272.482638889,268.750000000,74.827963618,0.718001894,-67.163210606,67.167048361,15.835334204,71.045004206
272.609375000,268.875000000,74.874263327,0.862033247,-67.207291858,67.212820058,15.823465317,71.064523784
272.736111111,269.000000000,74.920555045,1.006255201,-67.251054875,67.258582585,15.811557450,71.084054370
272.862847222,269.125000000,74.966838606,1.150667045,-67.294498887,67.304335783,15.799610689,71.103595697
272.989583333,269.250000000,75.013113845,1.295268064,-67.337623127,67.350079493,15.787625122,71.123147499
273.116319444,269.375000000,75.059380595,1.440057737,-67.380426885,67.395813620,15.775602285,71.144350426
273.243055556,269.500000000,75.105638701,1.585035609,-67.422909481,67.441538096,15.763544239,71.165707866
273.369791667,269.625000000,75.151888006,1.730200959,-67.465070160,67.487252774,15.751451076,71.187072529
273.496527778,269.750000000,75.198128355,1.875553060,-67.506908166,67.532957506,15.739322872,71.208444177
273.623263889,269.875000000,75.244359593,2.021091183,-67.548422747,67.578652141,15.727159704,71.229822573
273.750000000,270.000000000,75.290581564,2.166814596,-67.589613150,67.624336532,15.714961651,71.251207478
273.876736111,270.125000000,75.336794114,2.312722564,-67.630478627,67.670010529,15.702728788,71.272598656
274.003472222,270.250000000,75.382997086,2.458814348,-67.671018429,67.715673985,15.690461191,71.293972807
274.130208333,270.375000000,75.429190325,2.605089091,-67.711231776,67.761326713,15.678158082,71.314534631
274.256944444,270.500000000,75.475373671,2.751545947,-67.751117894,67.806968528,15.665818775,71.335103139
274.383680556,270.625000000,75.521546963,2.898184167,-67.790676035,67.852599278,15.653443348,71.355678084
274.510416667,270.750000000,75.567710042,3.045003000,-67.829905455,67.898218808,15.641031878,71.376259220
274.637152778,270.875000000,75.613862747,3.192001694,-67.868805411,67.943826965,15.628584445,71.396846300
274.763888889,271.000000000,75.660004917,3.339179490,-67.907375161,67.989423596,15.616101126,71.417439078
274.890625000,271.125000000,75.706136392,3.486535630,-67.945613966,68.035008546,15.603581998,71.438037310
275.017361111,271.250000000,75.752257012,3.634069354,-67.983521090,68.080581665,15.591027170,71.458876701
275.144097222,271.375000000,75.798366619,3.781780173,-68.021095868,68.126142885,15.578438766,71.481206282
275.270833333,271.500000000,75.844465062,3.929667486,-68.058337616,68.171692114,15.565818093,71.503538386
275.397569444,271.625000000,75.890552190,4.077730521,-68.095245609,68.217229207,15.553165219,71.525872791
275.524305556,271.750000000,75.936627855,4.225968503,-68.131819122,68.262754022,15.540480214,71.548209279
275.651041667,271.875000000,75.982691904,4.374380654,-68.168057433,68.308266413,15.527763147,71.570547629
275.777777778,272.000000000,76.028744190,4.522966193,-68.203959823,68.353766236,15.515014085,71.592887624
275.904513889,272.125000000,76.074784561,4.671724336,-68.239525573,68.399253349,15.502233097,71.615229043
276.031250000,272.250000000,76.120812867,4.820654296,-68.274753966,68.444727606,15.489420242,71.637535702
276.157986111,272.375000000,76.166828959,4.969755257,-68.309644283,68.490188855,15.476575395,71.659733562
276.284722222,272.500000000,76.212832685,5.119026415,-68.344195806,68.535636947,15.463698546,71.681932368
276.411458333,272.625000000,76.258823894,5.268466974,-68.378407825,68.581071739,15.450789760,71.704131903
276.538194444,272.750000000,76.304802435,5.418076136,-68.412279630,68.626493085,15.437849106,71.726331947
276.664930556,272.875000000,76.350768159,5.567853100,-68.445810514,68.671900840,15.424876650,71.748532281
276.791666667,273.000000000,76.396720912,5.717797061,-68.478999771,68.717294860,15.411872459,71.770732687
276.918402778,273.125000000,76.442660546,5.867907211,-68.511846698,68.762674999,15.398836600,71.792932948
277.045138889,273.250000000,76.488586908,6.018182768,-68.544350598,68.808041120,15.385769339,71.815719530
277.171875000,273.375000000,76.534499852,6.168623235,-68.576510844,68.853393178,15.372673050,71.839564793
277.298611111,273.500000000,76.580399236,6.319227884,-68.608326762,68.898731064,15.359548449,71.863407385
277.425347222,273.625000000,76.626284919,6.469995898,-68.639797664,68.944054641,15.346395596,71.887247110
277.552083333,273.750000000,76.672156761,6.620926455,-68.670922863,68.989363774,15.333214547,71.911083772
277.678819444,273.875000000,76.718014620,6.772018731,-68.701701673,69.034658328,15.320005363,71.934917176
277.805555556,274.000000000,76.763858356,6.923271899,-68.732133411,69.079938166,15.306768101,71.958747127
277.932291667,274.125000000,76.809687826,7.074685129,-68.762217397,69.125203154,15.293502818,71.982573431
278.059027778,274.250000000,76.855502891,7.226257569,-68.791952947,69.170453148,15.280209440,72.006097777
278.185763889,274.375000000,76.901303408,7.377988260,-68.821339359,69.215687975,15.266887103,72.029276645
278.312500000,274.500000000,76.947089231,7.529876337,-68.850375950,69.260907488,15.253535691,72.052451979
278.439236111,274.625000000,76.992860215,7.681920960,-68.879062045,69.306111548,15.240155265,72.075623578
278.565972222,274.750000000,77.038616217,7.834121284,-68.907396971,69.351300014,15.226745882,72.098791240
278.692708333,274.875000000,77.084357091,7.986476463,-68.935380057,69.396472748,15.213307601,72.121954765
278.819444444,275.000000000,77.130082691,8.138985647,-68.963010633,69.441629610,15.199840482,72.145113952
278.946180556,275.125000000,77.175792874,8.291647983,-68.990288032,69.486770460,15.186344581,72.168268600
279.072916667,275.250000000,77.221487495,8.444462615,-69.017211590,69.531895159,15.172819952,72.191408885
279.199652778,275.375000000,77.267166407,8.597428682,-69.043780642,69.577003567,15.159266628,72.214537142
279.326388889,275.500000000,77.312829468,8.750545323,-69.069994530,69.622095543,15.145684665,72.237660280
279.453125000,275.625000000,77.358476531,8.903811674,-69.095852593,69.667170948,15.132074118,72.260778099
279.579861111,275.750000000,77.404107451,9.057226868,-69.121354176,69.712229642,15.118435046,72.283890399
279.706597222,275.875000000,77.449722084,9.210790036,-69.146498624,69.757271485,15.104767504,72.306996983
279.833333333,276.000000000,77.495320284,9.364500306,-69.171285286,69.802296338,15.091071550,72.330097651
279.960069444,276.125000000,77.540901908,9.518356804,-69.195713512,69.847304062,15.077347238,72.353192205
280.086805556,276.250000000,77.586466808,9.672358604,-69.219782647,69.892294502,15.063594281,72.375754632
280.213541667,276.375000000,77.632014838,9.826504680,-69.243492021,69.937267473,15.049811681,72.398069379
280.340277778,276.500000000,77.677545848,9.980794139,-69.266840987,69.982222828,15.035999423,72.420378250
280.467013889,276.625000000,77.723059688,10.135226095,-69.289828899,70.027160423,15.022157565,72.442681036
280.593750000,276.750000000,77.768556209,10.289799659,-69.312455118,70.072080114,15.008286166,72.464977532
280.720486111,276.875000000,77.814035260,10.444513939,-69.334719004,70.116981757,14.994385281,72.487267531
280.847222222,277.000000000,77.859496693,10.599368040,-69.356619919,70.161865208,14.980454970,72.509550829
280.973958333,277.125000000,77.904940358,10.754361066,-69.378157229,70.206730322,14.966495288,72.531827219
281.100694444,277.250000000,77.950366103,10.909491919,-69.399330275,70.251576897,14.952504858,72.552212776
281.227430556,277.375000000,77.995773770,11.064759277,-69.420138360,70.296404658,14.938480729,72.572106306
281.354166667,277.500000000,78.041163193,11.220162221,-69.440580847,70.341213443,14.924422869,72.591995024
281.480902778,277.625000000,78.086534209,11.375699841,-69.460657101,70.386003096,14.910331343,72.611878698
281.607638889,277.750000000,78.131886653,11.531371224,-69.480366489,70.430773457,14.896206215,72.631757092
281.734375000,277.875000000,78.177220362,11.687175457,-69.499708381,70.475524370,14.882047550,72.651629975
281.861111111,278.000000000,78.222535172,11.843111620,-69.518682149,70.520255676,14.867855410,72.671497112
281.987847222,278.125000000,78.267830918,11.999178793,-69.537287168,70.564967218,14.853629859,72.691358271
282.114583333,278.250000000,78.313107436,12.155375985,-69.555522807,70.609658817,14.839370481,72.710659408
282.241319444,278.375000000,78.358364559,12.311702176,-69.573388432,70.654330287,14.825076650,72.729896072
282.368055556,278.500000000,78.403602119,12.468156433,-69.590883422,70.698981465,14.810748427,72.749126797
282.494791667,278.625000000,78.448819948,12.624737826,-69.608007159,70.743612191,14.796385876,72.768351344
282.621527778,278.750000000,78.494017878,12.781445418,-69.624759028,70.788222302,14.781989060,72.787569473
282.748263889,278.875000000,78.539195742,12.938278273,-69.641138415,70.832811637,14.767558043,72.806780947
282.875000000,279.000000000,78.584353372,13.095235448,-69.657144711,70.877380035,14.753092889,72.825985526
283.001736111,279.125000000,78.629490600,13.252316001,-69.672777305,70.921927334,14.738593661,72.845156988
283.128472222,279.250000000,78.674607256,13.409518726,-69.688035567,70.966453298,14.724058556,72.862451298
283.255208333,279.375000000,78.719703162,13.566842428,-69.702918863,71.010957686,14.709485875,72.879740382
283.381944444,279.500000000,78.764778139,13.724286152,-69.717426583,71.055440325,14.694875688,72.897023978
283.508680556,279.625000000,78.809832008,13.881848944,-69.731558123,71.099901043,14.680228063,72.914301824
283.635416667,279.750000000,78.854864589,14.039529844,-69.745312879,71.144339668,14.665543068,72.931573660
283.762152778,279.875000000,78.899875702,14.197327891,-69.758690250,71.188756027,14.650820772,72.948839226
283.888888889,280.000000000,78.944865169,14.355242120,-69.771689640,71.233149948,14.636061241,72.966098260
284.015625000,280.125000000,78.989832809,14.513271563,-69.784310451,71.277521257,14.621264530,72.983234884
284.142361111,280.250000000,79.034778442,14.671415096,-69.796552079,71.321869739,14.606429613,72.999542961
284.269097222,280.375000000,79.079701884,14.829671651,-69.808413923,71.366195188,14.591555870,73.015844953
284.395833333,280.500000000,79.124602948,14.988040250,-69.819895390,71.410497427,14.576643370,73.032140589
284.522569444,280.625000000,79.169481451,15.146519916,-69.830995893,71.454776278,14.561692182,73.048429598
284.649305556,280.750000000,79.214337206,15.305109665,-69.841714846,71.499031563,14.546702375,73.064711710
284.776041667,280.875000000,79.259170028,15.463808513,-69.852051664,71.543263103,14.531674018,73.080986656
284.902777778,281.000000000,79.303979733,15.622615472,-69.862005769,71.587470721,14.516607178,73.097254166
285.029513889,281.125000000,79.348766135,15.781529545,-69.871576581,71.631654237,14.501501863,73.113242196
285.156250000,281.250000000,79.393529046,15.940549524,-69.880763511,71.675813410,14.486356624,73.128327956
285.282986111,281.375000000,79.438268274,16.099674323,-69.889565977,71.719948032,14.471170872,73.143407033
285.409722222,281.500000000,79.482983628,16.258902941,-69.897983405,71.764057918,14.455944680,73.158479142
285.536458333,281.625000000,79.527674915,16.418234376,-69.906015222,71.808142883,14.440678116,73.173544001
285.663194444,281.750000000,79.572341942,16.577667622,-69.913660861,71.852202741,14.425371252,73.188601327
285.789930556,281.875000000,79.616984516,16.737201671,-69.920919754,71.896237308,14.410024157,73.203650839
285.916666667,282.000000000,79.661602446,16.896835513,-69.927791340,71.940246399,14.394636900,73.218692255
286.043402778,282.125000000,79.706195539,17.056568139,-69.934275057,71.984229831,14.379209587,73.233836489
286.170138889,282.250000000,79.750763603,17.216398595,-69.940370351,72.028187436,14.363742738,73.249185267
286.296875000,282.375000000,79.795306448,17.376325881,-69.946076669,72.072119037,14.348236553,73.264524678
286.423611111,282.500000000,79.839823884,17.536348976,-69.951393461,72.116024451,14.332691101,73.279854447
286.550347222,282.625000000,79.884315719,17.696466856,-69.956320179,72.159903493,14.317106447,73.295174299
286.677083333,282.750000000,79.928781764,17.856678492,-69.960856278,72.203755982,14.301482658,73.310483961
286.803819444,282.875000000,79.973221828,18.016982857,-69.965001216,72.247581734,14.285819798,73.325783159
286.930555556,283.000000000,80.017635720,18.177378916,-69.968754455,72.291380567,14.270117934,73.341071621
287.057291667,283.125000000,80.062023251,18.337865596,-69.972115456,72.335152285,14.254376850,73.355703976
287.184027778,283.250000000,80.106384225,18.498441572,-69.975083679,72.378896624,14.238594565,73.369544501
287.310763889,283.375000000,80.150718443,18.659105745,-69.977658586,72.422613377,14.222770738,73.383375373
287.437500000,283.500000000,80.195025707,18.819857070,-69.979839643,72.466302353,14.206905436,73.397196301
287.564236111,283.625000000,80.239305817,18.980694500,-69.981626322,72.509963359,14.190998728,73.411006995
287.690972222,283.750000000,80.283558573,19.141616985,-69.983018094,72.553596205,14.175050681,73.424807166
287.817708333,283.875000000,80.327783776,19.302623472,-69.984014435,72.597200699,14.159061365,73.438596524
287.944444444,284.000000000,80.371981227,19.463712904,-69.984614824,72.640776649,14.143030845,73.452374781
288.071180556,284.125000000,80.416150727,19.624884220,-69.984818744,72.684323862,14.126959152,73.466074915
288.197916667,284.250000000,80.460292076,19.786136333,-69.984625678,72.727842139,14.110846184,73.479711413
288.324652778,284.375000000,80.504405073,19.947468178,-69.984035114,72.771331289,14.094691983,73.493336108
288.451388889,284.500000000,80.548489519,20.108878688,-69.983046542,72.814791117,14.078496617,73.506948712
288.578125000,284.625000000,80.592545214,20.270366794,-69.981659457,72.858221433,14.062260151,73.520548938
288.704861111,284.750000000,80.636571957,20.431931424,-69.979873354,72.901622043,14.045982650,73.534136498
288.831597222,284.875000000,80.680569549,20.593571504,-69.977687734,72.944992754,14.029664179,73.547711107
288.958333333,285.000000000,80.724537790,20.755285957,-69.975102099,72.988333376,14.013304803,73.561272478
289.085069444,285.125000000,80.768476478,20.917073654,-69.972115957,73.031643701,13.996904228,73.574265100
289.211805556,285.250000000,80.812385412,21.078933350,-69.968728816,73.074923491,13.980461373,73.586972902
289.338541667,285.375000000,80.856264385,21.240863950,-69.964940186,73.118172546,13.963976217,73.599667723
289.465277778,285.500000000,80.900113193,21.402864363,-69.960749579,73.161390669,13.947448828,73.612349268
289.592013889,285.625000000,80.943931630,21.564933501,-69.956156510,73.204577661,13.930879269,73.625017241
289.718750000,285.750000000,80.987719491,21.727070267,-69.951160498,73.247733326,13.914267607,73.637671349
289.845486111,285.875000000,81.031476570,21.889273568,-69.945761065,73.290857467,13.897613906,73.650311298
289.972222222,286.000000000,81.075202663,22.051542303,-69.939957734,73.333949885,13.880918230,73.662936794
290.098958333,286.125000000,81.118897564,22.213875435,-69.933750032,73.377010401,13.864181101,73.676158634
290.225694444,286.250000000,81.162561073,22.376272003,-69.927137488,73.420038859,13.847403593,73.689536044
290.352430556,286.375000000,81.206192987,22.538730906,-69.920119638,73.463035065,13.830585803,73.702897097
290.479166667,286.500000000,81.249793108,22.701251035,-69.912696024,73.505998829,13.813727789,73.716241513
290.605902778,286.625000000,81.293361235,22.863831281,-69.904866190,73.548929957,13.796829612,73.729569011
290.732638889,286.750000000,81.336897167,23.026470529,-69.896629683,73.591828256,13.779891332,73.742879314
290.859375000,286.875000000,81.380400704,23.189167666,-69.887986054,73.634693533,13.762913006,73.756172142
290.986111111,287.000000000,81.423871646,23.351921572,-69.878934857,73.677525596,13.745894695,73.769447217
291.112847222,287.125000000,81.467309792,23.514730980,-69.869475658,73.720324211,13.728835394,73.781466719
291.239583333,287.250000000,81.510714934,23.677594541,-69.859608025,73.763089121,13.711733566,73.793317334
291.366319444,287.375000000,81.554086864,23.840511126,-69.849331517,73.805820124,13.694589256,73.805151181
291.493055556,287.500000000,81.597425371,24.003479606,-69.838645696,73.848517019,13.677402525,73.816967965
291.619791667,287.625000000,81.640730248,24.166498848,-69.827550127,73.891179604,13.660173436,73.828767392
291.746527778,287.750000000,81.684001285,24.329567719,-69.816044378,73.933807679,13.642902049,73.840549167
291.873263889,287.875000000,81.727238272,24.492685079,-69.804128021,73.976401042,13.625588423,73.852312997
292.000000000,288.000000000,81.770441001,24.655849791,-69.791800632,74.018959492,13.608232620,73.864058590
292.126736111,288.125000000,81.813609263,24.819060717,-69.779061788,74.061482829,13.590834732,73.875820403
292.253472222,288.250000000,81.856742849,24.982316716,-69.765911072,74.103970853,13.573394852,73.887563349
292.380208333,288.375000000,81.899841549,25.145616642,-69.752348070,74.146423364,13.555913039,73.899287136
292.506944444,288.500000000,81.942905156,25.308959347,-69.738372371,74.188840159,13.538389351,73.910991473
292.633680556,288.625000000,81.985933459,25.472343678,-69.723983566,74.231221038,13.520823845,73.922676073
292.760416667,288.750000000,82.028926251,25.635768481,-69.709181254,74.273565800,13.503216581,73.934340644
292.887152778,288.875000000,82.071883322,25.799232599,-69.693965032,74.315874244,13.485567614,73.945984899
293.013888889,289.000000000,82.114804463,25.962734876,-69.678334505,74.358146168,13.467877003,73.957628512
293.140625000,289.125000000,82.157689466,26.126274178,-69.662289275,74.400381380,13.450145016,73.969413291
293.267361111,289.250000000,82.200538122,26.289849361,-69.645828953,74.442579684,13.432371846,73.981176654
293.394097222,289.375000000,82.243350225,26.453459261,-69.628953152,74.484740880,13.414557549,73.992918317
293.520833333,289.500000000,82.286125567,26.617102709,-69.611661491,74.526864768,13.396702180,74.004637996
293.647569444,289.625000000,82.328863939,26.780778536,-69.593953591,74.568951148,13.378805792,74.016335409
293.774305556,289.750000000,82.371565134,26.944485568,-69.575829076,74.610999820,13.360868440,74.028010272
293.901041667,289.875000000,82.414228944,27.108222632,-69.557287576,74.653010584,13.342890178,74.039662303
294.027777778,290.000000000,82.456855161,27.271988543,-69.538328724,74.694983237,13.324871004,74.051039408
294.154513889,290.125000000,82.499443576,27.435781914,-69.518952178,74.736917525,13.306809483,74.061496948
294.281250000,290.250000000,82.541993975,27.599601469,-69.499157585,74.778813218,13.288704995,74.071932307
294.407986111,290.375000000,82.584506141,27.763446022,-69.478944582,74.820670107,13.270557594,74.082345189
294.534722222,290.500000000,82.626979860,27.927314386,-69.458312811,74.862487986,13.252367337,74.092735300
294.661458333,290.625000000,82.669414917,28.091205370,-69.437261920,74.904266648,13.234134277,74.103102346
294.788194444,290.750000000,82.711811096,28.255117782,-69.415791556,74.946005885,13.215858470,74.113446031
294.914930556,290.875000000,82.754168183,28.419050427,-69.393901373,74.987705492,13.197539968,74.123766063
295.041666667,291.000000000,82.796485963,28.583002124,-69.371591025,75.029365263,13.179178928,74.134379371
295.168402778,291.125000000,82.838764222,28.746971859,-69.348860150,75.070985042,13.160776744,74.145615275
295.295138889,291.250000000,82.881002752,28.910958491,-69.325708407,75.112564642,13.142333889,74.156825413
295.421875000,291.375000000,82.923201344,29.074960818,-69.302135469,75.154103860,13.123850412,74.168009506
295.548611111,291.500000000,82.965359788,29.238977637,-69.278141009,75.195602497,13.105326361,74.179167276
295.675347222,291.625000000,83.007477876,29.403007741,-69.253724709,75.237060351,13.086761785,74.190298446
295.802083333,291.750000000,83.049555400,29.567049922,-69.228886249,75.278477219,13.068156733,74.201402738
295.928819444,291.875000000,83.091592149,29.731102971,-69.203625319,75.319852902,13.049511252,74.212479876
296.055555556,292.000000000,83.133587916,29.895165623,-69.177941615,75.361187184,13.030825017,74.222648971
296.182291667,292.125000000,83.175542485,30.059236262,-69.151834891,75.402479757,13.012095174,74.231663948
296.309027778,292.250000000,83.217455634,30.223313584,-69.125304851,75.443730388,12.993321162,74.240653528
296.435763889,292.375000000,83.259327143,30.387396367,-69.098351189,75.484938861,12.974503034,74.249617410
296.562500000,292.500000000,83.301156789,30.551483386,-69.070973601,75.526104965,12.955640842,74.258555293
296.689236111,292.625000000,83.342944350,30.715573415,-69.043171789,75.567228485,12.936734638,74.267466878
296.815972222,292.750000000,83.384689605,30.879665226,-69.014945460,75.608309208,12.917784471,74.276351863
296.942708333,292.875000000,83.426392331,31.043757589,-68.986294321,75.649346919,12.898790395,74.285209952
297.069444444,293.000000000,83.468052307,31.207849331,-68.957218075,75.690341422,12.879752900,74.294873392
297.196180556,293.125000000,83.509669316,31.371939523,-68.927716390,75.731292582,12.860674238,74.305194679
297.322916667,293.250000000,83.551243147,31.536026973,-68.897788984,75.772200206,12.841554756,74.315486235
297.449652778,293.375000000,83.592773587,31.700110444,-68.867435588,75.813064089,12.822394498,74.325747785
297.576388889,293.500000000,83.634260424,31.864188698,-68.836655937,75.853884027,12.803193507,74.335979052
297.703125000,293.625000000,83.675703447,32.028260497,-68.805449770,75.894659816,12.783951829,74.346179759
297.829861111,293.750000000,83.717102442,32.192324598,-68.773816829,75.935391250,12.764669507,74.356349632
297.956597222,293.875000000,83.758457199,32.356379757,-68.741756861,75.976078126,12.745346583,74.366488394
298.083333333,294.000000000,83.799767504,32.520424613,-68.709269639,76.016720209,12.725982252,74.375265208
298.210069444,294.125000000,83.841033138,32.684457525,-68.676354989,76.057317191,12.706573709,74.383319508
298.336805556,294.250000000,83.882253876,32.848477210,-68.643012667,76.097868847,12.687120773,74.391344442
298.463541667,294.375000000,83.923429491,33.012482412,-68.609242429,76.138374960,12.667623491,74.399339709
298.590277778,294.500000000,83.964559760,33.176471873,-68.575044031,76.178835314,12.648081909,74.407305012
298.717013889,294.625000000,84.005644456,33.340444335,-68.540417238,76.219249692,12.628496075,74.415240052
298.843750000,294.750000000,84.046683355,33.504398538,-68.505361814,76.259617876,12.608866035,74.423144530
298.970486111,294.875000000,84.087676232,33.668333219,-68.469877530,76.299939650,12.589191834,74.431018151
299.097222222,295.000000000,84.128622862,33.832247258,-68.433964129,76.340214834,12.569474592,74.440299020
299.223958333,295.125000000,84.169523028,33.996139731,-68.397621321,76.380443302,12.549716823,74.449983006
299.350694444,295.250000000,84.210376518,34.160009386,-68.360848893,76.420624851,12.529918667,74.459632902
299.477430556,295.375000000,84.251183119,34.323854957,-68.323646640,76.460759277,12.510080162,74.469248436
299.604166667,295.500000000,84.291942617,34.487675175,-68.286014358,76.500846374,12.490201346,74.478829337
299.730902778,295.625000000,84.332654801,34.651468771,-68.247951851,76.540885936,12.470282259,74.488375336
299.857638889,295.750000000,84.373319456,34.815234473,-68.209458925,76.580877758,12.450322937,74.497886161
299.984375000,295.875000000,84.413936370,34.978971007,-68.170535389,76.620821635,12.430323417,74.507361544
300.111111111,296.000000000,84.454505329,35.142676884,-68.131181109,76.660717306,12.410282159,74.514951155
300.237847222,296.125000000,84.495026109,35.306350484,-68.091395979,76.700564476,12.390196704,74.522247094
300.364583333,296.250000000,84.535498484,35.469990521,-68.051179813,76.740362922,12.370067064,74.529509395
300.491319444,296.375000000,84.575922225,35.633595709,-68.010532429,76.780112428,12.349893279,74.536737764
300.618055556,296.500000000,84.616297108,35.797164763,-67.969453652,76.819812775,12.329675392,74.543931906
300.744791667,296.625000000,84.656622905,35.960696395,-67.927943306,76.859463744,12.309413443,74.551091528
300.871527778,296.750000000,84.696899388,36.124189315,-67.886001224,76.899065117,12.289107473,74.558216338
300.998263889,296.875000000,84.737126333,36.287642231,-67.843627240,76.938616675,12.268757521,74.565306044
301.125000000,297.000000000,84.777303512,36.451054044,-67.800821145,76.978118247,12.248365049,74.573837723
301.251736111,297.125000000,84.817430708,36.614423663,-67.757582735,77.017569673,12.227931593,74.582352381
301.378472222,297.250000000,84.857507704,36.777749797,-67.713911863,77.056970742,12.207457187,74.590829215
301.505208333,297.375000000,84.897534283,36.941031149,-67.669808387,77.096321245,12.186941866,74.599267954
301.631944444,297.500000000,84.937510228,37.104266424,-67.625272170,77.135620973,12.166385664,74.607668326
301.758680556,297.625000000,84.977435322,37.267454325,-67.580303077,77.174869717,12.145788615,74.616030061
301.885416667,297.750000000,85.017309348,37.430593551,-67.534900980,77.214067267,12.125150751,74.624352889
302.012152778,297.875000000,85.057132089,37.593682801,-67.489065754,77.253213415,12.104472103,74.632607296
302.138888889,298.000000000,85.096903328,37.756720727,-67.442797290,77.292307938,12.083752355,74.640546728
302.265625000,298.125000000,85.136622847,37.919705990,-67.396095481,77.331350618,12.062991295,74.648446810
302.392361111,298.250000000,85.176290426,38.082637286,-67.348960212,77.370341245,12.042188956,74.656307268
302.519097222,298.375000000,85.215905846,38.245513306,-67.301391375,77.409279606,12.021345370,74.664127831
302.645833333,298.500000000,85.255468889,38.408332742,-67.253388865,77.448165490,12.000460570,74.671908228
302.772569444,298.625000000,85.294979336,38.571094284,-67.204952580,77.486998687,11.979534585,74.679648189
302.899305556,298.750000000,85.334436967,38.733796619,-67.156082426,77.525778985,11.958567448,74.687347441
303.026041667,298.875000000,85.373841564,38.896438432,-67.106778310,77.564506173,11.937559175,74.694933983
303.152777778,299.000000000,85.413192908,39.059018349,-67.057040162,77.603180023,11.916509343,74.702202157
303.279513889,299.125000000,85.452490776,39.221535024,-67.006867907,77.641800316,11.895417767,74.709429232
303.406250000,299.250000000,85.491734949,39.383987138,-66.956261465,77.680366839,11.874284479,74.716614936
303.532986111,299.375000000,85.530925204,39.546373373,-66.905220759,77.718879378,11.853109507,74.723758996
303.659722222,299.500000000,85.570061321,39.708692407,-66.853745718,77.757337719,11.831892882,74.730861140
303.786458333,299.625000000,85.609143078,39.870942918,-66.801836275,77.795741650,11.810634632,74.737921097
303.913194444,299.750000000,85.648170254,40.033123583,-66.749492366,77.834090956,11.789334787,74.744938595
304.039930556,299.875000000,85.687142628,40.195233103,-66.696713926,77.872385431,11.767993567,74.752536414
304.166666667,300.000000000,85.726059984,40.357270520,-66.643500782,77.910624951,11.746613770,74.761444204
304.293402778,300.125000000,85.764922112,40.519234633,-66.589852854,77.948809345,11.725196328,74.770306482
304.420138889,300.250000000,85.803728805,40.681124118,-66.535770103,77.986938411,11.703741261,74.779123002
304.546875000,300.375000000,85.842479854,40.842937650,-66.481252496,78.025011947,11.682248593,74.787893518
304.673611111,300.500000000,85.881175053,41.004673902,-66.426300005,78.063029753,11.660718344,74.796617783
304.800347222,300.625000000,85.919814191,41.166331547,-66.370912605,78.100991627,11.639150535,74.805295553
304.927083333,300.750000000,85.958397062,41.327909256,-66.315090276,78.138897368,11.617545188,74.813926581
305.053819444,300.875000000,85.996923458,41.489405682,-66.258833009,78.176746771,11.595902177,74.822160539
305.180555556,301.000000000,86.035393167,41.650819334,-66.202140847,78.214539594,11.574220319,74.829873604
305.307291667,301.125000000,86.073805977,41.812148842,-66.145013792,78.252275624,11.552499369,74.837540092
305.434027778,301.250000000,86.112161673,41.973392872,-66.087451839,78.289954654,11.530739349,74.845159751
305.560763889,301.375000000,86.150460043,42.134550089,-66.029454986,78.327576478,11.508940279,74.852732328
305.687500000,301.500000000,86.188700873,42.295619154,-65.971023237,78.365140890,11.487102180,74.860257571
305.814236111,301.625000000,86.226883949,42.456598731,-65.912156601,78.402647682,11.465225073,74.867735227
305.940972222,301.750000000,86.265009057,42.617487480,-65.852855088,78.440096649,11.443308977,74.875165046
306.067708333,301.875000000,86.303075985,42.778284120,-65.793118694,78.477487599,11.421354364,74.883406477
306.194444444,302.000000000,86.341084525,42.938987623,-65.732947329,78.514820401,11.399363614,74.892347737
306.321180556,302.125000000,86.379034473,43.099596694,-65.672341008,78.552094871,11.377337087,74.901238710
306.447916667,302.250000000,86.416925627,43.260109995,-65.611299768,78.589310813,11.355274796,74.910079163
306.574652778,302.375000000,86.454757783,43.420526186,-65.549823649,78.626468029,11.333176755,74.918868863
306.701388889,302.500000000,86.492530741,43.580843926,-65.487912697,78.663566323,11.311042979,74.927607580
306.828125000,302.625000000,86.530244295,43.741061875,-65.425566961,78.700605500,11.288873481,74.936295080
306.954861111,302.750000000,86.567898244,43.901178689,-65.362786496,78.737585363,11.266668273,74.944931132
307.081597222,302.875000000,86.605492385,44.061192956,-65.299571388,78.774505699,11.244426829,74.952659598
307.208333333,303.000000000,86.643026510,44.221103081,-65.235921796,78.811366250,11.222147256,74.959863816
307.335069444,303.125000000,86.680500406,44.380907695,-65.171837790,78.848166806,11.199829404,74.967017271
307.461805556,303.250000000,86.717913862,44.540605448,-65.107319438,78.884907163,11.177473289,74.974119719
307.588541667,303.375000000,86.755266666,44.700194992,-65.042366811,78.921587115,11.155078925,74.981170915
307.715277778,303.500000000,86.792558607,44.859674975,-64.976979987,78.958206459,11.132646327,74.988170618
307.842013889,303.625000000,86.829789473,45.019044047,-64.911159047,78.994764989,11.110175508,74.995118583
307.968750000,303.750000000,86.866959053,45.178300854,-64.844904075,79.031262501,11.087666483,75.002014567
308.095486111,303.875000000,86.904067133,45.337444038,-64.778215164,79.067698789,11.065119222,75.008800772
308.222222222,304.000000000,86.941113503,45.496472232,-64.711092415,79.104073645,11.042533635,75.015515747
308.348958333,304.125000000,86.978097950,45.655384082,-64.643535927,79.140386863,11.019909730,75.022178096
308.475694444,304.250000000,87.015020262,45.814178231,-64.575545804,79.176638239,10.997247521,75.028787576
308.602430556,304.375000000,87.051880227,45.972853324,-64.507122153,79.212827567,10.974547017,75.035343946
308.729166667,304.500000000,87.088677632,46.131408004,-64.438265087,79.248954642,10.951808233,75.041846964
308.855902778,304.625000000,87.125412265,46.289840913,-64.368974725,79.285019259,10.929031178,75.048296388
308.982638889,304.750000000,87.162083915,46.448150694,-64.299251189,79.321021213,10.906215865,75.054691978
309.109375000,304.875000000,87.198692367,46.606335858,-64.229094661,79.356960268,10.883361294,75.059845988
309.236111111,305.000000000,87.235237403,46.764394830,-64.158505363,79.392836164,10.860465801,75.064758598
309.362847222,305.125000000,87.271718800,46.922326242,-64.087483429,79.428648687,10.837529375,75.069618150
309.489583333,305.250000000,87.308136338,47.080128731,-64.016028993,79.464397622,10.814552028,75.074424391
309.616319444,305.375000000,87.344489795,47.237800931,-63.944142197,79.500082755,10.791533773,75.079177065
309.743055556,305.500000000,87.380778949,47.395341477,-63.871823184,79.535703873,10.768474622,75.083875921
309.869791667,305.625000000,87.417003578,47.552749002,-63.799072105,79.571260761,10.745374586,75.088520705
309.996527778,305.750000000,87.453163462,47.710022141,-63.725889114,79.606753207,10.722233678,75.093111163
310.123263889,305.875000000,87.489258376,47.867159301,-63.652274474,79.642180942,10.699050140,75.095805935
310.250000000,306.000000000,87.525288089,48.024158862,-63.578228458,79.677543689,10.675822020,75.098396206
310.376736111,306.125000000,87.561252365,48.181019449,-63.503751229,79.712841220,10.652549330,75.100933598
310.503472222,306.250000000,87.597150972,48.337739688,-63.428842953,79.748073309,10.629232085,75.103417839
310.630208333,306.375000000,87.632983673,48.494318205,-63.353503800,79.783239731,10.605870298,75.105848657
310.756944444,306.500000000,87.668750235,48.650753624,-63.277733948,79.818340260,10.582463983,75.108225781
310.883680556,306.625000000,87.704450423,48.807044570,-63.201533576,79.853374669,10.559013153,75.110548940
311.010416667,306.750000000,87.740084003,48.963189664,-63.124902871,79.888342733,10.535517816,75.112770972
311.137152778,306.875000000,87.775650739,49.119187450,-63.047842063,79.923244206,10.511977336,75.114415247
311.263888889,307.000000000,87.811150394,49.275036488,-62.970351373,79.958078847,10.488391251,75.116005448
311.390625000,307.125000000,87.846582729,49.430735399,-62.892431000,79.992846425,10.464759572,75.117541299
311.517361111,307.250000000,87.881947505,49.586282803,-62.814081147,80.027546711,10.441082313,75.119022527
311.644097222,307.375000000,87.917244486,49.741677319,-62.735302022,80.062179475,10.417359485,75.120448858
311.770833333,307.500000000,87.952473431,49.896917568,-62.656093836,80.096744488,10.393591099,75.121820016
311.897569444,307.625000000,87.987634104,50.052002166,-62.576456808,80.131241520,10.369777166,75.123135731
312.024305556,307.750000000,88.022726265,50.206929730,-62.496391162,80.165670340,10.345917665,75.124224641
312.151041667,307.875000000,88.057749674,50.361698732,-62.415897197,80.200030686,10.322011447,75.124537219
312.277777778,308.000000000,88.092704088,50.516307715,-62.334975181,80.234322307,10.298057947,75.124794653
312.404513889,308.125000000,88.127589261,50.670755296,-62.253625346,80.268544966,10.274057176,75.124996662
312.531250000,308.250000000,88.162404951,50.825040086,-62.171847933,80.302698430,10.250009144,75.125142965
312.657986111,308.375000000,88.197150911,50.979160702,-62.089643183,80.336782462,10.225913863,75.125233282
312.784722222,308.500000000,88.231826897,51.133115755,-62.007011345,80.370796828,10.201771341,75.125267334
312.911458333,308.625000000,88.266432666,51.286903860,-61.923952673,80.404741292,10.177581588,75.125244842
313.038194444,308.750000000,88.300967973,51.440523615,-61.840467433,80.438615615,10.153344502,75.124790473
313.164930556,308.875000000,88.335432569,51.593973416,-61.756556003,80.472419512,10.129058334,75.123410617
313.291666667,309.000000000,88.369826203,51.747251798,-61.672218687,80.506152724,10.104722491,75.121974996
313.418402778,309.125000000,88.404148622,51.900357369,-61.587455755,80.539815008,10.080336985,75.120483318
313.545138889,309.250000000,88.438399571,52.053288737,-61.502267480,80.573406119,10.055901824,75.118935292
313.671875000,309.375000000,88.472578799,52.206044511,-61.416654141,80.606925815,10.031417019,75.117330630
313.798611111,309.500000000,88.506686053,52.358623297,-61.330616021,80.640373853,10.006882578,75.115669041
313.925347222,309.625000000,88.540721078,52.511023703,-61.244153410,80.673749989,9.982298510,75.113950236
314.052083333,309.750000000,88.574683623,52.663244357,-61.157266588,80.707053984,9.957664997,75.112600977
314.178819444,309.875000000,88.608573437,52.815284054,-61.069955750,80.740285639,9.932983583,75.111805078
314.305555556,310.000000000,88.642390274,52.967141448,-60.982221178,80.773444727,9.908254633,75.110949762
314.432291667,310.125000000,88.676133888,53.118815148,-60.894063185,80.806531010,9.883478150,75.110034755
314.559027778,310.250000000,88.709804034,53.270303764,-60.805482088,80.839544254,9.858654138,75.109059782
314.685763889,310.375000000,88.743400466,53.421605906,-60.716478211,80.872484220,9.833782602,75.108024569
314.812500000,310.500000000,88.776922937,53.572720184,-60.627051879,80.905350672,9.808863544,75.106928844
314.939236111,310.625000000,88.810371203,53.723645207,-60.537203426,80.938143375,9.783896967,75.105772333
315.065972222,310.750000000,88.843745016,53.874379541,-60.446933216,80.970862080,9.758882505,75.103846991
315.192708333,310.875000000,88.877044126,54.024921549,-60.356241734,81.003506496,9.733818126,75.101209763
315.319444444,311.000000000,88.910268278,54.175269800,-60.265129346,81.036076367,9.708703520,75.098512684
315.446180556,311.125000000,88.943417216,54.325422898,-60.173596401,81.068571450,9.683538692,75.095755470
315.572916667,311.250000000,88.976490686,54.475379450,-60.081643250,81.100991497,9.658323644,75.092937834
315.699652778,311.375000000,89.009488432,54.625138060,-59.989270252,81.133336265,9.633058381,75.090059492
315.826388889,311.500000000,89.042410199,54.774697334,-59.896477770,81.165605507,9.607742903,75.087120161
315.953125000,311.625000000,89.075255731,54.924055878,-59.803266173,81.197798979,9.582377213,75.084119558
316.079861111,311.750000000,89.108024773,55.073212344,-59.709635804,81.229916446,9.556961706,75.081681463
316.206597222,311.875000000,89.140717074,55.222165512,-59.615586936,81.261957702,9.531497837,75.079546784
316.333333333,312.000000000,89.173332386,55.370914006,-59.521119946,81.293922513,9.505985739,75.077348713
316.460069444,312.125000000,89.205870460,55.519456436,-59.426235226,81.325810639,9.480425412,75.075086980
316.586805556,312.250000000,89.238331048,55.667791412,-59.330933173,81.357621843,9.454816852,75.072761317
316.713541667,312.375000000,89.270713902,55.815917543,-59.235214190,81.389355884,9.429160056,75.070371453
316.840277778,312.500000000,89.303018772,55.963833438,-59.139078683,81.421012525,9.403455021,75.067917122
316.967013889,312.625000000,89.335245412,56.111537710,-59.042527065,81.452591526,9.377701743,75.065398054
317.093750000,312.750000000,89.367393571,56.259028882,-58.945559808,81.484092630,9.351899497,75.061844419
317.220486111,312.875000000,89.399462995,56.406305351,-58.848177471,81.515515548,9.326046456,75.057885848
317.347222222,313.000000000,89.431453426,56.553365712,-58.750380486,81.546860029,9.300142529,75.053863424
317.473958333,313.125000000,89.463364608,56.700208572,-58.652169279,81.578125826,9.274187711,75.049776869
317.600694444,313.250000000,89.495196281,56.846832539,-58.553544284,81.609312691,9.248182000,75.045625903
317.727430556,313.375000000,89.526948190,56.993236220,-58.454505940,81.640420378,9.222125391,75.041410248
317.854166667,313.500000000,89.558620075,57.139418223,-58.355054691,81.671448639,9.196017880,75.037129626
317.980902778,313.625000000,89.590211680,57.285377156,-58.255190985,81.702397227,9.169859462,75.032783759
318.107638889,313.750000000,89.621722748,57.431111771,-58.154915180,81.733265926,9.143651366,75.029814513
318.234375000,313.875000000,89.653153030,57.576620929,-58.054227570,81.764054549,9.117395732,75.027033330
318.361111111,314.000000000,89.684502282,57.721903248,-57.953128620,81.794762861,9.091092591,75.024183925
318.487847222,314.125000000,89.715770256,57.866957345,-57.851618807,81.825390625,9.064741932,75.021266038
318.614583333,314.250000000,89.746956708,58.011781837,-57.749698610,81.855937607,9.038343745,75.018279415
318.741319444,314.375000000,89.778061392,58.156375340,-57.647368516,81.886403569,9.011898018,75.015223799
318.868055556,314.500000000,89.809084063,58.300736471,-57.544629015,81.916788276,8.985404740,75.012098934
318.994791667,314.625000000,89.840024474,58.444863849,-57.441480602,81.947091492,8.958863899,75.008904565
319.121527778,314.750000000,89.870882379,58.588755940,-57.337923886,81.977312948,8.932274156,75.004271590
319.248263889,314.875000000,89.901657523,58.732411184,-57.233959494,82.007452362,8.905633943,74.999511704
319.375000000,315.000000000,89.932349652,58.875828194,-57.129587935,82.037509489,8.878943249,74.994683339
319.501736111,315.125000000,89.962958509,59.019005587,-57.024809719,82.067484084,8.852202060,74.989786229
319.628472222,315.250000000,89.993483839,59.161941978,-56.919625363,82.097375902,8.825410367,74.984820106
319.755208333,315.375000000,90.023925385,59.304635983,-56.814035388,82.127184697,8.798568156,74.979784704
319.881944444,315.500000000,90.054282893,59.447086221,-56.708040322,82.156910223,8.771675416,74.974679756
320.008680556,315.625000000,90.084556106,59.589291310,-56.601640696,82.186552235,8.744732138,74.969572161
320.135416667,315.750000000,90.114744770,59.731249994,-56.494836955,82.216110516,8.717739429,74.965307234
320.262152778,315.875000000,90.144848635,59.872960992,-56.387629571,82.245584845,8.690698135,74.960970724
320.388888889,316.000000000,90.174867453,60.014422927,-56.280019096,82.274974985,8.663608241,74.956562378
320.515625000,316.125000000,90.204800975,60.155634425,-56.172006085,82.304280695,8.636469730,74.952081944
320.642361111,316.250000000,90.234648952,60.296594110,-56.063591099,82.333501737,8.609282585,74.947529168
320.769097222,316.375000000,90.264411136,60.437300609,-55.954774706,82.362637872,8.582046789,74.942903798
320.895833333,316.500000000,90.294087276,60.577752548,-55.845557477,82.391688863,8.554762323,74.938205584
321.022569444,316.625000000,90.323677126,60.717948557,-55.735939986,82.420654469,8.527429185,74.933525299
321.149305556,316.750000000,90.353180437,60.857887339,-55.625922759,82.449534468,8.500048028,74.929191414
321.276041667,316.875000000,90.382596963,60.997567564,-55.515506353,82.478328634,8.472619183,74.924783308
321.402777778,317.000000000,90.411926460,61.136987864,-55.404691362,82.507036730,8.445142629,74.920300737
321.529513889,317.125000000,90.441168683,61.276146873,-55.293478386,82.535658521,8.417618345,74.915743455
321.656250000,317.250000000,90.470323385,61.415043225,-55.181868028,82.564193773,8.390046309,74.911111221
321.782986111,317.375000000,90.499390323,61.553675556,-55.069860897,82.592642249,8.362426500,74.906403791
321.909722222,317.500000000,90.528369251,61.692042501,-54.957457608,82.621003714,8.334758894,74.901620923
322.036458333,317.625000000,90.557259924,61.830142692,-54.844658786,82.649277932,8.307043407,74.896551310
322.163194444,317.750000000,90.586062095,61.967974652,-54.731465147,82.677464642,8.279278962,74.890883721
322.289930556,317.875000000,90.614775514,62.105536977,-54.617877354,82.705563596,8.251465155,74.885140869
322.416666667,318.000000000,90.643399930,62.242828305,-54.503896037,82.733574555,8.223601963,74.879322508
322.543402778,318.125000000,90.671935094,62.379847275,-54.389521836,82.761497277,8.195689364,74.873428389
322.670138889,318.250000000,90.700380755,62.516592527,-54.274755393,82.789331524,8.167727333,74.867458268
322.796875000,318.375000000,90.728736662,62.653062703,-54.159597356,82.817077054,8.139715845,74.861411898
322.923611111,318.500000000,90.757002566,62.789256444,-54.044048378,82.844733628,8.111654876,74.855289035
323.050347222,318.625000000,90.785178215,62.925172417,-53.928109100,82.872301011,8.083544605,74.849591922
323.177083333,318.750000000,90.813263364,63.060809471,-53.811780012,82.899779006,8.055386919,74.844579150
323.303819444,318.875000000,90.841257770,63.196166307,-53.695061745,82.927167393,8.027182258,74.839487624
323.430555556,319.000000000,90.869161193,63.331241577,-53.577954978,82.954465939,7.998930595,74.834317113
323.557291667,319.125000000,90.896973391,63.466033934,-53.460460391,82.981674414,7.970631901,74.829067386
323.684027778,319.250000000,90.924694124,63.600542033,-53.342578675,83.008792586,7.942286144,74.823738213
323.810763889,319.375000000,90.952323149,63.734764530,-53.224310522,83.035820224,7.913893296,74.818329365
323.937500000,319.500000000,90.979860225,63.868700083,-53.105656629,83.062757095,7.885453325,74.812840613
324.064236111,319.625000000,91.007305112,64.002347342,-52.986617709,83.089602968,7.856966127,74.807130232
324.190972222,319.750000000,91.034657567,64.135704922,-52.867194507,83.116357601,7.828431242,74.801202069
324.317708333,319.875000000,91.061917347,64.268771476,-52.747387744,83.143020759,7.799848566,74.795193647
324.444444444,320.000000000,91.089084208,64.401545667,-52.627198138,83.169592209,7.771218070,74.789104736
324.571180556,320.125000000,91.116157907,64.534026158,-52.506626411,83.196071717,7.742539720,74.782935109
324.697916667,320.250000000,91.143138202,64.666211613,-52.385673292,83.222459051,7.713813484,74.776684535
324.824652778,320.375000000,91.170024848,64.798100698,-52.264339513,83.248753978,7.685039328,74.770352787
324.951388889,320.500000000,91.196817602,64.929692083,-52.142625814,83.274956264,7.656217218,74.763939639
325.078125000,320.625000000,91.223516222,65.060984457,-52.020532917,83.301065680,7.627347327,74.757769607
325.204861111,320.750000000,91.250120466,65.191976573,-51.898061497,83.327082012,7.598430417,74.751719280
325.331597222,320.875000000,91.276630095,65.322667115,-51.775212301,83.353005032,7.569466533,74.745586254
325.458333333,321.000000000,91.303044869,65.453054758,-51.651986090,83.378834510,7.540455639,74.739370308
325.585069444,321.125000000,91.329364550,65.583138181,-51.528383629,83.404570217,7.511397697,74.733071221
325.711805556,321.250000000,91.355588896,65.712916063,-51.404405688,83.430211924,7.482292671,74.726688774
325.838541667,321.375000000,91.381717670,65.842387084,-51.280053044,83.455759400,7.453140522,74.720222747
325.965277778,321.500000000,91.407750632,65.971549927,-51.155326476,83.481212417,7.423941213,74.713672922
326.092013889,321.625000000,91.433687542,66.100403301,-51.030226747,83.506570750,7.394694946,74.707360376
326.218750000,321.750000000,91.459528163,66.228945958,-50.904754587,83.531834185,7.365402320,74.701084397
326.345486111,321.875000000,91.485272259,66.357176590,-50.778910790,83.557002495,7.336063329,74.694723457
326.472222222,322.000000000,91.510919593,66.485093888,-50.652696157,83.582075454,7.306677933,74.688277344
326.598958333,322.125000000,91.536469931,66.612696546,-50.526111496,83.607052837,7.277246090,74.681745845
326.725694444,322.250000000,91.561923034,66.739983259,-50.399157620,83.631934417,7.247767760,74.675128747
326.852430556,322.375000000,91.587278668,66.866952724,-50.271835346,83.656719967,7.218242901,74.668425841
326.979166667,322.500000000,91.612536595,66.993603638,-50.144145496,83.681409261,7.188671469,74.661636913
327.105902778,322.625000000,91.637696581,67.119934724,-50.016088877,83.706002078,7.159053627,74.654997206
327.232638889,322.750000000,91.662758390,67.245944719,-49.887666286,83.730498199,7.129389702,74.648317081
327.359375000,322.875000000,91.687721788,67.371632332,-49.758878560,83.754897401,7.099679659,74.641549986
327.486111111,323.000000000,91.712586541,67.496996269,-49.629726542,83.779199459,7.069923454,74.634695714
327.612847222,323.125000000,91.737352415,67.622035239,-49.500211081,83.803404149,7.040121040,74.627754059
327.739583333,323.250000000,91.762019175,67.746747954,-49.370333031,83.827511247,7.010272374,74.620724817
327.866319444,323.375000000,91.786586588,67.871133127,-49.240093249,83.851520529,6.980377409,74.613607780
327.993055556,323.500000000,91.811054420,67.995189473,-49.109492599,83.875431771,6.950436098,74.606402745
328.119791667,323.625000000,91.835422437,68.118915800,-48.978531855,83.899244766,6.920449330,74.600059518
328.246527778,323.750000000,91.859690411,68.242310941,-48.847211775,83.922959318,6.890418206,74.593681872
328.373263889,323.875000000,91.883858116,68.365373622,-48.715533242,83.946575210,6.860342683,74.587214508
328.500000000,324.000000000,91.907925325,68.488102571,-48.583497140,83.970092224,6.830222710,74.580657231
328.626736111,324.125000000,91.931891810,68.610496518,-48.451104361,83.993510144,6.800058239,74.574009847
328.753472222,324.250000000,91.955757346,68.732554194,-48.318355802,84.016828751,6.769849218,74.567272162
328.880208333,324.375000000,91.979521706,68.854274334,-48.185252362,84.040047830,6.739595597,74.560443983
329.006944444,324.500000000,92.003184662,68.975655675,-48.051794948,84.063167163,6.709297327,74.553554347
329.133680556,324.625000000,92.026745990,69.096697013,-47.917984407,84.086186545,6.678954970,74.547077762
329.260416667,324.750000000,92.050205465,69.217397137,-47.783821605,84.109105771,6.648568970,74.540509533
329.387152778,324.875000000,92.073562865,69.337754793,-47.649307463,84.131924627,6.618139274,74.533849471
329.513888889,325.000000000,92.096817967,69.457768728,-47.514442910,84.154642900,6.587665827,74.527097389
329.640625000,325.125000000,92.119970549,69.577437692,-47.379228877,84.177260378,6.557148578,74.520253102
329.767361111,325.250000000,92.143020387,69.696760438,-47.243666300,84.199776847,6.526587471,74.513316423
329.894097222,325.375000000,92.165967258,69.815735720,-47.107756121,84.222192093,6.495982452,74.506287167
330.020833333,325.500000000,92.188810941,69.934362298,-46.971499284,84.244505904,6.465333494,74.499326683
330.147569444,325.625000000,92.211551214,70.052639052,-46.834896603,84.266718092,6.434641850,74.493093789
330.274305556,325.750000000,92.234187861,70.170564813,-46.697948961,84.288828461,6.403908179,74.486766742
330.401041667,325.875000000,92.256720666,70.288138349,-46.560657321,84.310836805,6.373132424,74.480345364
330.527777778,326.000000000,92.279149415,70.405358432,-46.423022652,84.332742918,6.342314528,74.473829480
330.654513889,326.125000000,92.301473891,70.522223835,-46.285045928,84.354546594,6.311454432,74.467218913
330.781250000,326.250000000,92.323693879,70.638733333,-46.146728125,84.376247627,6.280552078,74.460513488
330.907986111,326.375000000,92.345809163,70.754885705,-46.008070228,84.397845810,6.249607406,74.453713031
331.034722222,326.500000000,92.367819529,70.870679737,-45.869073220,84.419340938,6.218620403,74.446978180
331.161458333,326.625000000,92.389724762,70.986114288,-45.729737999,84.440732820,6.187591868,74.440573729
331.288194444,326.750000000,92.411524650,71.101188177,-45.590065531,84.462021260,6.156522066,74.434073132
331.414930556,326.875000000,92.433218984,71.215900194,-45.450056819,84.483206055,6.125410935,74.427476220
331.541666667,327.000000000,92.454807551,71.330249134,-45.309712871,84.504287004,6.094258412,74.420782826
331.668402778,327.125000000,92.476290140,71.444233793,-45.169034700,84.525263904,6.063064437,74.413992780
331.795138889,327.250000000,92.497666541,71.557852970,-45.028023324,84.546136554,6.031828945,74.407105915
331.921875000,327.375000000,92.518936542,71.671105468,-44.886679765,84.566904752,6.000551876,74.400122064
332.048611111,327.500000000,92.540099932,71.783990115,-44.745005018,84.587568300,5.969233458,74.393771226
332.175347222,327.625000000,92.561156507,71.896505980,-44.602999795,84.608127049,5.937876575,74.388495294
332.302083333,327.750000000,92.582106068,72.008651946,-44.460665055,84.628580823,5.906481920,74.383120071
332.428819444,327.875000000,92.602948419,72.120426834,-44.318001842,84.648929432,5.875049426,74.377645403
332.555555556,328.000000000,92.623683363,72.231829469,-44.175011209,84.669172688,5.843579027,74.372071137
332.682291667,328.125000000,92.644310704,72.342858677,-44.031694209,84.689310403,5.812070655,74.366397122
332.809027778,328.250000000,92.664830244,72.453513289,-43.888051904,84.709342388,5.780524242,74.360623204
332.935763889,328.375000000,92.685241786,72.563792136,-43.744085356,84.729268454,5.748939720,74.354749233
333.062500000,328.500000000,92.705545134,72.673694076,-43.599795608,84.749088418,5.717317279,74.349270740
333.189236111,328.625000000,92.725740095,72.783218084,-43.455183556,84.768802118,5.685658436,74.344200675
333.315972222,328.750000000,92.745826479,72.892363029,-43.310250251,84.788409377,5.653963395,74.339029218
333.442708333,328.875000000,92.765804097,73.001127759,-43.164996779,84.807910015,5.622232084,74.333756226
333.569444444,329.000000000,92.785672760,73.109511127,-43.019424228,84.827303848,5.590464433,74.328381554
333.696180556,329.125000000,92.805432278,73.217511987,-42.873533693,84.846590697,5.558660369,74.322905059
333.822916667,329.250000000,92.825082462,73.325129198,-42.727326272,84.865770380,5.526819822,74.317326599
333.949652778,329.375000000,92.844623123,73.432361619,-42.580803069,84.884842716,5.494942720,74.311646031
334.076388889,329.500000000,92.864054072,73.539208163,-42.433965126,84.903807532,5.463029561,74.306760580
334.203125000,329.625000000,92.883375126,73.645667891,-42.286813294,84.922664688,5.431082597,74.302363190
334.329861111,329.750000000,92.902586107,73.751739700,-42.139348666,84.941414015,5.399102001,74.297862036
334.456597222,329.875000000,92.921686837,73.857422471,-41.991572366,84.960055343,5.367087700,74.293256985
334.583333333,330.000000000,92.940677137,73.962715087,-41.843485523,84.978588502,5.335039616,74.288547906
334.710069444,330.125000000,92.959556830,74.067616434,-41.695089269,84.997013321,5.302957676,74.283734667
334.836805556,330.250000000,92.978325738,74.172125403,-41.546384743,85.015329629,5.270841802,74.278817136
334.963541667,330.375000000,92.996983682,74.276240885,-41.397373085,85.033537256,5.238691920,74.273795184
335.090277778,330.500000000,93.015530486,74.379961822,-41.248055377,85.051636039,5.206508515,74.269415276
335.217013889,330.625000000,93.033965975,74.483287241,-41.098432592,85.069625835,5.174293073,74.265231497
335.343750000,330.750000000,93.052289980,74.586216058,-40.948505876,85.087506482,5.142045609,74.260942096
335.470486111,330.875000000,93.070502331,74.688747182,-40.798276392,85.105277816,5.109766044,74.256546947
335.597222222,331.000000000,93.088602858,74.790879528,-40.647745303,85.122939675,5.077454300,74.252045929
335.723958333,331.125000000,93.106591389,74.892612014,-40.496913781,85.140491895,5.045110296,74.247438919
335.850694444,331.250000000,93.124467757,74.993943560,-40.345782999,85.157934314,5.012733954,74.242725792
335.977430556,331.375000000,93.142231789,75.094873091,-40.194354135,85.175266768,4.980325194,74.237906428
336.104166667,331.500000000,93.159883317,75.195399557,-40.042628338,85.192489099,4.947884231,74.233318710
336.230902778,331.625000000,93.177422172,75.295521935,-39.890606729,85.209601153,4.915411548,74.228697463
336.357638889,331.750000000,93.194848187,75.395239161,-39.738290498,85.226602770,4.882907078,74.223969304
336.484375000,331.875000000,93.212161196,75.494550175,-39.585680841,85.243493792,4.850370740,74.219134116
336.611111111,332.000000000,93.229361031,75.593453922,-39.432778959,85.260274057,4.817802452,74.214191780
336.737847222,332.125000000,93.246447525,75.691949348,-39.279586054,85.276943406,4.785202132,74.209142177
336.864583333,332.250000000,93.263420512,75.790035403,-39.126103336,85.293501679,4.752569698,74.203985189
336.991319444,332.375000000,93.280279824,75.887711041,-38.972332017,85.309948715,4.719905069,74.198720701
337.118055556,332.500000000,93.297025293,75.984975209,-38.818273330,85.326284355,4.687208010,74.193197556
337.244791667,332.625000000,93.313656753,76.081826852,-38.663928520,85.342508433,4.654478247,74.187555690
337.371527778,332.750000000,93.330174034,76.178264934,-38.509298809,85.358620790,4.621715693,74.181806094
337.498263889,332.875000000,93.346576969,76.274288424,-38.354385427,85.374621264,4.588920266,74.175948653
337.625000000,333.000000000,93.362865389,76.369896291,-38.199189606,85.390509695,4.556091882,74.169983249
337.751736111,333.125000000,93.379039126,76.465087511,-38.043712582,85.406285922,4.523230457,74.163909766
337.878472222,333.250000000,93.395098012,76.559861062,-37.887955595,85.421949784,4.490335907,74.157728089
338.005208333,333.375000000,93.411041878,76.654215926,-37.731919891,85.437501121,4.457408147,74.151451923
338.131944444,333.500000000,93.426870557,76.748151116,-37.575606671,85.452939777,4.424447478,74.145389708
338.258680556,333.625000000,93.442583882,76.841665649,-37.419017150,85.468265597,4.391454145,74.139218692
338.385416667,333.750000000,93.458181688,76.934758517,-37.262152584,85.483478423,4.358428062,74.132938763
338.512152778,333.875000000,93.473663809,77.027428720,-37.105014234,85.498578097,4.325369142,74.126549809
338.638888889,334.000000000,93.489030080,77.119675260,-36.947603367,85.513564461,4.292277300,74.120051717
338.765625000,334.125000000,93.504280334,77.211497142,-36.789921251,85.528437356,4.259152447,74.113444376
338.892361111,334.250000000,93.519414407,77.302893376,-36.631969160,85.543196625,4.225994497,74.106727674
339.019097222,334.375000000,93.534432131,77.393862976,-36.473748369,85.557842110,4.192803362,74.099899815
339.145833333,334.500000000,93.549333342,77.484404958,-36.315260163,85.572373652,4.159578940,74.092952874
339.272569444,334.625000000,93.564117875,77.574518342,-36.156505826,85.586791093,4.126321133,74.085896251
339.399305556,334.750000000,93.578785562,77.664202154,-35.997486649,85.601094276,4.093029854,74.078729835
339.526041667,334.875000000,93.593336238,77.753455421,-35.838203923,85.615283042,4.059705014,74.071453516
339.652777778,335.000000000,93.607769738,77.842277177,-35.678658944,85.629357233,4.026346524,74.064067186
339.779513889,335.125000000,93.622085895,77.930666458,-35.518853014,85.643316692,3.992954294,74.056570735
339.906250000,335.250000000,93.636284545,78.018622305,-35.358787436,85.657161261,3.959528235,74.048964056
340.032986111,335.375000000,93.650365520,78.106143762,-35.198463519,85.670890782,3.926068261,74.041261361
340.159722222,335.500000000,93.664328656,78.193229882,-35.037882563,85.684505098,3.892574364,74.033488895
340.286458333,335.625000000,93.678173787,78.279879721,-34.877045882,85.698004052,3.859046484,74.025605835
340.413194444,335.750000000,93.691900748,78.366092334,-34.715954794,85.711387487,3.825484532,74.017612072
340.539930556,335.875000000,93.705509373,78.451866783,-34.554610624,85.724655246,3.791888415,74.009507502
340.666666667,336.000000000,93.718999497,78.537202131,-34.393014697,85.737807172,3.758258043,74.001292019
340.793402778,336.125000000,93.732370954,78.622097447,-34.231168347,85.750843106,3.724593324,73.992965517
340.920138889,336.250000000,93.745623580,78.706551804,-34.069072906,85.763762893,3.690894164,73.984527891
341.046875000,336.375000000,93.758757209,78.790564296,-33.906729678,85.776566378,3.657160772,73.976732619
341.173611111,336.500000000,93.771771682,78.874134214,-33.744139607,85.789253441,3.623396259,73.970108825
341.300347222,336.625000000,93.784666848,78.957260708,-33.581303937,85.801823947,3.589601399,73.963372044
341.427083333,336.750000000,93.797442558,79.039942876,-33.418224021,85.814277755,3.555776096,73.956522182
341.553819444,336.875000000,93.810098663,79.122179821,-33.254901217,85.826614721,3.521920255,73.949559146
341.680555556,337.000000000,93.822635012,79.203970648,-33.091336884,85.838834704,3.488033782,73.942482841
341.807291667,337.125000000,93.835051455,79.285314470,-32.927532389,85.850937560,3.454116581,73.935293175
341.934027778,337.250000000,93.847347844,79.366210402,-32.763489099,85.862923148,3.420168555,73.927990057
342.060763889,337.375000000,93.859524029,79.446657568,-32.599208371,85.874791326,3.386189716,73.920780668
342.187500000,337.500000000,93.871579861,79.526655138,-32.434691494,85.886541959,3.352180663,73.913682456
342.314236111,337.625000000,93.883515194,79.606202247,-32.269939833,85.898174911,3.318141427,73.906470206
342.440972222,337.750000000,93.895329881,79.685298031,-32.104954769,85.909690041,3.284071908,73.899143830
342.567708333,337.875000000,93.907023777,79.763941627,-31.939737689,85.921087211,3.249972010,73.891703238
342.694444444,338.000000000,93.918596735,79.842132178,-31.774289983,85.932366281,3.215841635,73.884148342
342.821180556,338.125000000,93.930048608,79.919868832,-31.608613045,85.943527113,3.181680685,73.876479055
342.947916667,338.250000000,93.941379251,79.997150738,-31.442708271,85.954569568,3.147489060,73.868695288
343.074652778,338.375000000,93.952588516,80.073977088,-31.276576988,85.965493512,3.113267244,73.861711488
343.201388889,338.500000000,93.963676266,80.150347190,-31.110220287,85.976298833,3.079017620,73.855250235
343.328125000,338.625000000,93.974642365,80.226260234,-30.943639541,85.986985406,3.044740372,73.848673184
343.454861111,338.750000000,93.985486678,80.301715395,-30.776836164,85.997553103,3.010435397,73.841980256
343.581597222,338.875000000,93.996209072,80.376711854,-30.609811572,86.008001796,2.976102597,73.835171369
343.708333333,339.000000000,94.006809413,80.451248796,-30.442567185,86.018331358,2.941741869,73.828246447
343.835069444,339.125000000,94.017287565,80.525325411,-30.275104426,86.028541662,2.907353113,73.821205409
343.961805556,339.250000000,94.027643394,80.598940891,-30.107424722,86.038632580,2.872936226,73.814048178
344.088541667,339.375000000,94.037876768,80.672094493,-29.939529372,86.048603992,2.838492122,73.808118187
344.215277778,339.500000000,94.047987561,80.744785591,-29.771419434,86.058455803,2.804023650,73.802650399
344.342013889,339.625000000,94.057975654,80.817013411,-29.603096322,86.068187901,2.769530894,73.797065013
344.468750000,339.750000000,94.067840927,80.888777176,-29.434561479,86.077800172,2.735013752,73.791361960
344.595486111,339.875000000,94.077583261,80.960076110,-29.265816352,86.087292503,2.700472120,73.785541170
344.722222222,340.000000000,94.087202536,81.030909444,-29.096862387,86.096664779,2.665905894,73.779602575
344.848958333,340.125000000,94.096698634,81.101276413,-28.927701037,86.105916888,2.631314970,73.773546106
344.975694444,340.250000000,94.106071434,81.171176257,-28.758333757,86.115048717,2.596699242,73.767371696
345.102430556,340.375000000,94.115320818,81.240608254,-28.588761923,86.124060156,2.562059239,73.761800678
345.229166667,340.500000000,94.124446671,81.309571722,-28.418986834,86.132951106,2.527396119,73.756282313
345.355902778,340.625000000,94.133448881,81.378065921,-28.249009949,86.141721460,2.492709812,73.750645307
345.482638889,340.750000000,94.142327335,81.446090114,-28.078832737,86.150371112,2.458000214,73.744889597
345.609375000,340.875000000,94.151081922,81.513643567,-27.908456670,86.158899954,2.423267219,73.739015119
345.736111111,341.000000000,94.159712527,81.580725553,-27.737883221,86.167307880,2.388510719,73.733021812
345.862847222,341.125000000,94.168219040,81.647335347,-27.567113868,86.175594783,2.353730608,73.726909612
345.989583333,341.250000000,94.176601347,81.713472231,-27.396150089,86.183760557,2.318926781,73.720678457
346.116319444,341.375000000,94.184859337,81.779135587,-27.224993122,86.191805108,2.284101014,73.716222028
346.243055556,341.500000000,94.192992912,81.844324841,-27.053644121,86.199728358,2.249255774,73.711815115
346.369791667,341.625000000,94.201001975,81.909039301,-26.882104575,86.207530214,2.214390969,73.707288032
346.496527778,341.750000000,94.208886429,81.973278277,-26.710375978,86.215210585,2.179506490,73.702640725
346.623263889,341.875000000,94.216646178,82.037041083,-26.538459827,86.222769380,2.144602228,73.697873142
346.750000000,342.000000000,94.224281125,82.100327040,-26.366357622,86.230206507,2.109678075,73.692985228
346.876736111,342.125000000,94.231791174,82.163135472,-26.194070865,86.237521875,2.074733922,73.687976932
347.003472222,342.250000000,94.239176229,82.225465709,-26.021601061,86.244715391,2.039769661,73.682870501
347.130208333,342.375000000,94.246436194,82.287317130,-25.848949596,86.251786971,2.004786113,73.678435090
347.256944444,342.500000000,94.253570978,82.348689117,-25.676117871,86.258736532,1.969784004,73.673878775
347.383680556,342.625000000,94.260580492,82.409581017,-25.503107400,86.265563990,1.934763225,73.669201505
347.510416667,342.750000000,94.267464644,82.469992185,-25.329919701,86.272269258,1.899723665,73.664403233
347.637152778,342.875000000,94.274223346,82.529921977,-25.156556292,86.278852252,1.864665215,73.659483910
347.763888889,343.000000000,94.280856507,82.589369756,-24.983018695,86.285312886,1.829587763,73.654443489
347.890625000,343.125000000,94.287364036,82.648334891,-24.809308434,86.291651074,1.794491200,73.649281921
348.017361111,343.250000000,94.293745844,82.706816754,-24.635427030,86.297866732,1.759375457,73.644293882
348.144097222,343.375000000,94.300001845,82.764814856,-24.461375630,86.303959792,1.724243318,73.641040870
348.270833333,343.500000000,94.306131964,82.822328664,-24.287155539,86.309930190,1.689096411,73.637665725
348.397569444,343.625000000,94.312136127,82.879357577,-24.112768292,86.315777857,1.653934624,73.634168406
348.524305556,343.750000000,94.318014261,82.935900999,-23.938215430,86.321502724,1.618757847,73.630548875
348.651041667,343.875000000,94.323766294,82.991958337,-23.763498495,86.327104720,1.583565966,73.626807091
348.777777778,344.000000000,94.329392151,83.047529004,-23.588619029,86.332583776,1.548358869,73.622943017
348.904513889,344.125000000,94.334891759,83.102612419,-23.413578580,86.337939823,1.513136444,73.618956613
349.031250000,344.250000000,94.340265046,83.157208009,-23.238378682,86.343172791,1.477898684,73.615246813
349.157986111,344.375000000,94.345511941,83.211315305,-23.063020564,86.348282625,1.442647894,73.612633365
349.284722222,344.500000000,94.350632384,83.264933789,-22.887505647,86.353269270,1.407384959,73.609896961
349.411458333,344.625000000,94.355626314,83.318062908,-22.711835490,86.358132669,1.372109765,73.607037570
349.538194444,344.750000000,94.360493670,83.370702113,-22.536011651,86.362872763,1.336822199,73.604055158
349.664930556,344.875000000,94.365234392,83.422850860,-22.360035692,86.367489496,1.301522148,73.600949695
349.791666667,345.000000000,94.369848418,83.474508612,-22.183909177,86.371982809,1.266209497,73.597721147
349.918402778,345.125000000,94.374335689,83.525674835,-22.007633670,86.376352646,1.230884133,73.594369485
350.045138889,345.250000000,94.378696144,83.576349007,-21.831210719,86.380598949,1.195546105,73.591318081
350.171875000,345.375000000,94.382929726,83.626530680,-21.654641638,86.384721670,1.160197190,73.588908666
350.298611111,345.500000000,94.387036383,83.676219363,-21.477927930,86.388720763,1.124837808,73.586375727
350.425347222,345.625000000,94.391016064,83.725414549,-21.301071169,86.392596178,1.089467846,73.583719238
350.552083333,345.750000000,94.394868717,83.774115737,-21.124072933,86.396347867,1.054087189,73.580939171
350.678819444,345.875000000,94.398594292,83.822322430,-20.946934799,86.399975782,1.018695722,73.578035501
350.805555556,346.000000000,94.402192737,83.870034137,-20.769658350,86.403479873,0.983293330,73.575008202
350.932291667,346.125000000,94.405664001,83.917250371,-20.592245166,86.406860092,0.947879898,73.571857248
351.059027778,346.250000000,94.409008032,83.963970666,-20.414696785,86.410116392,0.912455678,73.569305221
351.185763889,346.375000000,94.412224785,84.010194638,-20.237014449,86.413248735,0.877023087,73.567458111
351.312500000,346.500000000,94.415314221,84.055921843,-20.059199685,86.416257087,0.841582495,73.565486933
351.439236111,346.625000000,94.418276301,84.101151823,-19.881254083,86.419141409,0.806133784,73.563391665
351.565972222,346.750000000,94.421110985,84.145884125,-19.703179236,86.421901664,0.770676839,73.561172289
351.692708333,346.875000000,94.423818235,84.190118304,-19.524976741,86.424537816,0.735211545,73.558828784
351.819444444,347.000000000,94.426398011,84.233853916,-19.346648192,86.427049827,0.699737784,73.556361131
351.946180556,347.125000000,94.428850273,84.277090526,-19.168195190,86.429437661,0.664255443,73.553769312
352.072916667,347.250000000,94.431174985,84.319827729,-18.989619223,86.431701282,0.628765210,73.552338121
352.199652778,347.375000000,94.433372115,84.362065224,-18.810921402,86.433840669,0.593270597,73.551730786
352.326388889,347.500000000,94.435441643,84.403802614,-18.632103273,86.435855802,0.557771927,73.550998911
352.453125000,347.625000000,94.437383546,84.445039498,-18.453166444,86.437746659,0.522269083,73.550142483
352.579861111,347.750000000,94.439197804,84.485775475,-18.274112521,86.439513222,0.486761949,73.549161492
352.706597222,347.875000000,94.440884394,84.526010153,-18.094943116,86.441155468,0.451250408,73.548055926
352.833333333,348.000000000,94.442443295,84.565743143,-17.915659838,86.442673378,0.415734344,73.546825774
352.960069444,348.125000000,94.443874485,84.604974063,-17.736264302,86.444066931,0.380213641,73.545471025
353.086805556,348.250000000,94.445177943,84.643702541,-17.556758092,86.445336107,0.344688380,73.544258087
353.213541667,348.375000000,94.446353650,84.681928225,-17.377142743,86.446480887,0.309159052,73.543043052
353.340277778,348.500000000,94.447401586,84.719650751,-17.197419865,86.447501256,0.273625584,73.541703351
353.467013889,348.625000000,94.448321733,84.756869760,-17.017591076,86.448397194,0.238087858,73.540238977
353.593750000,348.750000000,94.449114072,84.793584897,-16.837657996,86.449168685,0.202545757,73.538649921
353.720486111,348.875000000,94.449778586,84.829795814,-16.657622245,86.449815712,0.166999166,73.536936175
353.847222222,349.000000000,94.450315255,84.865502167,-16.477485446,86.450338256,0.131447966,73.535097732
353.973958333,349.125000000,94.450724061,84.900703618,-16.297249221,86.450736302,0.095892041,73.533134584
354.100694444,349.250000000,94.451004986,84.935399886,-16.116914941,86.451009832,0.060333134,73.533191919
354.227430556,349.375000000,94.451158029,84.969590756,-15.936483696,86.451158846,0.024775040,73.533679220
354.354166667,349.500000000,94.451183191,85.003275924,-15.755957099,86.451183346,0.010782235,73.534041683
354.480902778,349.625000000,94.451080475,85.036455087,-15.575336779,86.451083333,0.046338808,73.534279310
354.607638889,349.750000000,94.450849883,85.069127948,-15.394624369,86.450858811,0.081894796,73.534392102
354.734375000,349.875000000,94.450491419,85.101294215,-15.213821500,86.450509782,0.117450315,73.534380059
354.861111111,350.000000000,94.450005084,85.132953602,-15.032929805,86.450036249,0.153005483,73.534243184
354.987847222,350.125000000,94.449390882,85.164105828,-14.851950919,86.449438214,0.188560417,73.533981478
355.114583333,350.250000000,94.448648816,85.194750624,-14.670886436,86.448715680,0.224114949,73.533883108
355.241319444,350.375000000,94.447778890,85.224887732,-14.489737938,86.447868651,0.259668789,73.533690478
355.368055556,350.500000000,94.446781109,85.254516887,-14.308507060,86.446897133,0.295222049,73.533373030
355.494791667,350.625000000,94.445655478,85.283637833,-14.127195441,86.445801130,0.330774847,73.532930767
355.621527778,350.750000000,94.444402003,85.312250317,-13.945804718,86.444580648,0.366327301,73.532363695
355.748263889,350.875000000,94.443020689,85.340354093,-13.764336531,86.443235692,0.401879525,73.531671816
355.875000000,351.000000000,94.441511540,85.367948918,-13.582792521,86.441766266,0.437431639,73.530855137
356.001736111,351.125000000,94.439874563,85.395034558,-13.401174329,86.440172377,0.472983758,73.529962369
356.128472222,351.250000000,94.438109767,85.421610866,-13.219483045,86.438454029,0.508532012,73.532451855
356.255208333,351.375000000,94.436217180,85.447677710,-13.037719794,86.436611245,0.544072742,73.534816872
356.381944444,351.500000000,94.434196836,85.473234889,-12.855886220,86.434644055,0.579606064,73.537057435
356.508680556,351.625000000,94.432048768,85.498282207,-12.673983971,86.432552490,0.615132095,73.539173560
356.635416667,351.750000000,94.429773009,85.522819473,-12.492014693,86.430336583,0.650650951,73.541165263
356.762152778,351.875000000,94.427369592,85.546846505,-12.309980033,86.427996363,0.686162749,73.543032560
356.888888889,352.000000000,94.424838550,85.570363122,-12.127881639,86.425531863,0.721667605,73.544775467
357.015625000,352.125000000,94.422179916,85.593369149,-11.945721169,86.422943114,0.757165711,73.545824799
357.142361111,352.250000000,94.419393715,85.615864306,-11.763501121,86.420230152,0.792663311,73.542702032
357.269097222,352.375000000,94.416479947,85.637848342,-11.581223676,86.417392986,0.828164393,73.539454775
357.395833333,352.500000000,94.413438610,85.659321075,-11.398890481,86.414431614,0.863669074,73.536083034
357.522569444,352.625000000,94.410269700,85.680282329,-11.216503184,86.411346036,0.899177471,73.532586813
357.649305556,352.750000000,94.406973214,85.700731934,-11.034063430,86.408136248,0.934689701,73.528966121
357.776041667,352.875000000,94.403549149,85.720669724,-10.851572869,86.404802249,0.970205881,73.525220963
357.902777778,353.000000000,94.399997502,85.740095540,-10.669033149,86.401344038,1.005726127,73.521351346
358.029513889,353.125000000,94.396318270,85.759009248,-10.486445712,86.397761608,1.041249065,73.523228490
358.156250000,353.250000000,94.392511510,85.777411275,-10.303807025,86.394054912,1.076737453,73.544330419
358.282986111,353.375000000,94.388577403,85.795301830,-10.121116501,86.390224073,1.112175206,73.565322202
358.409722222,353.500000000,94.384516143,85.812680908,-9.938375806,86.386269270,1.147562437,73.586203929
358.536458333,353.625000000,94.380327925,85.829548510,-9.755586603,86.382190684,1.182899256,73.606975691
358.663194444,353.750000000,94.376012943,85.845904641,-9.572750555,86.377988497,1.218185774,73.627637582
358.789930556,353.875000000,94.371571393,85.861749313,-9.389869325,86.373662890,1.253422099,73.648189692
358.916666667,354.000000000,94.367003469,85.877082543,-9.206944573,86.369214043,1.288608343,73.668632118
359.043402778,354.125000000,94.362309362,85.891904222,-9.023979545,86.364642174,1.323756014,73.658333594
359.170138889,354.250000000,94.357488997,85.906212619,-8.840995503,86.359947708,1.359006222,73.589185344
359.296875000,354.375000000,94.352541905,85.920006850,-8.657999912,86.355130360,1.394401128,73.520034507
359.423611111,354.500000000,94.347467581,85.933286484,-8.474994386,86.350189668,1.429940864,73.450880644
359.550347222,354.625000000,94.342265520,85.946051097,-8.291980545,86.345125170,1.465625565,73.381723322
359.677083333,354.750000000,94.336935219,85.958300270,-8.108960011,86.339936401,1.501455366,73.312562112
359.803819444,354.875000000,94.331476174,85.970033589,-7.925934412,86.334622902,1.537430405,73.243396590
359.930555556,355.000000000,94.325887880,85.981250645,-7.742905379,86.329184209,1.573550820,73.174226334
360.057291667,355.125000000,94.320169874,85.991951685,-7.559863875,86.323619574,1.609740174,73.258883833
360.184027778,355.250000000,94.314322903,86.002141705,-7.376733506,86.317927310,1.645438210,73.531406948
360.310763889,355.375000000,94.308349082,86.011822983,-7.193500375,86.312108887,1.680532457,73.805882863
360.437500000,355.500000000,94.302250601,86.020996943,-7.010166256,86.306166327,1.715022940,74.082336943
360.564236111,355.625000000,94.296029649,86.029665017,-6.826732908,86.300101652,1.748909677,74.360794997
360.690972222,355.750000000,94.289688415,86.037828647,-6.643202074,86.293916889,1.782192682,74.641283285
360.817708333,355.875000000,94.283229090,86.045489284,-6.459575480,86.287614068,1.814871960,74.923828528
360.944444444,356.000000000,94.276653862,86.052648388,-6.275854837,86.281195219,1.846947511,75.208457916
361.071180556,356.125000000,94.269964626,86.059304996,-6.092103106,86.274664280,1.878858516,74.746668426
361.197916667,356.250000000,94.263158106,86.065446326,-5.908611628,86.268028508,1.912683008,73.723238994
361.324652778,356.375000000,94.256226627,86.071065830,-5.725418975,86.261282135,1.948688988,72.727159720
361.451388889,356.500000000,94.249162372,86.076158261,-5.542526437,86.254417975,1.986876940,71.757347669
361.578125000,356.625000000,94.241957525,86.080718405,-5.359935361,86.247428879,2.027247350,70.812776517
361.704861111,356.750000000,94.234604269,86.084741091,-5.177647146,86.240307737,2.069800707,69.892472962
361.831597222,356.875000000,94.227094788,86.088221181,-4.995663246,86.233047478,2.114537504,68.995513401
361.958333333,357.000000000,94.219421265,86.091153577,-4.813985171,86.225641067,2.161458237,68.121020855
362.085069444,357.125000000,94.211577770,86.093538910,-4.632287011,86.218069596,2.208217251,70.063725196
362.211805556,357.250000000,94.203579937,86.095401724,-4.449523425,86.210303658,2.247308742,73.664289767
362.338541667,357.375000000,94.195457142,86.096762664,-4.265618697,86.202366813,2.278168548,77.655725668
362.465277778,357.500000000,94.187238984,86.097641955,-4.080575449,86.194286621,2.300794970,82.105633409
362.592013889,357.625000000,94.178955062,86.098060329,-3.894396048,86.186091181,2.315185968,87.098153076
362.718750000,357.750000000,94.170634975,86.098039029,-3.707082603,86.177809128,2.321339167,92.739346626
362.845486111,357.875000000,94.162308320,86.097599803,-3.518636958,86.169469639,2.319251876,99.164828308
362.972222222,358.000000000,94.154004698,86.096764903,-3.329060692,86.161102430,2.308921112,106.550820707
363.098958333,358.125000000,94.145742631,86.095558186,-3.140009472,86.152799135,2.302194998,88.784177823
363.225694444,358.250000000,94.137453555,86.093950075,-2.955125317,86.144651634,2.325169387,72.120514890
363.352430556,358.375000000,94.129027725,86.091864808,-2.774537300,86.136561594,2.378785847,60.721490518
363.479166667,358.500000000,94.120355153,86.089232516,-2.598244279,86.128432173,2.463048510,52.433872318
363.605902778,358.625000000,94.111325848,86.085990169,-2.426245141,86.120173995,2.577957649,46.137864162
363.732638889,358.750000000,94.101829822,86.082081566,-2.258538633,86.111705148,2.723509314,41.193591719
363.859375000,358.875000000,94.091757085,86.077457317,-2.095123128,86.102951163,2.899694707,37.208924682
363.986111111,359.000000000,94.080997647,86.072074810,-1.935996339,86.093844983,3.106499285,33.930196159
364.112847222,359.125000000,94.069474329,86.065747127,-1.776864794,86.084087247,3.313143622,38.165476524
364.239583333,359.250000000,94.057292684,86.058269276,-1.611268881,86.073351847,3.473269188,45.018806260
364.366319444,359.375000000,94.044621513,86.049710029,-1.439157232,86.061743937,3.586432496,54.864393866
364.493055556,359.500000000,94.031629674,86.040156745,-1.260540269,86.049390088,3.652643007,70.217737744
364.619791667,359.625000000,94.018486030,86.029712838,-1.075424643,86.036434312,3.671895647,97.513099825
364.746527778,359.750000000,94.005359441,86.018497721,-0.883812897,86.023038051,3.644170302,159.599285035
364.873263889,359.875000000,93.992418767,86.006646791,-0.685703323,86.009380194,3.569432252,440.225038941
