day_coordinate,cam_angle_deg,pitch_radius_mm,surface_x_mm,surface_y_mm,surface_radius_mm,pressure_angle_deg,pitch_curvature_radius_mm
0.000000000,0.000000000,48.738455732,40.814457918,1.100117555,40.829281573,7.904057733,13.228653879
0.126736111,0.125000000,48.752919604,40.820737421,1.146711473,40.836840607,7.597114591,15.412817573
0.253472222,0.250000000,48.766870110,40.827859670,1.202473779,40.845563632,7.356329834,18.477161119
0.380208333,0.375000000,48.780432468,40.835776905,1.267446306,40.855441444,7.181849634,23.078744152
0.506944444,0.500000000,48.793731900,40.844471509,1.341657152,40.866500912,7.073755132,30.746934990
0.633680556,0.625000000,48.806893627,40.853956568,1.425122187,40.878805517,7.032067610,46.048709754
0.760416667,0.750000000,48.820042867,40.864276187,1.517846045,40.892455599,7.056751148,91.562695137
0.887152778,0.875000000,48.833304842,40.875505603,1.619822599,40.907588337,7.147712731,6509.495219023
1.013888889,1.000000000,48.846804736,40.887743311,1.730964791,40.924366729,7.304294581,inf
1.140625000,1.125000000,48.860631659,40.900311263,1.844276020,40.941871177,7.476067200,inf
1.267361111,1.250000000,48.874770482,40.912680737,1.955131530,40.959369922,7.629695525,inf
1.394097222,1.375000000,48.889187362,40.924814735,2.063539988,40.976806347,7.765233840,inf
1.520833333,1.500000000,48.903848457,40.936678611,2.169509186,40.994126723,7.882734146,373.971702242
1.647569444,1.625000000,48.918719922,40.948240044,2.273045972,41.011280164,7.982245664,179.145833867
1.774305556,1.750000000,48.933767916,40.959469007,2.374156185,41.028218569,8.063814386,117.923514349
1.901041667,1.875000000,48.948958595,40.970337750,2.472844617,41.044896587,8.127482689,87.958000702
2.027777778,2.000000000,48.964258192,40.980828927,2.569189632,41.061284379,8.173826812,74.313969282
2.154513889,2.125000000,48.979645506,40.991153822,2.665279319,41.077711785,8.217898190,78.648908288
2.281250000,2.250000000,48.995125924,41.001418699,2.762060952,41.094346521,8.266517644,83.507242638
2.407986111,2.375000000,49.010708209,41.011629430,2.859533956,41.111198997,8.319675683,88.989051925
2.534722222,2.500000000,49.026401126,41.021792032,2.957697748,41.128279778,8.377362383,95.221629359
2.661458333,2.625000000,49.042213440,41.031912665,3.056551735,41.145599588,8.439567369,102.369403672
2.788194444,2.750000000,49.058153915,41.041997631,3.156095315,41.163169305,8.506279801,110.648543362
2.914930556,2.875000000,49.074231317,41.052053375,3.256327877,41.180999958,8.577488352,120.349041324
3.041666667,3.000000000,49.090454342,41.062081964,3.357203861,41.199094565,8.652857855,126.580018465
3.168402778,3.125000000,49.106827484,41.072027220,3.458123848,41.217351207,8.728068679,122.873285298
3.295138889,3.250000000,49.123348641,41.081868656,3.558901098,41.235733403,8.801774648,119.387644886
3.421875000,3.375000000,49.140015136,41.091603939,3.659536243,41.254237598,8.873978586,116.103975658
3.548611111,3.500000000,49.156824289,41.101230747,3.760029892,41.272860256,8.944683350,113.005293359
3.675347222,3.625000000,49.173773423,41.110746773,3.860382635,41.291597866,9.013891823,110.076460624
3.802083333,3.750000000,49.190859859,41.120149725,3.960595041,41.310446941,9.081606914,107.303942650
3.928819444,3.875000000,49.208080919,41.129437322,4.060667658,41.329404015,9.147831555,104.675600652
4.055555556,4.000000000,49.225433968,41.138609276,4.160622221,41.348469747,9.212721206,103.359226002
4.182291667,4.125000000,49.242917713,41.147679482,4.260623862,41.367673883,9.277461919,103.588644042
4.309027778,4.250000000,49.260532440,41.156651111,4.360707639,41.387023350,9.342303250,103.817548473
4.435763889,4.375000000,49.278278523,41.165524204,4.460873780,41.406518543,9.407244187,104.045920672
4.562500000,4.500000000,49.296156339,41.174298802,4.561122512,41.426159856,9.472283714,104.273741961
4.689236111,4.625000000,49.314166261,41.182974943,4.661454069,41.445947682,9.537420813,104.500993617
4.815972222,4.750000000,49.332308667,41.191552664,4.761868682,41.465882412,9.602654461,104.727656875
4.942708333,4.875000000,49.350583931,41.200031997,4.862366585,41.485964438,9.667983633,104.953712932
5.069444444,5.000000000,49.368992405,41.208412194,4.962938882,41.506192284,9.733341682,104.757757403
5.196180556,5.125000000,49.387534012,41.216689150,5.063540354,41.526556628,9.798401231,104.219265334
5.322916667,5.250000000,49.406208293,41.224861743,5.164165088,41.547055573,9.863117722,103.687468750
5.449652778,5.375000000,49.425014779,41.232929361,5.264813390,41.567688458,9.927491309,103.162265864
5.576388889,5.500000000,49.443952998,41.240891390,5.365485561,41.588454623,9.991522158,102.643556695
5.703125000,5.625000000,49.463022481,41.248747213,5.466181897,41.609353410,10.055210444,102.131243039
5.829861111,5.750000000,49.482222756,41.256496215,5.566902693,41.630384162,10.118556353,101.625228428
5.956597222,5.875000000,49.501553354,41.264137776,5.667648240,41.651546226,10.181560082,101.125418099
6.083333333,6.000000000,49.521013813,41.271671533,5.768422121,41.672839655,10.244245495,100.747674062
6.210069444,6.125000000,49.540603795,41.279097790,5.869235666,41.694266293,10.306692036,100.433474900
6.336805556,6.250000000,49.560323041,41.286416152,5.970090036,41.715825938,10.368906050,100.121809316
6.463541667,6.375000000,49.580171293,41.293626152,6.070985495,41.737518202,10.430887468,99.812660331
6.590277778,6.500000000,49.600148294,41.300727324,6.171922303,41.759342696,10.492636225,99.506010976
6.717013889,6.625000000,49.620253787,41.307719200,6.272900721,41.781299034,10.554152265,99.201844287
6.843750000,6.750000000,49.640487514,41.314601310,6.373921004,41.803386829,10.615435540,98.900143318
6.970486111,6.875000000,49.660849217,41.321373182,6.474983410,41.825605696,10.676486008,98.600891140
7.097222222,7.000000000,49.681338636,41.328034254,6.576086898,41.847954958,10.737294369,98.267168121
7.223958333,7.125000000,49.701955468,41.334583821,6.677228743,41.870433522,10.797839275,97.925370912
7.350694444,7.250000000,49.722699397,41.341021355,6.778409078,41.893040905,10.858119941,97.586766394
7.477430556,7.375000000,49.743570101,41.347346331,6.879628153,41.915776649,10.918136445,97.251323980
7.604166667,7.500000000,49.764567263,41.353558224,6.980886215,41.938640299,10.977888872,96.919013341
7.730902778,7.625000000,49.785690563,41.359656507,7.082183507,41.961631398,11.037377313,96.589804405
7.857638889,7.750000000,49.806939681,41.365640653,7.183520272,41.984749494,11.096601869,96.263667357
7.984375000,7.875000000,49.828314300,41.371510131,7.284896747,42.007994134,11.155562646,95.940572642
8.111111111,8.000000000,49.849814098,41.377264398,7.386312935,42.031364810,11.214258071,95.614953845
8.237847222,8.125000000,49.871438751,41.382902893,7.487768695,42.054860978,11.272685604,95.291643142
8.364583333,8.250000000,49.893187929,41.388425078,7.589264256,42.078482177,11.330845353,94.971395203
8.491319444,8.375000000,49.915061306,41.393830409,7.690799844,42.102227948,11.388737465,94.654179496
8.618055556,8.500000000,49.937058554,41.399118345,7.792375686,42.126097832,11.446362097,94.339965783
8.744791667,8.625000000,49.959179345,41.404288340,7.893992004,42.150091373,11.503719410,94.028724117
8.871527778,8.750000000,49.981423350,41.409339850,7.995649017,42.174208114,11.560809574,93.720424839
8.998263889,8.875000000,50.003790243,41.414272328,8.097346944,42.198447601,11.617632763,93.415038579
9.125000000,9.000000000,50.026279697,41.419085240,8.199086300,42.222809455,11.674191326,93.118495789
9.251736111,9.125000000,50.048891391,41.423778057,8.300867615,42.247293306,11.730487729,92.824790159
9.378472222,9.250000000,50.071625007,41.428350236,8.402691096,42.271898714,11.786522155,92.533811557
9.505208333,9.375000000,50.094480225,41.432801230,8.504556951,42.296625240,11.842294790,92.245533576
9.631944444,9.500000000,50.117456727,41.437130492,8.606465379,42.321472443,11.897805832,91.959930055
9.758680556,9.625000000,50.140554194,41.441337473,8.708416582,42.346439885,11.953055479,91.676975077
9.885416667,9.750000000,50.163772306,41.445421625,8.810410754,42.371527130,12.008043940,91.396642972
10.012152778,9.875000000,50.187110746,41.449382396,8.912448088,42.396733741,12.062771409,91.118405044
10.138888889,10.000000000,50.210569191,41.453219219,9.014528441,42.422059199,12.117235729,90.838041213
10.265625000,10.125000000,50.234147316,41.456931528,9.116651771,42.447503003,12.171435477,90.560309242
10.392361111,10.250000000,50.257844794,41.460518761,9.218818262,42.473064713,12.225370899,90.285182896
10.519097222,10.375000000,50.281661299,41.463980358,9.321028096,42.498743886,12.279042242,90.012636207
10.645833333,10.500000000,50.305596502,41.467315755,9.423281452,42.524540083,12.332449764,89.742643470
10.772569444,10.625000000,50.329650077,41.470524388,9.525578505,42.550452864,12.385593724,89.475179241
10.899305556,10.750000000,50.353821697,41.473605692,9.627919429,42.576481791,12.438474390,89.210218336
11.026041667,10.875000000,50.378111034,41.476559101,9.730304394,42.602626427,12.491092045,88.947876486
11.152777778,11.000000000,50.402517763,41.479384049,9.832733618,42.628886351,12.543447337,88.688525688
11.279513889,11.125000000,50.427041557,41.482079969,9.935207291,42.655261135,12.595540724,88.431593470
11.406250000,11.250000000,50.451682089,41.484646292,10.037725570,42.681750346,12.647372494,88.177055857
11.532986111,11.375000000,50.476439035,41.487082447,10.140288615,42.708353552,12.698942937,87.924889118
11.659722222,11.500000000,50.501312069,41.489387864,10.242896579,42.735070325,12.750252352,87.675069771
11.786458333,11.625000000,50.526300863,41.491561970,10.345549613,42.761900233,12.801301040,87.427574570
11.913194444,11.750000000,50.551405093,41.493604193,10.448247864,42.788842849,12.852089311,87.182380512
12.039930556,11.875000000,50.576624433,41.495513957,10.550991467,42.815897743,12.902617406,86.938946081
12.166666667,12.000000000,50.601958555,41.497290684,10.653780422,42.843064450,12.952884632,86.696656433
12.293402778,12.125000000,50.627407131,41.498933795,10.756614822,42.870342529,13.002890986,86.456625317
12.420138889,12.250000000,50.652969832,41.500442711,10.859494800,42.897731554,13.052636798,86.218830229
12.546875000,12.375000000,50.678646329,41.501816850,10.962420489,42.925231098,13.102122407,85.983248900
12.673611111,12.500000000,50.704436294,41.503055632,11.065392016,42.952840736,13.151348152,85.749859296
12.800347222,12.625000000,50.730339397,41.504158475,11.168409508,42.980560043,13.200314380,85.518639616
12.927083333,12.750000000,50.756355311,41.505124794,11.271473085,43.008388596,13.249021442,85.289568293
13.053819444,12.875000000,50.782483706,41.505954005,11.374582857,43.036325971,13.297469624,85.062267434
13.180555556,13.000000000,50.808724252,41.506645523,11.477738860,43.064371723,13.345658724,84.836598335
13.307291667,13.125000000,50.835076620,41.507198760,11.580941189,43.092525428,13.393588982,84.613026602
13.434027778,13.250000000,50.861540479,41.507613128,11.684189952,43.120786662,13.441260768,84.391531352
13.560763889,13.375000000,50.888115498,41.507888037,11.787485255,43.149155008,13.488674459,84.172091925
13.687500000,13.500000000,50.914801348,41.508022898,11.890827198,43.177630046,13.535830433,83.954687882
13.814236111,13.625000000,50.941597698,41.508017121,11.994215882,43.206211358,13.582729073,83.739299006
13.940972222,13.750000000,50.968504218,41.507870113,12.097651400,43.234898528,13.629370766,83.525905294
14.067708333,13.875000000,50.995520577,41.507581282,12.201133839,43.263691138,13.675755867,83.314336098
14.194444444,14.000000000,51.022646445,41.507150035,12.304663259,43.292588765,13.721884570,83.104594313
14.321180556,14.125000000,51.049881491,41.506575778,12.408239742,43.321590995,13.767757246,82.896792990
14.447916667,14.250000000,51.077225384,41.505857915,12.511863369,43.350697413,13.813374300,82.690912904
14.574652778,14.375000000,51.104677793,41.504995850,12.615534217,43.379907608,13.858736138,82.486935039
14.701388889,14.500000000,51.132238387,41.503988986,12.719252361,43.409221167,13.903843172,82.284840582
14.828125000,14.625000000,51.159906836,41.502836726,12.823017872,43.438637682,13.948695818,82.084610925
14.954861111,14.750000000,51.187682808,41.501538472,12.926830818,43.468156742,13.993294493,81.886227661
15.081597222,14.875000000,51.215565973,41.500093626,13.030691066,43.497777882,14.037638213,81.685256882
15.208333333,15.000000000,51.243555989,41.498501594,13.134597986,43.527500488,14.081722466,81.483733197
15.335069444,15.125000000,51.271652514,41.496761764,13.238551574,43.557324123,14.125547273,81.284097307
15.461805556,15.250000000,51.299855201,41.494873528,13.342551883,43.587248363,14.169113088,81.086329949
15.588541667,15.375000000,51.328163706,41.492836274,13.446598962,43.617272791,14.212420370,80.890412081
15.715277778,15.500000000,51.356577684,41.490649389,13.550692858,43.647396986,14.255469580,80.696324875
15.842013889,15.625000000,51.385096791,41.488312262,13.654833611,43.677620531,14.298261183,80.504049719
15.968750000,15.750000000,51.413720680,41.485824278,13.759021261,43.707943009,14.340795646,80.313568213
16.095486111,15.875000000,51.442449008,41.483184821,13.863256053,43.738364067,14.383074945,80.128723552
16.222222222,16.000000000,51.471281437,41.480393267,13.967538526,43.768883445,14.425103180,79.946838684
16.348958333,16.125000000,51.500217635,41.477449009,14.071868730,43.799500749,14.466880969,79.766624554
16.475694444,16.250000000,51.529257266,41.474351439,14.176246690,43.830215577,14.508408776,79.588064749
16.602430556,16.375000000,51.558399997,41.471099949,14.280672427,43.861027529,14.549687064,79.411143033
16.729166667,16.500000000,51.587645493,41.467693929,14.385145958,43.891936207,14.590716302,79.235843349
16.855902778,16.625000000,51.616993423,41.464132771,14.489667295,43.922941213,14.631496958,79.062149814
16.982638889,16.750000000,51.646443450,41.460415863,14.594236450,43.954042148,14.672029506,78.890046719
17.109375000,16.875000000,51.675995239,41.456542613,14.698852936,43.985238468,14.712310895,78.711938384
17.236111111,17.000000000,51.705648442,41.452512428,14.803515936,44.016529517,14.752335765,78.534295137
17.362847222,17.125000000,51.735402705,41.448324685,14.908225436,44.047914875,14.792104542,78.358311102
17.489583333,17.250000000,51.765257673,41.443978758,15.012981430,44.079394129,14.831617738,78.183969315
17.616319444,17.375000000,51.795212993,41.439474022,15.117783908,44.110966863,14.870875874,78.011253010
17.743055556,17.500000000,51.825268312,41.434809851,15.222632856,44.142632664,14.909879466,77.840145616
17.869791667,17.625000000,51.855423274,41.429985618,15.327528257,44.174391120,14.948629039,77.670630752
17.996527778,17.750000000,51.885677528,41.425000698,15.432470088,44.206241820,14.987125116,77.502692229
18.123263889,17.875000000,51.916030719,41.419854449,15.537458610,44.238184441,15.025370267,77.340053553
18.250000000,18.000000000,51.946482502,41.414546236,15.642494112,44.270218680,15.063367286,77.179015707
18.376736111,18.125000000,51.977032533,41.409075435,15.747576562,44.302344136,15.101116692,77.019457854
18.503472222,18.250000000,52.007680466,41.403441426,15.852705924,44.334560413,15.138619002,76.861365348
18.630208333,18.375000000,52.038425957,41.397643586,15.957882158,44.366867113,15.175874737,76.704723708
18.756944444,18.500000000,52.069268662,41.391681293,16.063105219,44.399263840,15.212884417,76.549518614
18.883680556,18.625000000,52.100208235,41.385553924,16.168375060,44.431750198,15.249648567,76.395735908
19.010416667,18.750000000,52.131244333,41.379260857,16.273691630,44.464325794,15.286167704,76.243185182
19.137152778,18.875000000,52.162376608,41.372801480,16.379054671,44.496990171,15.322440923,76.090073656
19.263888889,19.000000000,52.193604713,41.366175176,16.484463978,44.529742884,15.358467708,75.938369477
19.390625000,19.125000000,52.224928297,41.359381317,16.589919488,44.562583538,15.394248599,75.788058672
19.517361111,19.250000000,52.256347010,41.352419277,16.695421133,44.595511735,15.429784138,75.639127428
19.644097222,19.375000000,52.287860502,41.345288429,16.800968843,44.628527080,15.465074866,75.491562085
19.770833333,19.500000000,52.319468423,41.337988144,16.906562541,44.661629177,15.500121329,75.345349137
19.897569444,19.625000000,52.351170424,41.330517795,17.012202148,44.694817632,15.534924072,75.200475231
20.024305556,19.750000000,52.382966154,41.322876757,17.117887571,44.728092049,15.569483559,75.056212239
20.151041667,19.875000000,52.414855260,41.315064428,17.223618311,44.761451903,15.603797397,74.910276219
20.277777778,20.000000000,52.446837384,41.307080191,17.329394073,44.794896728,15.637864680,74.765684987
20.404513889,20.125000000,52.478912167,41.298923412,17.435214759,44.828426124,15.671685974,74.622425050
20.531250000,20.250000000,52.511079248,41.290593457,17.541080271,44.862039689,15.705261849,74.480483068
20.657986111,20.375000000,52.543338269,41.282089690,17.646990505,44.895737026,15.738592873,74.339845853
20.784722222,20.500000000,52.575688868,41.273411480,17.752945353,44.929517735,15.771679616,74.200500369
20.911458333,20.625000000,52.608130687,41.264558191,17.858944702,44.963381418,15.804522651,74.062433729
21.038194444,20.750000000,52.640663367,41.255529186,17.964988476,44.997327692,15.837122829,73.927113445
21.164930556,20.875000000,52.673286552,41.246323784,18.071077164,45.031356359,15.869485086,73.796440726
21.291666667,21.000000000,52.705999895,41.236941339,18.177210850,45.065467104,15.901611479,73.666952229
21.418402778,21.125000000,52.738803050,41.227381227,18.283389410,45.099659546,15.933502561,73.538636546
21.545138889,21.250000000,52.771695670,41.217642823,18.389612713,45.133933306,15.965158889,73.411482392
21.671875000,21.375000000,52.804677410,41.207725503,18.495880624,45.168288003,15.996581019,73.285478607
21.798611111,21.500000000,52.837747922,41.197628640,18.602193005,45.202723260,16.027769508,73.160614150
21.925347222,21.625000000,52.870906861,41.187351610,18.708549714,45.237238699,16.058724916,73.036878104
22.052083333,21.750000000,52.904153881,41.176893799,18.814950513,45.271833912,16.089447149,72.911813101
22.178819444,21.875000000,52.937488627,41.166254654,18.921394458,45.306508257,16.119931057,72.784395870
22.305555556,22.000000000,52.970910737,41.155433559,19.027881206,45.341261282,16.150175889,72.658141605
22.432291667,22.125000000,53.004419847,41.144429881,19.134410595,45.376092594,16.180182231,72.533038808
22.559027778,22.250000000,53.038015596,41.133242984,19.240982463,45.411001801,16.209950672,72.409076112
22.685763889,22.375000000,53.071697619,41.121872235,19.347596640,45.445988512,16.239481803,72.286242276
22.812500000,22.500000000,53.105465553,41.110316999,19.454252954,45.481052338,16.268776211,72.164526186
22.939236111,22.625000000,53.139319036,41.098576643,19.560951228,45.516192889,16.297834487,72.043916855
23.065972222,22.750000000,53.173257704,41.086650526,19.667691364,45.551409803,16.326657814,71.926102039
23.192708333,22.875000000,53.207281199,41.074537965,19.774473631,45.586702847,16.355250052,71.810909646
23.319444444,23.000000000,53.241389168,41.062238328,19.881297913,45.622071667,16.383612280,71.696756406
23.446180556,23.125000000,53.275581257,41.049750988,19.988164016,45.657515887,16.411745076,71.583632360
23.572916667,23.250000000,53.309857112,41.037075320,20.095071746,45.693035128,16.439649017,71.471527661
23.699652778,23.375000000,53.344216381,41.024210697,20.202020902,45.728629017,16.467324679,71.360432566
23.826388889,23.500000000,53.378658708,41.011156495,20.309011281,45.764297179,16.494772641,71.250337439
23.953125000,23.625000000,53.413183742,40.997912090,20.416042674,45.800039238,16.521993482,71.141232747
24.079861111,23.750000000,53.447791128,40.984476861,20.523114842,45.835854812,16.548987571,71.032632312
24.206597222,23.875000000,53.482480511,40.970850196,20.630227460,45.871743491,16.575754723,70.924730213
24.333333333,24.000000000,53.517251536,40.957031474,20.737380300,45.907704896,16.602295448,70.817798420
24.460069444,24.125000000,53.552103846,40.943020068,20.844573136,45.943738654,16.628610330,70.711827686
24.586805556,24.250000000,53.587037087,40.928815356,20.951805741,45.979844392,16.654699950,70.606808863
24.713541667,24.375000000,53.622050901,40.914416715,21.059077880,46.016021735,16.680564891,70.502732903
24.840277778,24.500000000,53.657144933,40.899823523,21.166389318,46.052270313,16.706205737,70.399590853
24.967013889,24.625000000,53.692318828,40.885035156,21.273739814,46.088589753,16.731623069,70.297373857
25.093750000,24.750000000,53.727572229,40.870051007,21.381129026,46.124979651,16.756816768,70.194739516
25.220486111,24.875000000,53.762904777,40.854870488,21.488556457,46.161439549,16.781785644,70.092559578
25.347222222,25.000000000,53.798316109,40.839492976,21.596021842,46.197969067,16.806530201,69.991296853
25.473958333,25.125000000,53.833805864,40.823917848,21.703524923,46.234567831,16.831051030,69.890942585
25.600694444,25.250000000,53.869373682,40.808144482,21.811065438,46.271235466,16.855348722,69.791488114
25.727430556,25.375000000,53.905019199,40.792172255,21.918643120,46.307971598,16.879423869,69.692924869
25.854166667,25.500000000,53.940742055,40.776000548,22.026257699,46.344775854,16.903277061,69.595244376
25.980902778,25.625000000,53.976541888,40.759628740,22.133908899,46.381647860,16.926908889,69.498438247
26.107638889,25.750000000,54.012418338,40.743056150,22.241596854,46.418587388,16.950322912,69.407270382
26.234375000,25.875000000,54.048371058,40.726282057,22.349321997,46.455594323,16.973524878,69.317756493
26.361111111,26.000000000,54.084399705,40.709305853,22.457084058,46.492668319,16.996515440,69.229038423
26.487847222,26.125000000,54.120503935,40.692126932,22.564882748,46.529809023,17.019295161,69.141108928
26.614583333,26.250000000,54.156683405,40.674744689,22.672717777,46.567016083,17.041864601,69.053960839
26.741319444,26.375000000,54.192937773,40.657158518,22.780588850,46.604289149,17.064224322,68.967587060
26.868055556,26.500000000,54.229266695,40.639367816,22.888495665,46.641627869,17.086374885,68.881980567
26.994791667,26.625000000,54.265669828,40.621371979,22.996437921,46.679031894,17.108316849,68.797134405
27.121527778,26.750000000,54.302146828,40.603170461,23.104414980,46.716500758,17.130048385,68.709730695
27.248263889,26.875000000,54.338697342,40.584762718,23.212426143,46.754033968,17.151567262,68.622963286
27.375000000,27.000000000,54.375321015,40.566148142,23.320471091,46.791631164,17.172874052,68.536967540
27.501736111,27.125000000,54.412017492,40.547326128,23.428549503,46.829291986,17.193969331,68.451736321
27.628472222,27.250000000,54.448786418,40.528296070,23.536661052,46.867016075,17.214853675,68.367262568
27.755208333,27.375000000,54.485627439,40.509057362,23.644805409,46.904803071,17.235527658,68.283539295
27.881944444,27.500000000,54.522540200,40.489609400,23.752982240,46.942652617,17.255991856,68.200559585
28.008680556,27.625000000,54.559524345,40.469951582,23.861191211,46.980564354,17.276246869,68.118810312
28.135416667,27.750000000,54.596579526,40.450083151,23.969432840,47.018538233,17.296299518,68.044471173
28.262152778,27.875000000,54.633705409,40.430003398,24.077707447,47.056574149,17.316155158,67.970791516
28.388888889,28.000000000,54.670901665,40.409711739,24.186014687,47.094671772,17.335814325,67.897765599
28.515625000,28.125000000,54.708167964,40.389207590,24.294354211,47.132830769,17.355277553,67.825387734
28.642361111,28.250000000,54.745503977,40.368490367,24.402725667,47.171050810,17.374545375,67.753652286
28.769097222,28.375000000,54.782909374,40.347559488,24.511128699,47.209331564,17.393618325,67.682553675
28.895833333,28.500000000,54.820383826,40.326414372,24.619562947,47.247672702,17.412496936,67.612086376
29.022569444,28.625000000,54.857927002,40.305054441,24.728028033,47.286073890,17.431181650,67.541601060
29.149305556,28.750000000,54.895538571,40.283479213,24.836523086,47.324534615,17.449669321,67.468782693
29.276041667,28.875000000,54.933218190,40.261688156,24.945047467,47.363054444,17.467958573,67.396609890
29.402777778,29.000000000,54.970965517,40.239680685,25.053600798,47.401633037,17.486049954,67.325076911
29.529513889,29.125000000,55.008780210,40.217456216,25.162182696,47.440270051,17.503944014,67.254178074
29.656250000,29.250000000,55.046661925,40.195014168,25.270792774,47.478965147,17.521641301,67.183907752
29.782986111,29.375000000,55.084610320,40.172353958,25.379430644,47.517717983,17.539142360,67.114260372
29.909722222,29.500000000,55.122625053,40.149475007,25.488095910,47.556528221,17.556447740,67.045230417
30.036458333,29.625000000,55.160705781,40.126376721,25.596788247,47.595395547,17.573558515,66.979098281
30.163194444,29.750000000,55.198852171,40.103058265,25.705508488,47.634320073,17.590484250,66.919191507
30.289930556,29.875000000,55.237063909,40.079518984,25.814256679,47.673301647,17.607228700,66.859822257
30.416666667,30.000000000,55.275340682,40.055758321,25.923032417,47.712339959,17.623792366,66.800986074
30.543402778,30.125000000,55.313682177,40.031775717,26.031835295,47.751434700,17.640175747,66.742678541
30.670138889,30.250000000,55.352088080,40.007570618,26.140664902,47.790585561,17.656379344,66.684895281
30.796875000,30.375000000,55.390558079,39.983142468,26.249520826,47.829792235,17.672403654,66.627631954
30.923611111,30.500000000,55.429091861,39.958490714,26.358402648,47.869054412,17.688249176,66.570884261
31.050347222,30.625000000,55.467689113,39.933614821,26.467309871,47.908371758,17.703915843,66.512925766
31.177083333,30.750000000,55.506349514,39.908514398,26.576241350,47.947743698,17.719398885,66.452884860
31.303819444,30.875000000,55.545072735,39.883188926,26.685196475,47.987169846,17.734697525,66.393380050
31.430555556,31.000000000,55.583858448,39.857637848,26.794174811,48.026649879,17.749812280,66.334406754
31.557291667,31.125000000,55.622706322,39.831860607,26.903175916,48.066183475,17.764743667,66.275960430
31.684027778,31.250000000,55.661616027,39.805856648,27.012199348,48.105770310,17.779492204,66.218036579
31.810763889,31.375000000,55.700587235,39.779625417,27.121244658,48.145410063,17.794058404,66.160630743
31.937500000,31.500000000,55.739619616,39.753166361,27.230311395,48.185102412,17.808442784,66.103738504
32.064236111,31.625000000,55.778712839,39.726478893,27.339399256,48.224847091,17.822646980,66.049999217
32.190972222,31.750000000,55.817866587,39.699562251,27.448508676,48.264644114,17.836678064,65.999307906
32.317708333,31.875000000,55.857080550,39.672415862,27.557639341,48.304493231,17.850537583,65.949078858
32.444444444,32.000000000,55.896354418,39.645039190,27.666790791,48.344394144,17.864226021,65.899308310
32.571180556,32.125000000,55.935687882,39.617431704,27.775962561,48.384346549,17.877743858,65.849992529
32.697916667,32.250000000,55.975080634,39.589592868,27.885154183,48.424350148,17.891091575,65.801127817
32.824652778,32.375000000,56.014532364,39.561522154,27.994365184,48.464404641,17.904269651,65.752710505
32.951388889,32.500000000,56.054042764,39.533219030,28.103595089,48.504509727,17.917278564,65.704736956
33.078125000,32.625000000,56.093611523,39.504682987,28.212843351,48.544665081,17.930118292,65.656252582
33.204861111,32.750000000,56.133238330,39.475913565,28.322109223,48.584870305,17.942787372,65.607621890
33.331597222,32.875000000,56.172922869,39.446910240,28.431392192,48.625125084,17.955286094,65.559435032
33.458333333,33.000000000,56.212664824,39.417672488,28.540691765,48.665429113,17.967614942,65.511688357
33.585069444,33.125000000,56.252463881,39.388199781,28.650007448,48.705782087,17.979774397,65.464378248
33.711805556,33.250000000,56.292319723,39.358491596,28.759338742,48.746183703,17.991764942,65.417501115
33.838541667,33.375000000,56.332232037,39.328547411,28.868685144,48.786633655,18.003587057,65.371053405
33.965277778,33.500000000,56.372200506,39.298366704,28.978046148,48.827131640,18.015241220,65.325031589
34.092013889,33.625000000,56.412224816,39.267948857,29.087421611,48.867677491,18.026730629,65.283734027
34.218750000,33.750000000,56.452304670,39.237293090,29.196811995,48.908271281,18.038062951,65.244444469
34.345486111,33.875000000,56.492439775,39.206398887,29.306216842,48.948912749,18.049239016,65.205531142
34.472222222,34.000000000,56.532629841,39.175265747,29.415635639,48.989601615,18.060259267,65.166991125
34.598958333,34.125000000,56.572874577,39.143893171,29.525067868,49.030337600,18.071124145,65.128821518
34.725694444,34.250000000,56.613173693,39.112280659,29.634513011,49.071120425,18.081834091,65.091019444
34.852430556,34.375000000,56.653526898,39.080427718,29.743970543,49.111949811,18.092389543,65.053582052
34.979166667,34.500000000,56.693933900,39.048333850,29.853439938,49.152825480,18.102790940,65.016506511
35.105902778,34.625000000,56.734394408,39.015998619,29.962920481,49.193747082,18.113037335,64.977913980
35.232638889,34.750000000,56.774908125,38.983421628,30.072411295,49.234714206,18.123126642,64.939321796
35.359375000,34.875000000,56.815474749,38.950602385,30.181911834,49.275726561,18.133059255,64.901097262
35.486111111,35.000000000,56.856093981,38.917540398,30.291421555,49.316783862,18.142835622,64.863237468
35.612847222,35.125000000,56.896765521,38.884235174,30.400939912,49.357885820,18.152456189,64.825739522
35.739583333,35.250000000,56.937489068,38.850686224,30.510466354,49.399032149,18.161921401,64.788600560
35.866319444,35.375000000,56.978264321,38.816893061,30.620000329,49.440222563,18.171231703,64.751817738
35.993055556,35.500000000,57.019090981,38.782855198,30.729541279,49.481456774,18.180387537,64.715388236
36.119791667,35.625000000,57.059968751,38.748571962,30.839089259,49.522734733,18.189393948,64.684735643
36.246527778,35.750000000,57.100897350,38.714042644,30.948644471,49.564056456,18.198257043,64.654711535
36.373263889,35.875000000,57.141876503,38.679266776,31.058206356,49.605421684,18.206977244,64.624998036
36.500000000,36.000000000,57.182905934,38.644243893,31.167774354,49.646830153,18.215554957,64.595592825
36.626736111,36.125000000,57.223985368,38.608973530,31.277347898,49.688281602,18.223990590,64.566493594
36.753472222,36.250000000,57.265114530,38.573455226,31.386926419,49.729775770,18.232284544,64.537698056
36.880208333,36.375000000,57.306293143,38.537688519,31.496509345,49.771312393,18.240437226,64.509203938
37.006944444,36.500000000,57.347520933,38.501672952,31.606096102,49.812891212,18.248449039,64.481082145
37.133680556,36.625000000,57.388797626,38.465408009,31.715686288,49.854512033,18.256321724,64.454515261
37.260416667,36.750000000,57.430122949,38.428893191,31.825279468,49.896174654,18.264056756,64.428235554
37.387152778,36.875000000,57.471496635,38.392128048,31.934875058,49.937878820,18.271654527,64.402240905
37.513888889,37.000000000,57.512918414,38.355112132,32.044472473,49.979624276,18.279115429,64.376529211
37.640625000,37.125000000,57.554388015,38.317844996,32.154071123,50.021410765,18.286439852,64.351098384
37.767361111,37.250000000,57.595905169,38.280326195,32.263670416,50.063238033,18.293628186,64.325946352
37.894097222,37.375000000,57.637469607,38.242555288,32.373269757,50.105105825,18.300680819,64.301071056
38.020833333,37.500000000,57.679081059,38.204531829,32.482868560,50.147013890,18.307598229,64.277074993
38.147569444,37.625000000,57.720739259,38.166255183,32.592466792,50.188962196,18.314385107,64.256413211
38.274305556,37.750000000,57.762443954,38.127724814,32.702064165,50.230950620,18.321044181,64.236002555
38.401041667,37.875000000,57.804194889,38.088940295,32.811660078,50.272978924,18.327575812,64.215841246
38.527777778,38.000000000,57.845991812,38.049901200,32.921253925,50.315046868,18.333980366,64.195927514
38.654513889,38.125000000,57.887834469,38.010607108,33.030845098,50.357154215,18.340258202,64.176259604
38.781250000,38.250000000,57.929722608,37.971057597,33.140432986,50.399300725,18.346409682,64.156835772
38.907986111,38.375000000,57.971655975,37.931252249,33.250016976,50.441486160,18.352435166,64.137654284
39.034722222,38.500000000,58.013634317,37.891190641,33.359596459,50.483710285,18.358335091,64.119020822
39.161458333,38.625000000,58.055657383,37.850872291,33.469171009,50.525972937,18.364111272,64.101437283
39.288194444,38.750000000,58.097724924,37.810296761,33.578740077,50.568273911,18.369764608,64.084085351
39.414930556,38.875000000,58.139836692,37.769463642,33.688303038,50.610612972,18.375295451,64.066963399
39.541666667,39.000000000,58.181992439,37.728372527,33.797859266,50.652989887,18.380704149,64.050069816
39.668402778,39.125000000,58.224191918,37.687023013,33.907408131,50.695404424,18.385991050,64.033402998
39.795138889,39.250000000,58.266434880,37.645414695,34.016949001,50.737856349,18.391156501,64.016961351
39.921875000,39.375000000,58.308721076,37.603547174,34.126481241,50.780345430,18.396200850,64.000743295
40.048611111,39.500000000,58.351050261,37.561420025,34.236004277,50.822871457,18.401124938,63.986125859
40.175347222,39.625000000,58.393422191,37.519032607,34.345518118,50.865434457,18.405934072,63.973932691
40.302083333,39.750000000,58.435836635,37.476384468,34.455022293,50.908034277,18.410629860,63.961941520
40.428819444,39.875000000,58.478293362,37.433475223,34.564516162,50.950670700,18.415212624,63.950150987
40.555555556,40.000000000,58.520792141,37.390304490,34.673999081,50.993343508,18.419682685,63.938559741
40.682291667,40.125000000,58.563332739,37.346871890,34.783470404,51.036052486,18.424040363,63.927166441
40.809027778,40.250000000,58.605914926,37.303177043,34.892929483,51.078797415,18.428285979,63.915969751
40.935763889,40.375000000,58.648538470,37.259219572,35.002375665,51.121578080,18.432419852,63.904968347
41.062500000,40.500000000,58.691203141,37.214999081,35.111808358,51.164394287,18.436442766,63.895161197
41.189236111,40.625000000,58.733908710,37.170515046,35.221227279,51.207245970,18.440357916,63.886568063
41.315972222,40.750000000,58.776654957,37.125767078,35.330631836,51.250132947,18.444166101,63.878157372
41.442708333,40.875000000,58.819441660,37.080754813,35.440021370,51.293055009,18.447867625,63.869927923
41.569444444,41.000000000,58.862268596,37.035477888,35.549395221,51.336011950,18.451462792,63.861878523
41.696180556,41.125000000,58.905135544,36.989935945,35.658752724,51.379003562,18.454951903,63.854007986
41.822916667,41.250000000,58.948042282,36.944128627,35.768093213,51.422029638,18.458335260,63.846315134
41.949652778,41.375000000,58.990988588,36.898055577,35.877416018,51.465089969,18.461613164,63.838798794
42.076388889,41.500000000,59.033974241,36.851716455,35.986720444,51.508184340,18.464785713,63.831108354
42.203125000,41.625000000,59.076999016,36.805110952,36.096005708,51.551312498,18.467852391,63.823363765
42.329861111,41.750000000,59.120062690,36.758238723,36.205271123,51.594474231,18.470813410,63.815794661
42.456597222,41.875000000,59.163165037,36.711099420,36.314516009,51.637669327,18.473669073,63.808399874
42.583333333,42.000000000,59.206305833,36.663692697,36.423739682,51.680897579,18.476419678,63.801178240
42.710069444,42.125000000,59.249484854,36.616018210,36.532941456,51.724158775,18.479065526,63.794128602
42.836805556,42.250000000,59.292701875,36.568075617,36.642120645,51.767452707,18.481606915,63.787249812
42.963541667,42.375000000,59.335956671,36.519864580,36.751276558,51.810779164,18.484044142,63.780540725
43.090277778,42.500000000,59.379249018,36.471384653,36.860408744,51.854138034,18.486379400,63.776765520
43.217013889,42.625000000,59.422578706,36.422635210,36.969517185,51.897529387,18.488618240,63.774261109
43.343750000,42.750000000,59.465945527,36.373615908,37.078601230,51.940953047,18.490761244,63.771907502
43.470486111,42.875000000,59.509349275,36.324326426,37.187660186,51.984408820,18.492808685,63.769703741
43.597222222,43.000000000,59.552789746,36.274766445,37.296693357,52.027896517,18.494760833,63.767648876
43.723958333,43.125000000,59.596266733,36.224935646,37.405700045,52.071415944,18.496617960,63.765741958
43.850694444,43.250000000,59.639780030,36.174833716,37.514679550,52.114966911,18.498380336,63.763982046
43.977430556,43.375000000,59.683329432,36.124460339,37.623631170,52.158549225,18.500048229,63.762368204
44.104166667,43.500000000,59.726914733,36.073815224,37.732554163,52.202162680,18.501621620,63.760536616
44.230902778,43.625000000,59.770535724,36.022898092,37.841447751,52.245807055,18.503100224,63.758772148
44.357638889,43.750000000,59.814192199,35.971708637,37.950311221,52.289482155,18.504484299,63.757152640
44.484375000,43.875000000,59.857883949,35.920246554,38.059143862,52.333187787,18.505774112,63.755677156
44.611111111,44.000000000,59.901610766,35.868511540,38.167944957,52.376923758,18.506969932,63.754344769
44.737847222,44.125000000,59.945372443,35.816503294,38.276713790,52.420689873,18.508072026,63.753154556
44.864583333,44.250000000,59.989168771,35.764221518,38.385449641,52.464485940,18.509080661,63.752105597
44.991319444,44.375000000,60.032999541,35.711665915,38.494151788,52.508311764,18.509996103,63.751196980
45.118055556,44.500000000,60.076864549,35.658836127,38.602819643,52.552167208,18.510819707,63.751630446
45.244791667,44.625000000,60.120763589,35.605731776,38.711452661,52.596052156,18.511553153,63.752286283
45.371527778,44.750000000,60.164696461,35.552352577,38.820050117,52.639966421,18.512196703,63.753075046
45.498263889,44.875000000,60.208662964,35.498698245,38.928611281,52.683909814,18.512750611,63.753995889
45.625000000,45.000000000,60.252662894,35.444768499,39.037135423,52.727882150,18.513215133,63.755047970
45.751736111,45.125000000,60.296696052,35.390563060,39.145621810,52.771883239,18.513590523,63.756230451
45.878472222,45.250000000,60.340762235,35.336081650,39.254069706,52.815912895,18.513877035,63.757542497
46.005208333,45.375000000,60.384861243,35.281323996,39.362478376,52.859970930,18.514074920,63.759005380
46.131944444,45.500000000,60.428992872,35.226289788,39.470847149,52.904057187,18.514185000,63.761110825
46.258680556,45.625000000,60.473156926,35.170978728,39.579175345,52.948171505,18.514208006,63.763341472
46.385416667,45.750000000,60.517353204,35.115390550,39.687462222,52.992313698,18.514144186,63.765696524
46.512152778,45.875000000,60.561581507,35.059524988,39.795707035,53.036483583,18.513993786,63.768175186
46.638888889,46.000000000,60.605841638,35.003381783,39.903909036,53.080680973,18.513757053,63.770776670
46.765625000,46.125000000,60.650133396,34.946960674,40.012067476,53.124905685,18.513434232,63.773500189
46.892361111,46.250000000,60.694456584,34.890261406,40.120181604,53.169157534,18.513025567,63.776344962
47.019097222,46.375000000,60.738811001,34.833283720,40.228250671,53.213436337,18.512531335,63.779538194
47.145833333,46.500000000,60.783196452,34.776027245,40.336274153,53.257742005,18.511953649,63.784133180
47.272569444,46.625000000,60.827612744,34.718491664,40.444251427,53.302074415,18.511293817,63.788842029
47.399305556,46.750000000,60.872059686,34.660676733,40.552181737,53.346433388,18.510552072,63.793664025
47.526041667,46.875000000,60.916537087,34.602582211,40.660064325,53.390818748,18.509728647,63.798598455
47.652777778,47.000000000,60.961044756,34.544207859,40.767898430,53.435230317,18.508823773,63.803644611
47.779513889,47.125000000,61.005582501,34.485553441,40.875683289,53.479667917,18.507837682,63.808801788
47.906250000,47.250000000,61.050150131,34.426618722,40.983418138,53.524131370,18.506770603,63.814069283
48.032986111,47.375000000,61.094747454,34.367403475,41.091102205,53.568620498,18.505622717,63.819249825
48.159722222,47.500000000,61.139374280,34.307907540,41.198734592,53.613135067,18.504393218,63.823982167
48.286458333,47.625000000,61.184030411,34.248130716,41.306314479,53.657674878,18.503081931,63.828825185
48.413194444,47.750000000,61.228715655,34.188072777,41.413841090,53.702239749,18.501689088,63.833778166
48.539930556,47.875000000,61.273429814,34.127733501,41.521313651,53.746829499,18.500214919,63.838840401
48.666666667,48.000000000,61.318172695,34.067112666,41.628731382,53.791443947,18.498659656,63.844011185
48.793402778,48.125000000,61.362944102,34.006210055,41.736093503,53.836082911,18.497023529,63.849289814
48.920138889,48.250000000,61.407743841,33.945025452,41.843399232,53.880746211,18.495306766,63.854675589
49.046875000,48.375000000,61.452571715,33.883558611,41.950647841,53.925433688,18.493510053,63.861409860
49.173611111,48.500000000,61.497427538,33.821808987,42.057839139,53.970145415,18.491638500,63.870358863
49.300347222,48.625000000,61.542311130,33.759776285,42.164972505,54.014881293,18.489693642,63.879402646
49.427083333,48.750000000,61.587222314,33.697460308,42.272047158,54.059641158,18.487675686,63.888540626
49.553819444,48.875000000,61.632160912,33.634860861,42.379062313,54.104424844,18.485584839,63.897772218
49.680555556,49.000000000,61.677126747,33.571977751,42.486017185,54.149232186,18.483421307,63.907096844
49.807291667,49.125000000,61.722119641,33.508810786,42.592910986,54.194063020,18.481185296,63.916513926
49.934027778,49.250000000,61.767139415,33.445359780,42.699742927,54.238917180,18.478877012,63.926022891
50.060763889,49.375000000,61.812185893,33.381624597,42.806512131,54.283794465,18.476495951,63.934144909
50.187500000,49.500000000,61.857258888,33.317605380,42.913217250,54.328694472,18.474037719,63.940759545
50.314236111,49.625000000,61.902358206,33.253302003,43.019857383,54.373616979,18.471501703,63.947473525
50.440972222,49.750000000,61.947483655,33.188714282,43.126431725,54.418561805,18.468888123,63.954286194
50.567708333,49.875000000,61.992635041,33.123842033,43.232939470,54.463528772,18.466197197,63.961196901
50.694444444,50.000000000,62.037812169,33.058685079,43.339379811,54.508517698,18.463429145,63.968204997
50.821180556,50.125000000,62.083014846,32.993243243,43.445751940,54.553528404,18.460584185,63.975309837
50.947916667,50.250000000,62.128242877,32.927516352,43.552055044,54.598560710,18.457662533,63.982510777
51.074652778,50.375000000,62.173496071,32.861504137,43.658288466,54.643614503,18.454665713,63.992024415
51.201388889,50.500000000,62.218774243,32.795206024,43.764452060,54.688689894,18.451599521,64.003171137
51.328125000,50.625000000,62.264077221,32.728621809,43.870545094,54.733786754,18.448464788,64.014401255
51.454861111,50.750000000,62.309404830,32.661751335,43.976566760,54.778904920,18.445261707,64.025714244
51.581597222,50.875000000,62.354756895,32.594594452,44.082516245,54.824044232,18.441990472,64.037109580
51.708333333,51.000000000,62.400133244,32.527151009,44.188392739,54.869204528,18.438651274,64.048586745
51.835069444,51.125000000,62.445533702,32.459420859,44.294195426,54.914385647,18.435244305,64.060145219
51.961805556,51.250000000,62.490958095,32.391403859,44.399923492,54.959587426,18.431769758,64.071784485
52.088541667,51.375000000,62.536406248,32.323099924,44.505576029,55.004809666,18.428227056,64.082413165
52.215277778,51.500000000,62.581877983,32.254509082,44.611151956,55.050052088,18.424614170,64.092654689
52.342013889,51.625000000,62.627373116,32.185631204,44.716650430,55.095314516,18.420931154,64.102979726
52.468750000,51.750000000,62.672891466,32.116466153,44.822070625,55.140596781,18.417178206,64.113387727
52.595486111,51.875000000,62.718432851,32.047013795,44.927411716,55.185898712,18.413355522,64.123878146
52.722222222,52.000000000,62.763997088,31.977273999,45.032672871,55.231220142,18.409463300,64.134450436
52.848958333,52.125000000,62.809583994,31.907246635,45.137853261,55.276560900,18.405501735,64.145104057
52.975694444,52.250000000,62.855193388,31.836931579,45.242952053,55.321920817,18.401471021,64.155838468
53.102430556,52.375000000,62.900825088,31.766328701,45.347968421,55.367299727,18.397371413,64.166727170
53.229166667,52.500000000,62.946478911,31.695437874,45.452901542,55.412697467,18.393203226,64.177712932
53.355902778,52.625000000,62.992154675,31.624258977,45.557750581,55.458113868,18.388966656,64.188777631
53.482638889,52.750000000,63.037852199,31.552791899,45.662514698,55.503548762,18.384661895,64.199920739
53.609375000,52.875000000,63.083571301,31.481036525,45.767193055,55.549001979,18.380289134,64.211141728
53.736111111,53.000000000,63.129311800,31.408992748,45.871784810,55.594473351,18.375848564,64.222440076
53.862847222,53.125000000,63.175073513,31.336660462,45.976289120,55.639962708,18.371340376,64.233815259
53.989583333,53.250000000,63.220856258,31.264039562,46.080705140,55.685469882,18.366764758,64.245266758
54.116319444,53.375000000,63.266659856,31.191129822,46.185032207,55.730994784,18.362123494,64.258514315
54.243055556,53.500000000,63.312484132,31.117930973,46.289269729,55.776537362,18.357418941,64.271986559
54.369791667,53.625000000,63.358328914,31.044442923,46.393416861,55.822097456,18.352651291,64.285528773
54.496527778,53.750000000,63.404194032,30.970665583,46.497472759,55.867674908,18.347820720,64.299140491
54.623263889,53.875000000,63.450079313,30.896598869,46.601436575,55.913269557,18.342927405,64.312821252
54.750000000,54.000000000,63.495984586,30.822242698,46.705307463,55.958881244,18.337971521,64.326570594
54.876736111,54.125000000,63.541909678,30.747596990,46.809084571,56.004509810,18.332953244,64.340388060
55.003472222,54.250000000,63.587854419,30.672661668,46.912767050,56.050155094,18.327872748,64.354287794
55.130208333,54.375000000,63.633818637,30.597436611,47.016354110,56.095816965,18.322730776,64.368772436
55.256944444,54.500000000,63.679802163,30.521921709,47.119844958,56.141495292,18.317528007,64.383322533
55.383680556,54.625000000,63.725804828,30.446116892,47.223238740,56.187189918,18.312264611,64.397937648
55.510416667,54.750000000,63.771826463,30.370022098,47.326534601,56.232900686,18.306940759,64.412617343
55.637152778,54.875000000,63.817866900,30.293637264,47.429731684,56.278627438,18.301556619,64.427361181
55.763888889,55.000000000,63.863925970,30.216962331,47.532829132,56.324370017,18.296112360,64.442168730
55.890625000,55.125000000,63.910003504,30.139997244,47.635826087,56.370128267,18.290608149,64.457039555
56.017361111,55.250000000,63.956099333,30.062741949,47.738721689,56.415902031,18.285044163,64.472035831
56.144097222,55.375000000,64.002213289,29.985196348,47.841515140,56.461691180,18.279421140,64.487488311
56.270833333,55.500000000,64.048345206,29.907360365,47.944205619,56.507495577,18.273739590,64.503001708
56.397569444,55.625000000,64.094494917,29.829233957,48.046792261,56.553315067,18.267999674,64.518575607
56.524305556,55.750000000,64.140662256,29.750817083,48.149274204,56.599149495,18.262201557,64.534209592
56.651041667,55.875000000,64.186847056,29.672109706,48.251650583,56.644998706,18.256345400,64.549903253
56.777777778,56.000000000,64.233049152,29.593111791,48.353920530,56.690862545,18.250431365,64.565656177
56.904513889,56.125000000,64.279268377,29.513823305,48.456083179,56.736740858,18.244459613,64.581467956
57.031250000,56.250000000,64.325504566,29.434244210,48.558137674,56.782633495,18.238430426,64.597823030
57.157986111,56.375000000,64.371757554,29.354374246,48.660083448,56.828540440,18.232346698,64.615714898
57.284722222,56.500000000,64.418027186,29.274213295,48.761919761,56.874461604,18.226209710,64.633660053
57.411458333,56.625000000,64.464313306,29.193761341,48.863645745,56.920396843,18.220019610,64.651658134
57.538194444,56.750000000,64.510615759,29.113018371,48.965260532,56.966346010,18.213776548,64.669708779
57.664930556,56.875000000,64.556934390,29.031984374,49.066763255,57.012308960,18.207480670,64.687811631
57.791666667,57.000000000,64.603269043,28.950659342,49.168153043,57.058285550,18.201132123,64.705966330
57.918402778,57.125000000,64.649619562,28.869043270,49.269429024,57.104275634,18.194731055,64.724172522
58.045138889,57.250000000,64.695985793,28.787136141,49.370590348,57.150279077,18.188277792,64.742932123
58.171875000,57.375000000,64.742367582,28.704937772,49.471636369,57.196295838,18.181774567,64.762648483
58.298611111,57.500000000,64.788764782,28.622448117,49.572566282,57.242325809,18.175222111,64.782412378
58.425347222,57.625000000,64.835177246,28.539667187,49.673379215,57.288368853,18.168620562,64.802223485
58.552083333,57.750000000,64.881604825,28.456594994,49.774074297,57.334424831,18.161970056,64.822081481
58.678819444,57.875000000,64.928047372,28.373231552,49.874650654,57.380493606,18.155270729,64.841986045
58.805555556,58.000000000,64.974504740,28.289576879,49.975107412,57.426575040,18.148522718,64.861936856
58.932291667,58.125000000,65.020976780,28.205630998,50.075443698,57.472668996,18.141726157,64.881933594
59.059027778,58.250000000,65.067463345,28.121393944,50.175658618,57.518775327,18.134881031,64.901657611
59.185763889,58.375000000,65.113964286,28.036865837,50.275751184,57.564893842,18.127986435,64.921062774
59.312500000,58.500000000,65.160479451,27.952046724,50.375720495,57.611024392,18.121042309,64.940514265
59.439236111,58.625000000,65.207008689,27.866936637,50.475565672,57.657166834,18.114048790,64.960011755
59.565972222,58.750000000,65.253551848,27.781535608,50.575285831,57.703321028,18.107006015,64.979554915
59.692708333,58.875000000,65.300108778,27.695843676,50.674880091,57.749486830,18.099914121,64.999143418
59.819444444,59.000000000,65.346679326,27.609860880,50.774347568,57.795664100,18.092773242,65.018776940
59.946180556,59.125000000,65.393263340,27.523587264,50.873687379,57.841852697,18.085583514,65.038455154
60.072916667,59.250000000,65.439860671,27.437022797,50.972898726,57.888052519,18.078345896,65.059586014
60.199652778,59.375000000,65.486471175,27.350167193,51.071981115,57.934263614,18.071064221,65.081796716
60.326388889,59.500000000,65.533094712,27.263020465,51.170933716,57.980485874,18.063739059,65.104046555
60.453125000,59.625000000,65.579731146,27.175582673,51.269755648,58.026719171,18.056370531,65.126335254
60.579861111,59.750000000,65.626380340,27.087853880,51.368446029,58.072963376,18.048958757,65.148662539
60.706597222,59.875000000,65.673042154,26.999834150,51.467003979,58.119218359,18.041503857,65.171028136
60.833333333,60.000000000,65.719716452,26.911523553,51.565428614,58.165483993,18.034005951,65.193431771
60.960069444,60.125000000,65.766403096,26.822922158,51.663719052,58.211760147,18.026465157,65.215873172
61.086805556,60.250000000,65.813101948,26.734030072,51.761874374,58.258046676,18.018881256,65.237865020
61.213541667,60.375000000,65.859812867,26.644847467,51.859893585,58.304343399,18.011253333,65.259671123
61.340277778,60.500000000,65.906535712,26.555374429,51.957775791,58.350650178,18.003581438,65.281515442
61.467013889,60.625000000,65.953270341,26.465611039,52.055520105,58.396966882,17.995865691,65.303397695
61.593750000,60.750000000,66.000016613,26.375557382,52.153125636,58.443293377,17.988106215,65.325317601
61.720486111,60.875000000,66.046774386,26.285213545,52.250591495,58.489629531,17.980303129,65.347274879
61.847222222,61.000000000,66.093543518,26.194579619,52.347916792,58.535975211,17.972456554,65.369269248
61.973958333,61.125000000,66.140323867,26.103655697,52.445100636,58.582330284,17.964566608,65.391300431
62.100694444,61.250000000,66.187115292,26.012441763,52.542142256,58.628694675,17.956634596,65.414834546
62.227430556,61.375000000,66.233917660,25.920937679,52.639041017,58.675068380,17.948663120,65.438781320
62.354166667,61.500000000,66.280730838,25.829143545,52.735796040,58.721451279,17.940652366,65.462760940
62.480902778,61.625000000,66.327554696,25.737059468,52.832406438,58.767843249,17.932602445,65.486773162
62.607638889,61.750000000,66.374389103,25.644685561,52.928871322,58.814244167,17.924513464,65.510817742
62.734375000,61.875000000,66.421233926,25.552021937,53.025189802,58.860653909,17.916385531,65.534894436
62.861111111,62.000000000,66.468089036,25.459068714,53.121360990,58.907072353,17.908218753,65.559003002
62.987847222,62.125000000,66.514954300,25.365826012,53.217383994,58.953499374,17.900013237,65.583143196
63.114583333,62.250000000,66.561829587,25.272293913,53.313257969,58.999934872,17.891769524,65.607786814
63.241319444,62.375000000,66.608714770,25.178472482,53.408982086,59.046378754,17.883488341,65.632510845
63.368055556,62.500000000,66.655609718,25.084361849,53.504555457,59.092830902,17.875169795,65.657264955
63.494791667,62.625000000,66.702514305,24.989962147,53.599977189,59.139291193,17.866813990,65.682048909
63.621527778,62.750000000,66.749428401,24.895273511,53.695246393,59.185759507,17.858421028,65.706862479
63.748263889,62.875000000,66.796351879,24.800296082,53.790362177,59.232235724,17.849991012,65.731705433
63.875000000,63.000000000,66.843284611,24.705030001,53.885323648,59.278719723,17.841524044,65.756577542
64.001736111,63.125000000,66.890226467,24.609475412,53.980129915,59.325211383,17.833020225,65.781498219
64.128472222,63.250000000,66.937177321,24.513632315,54.074780232,59.371710657,17.824481150,65.807860854
64.255208333,63.375000000,66.984137051,24.417500723,54.169273848,59.418217500,17.815908330,65.834249800
64.381944444,63.500000000,67.031105538,24.321080792,54.263609876,59.464731796,17.807301858,65.860664850
64.508680556,63.625000000,67.078082661,24.224372680,54.357787424,59.511253435,17.798661827,65.887105799
64.635416667,63.750000000,67.125068301,24.127376551,54.451805603,59.557782302,17.789988329,65.913572442
64.762152778,63.875000000,67.172062337,24.030092567,54.545663524,59.604318284,17.781281457,65.940064575
64.888888889,64.000000000,67.219064648,23.932520899,54.639360294,59.650861267,17.772541303,65.966581994
65.015625000,64.125000000,67.266075115,23.834661711,54.732895028,59.697411142,17.763767998,65.993439712
65.142361111,64.250000000,67.313093622,23.736514860,54.826267140,59.743967948,17.754964783,66.022561908
65.269097222,64.375000000,67.360120060,23.638080326,54.919475936,59.790531680,17.746133730,66.051705327
65.395833333,64.500000000,67.407154325,23.539358292,55.012520535,59.837102239,17.737274915,66.080869803
65.522569444,64.625000000,67.454196311,23.440348945,55.105400052,59.883679525,17.728388418,66.110055169
65.649305556,64.750000000,67.501245913,23.341052473,55.198113602,59.930263438,17.719474316,66.139261259
65.776041667,64.875000000,67.548303025,23.241469069,55.290660302,59.976853878,17.710532685,66.168487908
65.902777778,65.000000000,67.595367541,23.141598929,55.383039267,60.023450746,17.701563602,66.197734949
66.029513889,65.125000000,67.642439357,23.041442248,55.475249614,60.070053942,17.692567158,66.227061283
66.156250000,65.250000000,67.689518366,22.940999192,55.567290491,60.116663384,17.683543778,66.256602051
66.282986111,65.375000000,67.736604466,22.840269949,55.659161027,60.163278979,17.674493687,66.286162404
66.409722222,65.500000000,67.783697552,22.739254727,55.750860339,60.209900631,17.665416960,66.315742179
66.536458333,65.625000000,67.830797519,22.637953734,55.842387541,60.256528240,17.656313670,66.345341216
66.663194444,65.750000000,67.877904264,22.536367185,55.933741749,60.303161708,17.647183893,66.374959355
66.789930556,65.875000000,67.925017683,22.434495294,56.024922079,60.349800936,17.638027702,66.404596434
66.916666667,66.000000000,67.972137672,22.332338281,56.115927644,60.396445826,17.628845171,66.434252295
67.043402778,66.125000000,68.019264127,22.229896341,56.206757582,60.443096290,17.619636606,66.464602200
67.170138889,66.250000000,68.066396948,22.127169398,56.297411276,60.489752372,17.610404966,66.496265855
67.296875000,66.375000000,68.113536042,22.024157593,56.387887928,60.536414023,17.601151175,66.527945557
67.423611111,66.500000000,68.160681317,21.920861158,56.478186659,60.583081155,17.591875297,66.559641172
67.550347222,66.625000000,68.207832679,21.817280329,56.568306590,60.629753681,17.582577394,66.591352565
67.677083333,66.750000000,68.254990036,21.713415345,56.658246842,60.676431513,17.573257529,66.623079603
67.803819444,66.875000000,68.302153295,21.609266446,56.748006535,60.723114561,17.563915763,66.654822151
67.930555556,67.000000000,68.349322364,21.504833878,56.837584791,60.769802739,17.554552158,66.686580075
68.057291667,67.125000000,68.396497150,21.400117883,56.926980733,60.816495960,17.545166813,66.718431258
68.184027778,67.250000000,68.443677561,21.295118684,57.016193508,60.863194148,17.535760048,66.750391982
68.310763889,67.375000000,68.490863505,21.189836527,57.105222240,60.909897218,17.526331975,66.782367499
68.437500000,67.500000000,68.538054890,21.084271670,57.194066052,60.956605084,17.516882656,66.814357679
68.564236111,67.625000000,68.585251625,20.978424370,57.282724064,61.003317658,17.507412149,66.846362389
68.690972222,67.750000000,68.632453618,20.872294889,57.371195400,61.050034853,17.497920516,66.878381500
68.817708333,67.875000000,68.679660778,20.765883491,57.459479179,61.096756581,17.488407816,66.910414881
68.944444444,68.000000000,68.726873012,20.659190444,57.547574524,61.143482755,17.478874108,66.942462401
69.071180556,68.125000000,68.774090229,20.552215949,57.635480613,61.190213318,17.469320075,66.975630266
69.197916667,68.250000000,68.821312345,20.444959962,57.723196832,61.236948327,17.459748727,67.009673984
69.324652778,68.375000000,68.868539278,20.337422721,57.810722345,61.283687723,17.450160493,67.043729540
69.451388889,68.500000000,68.915770948,20.229604507,57.898056279,61.330431430,17.440555422,67.077796824
69.578125000,68.625000000,68.963007275,20.121505604,57.985197765,61.377179371,17.430933563,67.111875730
69.704861111,68.750000000,69.010248179,20.013126297,58.072145930,61.423931469,17.421294965,67.145966149
69.831597222,68.875000000,69.057493580,19.904466877,58.158899904,61.470687647,17.411639676,67.180067974
69.958333333,69.000000000,69.104743396,19.795527636,58.245458817,61.517447828,17.401967745,67.214181097
70.085069444,69.125000000,69.151997548,19.686308907,58.331821768,61.564211919,17.392278868,67.247780512
70.211805556,69.250000000,69.199255952,19.576811111,58.417987786,61.610979787,17.382571965,67.281134523
70.338541667,69.375000000,69.246518524,19.467034557,58.503955993,61.657751347,17.372847004,67.314500226
70.465277778,69.500000000,69.293785179,19.356979547,58.589725514,61.704526519,17.363104035,67.347877507
70.592013889,69.625000000,69.341055832,19.246646385,58.675295478,61.751305221,17.353343111,67.381266251
70.718750000,69.750000000,69.388330398,19.136035381,58.760665013,61.798087372,17.343564282,67.414666341
70.845486111,69.875000000,69.435608793,19.025146843,58.845833247,61.844872891,17.333767600,67.448077662
70.972222222,70.000000000,69.482890931,18.913981087,58.930799308,61.891661697,17.323953115,67.481500101
71.098958333,70.125000000,69.530176728,18.802538391,59.015562352,61.938453724,17.314121207,67.515355517
71.225694444,70.250000000,69.577466102,18.690818995,59.100121572,61.985248927,17.304272649,67.549339828
71.352430556,70.375000000,69.624758971,18.578823218,59.184476100,62.032047229,17.294407516,67.583334424
71.479166667,70.500000000,69.672055252,18.466551386,59.268625067,62.078848551,17.284525855,67.617339195
71.605902778,70.625000000,69.719354865,18.354003826,59.352567606,62.125652816,17.274627713,67.651354033
71.732638889,70.750000000,69.766657728,18.241180871,59.436302847,62.172459946,17.264713137,67.685378829
71.859375000,70.875000000,69.813963759,18.128082853,59.519829923,62.219269861,17.254782175,67.719413475
71.986111111,71.000000000,69.861272877,18.014710109,59.603147967,62.266082483,17.244834873,67.753457863
72.112847222,71.125000000,69.908584999,17.901062901,59.686256167,62.312897768,17.234871962,67.788282683
72.239583333,71.250000000,69.955900049,17.787141457,59.769153744,62.359715687,17.224894516,67.823211197
72.366319444,71.375000000,70.003217950,17.672946121,59.851839837,62.406536167,17.214902587,67.858148395
72.493055556,71.500000000,70.050538626,17.558477242,59.934313580,62.453359136,17.204896217,67.893094181
72.619791667,71.625000000,70.097861999,17.443735172,60.016574112,62.500184519,17.194875449,67.928048454
72.746527778,71.750000000,70.145187993,17.328720264,60.098620570,62.547012242,17.184840325,67.963011115
72.873263889,71.875000000,70.192516531,17.213432876,60.180452093,62.593842233,17.174790885,67.997982066
73.000000000,72.000000000,70.239847537,17.097873367,60.262067817,62.640674416,17.164727173,68.032961209
73.126736111,72.125000000,70.287180933,16.982042175,60.343466830,62.687508688,17.154648570,68.067285205
73.253472222,72.250000000,70.334516640,16.865939741,60.424648215,62.734344941,17.144554463,68.101617747
73.380208333,72.375000000,70.381854577,16.749566430,60.505611109,62.781183098,17.134444896,68.135958732
73.506944444,72.500000000,70.429194663,16.632922614,60.586354650,62.828023082,17.124319913,68.170308053
73.633680556,72.625000000,70.476536818,16.516008665,60.666877976,62.874864815,17.114179557,68.204665607
73.760416667,72.750000000,70.523880962,16.398824959,60.747180225,62.921708220,17.104023872,68.239031289
73.887152778,72.875000000,70.571227014,16.281371875,60.827260537,62.968553220,17.093852903,68.273404993
74.013888889,73.000000000,70.618574893,16.163649795,60.907118051,63.015399736,17.083666684,68.307705013
74.140625000,73.125000000,70.665924519,16.045659204,60.986751835,63.062247650,17.073464378,68.341350180
74.267361111,73.250000000,70.713275806,15.927400556,61.066160984,63.109096855,17.063245447,68.375003696
74.394097222,73.375000000,70.760628670,15.808874240,61.145344635,63.155947268,17.053009937,68.408665447
74.520833333,73.500000000,70.807983026,15.690080649,61.224301927,63.202798808,17.042757896,68.442335322
74.647569444,73.625000000,70.855338789,15.571020175,61.303031998,63.249651394,17.032489369,68.476013210
74.774305556,73.750000000,70.902695874,15.451693218,61.381533989,63.296504944,17.022204402,68.509698999
74.901041667,73.875000000,70.950054197,15.332100176,61.459807040,63.343359377,17.011903040,68.543392578
75.027777778,74.000000000,70.997413673,15.212241444,61.537850297,63.390214615,17.001585409,68.577457087
75.154513889,74.125000000,71.044774219,15.092117171,61.615663071,63.437070679,16.991253747,68.612822423
75.281250000,74.250000000,71.092135760,14.971727650,61.693244584,63.483927542,16.980909089,68.648193866
75.407986111,74.375000000,71.139498220,14.851073296,61.770593986,63.530785131,16.970551473,68.683571323
75.534722222,74.500000000,71.186861525,14.730154522,61.847710424,63.577643374,16.960180936,68.718954698
75.661458333,74.625000000,71.234225600,14.608971750,61.924593049,63.624502198,16.949797516,68.754343898
75.788194444,74.750000000,71.281590368,14.487525399,62.001241011,63.671361530,16.939401250,68.789738828
75.914930556,74.875000000,71.328955755,14.365815894,62.077653461,63.718221299,16.928992174,68.825139394
76.041666667,75.000000000,71.376321686,14.243843687,62.153829533,63.765081421,16.918570109,68.859874123
76.168402778,75.125000000,71.423688081,14.121609551,62.229768163,63.811941687,16.908132199,68.893244680
76.295138889,75.250000000,71.471054853,13.999114024,62.305468430,63.858801975,16.897677586,68.926622244
76.421875000,75.375000000,71.518421916,13.876357538,62.380929479,63.905662200,16.887206315,68.960006700
76.548611111,75.500000000,71.565789182,13.753340530,62.456150457,63.952522277,16.876718432,68.993397936
76.675347222,75.625000000,71.613156564,13.630063438,62.531130511,63.999382125,16.866213981,69.026795837
76.802083333,75.750000000,71.660523975,13.506526705,62.605868789,64.046241658,16.855693009,69.060200288
76.928819444,75.875000000,71.707891329,13.382730774,62.680364439,64.093100792,16.845155561,69.093611176
77.055555556,76.000000000,71.755258537,13.258676109,62.754616601,64.139959440,16.834601563,69.126754496
77.182291667,76.125000000,71.802625512,13.134363268,62.828624360,64.186817473,16.824030147,69.159553494
77.309027778,76.250000000,71.849992162,13.009792726,62.902386848,64.233674797,16.813441168,69.192359132
77.435763889,76.375000000,71.897358396,12.884964941,62.975903215,64.280531324,16.802834672,69.225171289
77.562500000,76.500000000,71.944724125,12.759880368,63.049172610,64.327386966,16.792210707,69.257989846
77.689236111,76.625000000,71.992089257,12.634539471,63.122194184,64.374241636,16.781569319,69.290814683
77.815972222,76.750000000,72.039453701,12.508942713,63.194967087,64.421095248,16.770910556,69.323645680
77.942708333,76.875000000,72.086817367,12.383090561,63.267490471,64.467947713,16.760234464,69.356482719
78.069444444,77.000000000,72.134180165,12.256983412,63.339763530,64.514798972,16.749541681,69.390431341
78.196180556,77.125000000,72.181542009,12.130621383,63.411785626,64.561649076,16.738835202,69.425296656
78.322916667,77.250000000,72.228902821,12.004004902,63.483555948,64.608497967,16.728115466,69.460166019
78.449652778,77.375000000,72.276262522,11.877134449,63.555073658,64.655345567,16.717382511,69.495039330
78.576388889,77.500000000,72.323621033,11.750010507,63.626337920,64.702191802,16.706636374,69.529916490
78.703125000,77.625000000,72.370978274,11.622633562,63.697347897,64.749036595,16.695877090,69.564797401
78.829861111,77.750000000,72.418334168,11.495004100,63.768102754,64.795879869,16.685104697,69.599681965
78.956597222,77.875000000,72.465688635,11.367122615,63.838601655,64.842721549,16.674319231,69.634570083
79.083333333,78.000000000,72.513041594,11.238989826,63.908843643,64.889561473,16.663518868,69.666557194
79.210069444,78.125000000,72.560392952,11.110606994,63.978827453,64.936399270,16.652697406,69.697038120
79.336805556,78.250000000,72.607742603,10.981974676,64.048552204,64.983234817,16.641854398,69.727526126
79.463541667,78.375000000,72.655090443,10.853093371,64.118017048,65.030068014,16.630989897,69.758021065
79.590277778,78.500000000,72.702436366,10.723963580,64.187221138,65.076898760,16.620103960,69.788522796
79.717013889,78.625000000,72.749780268,10.594585809,64.256163627,65.123726955,16.609196641,69.819031173
79.843750000,78.750000000,72.797122044,10.464960565,64.324843671,65.170552498,16.598267994,69.849546053
79.970486111,78.875000000,72.844461590,10.335088358,64.393260425,65.217375288,16.587318075,69.880067292
80.097222222,79.000000000,72.891798800,10.204969537,64.461413133,65.264195286,16.576348277,69.912389333
80.223958333,79.125000000,72.939133581,10.074604237,64.529301158,65.311012536,16.565361735,69.945260344
80.350694444,79.250000000,72.986465841,9.943992965,64.596923677,65.357826958,16.554358618,69.978135173
80.477430556,79.375000000,73.033795488,9.813136243,64.664279857,65.404638462,16.543338969,70.011013702
80.604166667,79.500000000,73.081122433,9.682034600,64.731368866,65.451446961,16.532302831,70.043895814
80.730902778,79.625000000,73.128446582,9.550688564,64.798189876,65.498252368,16.521250247,70.076781391
80.857638889,79.750000000,73.175767847,9.419098668,64.864742056,65.545054594,16.510181261,70.109670316
80.984375000,79.875000000,73.223086135,9.287265448,64.931024578,65.591853551,16.499095915,70.142562472
81.111111111,80.000000000,73.270401354,9.155189639,64.997036515,65.638649080,16.487992664,70.173591020
81.237847222,80.125000000,73.317713403,9.022872096,65.062776878,65.685440974,16.476869047,70.204361835
81.364583333,80.250000000,73.365022179,8.890313364,65.128244830,65.732229130,16.465725081,70.235137403
81.491319444,80.375000000,73.412327578,8.757513990,65.193439541,65.779013450,16.454560820,70.265917585
81.618055556,80.500000000,73.459629497,8.624474521,65.258360177,65.825793833,16.443376313,70.296702242
81.744791667,80.625000000,73.506927831,8.491195508,65.323005909,65.872570180,16.432171613,70.327491235
81.871527778,80.750000000,73.554222478,8.357677507,65.387375907,65.919342391,16.420946770,70.358284424
81.998263889,80.875000000,73.601513333,8.223921073,65.451469343,65.966110367,16.409701834,70.389081672
82.125000000,81.000000000,73.648800292,8.089926902,65.515285325,66.012873960,16.398435785,70.418760919
82.251736111,81.125000000,73.696083245,7.955695698,65.578822954,66.059633015,16.387147547,70.448429452
82.378472222,81.250000000,73.743362083,7.821228028,65.642081401,66.106387426,16.375837174,70.478102712
82.505208333,81.375000000,73.790636695,7.686524458,65.705059837,66.153137087,16.364504720,70.507780547
82.631944444,81.500000000,73.837906971,7.551585559,65.767757435,66.199881892,16.353150241,70.537462806
82.758680556,81.625000000,73.885172800,7.416411907,65.830173368,66.246621734,16.341773790,70.567149339
82.885416667,81.750000000,73.932434073,7.281004078,65.892306811,66.293356509,16.330375421,70.596839996
83.012152778,81.875000000,73.979690678,7.145362651,65.954156940,66.340086110,16.318955194,70.626581955
83.138888889,82.000000000,74.026942506,7.009488137,66.015722965,66.386810456,16.307513720,70.656773711
83.265625000,82.125000000,74.074189449,6.873381075,66.077004087,66.433529460,16.296051440,70.686968666
83.392361111,82.250000000,74.121431400,6.737042052,66.137999488,66.480243019,16.284568407,70.717166678
83.519097222,82.375000000,74.168668251,6.600471661,66.198708350,66.526951030,16.273064670,70.747367603
83.645833333,82.500000000,74.215899896,6.463670496,66.259129856,66.573653389,16.261540282,70.777571296
83.772569444,82.625000000,74.263126226,6.326639155,66.319263191,66.620349993,16.249995291,70.807777614
83.899305556,82.750000000,74.310347134,6.189378239,66.379107540,66.667040738,16.238429749,70.837986414
84.026041667,82.875000000,74.357562513,6.051888353,66.438662089,66.713725521,16.226843698,70.868161145
84.152777778,83.000000000,74.404772254,5.914170132,66.497926015,66.760404228,16.215236963,70.898197393
84.279513889,83.125000000,74.451976251,5.776224200,66.556898499,66.807076750,16.203609486,70.928235858
84.406250000,83.250000000,74.499174394,5.638051167,66.615578731,66.853742982,16.191961317,70.958276397
84.532986111,83.375000000,74.546366574,5.499651651,66.673965903,66.900402820,16.180292506,70.988318864
84.659722222,83.500000000,74.593552684,5.361026269,66.732059206,66.947056160,16.168603103,71.018363115
84.786458333,83.625000000,74.640732614,5.222175641,66.789857834,66.993702897,16.156893159,71.048409005
84.913194444,83.750000000,74.687906257,5.083100392,66.847360981,67.040342927,16.145162722,71.078456392
85.039930556,83.875000000,74.735073503,4.943801162,66.904567839,67.086976140,16.133411745,71.108185335
85.166666667,84.000000000,74.782234243,4.804278760,66.961477529,67.133602371,16.121638882,71.137220917
85.293402778,84.125000000,74.829388362,4.664533878,67.018089221,67.180221488,16.109843726,71.166258522
85.420138889,84.250000000,74.876535745,4.524567151,67.074402112,67.226833383,16.098026332,71.195297997
85.546875000,84.375000000,74.923676278,4.384379217,67.130415399,67.273437944,16.086186751,71.224339187
85.673611111,84.500000000,74.970809847,4.243970718,67.186128280,67.320035061,16.074325037,71.253381937
85.800347222,84.625000000,75.017936336,4.103342296,67.241539954,67.366624625,16.062441241,71.282426094
85.927083333,84.750000000,75.065055633,3.962494600,67.296649623,67.413206525,16.050535416,71.311471503
86.053819444,84.875000000,75.112167621,3.821428237,67.351456507,67.459780665,16.038607939,71.341313510
86.180555556,85.000000000,75.159272192,3.680143511,67.405959946,67.506347054,16.026661534,71.372233021
86.307291667,85.125000000,75.206369243,3.538641002,67.460159185,67.552905618,16.014696840,71.403151636
86.434027778,85.250000000,75.253458668,3.396921368,67.514053436,67.599456256,16.002713903,71.434069220
86.560763889,85.375000000,75.300540366,3.254985271,67.567641915,67.645998869,15.990712764,71.464985641
86.687500000,85.500000000,75.347614233,3.112833377,67.620923838,67.692533358,15.978693468,71.495900767
86.814236111,85.625000000,75.394680166,2.970466354,67.673898425,67.739059621,15.966656057,71.526814464
86.940972222,85.750000000,75.441738060,2.827884871,67.726564893,67.785577560,15.954600575,71.557726600
87.067708333,85.875000000,75.488787814,2.685089676,67.778922438,67.832087049,15.942526499,71.587533889
87.194444444,86.000000000,75.535829315,2.542081833,67.830970135,67.878587857,15.930430915,71.616379050
87.321180556,86.125000000,75.582862451,2.398862077,67.882707178,67.925079854,15.918313445,71.645224090
87.447916667,86.250000000,75.629887104,2.255431089,67.934132786,67.971562928,15.906174138,71.674068855
87.574652778,86.375000000,75.676903158,2.111789555,67.985246178,68.018036968,15.894013047,71.702913189
87.701388889,86.500000000,75.723910500,1.967938159,68.036046572,68.064501862,15.881830220,71.731756940
87.828125000,86.625000000,75.770909011,1.823877594,68.086533191,68.110957499,15.869625707,71.760599954
87.954861111,86.750000000,75.817898578,1.679608552,68.136705258,68.157403768,15.857399559,71.789442076
88.081597222,86.875000000,75.864879085,1.535131681,68.186562015,68.203840571,15.845152182,71.818862238
88.208333333,87.000000000,75.911850419,1.390447515,68.236102746,68.250267855,15.832884876,71.848600872
88.335069444,87.125000000,75.958812470,1.245556742,68.285326688,68.296685516,15.820597796,71.878337345
88.461805556,87.250000000,76.005765127,1.100460066,68.334233074,68.343093449,15.808290989,71.908071512
88.588541667,87.375000000,76.052708281,0.955158194,68.382821138,68.389491546,15.795964498,71.937803232
88.715277778,87.500000000,76.099641821,0.809651837,68.431090116,68.435879702,15.783618369,71.967532361
88.842013889,87.625000000,76.146565636,0.663941709,68.479039246,68.482257809,15.771252648,71.997258756
88.968750000,87.750000000,76.193479618,0.518028525,68.526667767,68.528625762,15.758867377,72.026982275
89.095486111,87.875000000,76.240383654,0.371913080,68.573974894,68.574983428,15.746462027,72.055902267
89.222222222,88.000000000,76.287277630,0.225596281,68.620959808,68.621330638,15.734035255,72.084557950
89.348958333,88.125000000,76.334161430,0.079078860,68.667621744,68.667667278,15.721587047,72.113211275
89.475694444,88.250000000,76.381034936,-0.067638456,68.713959945,68.713993235,15.709117452,72.141862088
89.602430556,88.375000000,76.427898034,-0.214554936,68.759973654,68.760308396,15.696626517,72.170510235
89.729166667,88.500000000,76.474750604,-0.361669848,68.805662115,68.806612648,15.684114289,72.199155563
89.855902778,88.625000000,76.521592532,-0.508982455,68.851024574,68.852905879,15.671580817,72.227797920
89.982638889,88.750000000,76.568423700,-0.656492020,68.896060280,68.899187977,15.659026148,72.256437152
90.109375000,88.875000000,76.615243992,-0.804197721,68.940768457,68.945458802,15.646449729,72.284343003
90.236111111,89.000000000,76.662053286,-0.952098679,68.985148314,68.991718197,15.633850614,72.312130269
90.362847222,89.125000000,76.708851461,-1.100194147,69.029199100,69.037966044,15.621228837,72.339914734
90.489583333,89.250000000,76.755638396,-1.248483374,69.072920066,69.084202226,15.608584447,72.367696235
90.616319444,89.375000000,76.802413968,-1.396965607,69.116310466,69.130426625,15.595917496,72.395474612
90.743055556,89.500000000,76.849178056,-1.545640090,69.159369553,69.176639123,15.583228032,72.423249703
90.869791667,89.625000000,76.895930539,-1.694506066,69.202096586,69.222839603,15.570516104,72.451021348
90.996527778,89.750000000,76.942671294,-1.843562771,69.244490821,69.269027947,15.557781762,72.478789385
91.123263889,89.875000000,76.989400201,-1.992809597,69.286551564,69.315204088,15.545026193,72.507787210
91.250000000,90.000000000,77.036117145,-2.142245945,69.328278128,69.361367964,15.532250712,72.536814727
91.376736111,90.125000000,77.082822011,-2.291871046,69.369669783,69.407519468,15.519455365,72.565837025
91.503472222,90.250000000,77.129514686,-2.441684128,69.410725798,69.453658487,15.506640193,72.594853958
91.630208333,90.375000000,77.176195055,-2.591684414,69.451445447,69.499784912,15.493805239,72.623865379
91.756944444,90.500000000,77.222863005,-2.741871127,69.491828003,69.545898632,15.480950548,72.652871143
91.883680556,90.625000000,77.269518420,-2.892243486,69.531872743,69.591999537,15.468076161,72.681871103
92.010416667,90.750000000,77.316161188,-3.042800706,69.571578943,69.638087516,15.455182117,72.710817369
92.137152778,90.875000000,77.362791193,-3.193541915,69.610945862,69.684162431,15.442267825,72.739224647
92.263888889,91.000000000,77.409408318,-3.344466261,69.649972761,69.730224151,15.429332864,72.767626189
92.390625000,91.125000000,77.456012446,-3.495572952,69.688658922,69.776272562,15.416377280,72.796021841
92.517361111,91.250000000,77.502603458,-3.646861193,69.727003628,69.822307549,15.403401115,72.824411452
92.644097222,91.375000000,77.549181238,-3.798330186,69.765006163,69.868328999,15.390404414,72.852794871
92.770833333,91.500000000,77.595745668,-3.949979132,69.802665815,69.914336799,15.377387221,72.881171948
92.897569444,91.625000000,77.642296630,-4.101807226,69.839981872,69.960330834,15.364349577,72.909542530
93.024305556,91.750000000,77.688834007,-4.253813665,69.876953624,70.006310991,15.351291543,72.937989054
93.151041667,91.875000000,77.735357682,-4.405997713,69.913580384,70.052277179,15.338213694,72.966776604
93.277777778,92.000000000,77.781867539,-4.558358593,69.949861455,70.098229297,15.325116337,72.995556841
93.404513889,92.125000000,77.828363464,-4.710895494,69.985796135,70.144167234,15.311999515,73.024329619
93.531250000,92.250000000,77.874845342,-4.863607596,70.021383725,70.190090879,15.298863267,73.053094793
93.657986111,92.375000000,77.921313057,-5.016494082,70.056623527,70.236000120,15.285707634,73.081852217
93.784722222,92.500000000,77.967766495,-5.169554128,70.091514844,70.281894845,15.272532656,73.110601745
93.911458333,92.625000000,78.014205540,-5.322786910,70.126056984,70.327774944,15.259338375,73.139343233
94.038194444,92.750000000,78.060630079,-5.476191614,70.160249256,70.373640308,15.246124937,73.168453759
94.164930556,92.875000000,78.107039998,-5.629767640,70.194091024,70.419490899,15.232894060,73.198429779
94.291666667,93.000000000,78.153435189,-5.783514234,70.227581623,70.465326633,15.219646358,73.228396335
94.418402778,93.125000000,78.199815546,-5.937430560,70.260720371,70.511147408,15.206381865,73.258353293
94.545138889,93.250000000,78.246180960,-6.091515779,70.293506590,70.556953117,15.193100616,73.288300523
94.671875000,93.375000000,78.292531324,-6.245769053,70.325939603,70.602743658,15.179802645,73.318237893
94.798611111,93.500000000,78.338866532,-6.400189536,70.358018735,70.648518926,15.166487987,73.348165269
94.925347222,93.625000000,78.385186475,-6.554776384,70.389743314,70.694278816,15.153156675,73.378082521
95.052083333,93.750000000,78.431491045,-6.709528750,70.421112670,70.740023224,15.139808753,73.408011849
95.178819444,93.875000000,78.477780137,-6.864445791,70.452126136,70.785752049,15.126444330,73.437962772
95.305555556,94.000000000,78.524053642,-7.019526659,70.482783047,70.831465187,15.113063457,73.467903135
95.432291667,94.125000000,78.570311454,-7.174770496,70.513082738,70.877162534,15.099666169,73.497832807
95.559027778,94.250000000,78.616553465,-7.330176443,70.543024549,70.922843987,15.086252497,73.527751659
95.685763889,94.375000000,78.662779568,-7.485743639,70.572607819,70.968509440,15.072822474,73.557659558
95.812500000,94.500000000,78.708989656,-7.641471221,70.601831891,71.014158791,15.059376135,73.587556375
95.939236111,94.625000000,78.755183623,-7.797358322,70.630696109,71.059791933,15.045913511,73.617441979
96.065972222,94.750000000,78.801361360,-7.953404063,70.659199818,71.105408761,15.032434561,73.647165563
96.192708333,94.875000000,78.847522760,-8.109607516,70.687342356,71.151009153,15.018938911,73.676739056
96.319444444,95.000000000,78.893667715,-8.265967798,70.715123073,71.196593000,15.005426530,73.706301158
96.446180556,95.125000000,78.939796114,-8.422484033,70.742541319,71.242160197,14.991897451,73.735851734
96.572916667,95.250000000,78.985907851,-8.579155342,70.769596449,71.287710637,14.978351709,73.765390652
96.699652778,95.375000000,79.032002814,-8.735980842,70.796287820,71.333244216,14.964789335,73.794917779
96.826388889,95.500000000,79.078080896,-8.892959649,70.822614790,71.378760826,14.951210363,73.824432984
96.953125000,95.625000000,79.124141988,-9.050090876,70.848576721,71.424260362,14.937614824,73.853936132
97.079861111,95.750000000,79.170185981,-9.207373580,70.874172966,71.469742702,14.924002360,73.882765578
97.206597222,95.875000000,79.216212762,-9.364806670,70.899402856,71.515207679,14.910371561,73.911195075
97.333333333,96.000000000,79.262222215,-9.522389233,70.924265753,71.560655176,14.896722328,73.939612912
97.460069444,96.125000000,79.308214227,-9.680120370,70.948761020,71.606085081,14.883054697,73.968018945
97.586805556,96.250000000,79.354188681,-9.837999181,70.972888027,71.651497282,14.869368703,73.996413032
97.713541667,96.375000000,79.400145462,-9.996024765,70.996646143,71.696891667,14.855664381,74.024795029
97.840277778,96.500000000,79.446084455,-10.154196216,71.020034741,71.742268123,14.841941767,74.053164797
97.967013889,96.625000000,79.492005544,-10.312512627,71.043053197,71.787626540,14.828200896,74.081522191
98.093750000,96.750000000,79.537908617,-10.470973235,71.065700909,71.832966848,14.814442872,74.111411371
98.220486111,96.875000000,79.583793565,-10.629577502,71.087977316,71.878289050,14.800670432,74.141829950
98.347222222,97.000000000,79.629660286,-10.788324534,71.109881811,71.923593052,14.786883736,74.172234245
98.473958333,97.125000000,79.675508678,-10.947213413,71.131413787,71.968878752,14.773082812,74.202624133
98.600694444,97.250000000,79.721338638,-11.106243221,71.152572639,72.014146053,14.759267686,74.232999493
98.727430556,97.375000000,79.767150064,-11.265413036,71.173357765,72.059394852,14.745438383,74.263360203
98.854166667,97.500000000,79.812942852,-11.424721935,71.193768564,72.104625050,14.731594932,74.293706143
98.980902778,97.625000000,79.858716901,-11.584168992,71.213804438,72.149836547,14.717737357,74.324037190
99.107638889,97.750000000,79.904472106,-11.743753007,71.233464758,72.195029165,14.703863738,74.351897912
99.234375000,97.875000000,79.950208352,-11.903472580,71.252748862,72.240202657,14.689970715,74.379309831
99.361111111,98.000000000,79.995925518,-12.063326767,71.271656149,72.285356905,14.676058263,74.406708580
99.487847222,98.125000000,80.041623484,-12.223314629,71.290186017,72.330491792,14.662126419,74.434094008
99.614583333,98.250000000,80.087302131,-12.383435228,71.308337870,72.375607202,14.648175217,74.461465968
99.741319444,98.375000000,80.132961337,-12.543687621,71.326111112,72.420703017,14.634204694,74.488824310
99.868055556,98.500000000,80.178600983,-12.704070863,71.343505150,72.465779121,14.620214884,74.516168886
99.994791667,98.625000000,80.224220949,-12.864584007,71.360519395,72.510835397,14.606205823,74.543499547
100.121527778,98.750000000,80.269821115,-13.025226076,71.377153255,72.555871721,14.592177348,74.570593704
100.248263889,98.875000000,80.315401359,-13.185996084,71.393406142,72.600887965,14.578129260,74.597664298
100.375000000,99.000000000,80.360961559,-13.346893077,71.409277471,72.645884011,14.564061594,74.624720715
100.501736111,99.125000000,80.406501595,-13.507916098,71.424766662,72.690859742,14.549974386,74.651762805
100.628472222,99.250000000,80.452021344,-13.669064187,71.439873136,72.735815039,14.535867671,74.678790417
100.755208333,99.375000000,80.497520685,-13.830336382,71.454596316,72.780749784,14.521741484,74.705803402
100.881944444,99.500000000,80.542999497,-13.991731718,71.468935630,72.825663859,14.507595859,74.732801609
101.008680556,99.625000000,80.588457658,-14.153249229,71.482890506,72.870557146,14.493430833,74.759806282
101.135416667,99.750000000,80.633895047,-14.314887991,71.496460379,72.915429540,14.479246768,74.787086715
101.262152778,99.875000000,80.679311545,-14.476647067,71.509644689,72.960280933,14.465043948,74.814351676
101.388888889,100.000000000,80.724707030,-14.638525484,71.522442872,73.005111210,14.450822408,74.841601020
101.515625000,100.125000000,80.770081385,-14.800522265,71.534854370,73.049920254,14.436582180,74.868834599
101.642361111,100.250000000,80.815434488,-14.962636432,71.546878626,73.094707949,14.422323296,74.896052267
101.769097222,100.375000000,80.860766222,-15.124867003,71.558515085,73.139474178,14.408045790,74.923253879
101.895833333,100.500000000,80.906076465,-15.287212996,71.569763195,73.184218825,14.393749692,74.950439289
102.022569444,100.625000000,80.951365098,-15.449673415,71.580622407,73.228941771,14.379434974,74.977231928
102.149305556,100.750000000,80.996631999,-15.612246919,71.591092149,73.273642798,14.365099130,75.002271766
102.276041667,100.875000000,81.041877036,-15.774932330,71.601171857,73.318321730,14.350740872,75.027296687
102.402777778,101.000000000,81.087100076,-15.937728655,71.610860981,73.362978437,14.336360237,75.052306525
102.529513889,101.125000000,81.132300987,-16.100634896,71.620158974,73.407612790,14.321957266,75.077301113
102.656250000,101.250000000,81.177479637,-16.263650053,71.629065291,73.452224660,14.307531996,75.102280283
102.782986111,101.375000000,81.222635892,-16.426773127,71.637579392,73.496813920,14.293084466,75.127243869
102.909722222,101.500000000,81.267769621,-16.590003111,71.645700736,73.541380441,14.278614713,75.152191705
103.036458333,101.625000000,81.312880690,-16.753338994,71.653428787,73.585924091,14.264122738,75.176981366
103.163194444,101.750000000,81.357968967,-16.916779677,71.660763007,73.630444718,14.249607931,75.201402966
103.289930556,101.875000000,81.403034315,-17.080324117,71.667702862,73.674942181,14.235070099,75.225808747
103.416666667,102.000000000,81.448076600,-17.243971298,71.674247820,73.719416348,14.220509281,75.250198536
103.543402778,102.125000000,81.493095686,-17.407720204,71.680397356,73.763867088,14.205925515,75.274572163
103.670138889,102.250000000,81.538091436,-17.571569817,71.686150944,73.808294269,14.191318840,75.298929458
103.796875000,102.375000000,81.583063717,-17.735519116,71.691508062,73.852697760,14.176689294,75.323270248
103.923611111,102.500000000,81.628012392,-17.899567076,71.696468191,73.897077429,14.162036915,75.347594365
104.050347222,102.625000000,81.672937325,-18.063712649,71.701030815,73.941433138,14.147361573,75.371443572
104.177083333,102.750000000,81.717838378,-18.227954585,71.705195411,73.985764693,14.132661726,75.394581498
104.303819444,102.875000000,81.762715409,-18.392291798,71.708961463,74.030071942,14.117937026,75.417703271
104.430555556,103.000000000,81.807568274,-18.556723255,71.712328459,74.074354745,14.103187516,75.440808709
104.557291667,103.125000000,81.852396832,-18.721247919,71.715295888,74.118612966,14.088413236,75.463897630
104.684027778,103.250000000,81.897200940,-18.885864751,71.717863244,74.162846464,14.073614226,75.486969853
104.810763889,103.375000000,81.941980455,-19.050572710,71.720030023,74.207055103,14.058790528,75.510025195
104.937500000,103.500000000,81.986735235,-19.215370753,71.721795724,74.251238744,14.043942180,75.533063476
105.064236111,103.625000000,82.031465136,-19.380257778,71.723159847,74.295397233,14.029068820,75.555224345
105.190972222,103.750000000,82.076170011,-19.545232407,71.724121891,74.339530338,14.014168133,75.576532098
105.317708333,103.875000000,82.120849707,-19.710293534,71.724681357,74.383637898,13.999239782,75.597823862
105.444444444,104.000000000,82.165504071,-19.875440104,71.724837748,74.427719765,13.984283812,75.619099439
105.571180556,104.125000000,82.210132950,-20.040671061,71.724590571,74.471775789,13.969300267,75.640358629
105.697916667,104.250000000,82.254736191,-20.205985346,71.723939334,74.515805823,13.954289192,75.661601233
105.824652778,104.375000000,82.299313640,-20.371381897,71.722883551,74.559809719,13.939250631,75.682827051
105.951388889,104.500000000,82.343865145,-20.536859649,71.721422737,74.603787328,13.924184628,75.704035887
106.078125000,104.625000000,82.388390553,-20.702417517,71.719556409,74.647738496,13.909091076,75.724962907
106.204861111,104.750000000,82.432889709,-20.868054348,71.717284090,74.691663052,13.893969433,75.745708232
106.331597222,104.875000000,82.477362458,-21.033769063,71.714605302,74.735560844,13.878819687,75.766436405
106.458333333,105.000000000,82.521808643,-21.199560589,71.711519570,74.779431719,13.863641880,75.787147223
106.585069444,105.125000000,82.566228109,-21.365427850,71.708026424,74.823275528,13.848436058,75.807840482
106.711805556,105.250000000,82.610620700,-21.531369767,71.704125394,74.867092120,13.833202264,75.828515981
106.838541667,105.375000000,82.654986261,-21.697385259,71.699816015,74.910881343,13.817940542,75.849173519
106.965277778,105.500000000,82.699324635,-21.863473243,71.695097825,74.954643048,13.802650935,75.869812894
107.092013889,105.625000000,82.743635667,-22.029632465,71.689970370,74.998377037,13.787332268,75.888620051
107.218750000,105.750000000,82.787919191,-22.195861383,71.684433200,75.042083031,13.771981360,75.906726451
107.345486111,105.875000000,82.832175034,-22.362158880,71.678485852,75.085760859,13.756598087,75.924816700
107.472222222,106.000000000,82.876403027,-22.528523862,71.672127867,75.129410355,13.741182501,75.942890569
107.598958333,106.125000000,82.920602997,-22.694955230,71.665358787,75.173031354,13.725734651,75.960947828
107.725694444,106.250000000,82.964774775,-22.861451885,71.658178158,75.216623690,13.710254587,75.978988248
107.852430556,106.375000000,83.008918188,-23.028012725,71.650585531,75.260187197,13.694742358,75.997011600
107.979166667,106.500000000,83.053033066,-23.194636645,71.642580457,75.303721711,13.679198014,76.015017656
108.105902778,106.625000000,83.097119237,-23.361322444,71.634162496,75.347227041,13.663620933,76.032138759
108.232638889,106.750000000,83.141176524,-23.528068841,71.625331212,75.390702972,13.648009942,76.049072545
108.359375000,106.875000000,83.185204751,-23.694874720,71.616086164,75.434149332,13.632365068,76.065989511
108.486111111,107.000000000,83.229203740,-23.861738966,71.606426912,75.477565949,13.616686361,76.082889419
108.612847222,107.125000000,83.273173314,-24.028660461,71.596353020,75.520952652,13.600973873,76.099772027
108.739583333,107.250000000,83.317113294,-24.195638086,71.585864057,75.564309268,13.585227655,76.116637098
108.866319444,107.375000000,83.361023503,-24.362670717,71.574959593,75.607635627,13.569447755,76.133484392
108.993055556,107.500000000,83.404903764,-24.529757231,71.563639201,75.650931557,13.553634226,76.150313671
109.119791667,107.625000000,83.448753898,-24.696896341,71.551902469,75.694196844,13.537785972,76.165814800
109.246527778,107.750000000,83.492573720,-24.864086718,71.539748987,75.737431258,13.521901631,76.181223081
109.373263889,107.875000000,83.536363044,-25.031327231,71.527178333,75.780634619,13.505981252,76.196614240
109.500000000,108.000000000,83.580121685,-25.198616742,71.514190089,75.823806748,13.490024890,76.211988023
109.626736111,108.125000000,83.623849455,-25.365954114,71.500783839,75.866947465,13.474032596,76.227344176
109.753472222,108.250000000,83.667546169,-25.533338206,71.486959172,75.910056590,13.458004424,76.242682445
109.880208333,108.375000000,83.711211641,-25.700767877,71.472715678,75.953133944,13.441940426,76.258002578
110.006944444,108.500000000,83.754845684,-25.868241980,71.458052954,75.996179345,13.425840647,76.273170369
110.133680556,108.625000000,83.798448109,-26.035759021,71.442970625,76.039192523,13.409702645,76.286010454
110.260416667,108.750000000,83.842018718,-26.203317566,71.427468311,76.082173213,13.393524456,76.298834697
110.387152778,108.875000000,83.885557307,-26.370916461,71.411545606,76.125121221,13.377306140,76.311642815
110.513888889,109.000000000,83.929063677,-26.538554547,71.395202109,76.168036352,13.361047755,76.324434524
110.640625000,109.125000000,83.972537626,-26.706230665,71.378437422,76.210918412,13.344749358,76.337209544
110.767361111,109.250000000,84.015978951,-26.873943653,71.361251151,76.253767207,13.328411008,76.349967592
110.894097222,109.375000000,84.059387453,-27.041692346,71.343642903,76.296582542,13.312032760,76.362708387
111.020833333,109.500000000,84.102762929,-27.209475578,71.325612293,76.339364224,13.295614674,76.375435346
111.147569444,109.625000000,84.146105178,-27.377292182,71.307158935,76.382112059,13.279156831,76.388163271
111.274305556,109.750000000,84.189413999,-27.545140991,71.288282448,76.424825853,13.262659303,76.400873074
111.401041667,109.875000000,84.232689190,-27.713020830,71.268982456,76.467505412,13.246122144,76.413564475
111.527777778,110.000000000,84.275930551,-27.880930523,71.249258586,76.510150542,13.229545411,76.426237197
111.654513889,110.125000000,84.319137879,-28.048868893,71.229110467,76.552761048,13.212929158,76.438890960
111.781250000,110.250000000,84.362310975,-28.216834758,71.208537733,76.595336737,13.196273440,76.451525488
111.907986111,110.375000000,84.405449635,-28.384826937,71.187540021,76.637877414,13.179578311,76.464140503
112.034722222,110.500000000,84.448553660,-28.552844221,71.166116975,76.680382878,13.162843660,76.476083478
112.161458333,110.625000000,84.491622842,-28.720884996,71.144268290,76.722852824,13.146066457,76.486279943
112.288194444,110.750000000,84.534656967,-28.888947906,71.121993627,76.765287003,13.129245601,76.496459217
112.414930556,110.875000000,84.577655818,-29.057031758,71.099292627,76.807685206,13.112381149,76.506620995
112.541666667,111.000000000,84.620619178,-29.225135352,71.076164936,76.850047224,13.095473164,76.516764969
112.668402778,111.125000000,84.663546833,-29.393257491,71.052610203,76.892372850,13.078521702,76.526890833
112.795138889,111.250000000,84.706438565,-29.561396971,71.028628081,76.934661876,13.061526824,76.536998282
112.921875000,111.375000000,84.749294159,-29.729552588,71.004218227,76.976914091,13.044488588,76.547087012
113.048611111,111.500000000,84.792113397,-29.897723160,70.979380297,77.019129296,13.027407232,76.557663442
113.175347222,111.625000000,84.834896068,-30.065907730,70.954113920,77.061307346,13.010284618,76.569033701
113.302083333,111.750000000,84.877641963,-30.234105153,70.928418761,77.103448057,12.993121267,76.580382580
113.428819444,111.875000000,84.920350874,-30.402314217,70.902294495,77.145551229,12.975917230,76.591709792
113.555555556,112.000000000,84.963022593,-30.570533710,70.875740803,77.187616660,12.958672561,76.603015054
113.682291667,112.125000000,85.005656912,-30.738762416,70.848757370,77.229644151,12.941387313,76.614298081
113.809027778,112.250000000,85.048253624,-30.906999119,70.821343882,77.271633500,12.924061536,76.625558590
113.935763889,112.375000000,85.090812521,-31.075242598,70.793500033,77.313584508,12.906695282,76.636796299
114.062500000,112.500000000,85.133333394,-31.243491545,70.765225531,77.355496950,12.889287972,76.646631624
114.189236111,112.625000000,85.175816026,-31.411744199,70.736520161,77.397370485,12.871835760,76.655028791
114.315972222,112.750000000,85.218260193,-31.579999235,70.707383629,77.439204873,12.854338037,76.663406058
114.442708333,112.875000000,85.260665668,-31.748255422,70.677815632,77.480999895,12.836794863,76.671763107
114.569444444,113.000000000,85.303032227,-31.916511524,70.647815868,77.522755336,12.819206294,76.680099621
114.696180556,113.125000000,85.345359643,-32.084766306,70.617384042,77.564470977,12.801572388,76.688415282
114.822916667,113.250000000,85.387647690,-32.253018527,70.586519861,77.606146600,12.783893202,76.696709774
114.949652778,113.375000000,85.429896144,-32.421266948,70.555223034,77.647781989,12.766168793,76.704982780
115.076388889,113.500000000,85.472104779,-32.589510400,70.523493264,77.689376946,12.748399776,76.714231065
115.203125000,113.625000000,85.514273375,-32.757747954,70.491330213,77.730931335,12.730588482,76.724112603
115.329861111,113.750000000,85.556401718,-32.925978398,70.458733605,77.772444958,12.712735205,76.733969488
115.456597222,113.875000000,85.598489591,-33.094200485,70.425703173,77.813917606,12.694839993,76.743801429
115.583333333,114.000000000,85.640536781,-33.262412968,70.392238654,77.855349073,12.676902899,76.753608135
115.710069444,114.125000000,85.682543071,-33.430614596,70.358339790,77.896739150,12.658923971,76.763389315
115.836805556,114.250000000,85.724508247,-33.598804117,70.324006324,77.938087631,12.640903257,76.773144679
115.963541667,114.375000000,85.766432094,-33.766980276,70.289238006,77.979394307,12.622840808,76.782873937
116.090277778,114.500000000,85.808314395,-33.935141589,70.254034636,78.020658914,12.604735009,76.790072524
116.217013889,114.625000000,85.850154920,-34.103286163,70.218396093,78.061881075,12.586581293,76.796237243
116.343750000,114.750000000,85.891953432,-34.271412694,70.182322131,78.103060553,12.568379448,76.802379803
116.470486111,114.875000000,85.933709694,-34.439519913,70.145812501,78.144197118,12.550129530,76.808499870
116.597222222,115.000000000,85.975423467,-34.607606550,70.108866958,78.185290543,12.531831596,76.814597110
116.723958333,115.125000000,86.017094514,-34.775671330,70.071485261,78.226340597,12.513485702,76.820671188
116.850694444,115.250000000,86.058722598,-34.943712981,70.033667173,78.267347053,12.495091905,76.826721773
116.977430556,115.375000000,86.100307481,-35.111730224,69.995412461,78.308309680,12.476650259,76.832748532
117.104166667,115.500000000,86.141848926,-35.279721931,69.956720863,78.349228289,12.458161915,76.840178698
117.230902778,115.625000000,86.183346704,-35.447687109,69.917592094,78.390102727,12.439629022,76.847891463
117.357638889,115.750000000,86.224800589,-35.615624486,69.878025937,78.430932777,12.421051680,76.855576998
117.484375000,115.875000000,86.266210354,-35.783532780,69.838022184,78.471718222,12.402429939,76.863234996
117.611111111,116.000000000,86.307575772,-35.951410708,69.797580628,78.512458842,12.383763847,76.870865152
117.737847222,116.125000000,86.348896618,-36.119256987,69.756701069,78.553154420,12.365053451,76.878467161
117.864583333,116.250000000,86.390172665,-36.287070328,69.715383309,78.593804736,12.346298800,76.886040718
117.991319444,116.375000000,86.431403686,-36.454849445,69.673627155,78.634409574,12.327499941,76.893585521
118.118055556,116.500000000,86.472589452,-36.622592628,69.631432520,78.674968609,12.308653846,76.897573106
118.244791667,116.625000000,86.513729717,-36.790298039,69.588799343,78.715481475,12.289756574,76.901277145
118.371527778,116.750000000,86.554824229,-36.957964374,69.545727429,78.755947930,12.270808164,76.904956896
118.498263889,116.875000000,86.595872739,-37.125590330,69.502216586,78.796367732,12.251808672,76.908612005
118.625000000,117.000000000,86.636874995,-37.293174600,69.458266628,78.836740640,12.232758154,76.912242119
118.751736111,117.125000000,86.677830747,-37.460715877,69.413877371,78.877066411,12.213656664,76.915846886
118.878472222,117.250000000,86.718739743,-37.628212854,69.369048636,78.917344806,12.194504258,76.919425956
119.005208333,117.375000000,86.759601732,-37.795664217,69.323780250,78.957575582,12.175300990,76.923023812
119.131944444,117.500000000,86.800416466,-37.963068805,69.278072003,78.997758535,12.156048019,76.927640542
119.258680556,117.625000000,86.841183699,-38.130425430,69.231923698,79.037893459,12.136746334,76.932228917
119.385416667,117.750000000,86.881903187,-38.297732780,69.185335178,79.077980119,12.117395985,76.936788604
119.512152778,117.875000000,86.922574687,-38.464989537,69.138306291,79.118018282,12.097997023,76.941319270
119.638888889,118.000000000,86.963197955,-38.632194384,69.090836888,79.158007711,12.078549495,76.945820585
119.765625000,118.125000000,87.003772747,-38.799346003,69.042926824,79.197948172,12.059053450,76.950292218
119.892361111,118.250000000,87.044298819,-38.966443071,68.994575961,79.237839431,12.039508936,76.954733839
120.019097222,118.375000000,87.084775928,-39.133484264,68.945784163,79.277681251,12.019915983,76.959017427
120.145833333,118.500000000,87.125203828,-39.300468122,68.896551338,79.317473365,12.000273638,76.962551348
120.272569444,118.625000000,87.165582271,-39.467393242,68.846877379,79.357215514,11.980581376,76.966055495
120.399305556,118.750000000,87.205911007,-39.634258293,68.796762159,79.396907459,11.960839245,76.969529528
120.526041667,118.875000000,87.246189787,-39.801061945,68.746205558,79.436548959,11.941047293,76.972973109
120.652777778,119.000000000,87.286418362,-39.967802863,68.695207459,79.476139775,11.921205568,76.976385901
120.779513889,119.125000000,87.326596481,-40.134479714,68.643767749,79.515679666,11.901314117,76.979767567
120.906250000,119.250000000,87.366723897,-40.301091162,68.591886321,79.555168392,11.881372987,76.983117769
121.032986111,119.375000000,87.406800360,-40.467635869,68.539563070,79.594605713,11.861382227,76.986453109
121.159722222,119.500000000,87.446825620,-40.634112506,68.486797895,79.633991392,11.841341969,76.989804385
121.286458333,119.625000000,87.486799428,-40.800519739,68.433590699,79.673325191,11.821252291,76.993123100
121.413194444,119.750000000,87.526721536,-40.966856223,68.379941393,79.712606868,11.801113238,76.996408922
121.539930556,119.875000000,87.566591696,-41.133120617,68.325849891,79.751836186,11.780924853,76.999661519
121.666666667,120.000000000,87.606409657,-41.299311573,68.271316113,79.791012903,11.760687182,77.002880559
121.793402778,120.125000000,87.646175171,-41.465427744,68.216339981,79.830136781,11.740400267,77.006065711
121.920138889,120.250000000,87.685887989,-41.631467784,68.160921424,79.869207579,11.720064151,77.009216647
122.046875000,120.375000000,87.725547862,-41.797430331,68.105060379,79.908225055,11.699678806,77.012132731
122.173611111,120.500000000,87.765154541,-41.963313936,68.048756813,79.947188946,11.679243526,77.014673214
122.300347222,120.625000000,87.804707771,-42.129117217,67.992010677,79.986099001,11.658758150,77.017179269
122.427083333,120.750000000,87.844207303,-42.294838818,67.934821915,80.024954978,11.638222721,77.019650563
122.553819444,120.875000000,87.883652881,-42.460477382,67.877190474,80.063756633,11.617637280,77.022086760
122.680555556,121.000000000,87.923044255,-42.626031552,67.819116309,80.102503724,11.597001869,77.024487528
122.807291667,121.125000000,87.962381172,-42.791499967,67.760599378,80.141196007,11.576316529,77.026852535
122.934027778,121.250000000,88.001663379,-42.956881265,67.701639642,80.179833239,11.555581302,77.029181449
123.060763889,121.375000000,88.040890625,-43.122174145,67.642237048,80.218415191,11.534796681,77.032477517
123.187500000,121.500000000,88.080062662,-43.287377634,67.582391431,80.256941718,11.513965676,77.036824294
123.314236111,121.625000000,88.119179254,-43.452490444,67.522102749,80.295412605,11.493088856,77.041131121
123.440972222,121.750000000,88.158240160,-43.617511212,67.461370993,80.333827623,11.472166256,77.045397695
123.567708333,121.875000000,88.197245142,-43.782438576,67.400196154,80.372186540,11.451197909,77.049623715
123.694444444,122.000000000,88.236193962,-43.947271172,67.338578232,80.410489128,11.430183847,77.053808881
123.821180556,122.125000000,88.275086381,-44.112007635,67.276517229,80.448735155,11.409124102,77.057952891
123.947916667,122.250000000,88.313922160,-44.276646599,67.214013153,80.486924392,11.388018707,77.062055446
124.074652778,122.375000000,88.352701061,-44.441186572,67.151066062,80.525056580,11.366866748,77.064424170
124.201388889,122.500000000,88.391422833,-44.605625656,67.087676168,80.563131355,11.345664216,77.065573477
124.328125000,122.625000000,88.430087219,-44.769962412,67.023843504,80.601148456,11.324410687,77.066684369
124.454861111,122.750000000,88.468693962,-44.934195462,66.959568087,80.639107635,11.303106200,77.067756513
124.581597222,122.875000000,88.507242804,-45.098323428,66.894849934,80.677008644,11.281750791,77.068789574
124.708333333,123.000000000,88.545733487,-45.262344929,66.829689071,80.714851234,11.260344496,77.069783219
124.835069444,123.125000000,88.584165754,-45.426258582,66.764085527,80.752635158,11.238887352,77.070737117
124.961805556,123.250000000,88.622539346,-45.590063004,66.698039336,80.790360167,11.217379393,77.071650936
125.088541667,123.375000000,88.660854007,-45.753756908,66.631550498,80.828026036,11.195821389,77.073630372
125.215277778,123.500000000,88.699109486,-45.917339187,66.564618948,80.865632587,11.174215513,77.076044303
125.342013889,123.625000000,88.737305536,-46.080808476,66.497244734,80.903179586,11.152561930,77.078414974
125.468750000,123.750000000,88.775441909,-46.244163393,66.429427914,80.940666794,11.130860672,77.080742076
125.595486111,123.875000000,88.813518359,-46.407402553,66.361168553,80.978093973,11.109111766,77.083025302
125.722222222,124.000000000,88.851534638,-46.570524571,66.292466718,81.015460885,11.087315243,77.085264344
125.848958333,124.125000000,88.889490499,-46.733528061,66.223322482,81.052767292,11.065471129,77.087458895
125.975694444,124.250000000,88.927385695,-46.896411635,66.153735924,81.090012955,11.043579454,77.089608648
126.102430556,124.375000000,88.965219979,-47.059173817,66.083707165,81.127197616,11.021639552,77.090813873
126.229166667,124.500000000,89.002993097,-47.221813036,66.013236365,81.164320990,10.999650062,77.091761641
126.355902778,124.625000000,89.040704796,-47.384327894,65.942323615,81.201382832,10.977610974,77.092665201
126.482638889,124.750000000,89.078354820,-47.546716999,65.870969008,81.238382895,10.955522316,77.093524238
126.609375000,124.875000000,89.115942915,-47.708978954,65.799172642,81.275320935,10.933384118,77.094338432
126.736111111,125.000000000,89.153468827,-47.871112364,65.726934618,81.312196707,10.911196408,77.095107468
126.862847222,125.125000000,89.190932301,-48.033115832,65.654255046,81.349009964,10.888959212,77.095831030
126.989583333,125.250000000,89.228333082,-48.194987961,65.581134037,81.385760463,10.866672557,77.096508802
127.116319444,125.375000000,89.265670915,-48.356727253,65.507571753,81.422447934,10.844335697,77.096258074
127.243055556,125.500000000,89.302945540,-48.518332173,65.433568374,81.459072098,10.821947601,77.095883197
127.369791667,125.625000000,89.340156696,-48.679801318,65.359124024,81.495632702,10.799508291,77.095462925
127.496527778,125.750000000,89.377304123,-48.841133283,65.284238831,81.532129495,10.777017794,77.094996931
127.623263889,125.875000000,89.414387558,-49.002326664,65.208912928,81.568562227,10.754476137,77.094484892
127.750000000,126.000000000,89.451406741,-49.163380055,65.133146454,81.604930645,10.731883348,77.093926484
127.876736111,126.125000000,89.488361411,-49.324292052,65.056939553,81.641234498,10.709239450,77.093321385
128.003472222,126.250000000,89.525251307,-49.485061247,64.980292371,81.677473536,10.686544471,77.092686302
128.130208333,126.375000000,89.562076169,-49.645686312,64.903205025,81.713647525,10.663799063,77.092607997
128.256944444,126.500000000,89.598835739,-49.806165910,64.825677640,81.749756233,10.641003812,77.092481171
128.383680556,126.625000000,89.635529760,-49.966498636,64.747710383,81.785799414,10.618158740,77.092305512
128.510416667,126.750000000,89.672157975,-50.126683080,64.669303423,81.821776819,10.595263871,77.092080708
128.637152778,126.875000000,89.708720127,-50.286717835,64.590456935,81.857688201,10.572319226,77.091806449
128.763888889,127.000000000,89.745215961,-50.446601491,64.511171099,81.893533314,10.549324825,77.091482423
128.890625000,127.125000000,89.781645218,-50.606332639,64.431446101,81.929311909,10.526280691,77.091108320
129.017361111,127.250000000,89.818007642,-50.765909863,64.351282133,81.965023738,10.503186813,77.090460396
129.144097222,127.375000000,89.854302973,-50.925331512,64.270679510,82.000668498,10.480041276,77.088355437
129.270833333,127.500000000,89.890530945,-51.084596022,64.189638499,82.036245900,10.456842934,77.086201761
129.397569444,127.625000000,89.926691290,-51.243701977,64.108159300,82.071755685,10.433591810,77.083999041
129.524305556,127.750000000,89.962783739,-51.402647960,64.026242117,82.107197596,10.410287927,77.081746949
129.651041667,127.875000000,89.998808025,-51.561432553,63.943887160,82.142571375,10.386931305,77.079445160
129.777777778,128.000000000,90.034763880,-51.720054336,63.861094642,82.177876764,10.363521967,77.077093348
129.904513889,128.125000000,90.070651036,-51.878511891,63.777864783,82.213113506,10.340059933,77.074691188
130.031250000,128.250000000,90.106469225,-52.036803792,63.694197810,82.248281341,10.316545181,77.072066364
130.157986111,128.375000000,90.142218178,-52.194928506,63.610094013,82.283379987,10.292976810,77.068865641
130.284722222,128.500000000,90.177897621,-52.352884561,63.525553647,82.318409169,10.269354460,77.065614609
130.411458333,128.625000000,90.213507283,-52.510670536,63.440576951,82.353368626,10.245678150,77.062312936
130.538194444,128.750000000,90.249046891,-52.668285005,63.355164167,82.388258095,10.221947900,77.058960294
130.664930556,128.875000000,90.284516172,-52.825726545,63.269315541,82.423077315,10.198163729,77.055556352
130.791666667,129.000000000,90.319914853,-52.982993732,63.183031328,82.457826024,10.174325655,77.052100782
130.918402778,129.125000000,90.355242661,-53.140085139,63.096311784,82.492503958,10.150433698,77.048593257
131.045138889,129.250000000,90.390499325,-53.296999345,63.009157171,82.527110858,10.126487902,77.045115608
131.171875000,129.375000000,90.425684571,-53.453734963,62.921567734,82.561646469,10.102488611,77.041733638
131.298611111,129.500000000,90.460798129,-53.610290580,62.833543742,82.596110534,10.078435932,77.038298402
131.425347222,129.625000000,90.495839728,-53.766664770,62.745085474,82.630502792,10.054329882,77.034809579
131.552083333,129.750000000,90.530809096,-53.922856106,62.656193213,82.664822982,10.030170476,77.031266847
131.678819444,129.875000000,90.565705962,-54.078863162,62.566867251,82.699070844,10.005957728,77.027669886
131.805555556,130.000000000,90.600530056,-54.234684510,62.477107880,82.733246117,9.981691652,77.024018376
131.932291667,130.125000000,90.635281105,-54.390318725,62.386915402,82.767348540,9.957372263,77.020311999
132.059027778,130.250000000,90.669958839,-54.545764326,62.296290151,82.801377841,9.932999140,77.015592548
132.185763889,130.375000000,90.704562980,-54.701019522,62.205232644,82.835333675,9.908569311,77.009721077
132.312500000,130.500000000,90.739093243,-54.856082811,62.113743230,82.869215752,9.884082222,77.003796813
132.439236111,130.625000000,90.773549343,-55.010952757,62.021822223,82.903023800,9.859537889,76.997819415
132.565972222,130.750000000,90.807930993,-55.165627927,61.929469940,82.936757542,9.834936328,76.991788542
132.692708333,130.875000000,90.842237910,-55.320106885,61.836686706,82.970416707,9.810277553,76.985703855
132.819444444,131.000000000,90.876469807,-55.474388196,61.743472850,83.004001020,9.785561579,76.979565014
132.946180556,131.125000000,90.910626399,-55.628470424,61.649828707,83.037510206,9.760788420,76.973371682
133.072916667,131.250000000,90.944707401,-55.782352124,61.555754622,83.070943991,9.735958003,76.966970868
133.199652778,131.375000000,90.978712527,-55.936031814,61.461250968,83.104302089,9.711069957,76.960402535
133.326388889,131.500000000,91.012641490,-56.089508052,61.366318098,83.137584223,9.686124247,76.953779104
133.453125000,131.625000000,91.046494001,-56.242779401,61.270956367,83.170790118,9.661120887,76.947100234
133.579861111,131.750000000,91.080269775,-56.395844423,61.175166135,83.203919498,9.636059887,76.940365590
133.706597222,131.875000000,91.113968523,-56.548701682,61.078947768,83.236972088,9.610941258,76.933574834
133.833333333,132.000000000,91.147589959,-56.701349741,60.982301636,83.269947612,9.585765012,76.926727630
133.960069444,132.125000000,91.181133796,-56.853787163,60.885228115,83.302845794,9.560531158,76.919823644
134.086805556,132.250000000,91.214599747,-57.006012514,60.787727585,83.335666360,9.535239733,76.912902302
134.213541667,132.375000000,91.247987523,-57.158024367,60.689800427,83.368409037,9.509890825,76.905941726
134.340277778,132.500000000,91.281296840,-57.309821285,60.591447032,83.401073549,9.484484450,76.898923280
134.467013889,132.625000000,91.314527410,-57.461401831,60.492667799,83.433659621,9.459020614,76.891846633
134.593750000,132.750000000,91.347678946,-57.612764569,60.393463131,83.466166979,9.433499326,76.884711456
134.720486111,132.875000000,91.380751162,-57.763908062,60.293833435,83.498595347,9.407920591,76.877517417
134.847222222,133.000000000,91.413743770,-57.914830874,60.193779126,83.530944449,9.382284415,76.870264191
134.973958333,133.125000000,91.446656485,-58.065531567,60.093300624,83.563214012,9.356590805,76.862951447
135.100694444,133.250000000,91.479489016,-58.216008492,59.992398494,83.595403712,9.330837917,76.853207312
135.227430556,133.375000000,91.512241064,-58.366259752,59.891073463,83.627513164,9.305021874,76.842793911
135.354166667,133.500000000,91.544912320,-58.516283889,59.789325964,83.659542070,9.279142563,76.832324701
135.480902778,133.625000000,91.577502477,-58.666079456,59.687156428,83.691490136,9.253199992,76.821799319
135.607638889,133.750000000,91.610011226,-58.815645006,59.584565291,83.723357066,9.227194170,76.811217406
135.734375000,133.875000000,91.642438260,-58.964979095,59.481552995,83.755142567,9.201125105,76.800578601
135.861111111,134.000000000,91.674783272,-59.114080277,59.378119987,83.786846343,9.174992804,76.789882547
135.987847222,134.125000000,91.707045953,-59.262947106,59.274266720,83.818468101,9.148797274,76.779128886
136.114583333,134.250000000,91.739225997,-59.411578234,59.169993584,83.850007567,9.122539363,76.769263081
136.241319444,134.375000000,91.771323102,-59.559972356,59.065300949,83.881464480,9.096220284,76.759437660
136.368055556,134.500000000,91.803336968,-59.708128034,58.960189288,83.912838555,9.069840051,76.749551886
136.494791667,134.625000000,91.835267294,-59.856043827,58.854659079,83.944129502,9.043398666,76.739605419
136.621527778,134.750000000,91.867113780,-60.003718293,58.748710804,83.975337035,9.016896130,76.729597919
136.748263889,134.875000000,91.898876126,-60.151149993,58.642344954,84.006460866,8.990332444,76.719529047
136.875000000,135.000000000,91.930554030,-60.298337487,58.535562024,84.037500707,8.963707610,76.709398466
137.001736111,135.125000000,91.962147194,-60.445279336,58.428362513,84.068456272,8.937021625,76.699185270
137.128472222,135.250000000,91.993655315,-60.591973927,58.320747052,84.099327233,8.910272967,76.687430075
137.255208333,135.375000000,92.025078083,-60.738419656,58.212716267,84.130113262,8.883460190,76.675614588
137.381944444,135.500000000,92.056415188,-60.884615078,58.104270670,84.160814060,8.856583296,76.663738455
137.508680556,135.625000000,92.087666319,-61.030558752,57.995410778,84.191429331,8.829642285,76.651801327
137.635416667,135.750000000,92.118831164,-61.176249233,57.886137115,84.221958777,8.802637157,76.639802852
137.762152778,135.875000000,92.149909413,-61.321685080,57.776450208,84.252402100,8.775567911,76.627742680
137.888888889,136.000000000,92.180900754,-61.466864852,57.666350592,84.282759004,8.748434545,76.615620464
138.015625000,136.125000000,92.211804878,-61.611787106,57.555838807,84.313029190,8.721237045,76.603335873
138.142361111,136.250000000,92.242621470,-61.756450291,57.444915482,84.343212337,8.693974429,76.590278325
138.269097222,136.375000000,92.273350216,-61.900852897,57.333581217,84.373308129,8.666646075,76.577159041
138.395833333,136.500000000,92.303990799,-62.044993482,57.221836566,84.403316263,8.639251980,76.563977667
138.522569444,136.625000000,92.334542901,-62.188870603,57.109682088,84.433236436,8.611792142,76.550733848
138.649305556,136.750000000,92.365006206,-62.332482818,56.997118349,84.463068346,8.584266556,76.537427233
138.776041667,136.875000000,92.395380397,-62.475828688,56.884145919,84.492811690,8.556675218,76.524057470
138.902777778,137.000000000,92.425665158,-62.618906772,56.770765375,84.522466165,8.529018124,76.510624209
139.029513889,137.125000000,92.455860171,-62.761715633,56.656977297,84.552031469,8.501295276,76.497170348
139.156250000,137.250000000,92.485965121,-62.904253858,56.542782251,84.581507306,8.473506921,76.483794563
139.282986111,137.375000000,92.515979692,-63.046520023,56.428180822,84.610893376,8.445653161,76.470353926
139.409722222,137.500000000,92.545903568,-63.188512690,56.313173610,84.640189378,8.417733986,76.456848093
139.536458333,137.625000000,92.575736433,-63.330230425,56.197761219,84.669395012,8.389749390,76.443276722
139.663194444,137.750000000,92.605477974,-63.471671792,56.081944260,84.698509975,8.361699362,76.429639470
139.789930556,137.875000000,92.635127873,-63.612835356,55.965723350,84.727533967,8.333583894,76.415935997
139.916666667,138.000000000,92.664685816,-63.753719684,55.849099110,84.756466686,8.305402973,76.402165964
140.043402778,138.125000000,92.694151487,-63.894323343,55.732072171,84.785307830,8.277156576,76.388288698
140.170138889,138.250000000,92.723524571,-64.034644881,55.614643180,84.814057096,8.248844519,76.374266885
140.296875000,138.375000000,92.752804751,-64.174682862,55.496812780,84.842714179,8.220466739,76.360177694
140.423611111,138.500000000,92.781991711,-64.314435856,55.378581616,84.871278777,8.192023224,76.346020788
140.550347222,138.625000000,92.811085134,-64.453902433,55.259950338,84.899750590,8.163513959,76.331795831
140.677083333,138.750000000,92.840084705,-64.593081164,55.140919602,84.928129314,8.134938931,76.317502489
140.803819444,138.875000000,92.868990106,-64.731970622,55.021490069,84.956414649,8.106298125,76.303140427
140.930555556,139.000000000,92.897801023,-64.870569380,54.901662405,84.984606292,8.077591526,76.288709314
141.057291667,139.125000000,92.926517138,-65.008876038,54.781437263,85.012703946,8.048819352,76.274723250
141.184027778,139.250000000,92.955138139,-65.146889353,54.660815164,85.040707351,8.019983302,76.261289682
141.310763889,139.375000000,92.983663719,-65.284607943,54.539796766,85.068616219,7.991083701,76.247784227
141.437500000,139.500000000,93.012093568,-65.422030389,54.418382760,85.096430257,7.962120530,76.234206571
141.564236111,139.625000000,93.040427379,-65.559155276,54.296573847,85.124149170,7.933093767,76.220556398
141.690972222,139.750000000,93.068664844,-65.695981186,54.174370730,85.151772665,7.904003393,76.206833395
141.817708333,139.875000000,93.096805655,-65.832506707,54.051774119,85.179300447,7.874849386,76.193037249
141.944444444,140.000000000,93.124849504,-65.968730424,53.928784731,85.206732224,7.845631723,76.179167649
142.071180556,140.125000000,93.152796083,-66.104650935,53.805403277,85.234067702,7.816350480,76.165397057
142.197916667,140.250000000,93.180645086,-66.240266879,53.681630441,85.261306599,7.787006099,76.151686857
142.324652778,140.375000000,93.208396205,-66.375576853,53.557466952,85.288448625,7.757598614,76.137901790
142.451388889,140.500000000,93.236049137,-66.510579451,53.432913547,85.315493488,7.728128002,76.124041550
142.578125000,140.625000000,93.263603574,-66.645273266,53.307970973,85.342440895,7.698594236,76.110105834
142.704861111,140.750000000,93.291059212,-66.779656895,53.182639980,85.369290557,7.668997290,76.096094341
142.831597222,140.875000000,93.318415744,-66.913728934,53.056921323,85.396042181,7.639337136,76.082006768
142.958333333,141.000000000,93.345672865,-67.047487982,52.930815764,85.422695475,7.609613748,76.067842815
143.085069444,141.125000000,93.372830268,-67.180932659,52.804324052,85.449250152,7.579827297,76.053894093
143.211805556,141.250000000,93.399887652,-67.314061632,52.677446898,85.475705935,7.549978392,76.040010802
143.338541667,141.375000000,93.426844712,-67.446873511,52.550185078,85.502062537,7.520067050,76.026049561
143.465277778,141.500000000,93.453701146,-67.579366902,52.422539377,85.528319670,7.490093241,76.012010076
143.592013889,141.625000000,93.480456652,-67.711540411,52.294510587,85.554477045,7.460056933,75.997892057
143.718750000,141.750000000,93.507110928,-67.843392649,52.166099503,85.580534373,7.429958096,75.983695214
143.845486111,141.875000000,93.533663670,-67.974922226,52.037306928,85.606491366,7.399796695,75.969419256
143.972222222,142.000000000,93.560114576,-68.106127754,51.908133670,85.632347736,7.369572699,75.955063896
144.098958333,142.125000000,93.586463344,-68.237007944,51.778580447,85.658103214,7.339287048,75.941848502
144.225694444,142.250000000,93.612709681,-68.367561629,51.648647870,85.683757562,7.308941850,75.928893397
144.352430556,142.375000000,93.638853294,-68.497787441,51.518336761,85.709310503,7.278537144,75.915855693
144.479166667,142.500000000,93.664893894,-68.627684005,51.387647955,85.734761761,7.248072894,75.902735120
144.605902778,142.625000000,93.690831189,-68.757249947,51.256582292,85.760111057,7.217549060,75.889531411
144.732638889,142.750000000,93.716664888,-68.886483897,51.125140618,85.785358115,7.186965604,75.876244297
144.859375000,142.875000000,93.742394700,-69.015384485,50.993323783,85.810502656,7.156322487,75.862873512
144.986111111,143.000000000,93.768020335,-69.143950344,50.861132645,85.835544404,7.125619668,75.849418790
145.112847222,143.125000000,93.793541500,-69.272180056,50.728568119,85.860483070,7.094856576,75.835299014
145.239583333,143.250000000,93.818957901,-69.400072177,50.595631151,85.885318359,7.064032369,75.821024196
145.366319444,143.375000000,93.844269242,-69.527625342,50.462322613,85.910049989,7.033146999,75.806665608
145.493055556,143.500000000,93.869475227,-69.654838188,50.328643382,85.934677678,7.002200424,75.792222982
145.619791667,143.625000000,93.894575561,-69.781709354,50.194594341,85.959201145,6.971192602,75.777696051
145.746527778,143.750000000,93.919569947,-69.908237482,50.060176377,85.983620107,6.940123490,75.763084545
145.873263889,143.875000000,93.944458091,-70.034421213,49.925390384,86.007934283,6.908993046,75.748388201
146.000000000,144.000000000,93.969239695,-70.160259194,49.790237260,86.032143392,6.877801225,75.733606752
146.126736111,144.125000000,93.993914465,-70.285750158,49.654717818,86.056247169,6.846548893,75.719621167
146.253472222,144.250000000,94.018482111,-70.410892843,49.518832876,86.080245355,6.815236913,75.705548649
146.380208333,144.375000000,94.042942344,-70.535685905,49.382583352,86.104137674,6.783865239,75.691388945
146.506944444,144.500000000,94.067294874,-70.660128000,49.245970170,86.127923851,6.752433822,75.677141799
146.633680556,144.625000000,94.091539413,-70.784217787,49.108994258,86.151603611,6.720942616,75.662806960
146.760416667,144.750000000,94.115675670,-70.907953928,48.971656551,86.175176679,6.689391572,75.648384177
146.887152778,144.875000000,94.139703358,-71.031335086,48.833957988,86.198642778,6.657780640,75.633873197
147.013888889,145.000000000,94.163622185,-71.154359926,48.695899515,86.222001635,6.626109777,75.619317215
147.140625000,145.125000000,94.187431865,-71.277027162,48.557482031,86.245252983,6.594379422,75.605025207
147.267361111,145.250000000,94.211132110,-71.399335495,48.418706459,86.268396556,6.562589850,75.590643682
147.394097222,145.375000000,94.234722634,-71.521283601,48.279573761,86.291432080,6.530741009,75.576172398
147.520833333,145.500000000,94.258203151,-71.642870154,48.140084907,86.314359285,6.498832847,75.561611110
147.647569444,145.625000000,94.281573375,-71.764093833,48.000240868,86.337177896,6.466865311,75.546959577
147.774305556,145.750000000,94.304833019,-71.884953319,47.860042625,86.359887643,6.434838347,75.532217556
147.901041667,145.875000000,94.327981797,-72.005447295,47.719491161,86.382488253,6.402751901,75.517384808
148.027777778,146.000000000,94.351019423,-72.125574449,47.578587463,86.404979455,6.370605949,75.502592835
148.154513889,146.125000000,94.373945612,-72.245333545,47.437332438,86.427360991,6.338401273,75.488178466
148.281250000,146.250000000,94.396760082,-72.364723312,47.295727046,86.449632601,6.306138201,75.473671799
148.407986111,146.375000000,94.419462551,-72.483742444,47.153772295,86.471794016,6.273816673,75.459072600
148.534722222,146.500000000,94.442052738,-72.602389638,47.011469199,86.493844968,6.241436633,75.444380640
148.661458333,146.625000000,94.464530361,-72.720663596,46.868818774,86.515785191,6.208998022,75.429595687
148.788194444,146.750000000,94.486895138,-72.838563021,46.725822046,86.537614416,6.176500781,75.414717511
148.914930556,146.875000000,94.509146788,-72.956086616,46.582480042,86.559332375,6.143944851,75.399745884
149.041666667,147.000000000,94.531285028,-73.073233117,46.438793766,86.580938806,6.111330466,75.385534429
149.168402778,147.125000000,94.553309585,-73.190001583,46.294763835,86.602433512,6.078661477,75.372970021
149.295138889,147.250000000,94.575220196,-73.306390846,46.150391169,86.623816263,6.045939044,75.360307997
149.421875000,147.375000000,94.597016598,-73.422399633,46.005676825,86.645086808,6.013163103,75.347548151
149.548611111,147.500000000,94.618698531,-73.538026675,45.860621865,86.666244900,5.980333587,75.334690280
149.675347222,147.625000000,94.640265731,-73.653270704,45.715227357,86.687290290,5.947450433,75.321734181
149.802083333,147.750000000,94.661717937,-73.768130456,45.569494374,86.708222727,5.914513572,75.308679650
149.928819444,147.875000000,94.683054888,-73.882604668,45.423423993,86.729041963,5.881522939,75.295526486
150.055555556,148.000000000,94.704276320,-73.996692095,45.277017282,86.749747751,5.848478597,75.282560244
150.182291667,148.125000000,94.725381976,-74.110391567,45.130275219,86.770339861,5.815381500,75.269860498
150.309027778,148.250000000,94.746371597,-74.223701854,44.983198875,86.790818051,5.782231794,75.257060693
150.435763889,148.375000000,94.767244926,-74.336621708,44.835789349,86.811182076,5.749029411,75.244160634
150.562500000,148.500000000,94.788001707,-74.449149884,44.688047748,86.831431694,5.715774279,75.231160129
150.689236111,148.625000000,94.808641683,-74.561285142,44.539975180,86.851566659,5.682466329,75.218058984
150.815972222,148.750000000,94.829164597,-74.673026242,44.391572763,86.871586727,5.649105488,75.204857007
150.942708333,148.875000000,94.849570191,-74.784371948,44.242841616,86.891491654,5.615691687,75.191554006
151.069444444,149.000000000,94.869858210,-74.895321077,44.093782800,86.911281206,5.582225430,75.179151996
151.196180556,149.125000000,94.890028404,-75.005872645,43.944397126,86.930955188,5.548709528,75.167473681
151.322916667,149.250000000,94.910080529,-75.116025464,43.794685690,86.950513375,5.515144300,75.155691563
151.449652778,149.375000000,94.930014344,-75.225778320,43.644649637,86.969955536,5.481529670,75.143805466
151.576388889,149.500000000,94.949829604,-75.335130002,43.494290119,86.989281439,5.447865562,75.131815213
151.703125000,149.625000000,94.969526068,-75.444079299,43.343608289,87.008490855,5.414151900,75.119720630
151.829861111,149.750000000,94.989103492,-75.552625008,43.192605309,87.027583552,5.380388606,75.107521544
151.956597222,149.875000000,95.008561634,-75.660765923,43.041282344,87.046559300,5.346575603,75.095217779
152.083333333,150.000000000,95.027900251,-75.768500913,42.889640473,87.065417880,5.312713618,75.083965550
152.210069444,150.125000000,95.047119109,-75.875829005,42.737680566,87.084159106,5.278805270,75.073208933
152.336805556,150.250000000,95.066217978,-75.982749030,42.585403783,87.102782765,5.244850697,75.062345143
152.463541667,150.375000000,95.085196630,-76.089259808,42.432811314,87.121288639,5.210849817,75.051374021
152.590277778,150.500000000,95.104054834,-76.195360160,42.279904351,87.139676508,5.176802549,75.040295407
152.717013889,150.625000000,95.122792361,-76.301048912,42.126684095,87.157946155,5.142708811,75.029109142
152.843750000,150.750000000,95.141408983,-76.406324893,41.973151750,87.176097363,5.108568520,75.017815070
152.970486111,150.875000000,95.159904470,-76.511186934,41.819308522,87.194129913,5.074381595,75.006413031
153.097222222,151.000000000,95.178278594,-76.615633951,41.665155508,87.212043602,5.040148969,74.996154138
153.223958333,151.125000000,95.196531134,-76.719664973,41.510693658,87.229838252,5.005872910,74.986165295
153.350694444,151.250000000,95.214661873,-76.823278857,41.355924188,87.247513659,4.971553425,74.976066306
153.477430556,151.375000000,95.232670595,-76.926474456,41.200848327,87.265069616,4.937190429,74.965857025
153.604166667,151.500000000,95.250557083,-77.029250627,41.045467314,87.282505917,4.902783834,74.955537309
153.730902778,151.625000000,95.268321121,-77.131606231,40.889782388,87.299822357,4.868333553,74.945107012
153.857638889,151.750000000,95.285962492,-77.233540132,40.733794794,87.317018729,4.833839500,74.934565991
153.984375000,151.875000000,95.303480979,-77.335051197,40.577505784,87.334094827,4.799301586,74.923914103
154.111111111,152.000000000,95.320876366,-77.436138373,40.420916495,87.351050460,4.764720708,74.914205793
154.237847222,152.125000000,95.338148445,-77.536800658,40.264028008,87.367885448,4.730098335,74.904533509
154.364583333,152.250000000,95.355297008,-77.637036937,40.106841586,87.384599595,4.695434395,74.894748741
154.491319444,152.375000000,95.372321848,-77.736846098,39.949358500,87.401192702,4.660728800,74.884851353
154.618055556,152.500000000,95.389222757,-77.836227032,39.791580026,87.417664574,4.625981456,74.874841212
154.744791667,152.625000000,95.405999528,-77.935178635,39.633507445,87.434015013,4.591192274,74.864718185
154.871527778,152.750000000,95.422651954,-78.033699806,39.475142041,87.450243822,4.556361160,74.854482138
154.998263889,152.875000000,95.439179828,-78.131789448,39.316485103,87.466350805,4.521488024,74.844132940
155.125000000,153.000000000,95.455582944,-78.229446562,39.157537773,87.482335782,4.486574052,74.834884938
155.251736111,153.125000000,95.471861102,-78.326670162,38.998301192,87.498198578,4.451620503,74.825539230
155.378472222,153.250000000,95.488014105,-78.423459168,38.838776664,87.513939008,4.416627281,74.816078816
155.505208333,153.375000000,95.504041756,-78.519812505,38.678965500,87.529556882,4.381594292,74.806503571
155.631944444,153.500000000,95.519943856,-78.615729099,38.518869013,87.545052012,4.346521440,74.796813373
155.758680556,153.625000000,95.535720208,-78.711207884,38.358488522,87.560424213,4.311408631,74.787008099
155.885416667,153.750000000,95.551370614,-78.806247794,38.197825351,87.575673294,4.276255769,74.777087625
156.012152778,153.875000000,95.566894878,-78.900847771,38.036880822,87.590799070,4.241062778,74.767269991
156.138888889,154.000000000,95.582292804,-78.995006963,37.875655926,87.605801389,4.205832424,74.759392759
156.265625000,154.125000000,95.597564211,-79.088724467,37.714151762,87.620680099,4.170566598,74.751397980
156.392361111,154.250000000,95.612708919,-79.181999247,37.552369675,87.635435030,4.135265203,74.743285543
156.519097222,154.375000000,95.627726749,-79.274830268,37.390311015,87.650066011,4.099928138,74.735055339
156.645833333,154.500000000,95.642617520,-79.367216501,37.227977135,87.664572871,4.064555304,74.726707261
156.772569444,154.625000000,95.657381053,-79.459156921,37.065369393,87.678955439,4.029146601,74.718241199
156.899305556,154.750000000,95.672017168,-79.550650507,36.902489152,87.693213544,3.993701927,74.709657046
157.026041667,154.875000000,95.686525685,-79.641696243,36.739337773,87.707347015,3.958221202,74.701049217
157.152777778,155.000000000,95.700906425,-79.732293162,36.575916549,87.721355691,3.922704982,74.692688339
157.279513889,155.125000000,95.715159212,-79.822440278,36.412226815,87.735239405,3.887153476,74.684208672
157.406250000,155.250000000,95.729283870,-79.912136588,36.248269951,87.748997992,3.851566581,74.675610113
157.532986111,155.375000000,95.743280223,-80.001381096,36.084047341,87.762631283,3.815944195,74.666892559
157.659722222,155.500000000,95.757148094,-80.090172806,35.919560372,87.776139112,3.780286215,74.658055906
157.786458333,155.625000000,95.770887306,-80.178510729,35.754810436,87.789521311,3.744592538,74.649100052
157.913194444,155.750000000,95.784497685,-80.266393879,35.589798927,87.802777713,3.708863059,74.640024896
158.039930556,155.875000000,95.797979054,-80.353821290,35.424527220,87.815908153,3.673097887,74.631451555
158.166666667,156.000000000,95.811331242,-80.440792187,35.258996344,87.828912499,3.637299956,74.624108176
158.293402778,156.125000000,95.824554087,-80.527305670,35.093207588,87.841790608,3.601470158,74.616643660
158.420138889,156.250000000,95.837647430,-80.613360781,34.927162366,87.854542327,3.565608385,74.609057916
158.546875000,156.375000000,95.850611110,-80.698956567,34.760862099,87.867167502,3.529714531,74.601350853
158.673611111,156.500000000,95.863444965,-80.784092077,34.594308209,87.879665983,3.493788490,74.593522379
158.800347222,156.625000000,95.876148836,-80.868766367,34.427502123,87.892037615,3.457830153,74.585572404
158.927083333,156.750000000,95.888722561,-80.952978494,34.260445273,87.904282247,3.421839414,74.577500838
159.053819444,156.875000000,95.901165981,-81.036727532,34.093139077,87.916399728,3.385816291,74.569582053
159.180555556,157.000000000,95.913478936,-81.120012613,33.925584844,87.928389916,3.349761714,74.561913013
159.307291667,157.125000000,95.925661272,-81.202832828,33.757783990,87.940252667,3.313675805,74.554121644
159.434027778,157.250000000,95.937712831,-81.285187257,33.589737961,87.951987832,3.277558455,74.546207858
159.560763889,157.375000000,95.949633460,-81.367074984,33.421448208,87.963595264,3.241409555,74.538171571
159.687500000,157.500000000,95.961423003,-81.448495099,33.252916186,87.975074816,3.205228995,74.530012698
159.814236111,157.625000000,95.973081303,-81.529446696,33.084143353,87.986426339,3.169016664,74.521731154
159.940972222,157.750000000,95.984608206,-81.609928872,32.915131172,87.997649688,3.132772453,74.513326856
160.067708333,157.875000000,95.996003557,-81.689940780,32.745881005,88.008744721,3.096497074,74.506222883
160.194444444,158.000000000,96.007267210,-81.769481792,32.576393777,88.019711339,3.060194734,74.500235333
160.321180556,158.125000000,96.018399032,-81.848551071,32.406670889,88.030549416,3.023865945,74.494123009
160.447916667,158.250000000,96.029398888,-81.927147746,32.236713822,88.041258827,2.987510594,74.487885839
160.574652778,158.375000000,96.040266644,-82.005270953,32.066524062,88.051839444,2.951128568,74.481523750
160.701388889,158.500000000,96.051002165,-82.082919830,31.896103095,88.062291138,2.914719754,74.475036670
160.828125000,158.625000000,96.061605317,-82.160093521,31.725452416,88.072613782,2.878284037,74.468424528
160.954861111,158.750000000,96.072075965,-82.236791177,31.554573518,88.082807249,2.841821305,74.461687253
161.081597222,158.875000000,96.082413975,-82.313011938,31.383467925,88.092871410,2.805331256,74.454559467
161.208333333,159.000000000,96.092619211,-82.388754926,31.212137221,88.102806131,2.768813126,74.447159855
161.335069444,159.125000000,96.102691535,-82.464019298,31.040582918,88.112611281,2.732266742,74.439635159
161.461805556,159.250000000,96.112630809,-82.538804220,30.868806524,88.122286729,2.695691989,74.431985307
161.588541667,159.375000000,96.122436896,-82.613108863,30.696809552,88.131832346,2.659088754,74.424210229
161.715277778,159.500000000,96.132109658,-82.686932401,30.524593515,88.141248000,2.622456919,74.416309856
161.842013889,159.625000000,96.141648957,-82.760274014,30.352159933,88.150533563,2.585796371,74.408284117
161.968750000,159.750000000,96.151054657,-82.833132888,30.179510326,88.159688904,2.549106992,74.400132944
162.095486111,159.875000000,96.160326619,-82.905508285,30.006646052,88.168713902,2.512389978,74.393458614
162.222222222,160.000000000,96.169464719,-82.977399576,29.833568232,88.177608461,2.475648385,74.387181977
162.348958333,160.125000000,96.178468835,-83.048805981,29.660278384,88.186372466,2.438882233,74.380778406
162.475694444,160.250000000,96.187338847,-83.119726714,29.486778046,88.195005803,2.402091406,74.374247842
162.602430556,160.375000000,96.196074634,-83.190160996,29.313068759,88.203508357,2.365275785,74.367590224
162.729166667,160.500000000,96.204676075,-83.260108051,29.139152069,88.211880016,2.328435252,74.360805492
162.855902778,160.625000000,96.213143051,-83.329567110,28.965029523,88.220120664,2.291569689,74.353893587
162.982638889,160.750000000,96.221475439,-83.398537407,28.790702672,88.228230187,2.254678975,74.346854450
163.109375000,160.875000000,96.229673121,-83.467018233,28.616172946,88.236208479,2.217763952,74.340708050
163.236111111,161.000000000,96.237735982,-83.535008918,28.441441696,88.244055441,2.180826090,74.334595606
163.362847222,161.125000000,96.245663913,-83.602508719,28.266510480,88.251770967,2.143865295,74.328355110
163.489583333,161.250000000,96.253456800,-83.669516898,28.091380865,88.259354954,2.106881445,74.321986509
163.616319444,161.375000000,96.261114534,-83.736032720,27.916054419,88.266807295,2.069874421,74.315489748
163.743055556,161.500000000,96.268637002,-83.802055457,27.740532711,88.274127886,2.032844101,74.308864775
163.869791667,161.625000000,96.276024094,-83.867584386,27.564817315,88.281316621,1.995790365,74.302111538
163.996527778,161.750000000,96.283275699,-83.932618786,27.388909810,88.288373395,1.958713091,74.295229985
164.123263889,161.875000000,96.290391706,-83.997157996,27.212811635,88.295298111,1.921613208,74.289208594
164.250000000,162.000000000,96.297372011,-84.061201368,27.036524224,88.302090675,1.884491761,74.283086111
164.376736111,162.125000000,96.304216510,-84.124748205,26.860049162,88.308750991,1.847348630,74.276834634
164.503472222,162.250000000,96.310925101,-84.187797812,26.683388039,88.315278960,1.810183691,74.270454116
164.630208333,162.375000000,96.317497681,-84.250349503,26.506542447,88.321674485,1.772996822,74.263944509
164.756944444,162.500000000,96.323934146,-84.312402594,26.329513982,88.327937470,1.735787901,74.257305768
164.883680556,162.625000000,96.330234393,-84.373956408,26.152304242,88.334067817,1.698556805,74.250537845
165.010416667,162.750000000,96.336398319,-84.435010273,25.974914826,88.340065429,1.661303421,74.243762599
165.137152778,162.875000000,96.342425824,-84.495563608,25.797347091,88.345930220,1.624029491,74.238218964
165.263888889,163.000000000,96.348316815,-84.555615820,25.619602465,88.351662108,1.586736257,74.232545300
165.390625000,163.125000000,96.354071201,-84.615166260,25.441682559,88.357261007,1.549423594,74.226741568
165.517361111,163.250000000,96.359688890,-84.674214283,25.263588987,88.362726831,1.512091378,74.220807728
165.644097222,163.375000000,96.365169791,-84.732759252,25.085323365,88.368059494,1.474739484,74.214743738
165.770833333,163.500000000,96.370513814,-84.790800533,24.906887311,88.373258911,1.437367789,74.208549560
165.897569444,163.625000000,96.375720866,-84.848337499,24.728282446,88.378324996,1.399976165,74.202225155
166.024305556,163.750000000,96.380790857,-84.905369530,24.549510383,88.383257663,1.362564574,74.196172771
166.151041667,163.875000000,96.385723700,-84.961896139,24.370572349,88.388056841,1.325135898,74.191684926
166.277777778,164.000000000,96.390519319,-85.017916788,24.191469775,88.392722466,1.287691509,74.187065875
166.404513889,164.125000000,96.395177641,-85.073430881,24.012204296,88.397254466,1.250231282,74.182315588
166.531250000,164.250000000,96.399698590,-85.128437828,23.832777547,88.401652771,1.212755091,74.177434031
166.657986111,164.375000000,96.404082093,-85.182937044,23.653191168,88.405917312,1.175262809,74.172421173
166.784722222,164.500000000,96.408328074,-85.236927949,23.473446798,88.410048019,1.137754310,74.167276984
166.911458333,164.625000000,96.412436460,-85.290409969,23.293546083,88.414044822,1.100229467,74.162001431
167.038194444,164.750000000,96.416407177,-85.343382540,23.113490650,88.417907651,1.062688272,74.156955804
167.164930556,164.875000000,96.420240153,-85.395845174,22.933281898,88.421636445,1.025132466,74.152616080
167.291666667,165.000000000,96.423935323,-85.447797344,22.752921392,88.425231144,0.987562562,74.148144481
167.418402778,165.125000000,96.427492623,-85.499238505,22.572410786,88.428691688,0.949978433,74.143540981
167.545138889,165.250000000,96.430911987,-85.550168115,22.391751737,88.432018016,0.912379951,74.138805553
167.671875000,165.375000000,96.434193352,-85.600585640,22.210945900,88.435210067,0.874766988,74.133938173
167.798611111,165.500000000,96.437336652,-85.650490548,22.029994938,88.438267781,0.837139417,74.128938813
167.925347222,165.625000000,96.440341823,-85.699882317,21.848900511,88.441191097,0.799497109,74.123807450
168.052083333,165.750000000,96.443208800,-85.748760449,21.667664197,88.443979955,0.761840573,74.119955331
168.178819444,165.875000000,96.445937531,-85.797124644,21.486286912,88.446634319,0.724175272,74.117993358
168.305555556,166.000000000,96.448527978,-85.844974457,21.304770150,88.449154155,0.686502386,74.115898427
168.432291667,166.125000000,96.450980103,-85.892309405,21.123115587,88.451539427,0.648821784,74.113670522
168.559027778,166.250000000,96.453293870,-85.939129009,20.941324898,88.453790102,0.611133339,74.111309627
168.685763889,166.375000000,96.455469242,-85.985432797,20.759399761,88.455906144,0.573436920,74.108815727
168.812500000,166.500000000,96.457506182,-86.031220300,20.577341855,88.457887518,0.535732399,74.106188807
168.939236111,166.625000000,96.459404652,-86.076491057,20.395152862,88.459734190,0.498019647,74.103428852
169.065972222,166.750000000,96.461164616,-86.121244624,20.212834409,88.461446125,0.460298948,74.101261796
169.192708333,166.875000000,96.462786044,-86.165480633,20.030387870,88.463023298,0.422572469,74.099630145
169.319444444,167.000000000,96.464268907,-86.209198657,19.847814884,88.464465684,0.384840433,74.097865198
169.446180556,167.125000000,96.465613182,-86.252398262,19.665117143,88.465773259,0.347102709,74.095966946
169.572916667,167.250000000,96.466818842,-86.295079024,19.482296336,88.466945999,0.309359168,74.093935379
169.699652778,167.375000000,96.467885862,-86.337240521,19.299354156,88.467983879,0.271609680,74.091770487
169.826388889,167.500000000,96.468814216,-86.378882338,19.116292299,88.468886877,0.233854115,74.089472260
169.953125000,167.625000000,96.469603877,-86.420004065,18.933112458,88.469654967,0.196092344,74.087040691
170.079861111,167.750000000,96.470254822,-86.460605350,18.749816102,88.470288128,0.158325921,74.086911133
170.206597222,167.875000000,96.470767044,-86.500685996,18.566404084,88.470786355,0.120560943,74.088077518
170.333333333,168.000000000,96.471140547,-86.540245647,18.382878029,88.471149655,0.082797858,74.089110359
170.460069444,168.125000000,96.471375337,-86.579283938,18.199239642,88.471378032,0.045036538,74.090009656
170.586805556,168.250000000,96.471471419,-86.617800508,18.015490629,88.471471490,0.007276852,74.090775410
170.713541667,168.375000000,96.471428800,-86.655795003,17.831632700,88.471430034,0.030481330,74.091407622
170.840277778,168.500000000,96.471247483,-86.693267072,17.647667562,88.471253670,0.068238138,74.091906293
170.967013889,168.625000000,96.470927476,-86.730216372,17.463596927,88.470942403,0.105993702,74.092271426
171.093750000,168.750000000,96.470468783,-86.766642597,17.279422355,88.470496237,0.143747066,74.093840769
171.220486111,168.875000000,96.469871421,-86.802545495,17.095145186,88.469915188,0.181495608,74.095747385
171.347222222,169.000000000,96.469135410,-86.837924753,16.910767114,88.469199272,0.219239323,74.097520607
171.473958333,169.125000000,96.468260768,-86.872780062,16.726289857,88.468348510,0.256978342,74.099160444
171.600694444,169.250000000,96.467247518,-86.907111115,16.541715132,88.467362919,0.294712794,74.100666902
171.727430556,169.375000000,96.466095678,-86.940917613,16.357044656,88.466242518,0.332442810,74.102039989
171.854166667,169.500000000,96.464805268,-86.974199263,16.172280149,88.464987326,0.370168518,74.103279712
171.980902778,169.625000000,96.463376309,-87.006955777,15.987423330,88.463597363,0.407890050,74.104386081
172.107638889,169.750000000,96.461808823,-87.039186930,15.802475605,88.462072646,0.445605240,74.107818129
172.234375000,169.875000000,96.460102847,-87.070892554,15.617438149,88.460413206,0.483310228,74.111553577
172.361111111,170.000000000,96.458258425,-87.102072396,15.432312677,88.458619084,0.521005070,74.115156197
172.487847222,170.125000000,96.456275601,-87.132726205,15.247100914,88.456690319,0.558689895,74.118626006
172.614583333,170.250000000,96.454154417,-87.162853741,15.061804586,88.454626954,0.596364832,74.121963020
172.741319444,170.375000000,96.451894916,-87.192454763,14.876425421,88.452429028,0.634030011,74.125167255
172.868055556,170.500000000,96.449497143,-87.221529042,14.690965146,88.450096582,0.671685560,74.128238729
172.994791667,170.625000000,96.446961141,-87.250076352,14.505425489,88.447629657,0.709331608,74.131177457
173.121527778,170.750000000,96.444286955,-87.278096503,14.319807978,88.445028293,0.746966838,74.135358442
173.248263889,170.875000000,96.441474637,-87.305589323,14.134114110,88.442292535,0.784589681,74.139466008
173.375000000,171.000000000,96.438524242,-87.332554613,13.948345616,88.439422435,0.822200264,74.143441255
173.501736111,171.125000000,96.435435826,-87.358992176,13.762504225,88.436418045,0.859798715,74.147284205
173.628472222,171.250000000,96.432209444,-87.384901825,13.576591670,88.433279416,0.897385160,74.150994881
173.755208333,171.375000000,96.428845149,-87.410283375,13.390609683,88.430006600,0.934959730,74.154573305
173.881944444,171.500000000,96.425342998,-87.435136649,13.204559996,88.426599650,0.972522551,74.158019500
174.008680556,171.625000000,96.421703044,-87.459461477,13.018444339,88.423058615,1.010073740,74.161485389
174.135416667,171.750000000,96.417925348,-87.483257744,12.832264067,88.419383545,1.047610684,74.166885305
174.262152778,171.875000000,96.414009978,-87.506525337,12.646020621,88.415574500,1.085131401,74.172153787
174.388888889,172.000000000,96.409957008,-87.529264116,12.459715738,88.411631548,1.122636018,74.177290863
174.515625000,172.125000000,96.405766511,-87.551473943,12.273351152,88.407554757,1.160124663,74.182296564
174.642361111,172.250000000,96.401438559,-87.573154688,12.086928598,88.403344196,1.197597462,74.187170920
174.769097222,172.375000000,96.396973225,-87.594306228,11.900449811,88.398999933,1.235054541,74.191913962
174.895833333,172.500000000,96.392370582,-87.614928442,11.713916528,88.394522038,1.272496027,74.196525721
175.022569444,172.625000000,96.387630703,-87.635021219,11.527330477,88.389910578,1.309922005,74.201216834
175.149305556,172.750000000,96.382753663,-87.654584477,11.340693163,88.385165618,1.347330928,74.206749025
175.276041667,172.875000000,96.377739544,-87.673618136,11.154006199,88.380287233,1.384722047,74.212150488
175.402777778,173.000000000,96.372588427,-87.692122105,10.967271322,88.375275499,1.422095487,74.217421258
175.529513889,173.125000000,96.367300395,-87.710096301,10.780490268,88.370130494,1.459451375,74.222561372
175.656250000,173.250000000,96.361875531,-87.727540648,10.593664773,88.364852297,1.496789834,74.227570865
175.782986111,173.375000000,96.356313916,-87.744455073,10.406796572,88.359440983,1.534110991,74.232449774
175.909722222,173.500000000,96.350615633,-87.760839510,10.219887402,88.353896632,1.571414970,74.237198137
176.036458333,173.625000000,96.344780764,-87.776693904,10.032938965,88.348219320,1.608701662,74.242557367
176.163194444,173.750000000,96.338809399,-87.792018251,9.845952445,88.342409114,1.645967222,74.249622679
176.289930556,173.875000000,96.332701640,-87.806812532,9.658929379,88.336466105,1.683210342,74.256558745
176.416666667,174.000000000,96.326457588,-87.821076720,9.471871504,88.330390388,1.720431148,74.263365611
176.543402778,174.125000000,96.320077349,-87.834810792,9.284780554,88.324182061,1.757629761,74.270043323
176.670138889,174.250000000,96.313561023,-87.848014730,9.097658267,88.317841221,1.794806305,74.276591928
176.796875000,174.375000000,96.306908715,-87.860688525,8.910506375,88.311367966,1.831960903,74.283011471
176.923611111,174.500000000,96.300120527,-87.872832171,8.723326615,88.304762391,1.869093676,74.289301999
177.050347222,174.625000000,96.293196562,-87.884445670,8.536120693,88.298024594,1.906204554,74.295912517
177.177083333,174.750000000,96.286136927,-87.895529047,8.348890088,88.291154666,1.943291834,74.303075711
177.303819444,174.875000000,96.278941734,-87.906082325,8.161636471,88.284152710,1.980355190,74.310110635
177.430555556,175.000000000,96.271611095,-87.916105528,7.974361576,88.277018831,2.017394743,74.317017343
177.557291667,175.125000000,96.264145122,-87.925598685,7.787067134,88.269753136,2.054410615,74.323795886
177.684027778,175.250000000,96.256543926,-87.934561834,7.599754878,88.262355730,2.091402926,74.330446317
177.810763889,175.375000000,96.248807621,-87.942995015,7.412426537,88.254826720,2.128371797,74.336968690
177.937500000,175.500000000,96.240936317,-87.950898275,7.225083844,88.247166209,2.165317348,74.343363057
178.064236111,175.625000000,96.232930128,-87.958271675,7.037728387,88.239374301,2.202238701,74.351438209
178.190972222,175.750000000,96.224789180,-87.965115316,6.850361084,88.231451079,2.239130148,74.361147008
178.317708333,175.875000000,96.216513612,-87.971429285,6.662983532,88.223396670,2.275990861,74.370730222
178.444444444,176.000000000,96.208103566,-87.977213674,6.475597459,88.215211207,2.312820959,74.380187918
178.571180556,176.125000000,96.199559182,-87.982468577,6.288204594,88.206894821,2.349620560,74.389520160
178.697916667,176.250000000,96.190880601,-87.987194098,6.100806664,88.198447646,2.386389780,74.398727018
178.824652778,176.375000000,96.182067963,-87.991390342,5.913405392,88.189869813,2.423128737,74.407808558
178.951388889,176.500000000,96.173121408,-87.995057423,5.726002506,88.181161455,2.459837547,74.416764848
179.078125000,176.625000000,96.164041078,-87.998195460,5.538599683,88.172322702,2.496516017,74.426059517
179.204861111,176.750000000,96.154827116,-88.000804585,5.351198480,88.163353684,2.533163060,74.435517949
179.331597222,176.875000000,96.145479669,-88.002884931,5.163800600,88.154254536,2.569778671,74.444851882
179.458333333,177.000000000,96.135998883,-88.004436639,4.976407765,88.145025398,2.606362966,74.454061389
179.585069444,177.125000000,96.126384905,-88.005459855,4.789021693,88.135666407,2.642916058,74.463146543
179.711805556,177.250000000,96.116637882,-88.005954730,4.601644103,88.126177702,2.679438064,74.472107417
179.838541667,177.375000000,96.106757960,-88.005921422,4.414276711,88.116559421,2.715929098,74.480944085
179.965277778,177.500000000,96.096745285,-88.005360094,4.226921234,88.106811702,2.752389273,74.489656622
180.092013889,177.625000000,96.086600006,-88.004270915,4.039579138,88.096934674,2.788816937,74.500490522
180.218750000,177.750000000,96.076322286,-88.002654067,3.852251483,88.086928453,2.825207520,74.512049899
180.345486111,177.875000000,96.065912295,-88.000509747,3.664939948,88.076793201,2.861560881,74.523487852
180.472222222,178.000000000,96.055370205,-87.997838158,3.477646242,88.066529078,2.897877132,74.534804468
180.598958333,178.125000000,96.044696186,-87.994639508,3.290372076,88.056136246,2.934156385,74.545999835
180.725694444,178.250000000,96.033890410,-87.990914011,3.103119157,88.045614865,2.970398748,74.557074043
180.852430556,178.375000000,96.022953048,-87.986661887,2.915889192,88.034965098,3.006604333,74.568027181
180.979166667,178.500000000,96.011884272,-87.981883361,2.728683885,88.024187105,3.042773249,74.578859338
181.105902778,178.625000000,96.000684252,-87.976578664,2.541504863,88.013281045,3.078905057,74.590177911
181.232638889,178.750000000,95.989353164,-87.970748029,2.354353688,88.002247074,3.114998867,74.601495741
181.359375000,178.875000000,95.977891185,-87.964391705,2.167232058,87.991085360,3.151054765,74.612693505
181.486111111,179.000000000,95.966298492,-87.957509943,1.980141671,87.979796069,3.187072858,74.623771298
181.612847222,179.125000000,95.954575261,-87.950103000,1.793084224,87.968379369,3.223053256,74.634729215
181.739583333,179.250000000,95.942721670,-87.942171140,1.606061411,87.956835425,3.258996064,74.645567353
181.866319444,179.375000000,95.930737895,-87.933714631,1.419074927,87.945164407,3.294901390,74.656285807
181.993055556,179.500000000,95.918624114,-87.924733749,1.232126461,87.933366480,3.330769340,74.666884676
182.119791667,179.625000000,95.906380505,-87.915228757,1.045217354,87.921441792,3.366597497,74.679844719
182.246527778,179.750000000,95.894007263,-87.905199931,0.858348856,87.909390498,3.402382846,74.692831593
182.373263889,179.875000000,95.881504586,-87.894647577,0.671522655,87.897212785,3.438125482,74.705701669
182.500000000,180.000000000,95.868872669,-87.883572004,0.484740434,87.884908838,3.473825509,74.718455058
182.626736111,180.125000000,95.856111712,-87.871973530,0.298003875,87.872478845,3.509483031,74.731091871
182.753472222,180.250000000,95.843221912,-87.859852477,0.111314658,87.859922992,3.545098149,74.743612222
182.880208333,180.375000000,95.830203466,-87.847209171,-0.075325537,87.847241466,3.580670965,74.756016222
183.006944444,180.500000000,95.817056572,-87.834043947,-0.261915036,87.834434452,3.616201580,74.768342854
183.133680556,180.625000000,95.803781429,-87.820357135,-0.448452281,87.821502132,3.651689254,74.781224232
183.260416667,180.750000000,95.790378238,-87.806149075,-0.634935694,87.808444689,3.687133408,74.793990322
183.387152778,180.875000000,95.776847204,-87.791420120,-0.821363606,87.795262315,3.722534141,74.806641242
183.513888889,181.000000000,95.763188529,-87.776170631,-1.007734350,87.781955202,3.757891553,74.819177111
183.640625000,181.125000000,95.749402416,-87.760400970,-1.194046259,87.768523543,3.793205744,74.831598048
183.767361111,181.250000000,95.735489069,-87.744111509,-1.380297669,87.754967529,3.828476813,74.843904175
183.894097222,181.375000000,95.721448690,-87.727302621,-1.566486921,87.741287353,3.863704857,74.856095611
184.020833333,181.500000000,95.707281484,-87.709974687,-1.752612362,87.727483206,3.898889923,74.868465686
184.147569444,181.625000000,95.692987656,-87.692128064,-1.938672673,87.713555259,3.934029677,74.882212887
184.274305556,181.750000000,95.678567422,-87.673763134,-2.124666385,87.699503701,3.969122883,74.895847659
184.401041667,181.875000000,95.664021000,-87.654880305,-2.310591847,87.685328738,4.004169635,74.909370136
184.527777778,182.000000000,95.649348606,-87.635479987,-2.496447409,87.671030576,4.039170029,74.922780451
184.654513889,182.125000000,95.634550458,-87.615562598,-2.682231424,87.656609419,4.074124159,74.936078736
184.781250000,182.250000000,95.619626773,-87.595128561,-2.867942246,87.642065473,4.109032120,74.949265127
184.907986111,182.375000000,95.604577768,-87.574178303,-3.053578235,87.627398943,4.143894005,74.962339757
185.034722222,182.500000000,95.589403660,-87.552712257,-3.239137761,87.612610034,4.178709828,74.975574775
185.161458333,182.625000000,95.574104668,-87.530730839,-3.424619393,87.597698938,4.213478203,74.989419841
185.288194444,182.750000000,95.558681018,-87.508234489,-3.610021572,87.582665860,4.248198663,75.003154668
185.414930556,182.875000000,95.543132934,-87.485223661,-3.795342667,87.567511013,4.282871300,75.016779399
185.541666667,183.000000000,95.527460641,-87.461698816,-3.980581049,87.552234610,4.317496204,75.030294177
185.668402778,183.125000000,95.511664364,-87.437660418,-4.165735091,87.536836864,4.352073466,75.043699146
185.795138889,183.250000000,95.495744327,-87.413108937,-4.350803168,87.521317988,4.386603176,75.056994451
185.921875000,183.375000000,95.479700755,-87.388044850,-4.535783660,87.505678194,4.421085422,75.070180238
186.048611111,183.500000000,95.463533874,-87.362468634,-4.720674978,87.489917693,4.455520067,75.083811662
186.175347222,183.625000000,95.447243913,-87.336380732,-4.905475820,87.474036676,4.489904938,75.098227006
186.302083333,183.750000000,95.430831108,-87.309781635,-5.090184653,87.458035359,4.524239537,75.112534965
186.428819444,183.875000000,95.414295694,-87.282671844,-5.274799867,87.441913965,4.558523950,75.126735695
186.555555556,184.000000000,95.397637908,-87.255051871,-5.459319854,87.425672718,4.592758263,75.140829354
186.682291667,184.125000000,95.380857986,-87.226922229,-5.643743010,87.409311842,4.626942562,75.154816098
186.809027778,184.250000000,95.363956164,-87.198283438,-5.828067733,87.392831559,4.661076931,75.168696088
186.935763889,184.375000000,95.346932678,-87.169136022,-6.012292425,87.376232095,4.695161454,75.182469482
187.062500000,184.500000000,95.329787764,-87.139480511,-6.196415496,87.359513671,4.729196154,75.196255566
187.189236111,184.625000000,95.312521659,-87.109317432,-6.380435408,87.342676507,4.763180730,75.210058026
187.315972222,184.750000000,95.295134601,-87.078647324,-6.564350579,87.325720829,4.797115200,75.223754661
187.442708333,184.875000000,95.277626829,-87.047470734,-6.748159422,87.308646862,4.830999645,75.237345636
187.569444444,185.000000000,95.259998579,-87.015788214,-6.931860352,87.291454831,4.864834148,75.250831115
187.696180556,185.125000000,95.242250091,-86.983600321,-7.115451788,87.274144962,4.898618789,75.264211262
187.822916667,185.250000000,95.224381601,-86.950907615,-7.298932152,87.256717481,4.932353650,75.277486242
187.949652778,185.375000000,95.206393348,-86.917710664,-7.482299869,87.239172614,4.966038811,75.290656222
188.076388889,185.500000000,95.188285571,-86.884010028,-7.665553432,87.221510580,4.999673867,75.304484937
188.203125000,185.625000000,95.170058512,-86.849806236,-7.848691544,87.203731584,5.033256923,75.318713488
188.329861111,185.750000000,95.151712420,-86.815099874,-8.031712668,87.185835859,5.066787847,75.332839097
188.456597222,185.875000000,95.133247542,-86.779891533,-8.214615241,87.167823639,5.100266716,75.346861940
188.583333333,186.000000000,95.114664126,-86.744181812,-8.397397704,87.149695159,5.133693607,75.360782196
188.710069444,186.125000000,95.095962419,-86.707971314,-8.580058500,87.131450655,5.167068596,75.374600042
188.836805556,186.250000000,95.077142670,-86.671260647,-8.762596077,87.113090361,5.200391758,75.388315659
188.963541667,186.375000000,95.058205125,-86.634050425,-8.945008885,87.094614512,5.233663168,75.401929225
189.090277778,186.500000000,95.039150033,-86.596341268,-9.127295361,87.076023345,5.266883025,75.415276717
189.217013889,186.625000000,95.019977640,-86.558133809,-9.309453913,87.057317100,5.300051743,75.428455963
189.343750000,186.750000000,95.000688192,-86.519428674,-9.491483000,87.038496010,5.333169416,75.441533414
189.470486111,186.875000000,94.981281936,-86.480226495,-9.673381083,87.019560308,5.366236117,75.454509252
189.597222222,187.000000000,94.961759116,-86.440527908,-9.855146630,87.000510229,5.399251920,75.467383658
189.723958333,187.125000000,94.942119979,-86.400333554,-10.036778109,86.981346006,5.432216897,75.480156815
189.850694444,187.250000000,94.922364770,-86.359644078,-10.218273994,86.962067872,5.465131121,75.492828904
189.977430556,187.375000000,94.902493737,-86.318460131,-10.399632760,86.942676063,5.497994661,75.505400109
190.104166667,187.500000000,94.882507125,-86.276782339,-10.580853022,86.923170797,5.530806596,75.519028699
190.230902778,187.625000000,94.862405189,-86.234611307,-10.761933522,86.903552289,5.563565092,75.532809310
190.357638889,187.750000000,94.842188185,-86.191947706,-10.942872753,86.883820781,5.596270170,75.546491375
190.484375000,187.875000000,94.821856369,-86.148792213,-11.123669207,86.863976517,5.628921899,75.560075090
190.611111111,188.000000000,94.801409999,-86.105145509,-11.304321376,86.844019742,5.661520347,75.573560653
190.737847222,188.125000000,94.780849331,-86.061008281,-11.484827759,86.823950699,5.694065580,75.586948262
190.864583333,188.250000000,94.760174623,-86.016381219,-11.665186854,86.803769632,5.726557665,75.600238114
190.991319444,188.375000000,94.739386129,-85.971265019,-11.845397168,86.783476786,5.758996667,75.613430408
191.118055556,188.500000000,94.718484107,-85.925660421,-12.025457046,86.763072421,5.791383850,75.625290666
191.244791667,188.625000000,94.697468803,-85.879568178,-12.205364786,86.742556799,5.823720833,75.636961376
191.371527778,188.750000000,94.676340467,-85.832988992,-12.385118904,86.721930153,5.856007690,75.648533460
191.498263889,188.875000000,94.655099342,-85.785923570,-12.564717915,86.701192719,5.888244486,75.660007107
191.625000000,189.000000000,94.633745678,-85.738372624,-12.744160340,86.680344733,5.920431286,75.671382511
191.751736111,189.125000000,94.612279719,-85.690336871,-12.923444705,86.659386428,5.952568154,75.682659864
191.878472222,189.250000000,94.590701713,-85.641817031,-13.102569535,86.638318040,5.984655155,75.693839360
192.005208333,189.375000000,94.569011906,-85.592813830,-13.281533364,86.617139804,6.016692349,75.704994021
192.131944444,189.500000000,94.547210547,-85.543327925,-13.460334993,86.595851925,6.048677816,75.717751677
192.258680556,189.625000000,94.525297895,-85.493359997,-13.638973189,86.574454623,6.080609928,75.730414288
192.385416667,189.750000000,94.503274210,-85.442910793,-13.817446496,86.552948145,6.112488745,75.742982064
192.512152778,189.875000000,94.481139751,-85.391981066,-13.995753461,86.531332738,6.144314326,75.755455215
192.638888889,190.000000000,94.458894778,-85.340571573,-14.173892635,86.509608650,6.176086730,75.767833953
192.765625000,190.125000000,94.436539552,-85.288683074,-14.351862571,86.487776129,6.207806015,75.780118488
192.892361111,190.250000000,94.414074333,-85.236316335,-14.529661830,86.465835422,6.239472241,75.792309034
193.019097222,190.375000000,94.391499379,-85.183472128,-14.707288969,86.443786778,6.271085480,75.804302640
193.145833333,190.500000000,94.368814952,-85.130151261,-14.884742436,86.421630458,6.302646678,75.815620715
193.272569444,190.625000000,94.346021304,-85.076354529,-15.062020732,86.399366714,6.334156402,75.826844564
193.399305556,190.750000000,94.323118693,-85.022082714,-15.239122430,86.376995788,6.365614709,75.837974397
193.526041667,190.875000000,94.300107371,-84.967336598,-15.416046105,86.354517925,6.397021655,75.849010425
193.652777778,191.000000000,94.276987595,-84.912116970,-15.592790337,86.331933366,6.428377297,75.859952857
193.779513889,191.125000000,94.253759619,-84.856424622,-15.769353712,86.309242356,6.459681689,75.870801906
193.906250000,191.250000000,94.230423698,-84.800260352,-15.945734816,86.286445138,6.490934887,75.881557783
194.032986111,191.375000000,94.206980086,-84.743624957,-16.121932249,86.263541953,6.522136880,75.892467452
194.159722222,191.500000000,94.183429042,-84.686519186,-16.297944787,86.240533023,6.553286369,75.903986432
194.286458333,191.625000000,94.159770826,-84.628943831,-16.473771101,86.217418590,6.584382873,75.915414096
194.413194444,191.750000000,94.136005700,-84.570899710,-16.649409794,86.194198902,6.615426444,75.926750666
194.539930556,191.875000000,94.112133927,-84.512387646,-16.824859475,86.170874209,6.646417133,75.937996364
194.666666667,192.000000000,94.088155768,-84.453408465,-17.000118754,86.147444762,6.677354991,75.949151414
194.793402778,192.125000000,94.064071486,-84.393962999,-17.175186248,86.123910811,6.708240069,75.960216041
194.920138889,192.250000000,94.039881342,-84.334052083,-17.350060577,86.100272606,6.739072415,75.971190469
195.046875000,192.375000000,94.015585598,-84.273676548,-17.524740385,86.076530393,6.769851912,75.982516412
195.173611111,192.500000000,93.991184519,-84.212837158,-17.699224537,86.052684394,6.800576815,75.994505860
195.300347222,192.625000000,93.966678378,-84.151534744,-17.873511730,86.028734858,6.831246684,76.006407382
195.427083333,192.750000000,93.942067443,-84.089770163,-18.047600602,86.004682044,6.861861565,76.018221217
195.553819444,192.875000000,93.917351986,-84.027544276,-18.221489791,85.980526210,6.892421504,76.029947602
195.680555556,193.000000000,93.892532278,-83.964857950,-18.395177944,85.956267615,6.922926546,76.041586778
195.807291667,193.125000000,93.867608589,-83.901712054,-18.568663709,85.931906516,6.953376736,76.053138985
195.934027778,193.250000000,93.842581191,-83.838107460,-18.741945740,85.907443173,6.983772117,76.064604463
196.060763889,193.375000000,93.817450355,-83.774045039,-18.915022713,85.882877842,7.014112583,76.076289657
196.187500000,193.500000000,93.792216353,-83.709525626,-19.087893417,85.858210764,7.044397200,76.088221704
196.314236111,193.625000000,93.766879460,-83.644550101,-19.260556541,85.833442200,7.074625832,76.100068632
196.440972222,193.750000000,93.741439954,-83.579119357,-19.433010757,85.808572413,7.104798520,76.111830691
196.567708333,193.875000000,93.715898108,-83.513234288,-19.605254738,85.783601665,7.134915305,76.123508131
196.694444444,194.000000000,93.690254199,-83.446895796,-19.777287163,85.758530220,7.164976227,76.135101203
196.821180556,194.125000000,93.664508503,-83.380104783,-19.949106715,85.733358341,7.194981325,76.146610160
196.947916667,194.250000000,93.638661294,-83.312862158,-20.120712080,85.708086291,7.224930638,76.158035253
197.074652778,194.375000000,93.612712849,-83.245168795,-20.292102045,85.682714319,7.254823477,76.170592726
197.201388889,194.500000000,93.586663452,-83.177025454,-20.463275711,85.657242637,7.284656762,76.183917579
197.328125000,194.625000000,93.560513394,-83.108433048,-20.634231825,85.631671516,7.314430175,76.197162333
197.454861111,194.750000000,93.534262965,-83.039392507,-20.804969096,85.606001233,7.344143748,76.210327262
197.581597222,194.875000000,93.507912456,-82.969904770,-20.975486233,85.580232065,7.373797515,76.223412643
197.708333333,195.000000000,93.481462158,-82.899970776,-21.145781952,85.554364289,7.403391509,76.236418754
197.835069444,195.125000000,93.454912362,-82.829591468,-21.315854973,85.528398184,7.432925760,76.249345873
197.961805556,195.250000000,93.428263359,-82.758767794,-21.485704019,85.502334027,7.462400302,76.262194279
198.088541667,195.375000000,93.401515439,-82.687500703,-21.655327827,85.476172093,7.491815106,76.275046299
198.215277778,195.500000000,93.374668893,-82.615791139,-21.824725152,85.449912659,7.521170034,76.287855709
198.342013889,195.625000000,93.347724014,-82.543640061,-21.993894733,85.423556002,7.550465104,76.300587427
198.468750000,195.750000000,93.320681092,-82.471048431,-22.162835310,85.397102400,7.579700346,76.313241735
198.595486111,195.875000000,93.293540420,-82.398017215,-22.331545632,85.370552132,7.608875788,76.325818919
198.722222222,196.000000000,93.266302290,-82.324547382,-22.500024449,85.343905476,7.637991458,76.338319263
198.848958333,196.125000000,93.238966992,-82.250639906,-22.668270515,85.317162711,7.667047382,76.350743054
198.975694444,196.250000000,93.211534818,-82.176295762,-22.836282592,85.290324116,7.696043588,76.363090579
199.102430556,196.375000000,93.184006062,-82.101515838,-23.004059655,85.263389937,7.724978445,76.377395810
199.229166667,196.500000000,93.156381028,-82.026300936,-23.171600899,85.236360396,7.753848656,76.392111511
199.355902778,196.625000000,93.128660027,-81.950652051,-23.338905112,85.209235787,7.782654149,76.406755810
199.482638889,196.750000000,93.100843368,-81.874570184,-23.505971076,85.182016406,7.811394943,76.421329025
199.609375000,196.875000000,93.072931362,-81.798056341,-23.672797578,85.154702550,7.840071059,76.435831475
199.736111111,197.000000000,93.044924318,-81.721111530,-23.839383408,85.127294512,7.868682515,76.450263480
199.862847222,197.125000000,93.016822546,-81.643736764,-24.005727361,85.099792591,7.897229330,76.464625361
199.989583333,197.250000000,92.988626356,-81.565933058,-24.171828238,85.072197080,7.925711523,76.478917441
200.116319444,197.375000000,92.960336058,-81.487701461,-24.337684778,85.044508287,7.954129626,76.492578976
200.243055556,197.500000000,92.931951957,-81.409043033,-24.503295702,85.016726518,7.982484362,76.506120153
200.369791667,197.625000000,92.903474360,-81.329958798,-24.668659821,84.988852066,8.010775753,76.519591494
200.496527778,197.750000000,92.874903573,-81.250449781,-24.833775955,84.960885223,8.039003814,76.532993319
200.623263889,197.875000000,92.846239900,-81.170517010,-24.998642925,84.932826279,8.067168563,76.546325946
200.750000000,198.000000000,92.817483646,-81.090161517,-25.163259560,84.904675528,8.095270013,76.559589697
200.876736111,198.125000000,92.788635119,-81.009384337,-25.327624691,84.876433261,8.123308180,76.572784894
201.003472222,198.250000000,92.759694623,-80.928186507,-25.491737156,84.848099769,8.151283076,76.585930771
201.130208333,198.375000000,92.730662464,-80.846569024,-25.655595886,84.819675331,8.179193991,76.599680653
201.256944444,198.500000000,92.701538952,-80.764532894,-25.819199812,84.791160227,8.207040282,76.613364089
201.383680556,198.625000000,92.672324399,-80.682079169,-25.982547784,84.762554754,8.234821962,76.626981415
201.510416667,198.750000000,92.643019113,-80.599208901,-26.145638660,84.733859209,8.262539040,76.640532963
201.637152778,198.875000000,92.613623407,-80.515923146,-26.308471302,84.705073888,8.290191527,76.654019071
201.763888889,199.000000000,92.584137590,-80.432222965,-26.471044576,84.676199088,8.317779431,76.667440076
201.890625000,199.125000000,92.554561972,-80.348109419,-26.633357354,84.647235106,8.345302762,76.680796315
202.017361111,199.250000000,92.524896865,-80.263583573,-26.795408513,84.618182238,8.372761507,76.694232330
202.144097222,199.375000000,92.495142580,-80.178646412,-26.957197096,84.589040754,8.400154380,76.708513749
202.270833333,199.500000000,92.465299436,-80.093298961,-27.118722086,84.559810939,8.427480608,76.722733217
202.397569444,199.625000000,92.435367749,-80.007542300,-27.279982375,84.530493097,8.454740194,76.736891088
202.524305556,199.750000000,92.405347838,-79.921377510,-27.440976861,84.501087533,8.481933142,76.750987718
202.651041667,199.875000000,92.375240020,-79.834805676,-27.601704446,84.471594549,8.509059455,76.765023466
202.777777778,200.000000000,92.345044615,-79.747827885,-27.762164036,84.442014450,8.536119136,76.778998689
202.904513889,200.125000000,92.314761940,-79.660445228,-27.922354544,84.412347540,8.563112186,76.792913746
203.031250000,200.250000000,92.284392312,-79.572658805,-28.082274872,84.382594125,8.590038727,76.806271646
203.157986111,200.375000000,92.253936047,-79.484469893,-28.241923605,84.352754567,8.616901497,76.818048297
203.284722222,200.500000000,92.223393447,-79.395879658,-28.401299529,84.322829184,8.643701631,76.829762455
203.411458333,200.625000000,92.192764817,-79.306889192,-28.560401572,84.292818266,8.670439132,76.841414458
203.538194444,200.750000000,92.162050460,-79.217499589,-28.719228667,84.262722104,8.697114001,76.853004646
203.664930556,200.875000000,92.131250681,-79.127711947,-28.877779752,84.232540988,8.723726241,76.864533359
203.791666667,201.000000000,92.100365783,-79.037527365,-29.036053769,84.202275209,8.750275853,76.876000939
203.918402778,201.125000000,92.069396069,-78.946946946,-29.194049666,84.171925058,8.776762836,76.887407727
204.045138889,201.250000000,92.038341844,-78.855971790,-29.351766405,84.141490824,8.803187122,76.898954136
204.171875000,201.375000000,92.007203412,-78.764602950,-29.509203039,84.110972779,8.829547901,76.910802733
204.298611111,201.500000000,91.975981081,-78.672841522,-29.666358561,84.080371214,8.855844944,76.922592507
204.425347222,201.625000000,91.944675159,-78.580688622,-29.823231938,84.049686422,8.882078246,76.934323813
204.552083333,201.750000000,91.913285954,-78.488145368,-29.979822143,84.018918697,8.908247804,76.945997003
204.678819444,201.875000000,91.881813772,-78.395212880,-30.136128154,83.988068335,8.934353615,76.957612434
204.805555556,202.000000000,91.850258922,-78.301892282,-30.292148954,83.957135630,8.960395673,76.969170461
204.932291667,202.125000000,91.818621711,-78.208184698,-30.447883530,83.926120875,8.986373973,76.980671442
205.059027778,202.250000000,91.786902447,-78.114091256,-30.603330876,83.895024366,9.012288501,76.992132093
205.185763889,202.375000000,91.755101438,-78.019613082,-30.758489997,83.863846396,9.038139201,77.003555223
205.312500000,202.500000000,91.723218992,-77.924751310,-30.913359895,83.832587260,9.063926053,77.014922443
205.439236111,202.625000000,91.691255416,-77.829507074,-31.067939578,83.801247252,9.089649051,77.026234117
205.565972222,202.750000000,91.659211019,-77.733881511,-31.222228059,83.769826666,9.115308186,77.037490607
205.692708333,202.875000000,91.627086108,-77.637875762,-31.376224356,83.738325799,9.140903450,77.048692277
205.819444444,203.000000000,91.594880992,-77.541490969,-31.529927490,83.706744944,9.166434832,77.059839491
205.946180556,203.125000000,91.562595977,-77.444728276,-31.683336489,83.675084397,9.191902322,77.070932615
206.072916667,203.250000000,91.530231373,-77.347588852,-31.836450352,83.643344459,9.217306192,77.081469473
206.199652778,203.375000000,91.497787482,-77.250073938,-31.989267967,83.611525453,9.242647699,77.091580895
206.326388889,203.500000000,91.465264609,-77.152184693,-32.141788355,83.579627671,9.267926986,77.101637853
206.453125000,203.625000000,91.432663053,-77.053922267,-32.294010563,83.547651403,9.293144043,77.111640708
206.579861111,203.750000000,91.399983117,-76.955287812,-32.445933640,83.515596939,9.318298858,77.121589818
206.706597222,203.875000000,91.367225103,-76.856282482,-32.597556643,83.483464567,9.343391418,77.131485543
206.833333333,204.000000000,91.334389312,-76.756907433,-32.748878633,83.451254576,9.368421712,77.141328245
206.960069444,204.125000000,91.301476047,-76.657163824,-32.899898673,83.418967257,9.393389726,77.151118286
207.086805556,204.250000000,91.268485609,-76.557052796,-33.050615863,83.386602891,9.418295208,77.161213726
207.213541667,204.375000000,91.235418302,-76.456575459,-33.201029364,83.354161754,9.443137417,77.171422516
207.340277778,204.500000000,91.202274433,-76.355732975,-33.351138261,83.321644136,9.467916286,77.181580624
207.467013889,204.625000000,91.169054305,-76.254526513,-33.500941642,83.289050329,9.492631800,77.191688425
207.593750000,204.750000000,91.135758225,-76.152957245,-33.650438599,83.256380627,9.517283940,77.201746294
207.720486111,204.875000000,91.102386499,-76.051026344,-33.799628226,83.223635322,9.541872690,77.211754604
207.847222222,205.000000000,91.068939431,-75.948734984,-33.948509627,83.190814707,9.566398030,77.221713734
207.973958333,205.125000000,91.035417327,-75.846084343,-34.097081907,83.157919074,9.590859941,77.231624059
208.100694444,205.250000000,91.001820492,-75.743075643,-34.245344116,83.124948730,9.615258938,77.240792152
208.227430556,205.375000000,90.968149227,-75.639710149,-34.393295241,83.091903992,9.639596120,77.249731438
208.354166667,205.500000000,90.934403832,-75.535989046,-34.540934397,83.058785148,9.663871505,77.258621568
208.480902778,205.625000000,90.900584605,-75.431913513,-34.688260710,83.025592484,9.688085073,77.267462911
208.607638889,205.750000000,90.866691847,-75.327484734,-34.835273309,82.992326289,9.712236803,77.276255837
208.734375000,205.875000000,90.832725857,-75.222703893,-34.981971329,82.958986849,9.736326675,77.285000719
208.861111111,206.000000000,90.798686933,-75.117572177,-35.128353908,82.925574451,9.760354668,77.293697929
208.987847222,206.125000000,90.764575377,-75.012090774,-35.274420193,82.892089383,9.784320759,77.302347841
209.114583333,206.250000000,90.730391485,-74.906260915,-35.420169276,82.858531944,9.808225414,77.310390067
209.241319444,206.375000000,90.696135556,-74.800083847,-35.565600234,82.824902436,9.832069313,77.318325282
209.368055556,206.500000000,90.661807883,-74.693560762,-35.710712222,82.791201143,9.855852437,77.326213278
209.494791667,206.625000000,90.627408761,-74.586692851,-35.855504405,82.757428347,9.879574765,77.334054425
209.621527778,206.750000000,90.592938487,-74.479481311,-35.999975951,82.723584333,9.903236272,77.341849093
209.748263889,206.875000000,90.558397355,-74.371927338,-36.144126033,82.689669383,9.926836935,77.349597653
209.875000000,207.000000000,90.523785661,-74.264032129,-36.287953829,82.655683780,9.950376729,77.357300476
210.001736111,207.125000000,90.489103699,-74.155796885,-36.431458522,82.621627808,9.973855629,77.364959427
210.128472222,207.250000000,90.454351765,-74.047222798,-36.574639314,82.587501748,9.997273501,77.372680784
210.255208333,207.375000000,90.419530154,-73.938311062,-36.717495408,82.553305880,10.020630219,77.380357710
210.381944444,207.500000000,90.384639163,-73.829062884,-36.860026002,82.519040489,10.043925755,77.387990583
210.508680556,207.625000000,90.349679087,-73.719479469,-37.002230301,82.484705858,10.067160080,77.395579779
210.635416667,207.750000000,90.314650223,-73.609562026,-37.144107512,82.450302271,10.090333168,77.403125679
210.762152778,207.875000000,90.279552865,-73.499311766,-37.285656850,82.415830013,10.113444989,77.410628662
210.888888889,208.000000000,90.244387311,-73.388729898,-37.426877532,82.381289368,10.136495514,77.418089111
211.015625000,208.125000000,90.209153856,-73.277817640,-37.567768778,82.346680619,10.159484744,77.425244145
211.142361111,208.250000000,90.173852793,-73.166576417,-37.708329545,82.312004116,10.182415131,77.430483351
211.269097222,208.375000000,90.138484404,-73.055007573,-37.848558888,82.277260172,10.205288216,77.435677647
211.395833333,208.500000000,90.103048971,-72.943112317,-37.988456042,82.242449058,10.228103972,77.440827391
211.522569444,208.625000000,90.067546775,-72.830891859,-38.128020246,82.207571043,10.250862372,77.445932937
211.649305556,208.750000000,90.031978099,-72.718347410,-38.267250742,82.172626400,10.273563388,77.450994645
211.776041667,208.875000000,89.996343222,-72.605480183,-38.406146780,82.137615397,10.296206991,77.456012872
211.902777778,209.000000000,89.960642428,-72.492291393,-38.544707613,82.102538306,10.318793152,77.460987978
212.029513889,209.125000000,89.924875997,-72.378782248,-38.682932506,82.067395395,10.341321769,77.466248780
212.156250000,209.250000000,89.889044213,-72.264953806,-38.820820921,82.032186888,10.363790989,77.472550588
212.282986111,209.375000000,89.853147367,-72.150807220,-38.958372214,81.996913040,10.386199988,77.478812688
212.409722222,209.500000000,89.817185750,-72.036343717,-39.095585660,81.961574132,10.408548731,77.485035461
212.536458333,209.625000000,89.781159652,-71.921564522,-39.232460542,81.926170443,10.430837184,77.491219292
212.663194444,209.750000000,89.745069365,-71.806470864,-39.368996145,81.890702252,10.453065311,77.497364564
212.789930556,209.875000000,89.708915180,-71.691063972,-39.505191760,81.855169839,10.475233077,77.503471664
212.916666667,210.000000000,89.672697387,-71.575345076,-39.641046685,81.819573484,10.497340444,77.509540977
213.043402778,210.125000000,89.636416277,-71.459315438,-39.776560185,81.783913473,10.519387699,77.514578598
213.170138889,210.250000000,89.600072135,-71.342976649,-39.911731140,81.748190193,10.541378799,77.517666996
213.296875000,210.375000000,89.563665231,-71.226330040,-40.046558731,81.712403937,10.563314903,77.520714024
213.423611111,210.500000000,89.527195838,-71.109376834,-40.181042264,81.676554967,10.585195979,77.523720029
213.550347222,210.625000000,89.490664228,-70.992118257,-40.315181056,81.640643544,10.607021994,77.526685363
213.677083333,210.750000000,89.454070671,-70.874555534,-40.448974425,81.604669929,10.628792914,77.529610378
213.803819444,210.875000000,89.417415439,-70.756689892,-40.582421694,81.568634383,10.650508708,77.532495425
213.930555556,211.000000000,89.380698804,-70.638522561,-40.715522193,81.532537168,10.672169339,77.535340857
214.057291667,211.125000000,89.343921037,-70.520054774,-40.848275247,81.496378546,10.693774843,77.537985397
214.184027778,211.250000000,89.307082408,-70.401287811,-40.980680143,81.460158792,10.715325691,77.540394709
214.310763889,211.375000000,89.270183188,-70.282222909,-41.112736212,81.423878168,10.736821949,77.542764908
214.437500000,211.500000000,89.233223644,-70.162861301,-41.244442802,81.387536933,10.758263581,77.545096344
214.564236111,211.625000000,89.196204046,-70.043204219,-41.375799264,81.351135345,10.779650553,77.547389371
214.690972222,211.750000000,89.159124663,-69.923252896,-41.506804955,81.314673664,10.800982827,77.549644342
214.817708333,211.875000000,89.121985765,-69.803008566,-41.637459239,81.278152149,10.822260368,77.551861609
214.944444444,212.000000000,89.084787619,-69.682472465,-41.767761480,81.241571058,10.843483138,77.554041527
215.071180556,212.125000000,89.047530496,-69.561645849,-41.897711030,81.204930656,10.864651308,77.555787968
215.197916667,212.250000000,89.010214662,-69.440530049,-42.027307161,81.168231228,10.885765835,77.557187463
215.324652778,212.375000000,88.972840381,-69.319126312,-42.156549242,81.131473033,10.906826809,77.558549572
215.451388889,212.500000000,88.935407918,-69.197435874,-42.285436655,81.094656326,10.927834191,77.559874642
215.578125000,212.625000000,88.897917537,-69.075459972,-42.413968790,81.057781360,10.948787945,77.561163023
215.704861111,212.750000000,88.860369503,-68.953199846,-42.542145042,81.020848390,10.969688032,77.562415064
215.831597222,212.875000000,88.822764080,-68.830656735,-42.669964808,80.983857671,10.990534413,77.563631116
215.958333333,213.000000000,88.785101533,-68.707831877,-42.797427493,80.946809457,11.011327048,77.564811529
216.085069444,213.125000000,88.747382125,-68.584726579,-42.924532437,80.909704022,11.032066561,77.564903990
216.211805556,213.250000000,88.709606114,-68.461342284,-43.051278839,80.872541676,11.052755037,77.564443937
216.338541667,213.375000000,88.671773755,-68.337680245,-43.177666097,80.835322668,11.073392598,77.563946905
216.465277778,213.500000000,88.633885302,-68.213741699,-43.303693630,80.798047244,11.093979206,77.563413225
216.592013889,213.625000000,88.595941009,-68.089527883,-43.429360861,80.760715649,11.114514823,77.562843232
216.718750000,213.750000000,88.557941129,-67.965040037,-43.554667219,80.723328126,11.134999410,77.562237260
216.845486111,213.875000000,88.519885918,-67.840279401,-43.679612136,80.685884922,11.155432929,77.561595643
216.972222222,214.000000000,88.481775628,-67.715247215,-43.804195051,80.648386279,11.175815341,77.560918719
217.098958333,214.125000000,88.443610514,-67.589944841,-43.928415285,80.610832480,11.196147830,77.558532212
217.225694444,214.250000000,88.405390819,-67.464373783,-44.052272016,80.573223838,11.216433055,77.555638247
217.352430556,214.375000000,88.367116783,-67.338535285,-44.175764682,80.535560590,11.236671078,77.552706864
217.479166667,214.500000000,88.328788647,-67.212430581,-44.298892733,80.497842965,11.256861863,77.549738373
217.605902778,214.625000000,88.290406651,-67.086060909,-44.421655626,80.460071196,11.277005372,77.546733085
217.732638889,214.750000000,88.251971034,-66.959427505,-44.544052820,80.422245514,11.297101571,77.543691311
217.859375000,214.875000000,88.213482037,-66.832531607,-44.666083782,80.384366151,11.317150420,77.540613363
217.986111111,215.000000000,88.174939899,-66.705374453,-44.787747981,80.346433337,11.337151884,77.537499554
218.112847222,215.125000000,88.136344861,-66.577957258,-44.909044912,80.308447299,11.357105699,77.534618723
218.239583333,215.250000000,88.097697165,-66.450281231,-45.029974089,80.270408259,11.377011491,77.531736111
218.366319444,215.375000000,88.058997052,-66.322347611,-45.150534995,80.232316450,11.396869217,77.528819010
218.493055556,215.500000000,88.020244764,-66.194157640,-45.270727120,80.194172105,11.416678836,77.525867738
218.619791667,215.625000000,87.981440545,-66.065712561,-45.390549958,80.155975458,11.436440308,77.522882616
218.746527778,215.750000000,87.942584634,-65.937013617,-45.510003007,80.117726743,11.456153592,77.519863964
218.873263889,215.875000000,87.903677276,-65.808062051,-45.629085771,80.079426191,11.475818647,77.516812103
219.000000000,216.000000000,87.864718711,-65.678859107,-45.747797756,80.041074038,11.495435431,77.513727353
219.126736111,216.125000000,87.825709177,-65.549406414,-45.866138120,80.002670626,11.515007652,77.506588588
219.253472222,216.250000000,87.786648894,-65.419705590,-45.984106017,79.964216282,11.534539024,77.499412189
219.380208333,216.375000000,87.747538079,-65.289757865,-46.101700959,79.925711216,11.554029514,77.492198429
219.506944444,216.500000000,87.708376947,-65.159564473,-46.218922461,79.887155637,11.573479089,77.484947579
219.633680556,216.625000000,87.669165715,-65.029126643,-46.335770043,79.848549752,11.592887715,77.477659915
219.760416667,216.750000000,87.629904597,-64.898445611,-46.452243228,79.809893770,11.612255360,77.470335709
219.887152778,216.875000000,87.590593811,-64.767522608,-46.568341547,79.771187901,11.631581988,77.462975236
220.013888889,217.000000000,87.551233571,-64.636358868,-46.684064531,79.732432352,11.650867563,77.455590806
220.140625000,217.125000000,87.511824094,-64.504955612,-46.799411732,79.693627330,11.670111930,77.448268530
220.267361111,217.250000000,87.472365597,-64.373314068,-46.914382697,79.654773039,11.689314970,77.440910951
220.394097222,217.375000000,87.432858295,-64.241435470,-47.028976976,79.615869691,11.708476648,77.433518345
220.520833333,217.500000000,87.393302407,-64.109321055,-47.143194118,79.576917494,11.727596928,77.426090990
220.647569444,217.625000000,87.353698147,-63.976972059,-47.257033680,79.537916657,11.746675773,77.418629165
220.774305556,217.750000000,87.314045734,-63.844389719,-47.370495223,79.498867390,11.765713146,77.411133148
220.901041667,217.875000000,87.274345383,-63.711575272,-47.483578311,79.459769902,11.784709009,77.403603218
221.027777778,218.000000000,87.234597311,-63.578529962,-47.596282507,79.420624404,11.803663393,77.395706048
221.154513889,218.125000000,87.194801731,-63.445255230,-47.708607214,79.381431163,11.822578161,77.386585906
221.281250000,218.250000000,87.154958852,-63.311752399,-47.820551927,79.342190406,11.841454141,77.377430802
221.407986111,218.375000000,87.115068881,-63.178022704,-47.932116225,79.302902334,11.860291296,77.368240999
221.534722222,218.500000000,87.075132023,-63.044067378,-48.043299690,79.263567146,11.879089594,77.359016760
221.661458333,218.625000000,87.035148485,-62.909887654,-48.154101911,79.224185042,11.897848997,77.349758348
221.788194444,218.750000000,86.995118476,-62.775484768,-48.264522479,79.184756222,11.916569471,77.340466026
221.914930556,218.875000000,86.955042200,-62.640859954,-48.374560990,79.145280887,11.935250979,77.331140059
222.041666667,219.000000000,86.914919866,-62.506014466,-48.484217028,79.105759243,11.953893670,77.321169660
222.168402778,219.125000000,86.874751675,-62.370949808,-48.593489978,79.066191563,11.972499998,77.309917149
222.295138889,219.250000000,86.834537823,-62.235667293,-48.702379374,79.026578062,11.991070708,77.298629609
222.421875000,219.375000000,86.794278504,-62.100168151,-48.810884825,78.986918928,12.009605768,77.287307284
222.548611111,219.500000000,86.753973914,-61.964453610,-48.919005945,78.947214351,12.028105144,77.275950419
222.675347222,219.625000000,86.713624248,-61.828524901,-49.026742349,78.907464519,12.046568803,77.264559257
222.802083333,219.750000000,86.673229699,-61.692383254,-49.134093660,78.867669620,12.064996711,77.253134044
222.928819444,219.875000000,86.632790464,-61.556029900,-49.241059503,78.827829844,12.083388836,77.241675025
223.055555556,220.000000000,86.592306737,-61.419466047,-49.347639524,78.787945373,12.101744946,77.230666085
223.182291667,220.125000000,86.551778716,-61.282692760,-49.453833492,78.748016349,12.120063477,77.220244415
223.309027778,220.250000000,86.511206603,-61.145711237,-49.559641074,78.708042957,12.138344069,77.209790967
223.435763889,220.375000000,86.470590599,-61.008522715,-49.665061917,78.668025392,12.156586685,77.199305999
223.562500000,220.500000000,86.429930907,-60.871128427,-49.770095672,78.627963850,12.174791285,77.188789771
223.689236111,220.625000000,86.389227729,-60.733529610,-49.874741993,78.587858526,12.192957831,77.178242545
223.815972222,220.750000000,86.348481266,-60.595727498,-49.979000539,78.547709616,12.211086283,77.167664580
223.942708333,220.875000000,86.307691721,-60.457723326,-50.082870974,78.507517314,12.229176603,77.157056137
224.069444444,221.000000000,86.266859295,-60.319518373,-50.186352932,78.467281827,12.247229134,77.145664315
224.196180556,221.125000000,86.225984185,-60.181114084,-50.289445925,78.427003410,12.265245741,77.133619932
224.322916667,221.250000000,86.185066585,-60.042511720,-50.392149603,78.386682257,12.283226650,77.121544233
224.449652778,221.375000000,86.144106687,-59.903712512,-50.494463642,78.346318555,12.301171822,77.109437464
224.576388889,221.500000000,86.103104686,-59.764717690,-50.596387723,78.305912492,12.319081221,77.097299870
224.703125000,221.625000000,86.062060773,-59.625528486,-50.697921532,78.265464254,12.336954809,77.085131701
224.829861111,221.750000000,86.020975143,-59.486146130,-50.799064758,78.224974028,12.354792548,77.072933201
224.956597222,221.875000000,85.979847988,-59.346571855,-50.899817094,78.184442002,12.372594401,77.060704620
225.083333333,222.000000000,85.938679503,-59.206806792,-51.000178309,78.143868333,12.390359456,77.049877897
225.210069444,222.125000000,85.897469888,-59.066851845,-51.100148349,78.103253121,12.408084746,77.039769447
225.336805556,222.250000000,85.856219351,-58.926708225,-51.199726944,78.062596558,12.425769991,77.029634320
225.463541667,222.375000000,85.814928099,-58.786377172,-51.298913812,78.021898844,12.443415144,77.019472791
225.590277778,222.500000000,85.773596338,-58.645859921,-51.397708674,77.981160179,12.461020160,77.009285136
225.717013889,222.625000000,85.732224276,-58.505157711,-51.496111256,77.940380762,12.478584991,76.999071632
225.843750000,222.750000000,85.690812120,-58.364271780,-51.594121288,77.899560794,12.496109592,76.988832557
225.970486111,222.875000000,85.649360077,-58.223203365,-51.691738505,77.858700475,12.513593916,76.978568186
226.097222222,223.000000000,85.607868352,-58.081953887,-51.788962514,77.817800057,12.531039535,76.965996079
226.223958333,223.125000000,85.566337139,-57.940525008,-51.885792759,77.776859852,12.548450143,76.952703081
226.350694444,223.250000000,85.524766627,-57.798917970,-51.982228964,77.735880047,12.565825850,76.939381986
226.477430556,223.375000000,85.483157003,-57.657134002,-52.078270873,77.694860824,12.583166616,76.926033035
226.604166667,223.500000000,85.441508456,-57.515174331,-52.173918231,77.653802366,12.600472401,76.912656472
226.730902778,223.625000000,85.399821174,-57.373040181,-52.269170790,77.612704854,12.617743164,76.899252541
226.857638889,223.750000000,85.358095345,-57.230732781,-52.364028305,77.571568471,12.634978865,76.885821485
226.984375000,223.875000000,85.316331157,-57.088253357,-52.458490534,77.530393398,12.652179462,76.872363548
227.111111111,224.000000000,85.274528802,-56.945602775,-52.552557482,77.489179718,12.669341817,76.862698658
227.237847222,224.125000000,85.232688488,-56.802781701,-52.646229301,77.447927465,12.686460982,76.853549696
227.364583333,224.250000000,85.190810431,-56.659791368,-52.739505783,77.406636848,12.703536841,76.844380158
227.491319444,224.375000000,85.148894848,-56.516633013,-52.832386715,77.365308072,12.720569339,76.835190344
227.618055556,224.500000000,85.106941952,-56.373307875,-52.924871891,77.323941348,12.737558421,76.825980556
227.744791667,224.625000000,85.064951961,-56.229817192,-53.016961110,77.282536881,12.754504030,76.816751095
227.871527778,224.750000000,85.022925090,-56.086162201,-53.108654173,77.241094881,12.771406110,76.807502264
227.998263889,224.875000000,84.980861554,-55.942344139,-53.199950885,77.199615556,12.788264606,76.798234367
228.125000000,225.000000000,84.938761565,-55.798364722,-53.290850752,77.158099247,12.805083546,76.784460253
228.251736111,225.125000000,84.896625314,-55.654225682,-53.381353253,77.116546288,12.821867197,76.770599543
228.378472222,225.250000000,84.854452989,-55.509928242,-53.471458194,77.074956859,12.838615515,76.756714770
228.505208333,225.375000000,84.812244776,-55.365473623,-53.561165384,77.033331141,12.855328456,76.742806179
228.631944444,225.500000000,84.770000863,-55.220863045,-53.650474636,76.991669316,12.872005975,76.728874019
228.758680556,225.625000000,84.727721437,-55.076097728,-53.739385768,76.949971564,12.888648025,76.714918536
228.885416667,225.750000000,84.685406685,-54.931178893,-53.827898600,76.908238065,12.905254563,76.700939978
229.012152778,225.875000000,84.643056793,-54.786107755,-53.916012962,76.866469001,12.921825514,76.687259709
229.138888889,226.000000000,84.600671955,-54.640885103,-54.003728946,76.824664431,12.938357202,76.676586857
229.265625000,226.125000000,84.558252374,-54.495511863,-54.091046578,76.782824467,12.954847047,76.665895949
229.392361111,226.250000000,84.515798259,-54.349989261,-54.177965708,76.740949309,12.971294992,76.655187277
229.519097222,226.375000000,84.473309818,-54.204318526,-54.264486186,76.699039159,12.987700979,76.644461133
229.645833333,226.500000000,84.430787260,-54.058500885,-54.350607871,76.657094217,13.004064952,76.633717811
229.772569444,226.625000000,84.388230791,-53.912537562,-54.436330621,76.615114683,13.020386851,76.622957604
229.899305556,226.750000000,84.345640621,-53.766429785,-54.521654304,76.573100759,13.036666620,76.612180807
230.026041667,226.875000000,84.303016957,-53.620178793,-54.606578777,76.531052649,13.052904330,76.600692980
230.152777778,227.000000000,84.260360001,-53.473786306,-54.691103623,76.488970691,13.069104061,76.586500218
230.279513889,227.125000000,84.217669942,-53.327253778,-54.775228570,76.446855137,13.085267728,76.572287351
230.406250000,227.250000000,84.174946966,-53.180582419,-54.858953490,76.404706167,13.101395282,76.558054634
230.532986111,227.375000000,84.132191262,-53.033773444,-54.942278258,76.362523963,13.117486674,76.543802317
230.659722222,227.500000000,84.089403015,-52.886828064,-55.025202752,76.320308703,13.133541853,76.529530655
230.786458333,227.625000000,84.046582413,-52.739747488,-55.107726855,76.278060570,13.149560769,76.515239899
230.913194444,227.750000000,84.003729643,-52.592532929,-55.189850455,76.235779743,13.165543371,76.500930305
231.039930556,227.875000000,83.960844891,-52.445185591,-55.271573443,76.193466403,13.181489583,76.486692040
231.166666667,228.000000000,83.917928345,-52.297706640,-55.352895741,76.151120718,13.197398976,76.472631139
231.293402778,228.125000000,83.874980194,-52.150097267,-55.433817256,76.108742865,13.213271374,76.458552517
231.420138889,228.250000000,83.832000627,-52.002358683,-55.514337892,76.066333027,13.229106724,76.444456433
231.546875000,228.375000000,83.788989832,-51.854492094,-55.594457558,76.023891386,13.244904974,76.430343146
231.673611111,228.500000000,83.745947998,-51.706498708,-55.674176164,75.981418124,13.260666069,76.416212916
231.800347222,228.625000000,83.702875314,-51.558379730,-55.753493628,75.938913424,13.276389957,76.402066002
231.927083333,228.750000000,83.659771968,-51.410136366,-55.832409867,75.896377468,13.292076582,76.387902666
232.053819444,228.875000000,83.616638149,-51.261769827,-55.910924803,75.853810439,13.307725944,76.373585709
232.180555556,229.000000000,83.573474045,-51.113281371,-55.989038334,75.811212535,13.323338433,76.359066327
232.307291667,229.125000000,83.530279843,-50.964672213,-56.066750384,75.768583940,13.338914092,76.344530897
232.434027778,229.250000000,83.487055730,-50.815943553,-56.144060887,75.725924835,13.354452867,76.329979677
232.560763889,229.375000000,83.443801892,-50.667096593,-56.220969782,75.683235399,13.369954704,76.315412925
232.687500000,229.500000000,83.400518515,-50.518132531,-56.297477012,75.640515812,13.385419547,76.300830901
232.814236111,229.625000000,83.357205787,-50.369052566,-56.373582522,75.597766256,13.400847342,76.286233863
232.940972222,229.750000000,83.313863895,-50.219857897,-56.449286264,75.554986909,13.416238031,76.271622070
233.067708333,229.875000000,83.270493024,-50.070549806,-56.524588146,75.512177978,13.431592253,76.255587031
233.194444444,230.000000000,83.227093353,-49.921129938,-56.599487895,75.469339763,13.446913587,76.238307188
233.321180556,230.125000000,83.183665053,-49.771599548,-56.673985431,75.426472450,13.462202511,76.221010181
233.447916667,230.250000000,83.140208294,-49.621959822,-56.748080711,75.383576202,13.477458976,76.203696238
233.574652778,230.375000000,83.096723246,-49.472211947,-56.821773696,75.340651184,13.492682934,76.186365588
233.701388889,230.500000000,83.053210080,-49.322357107,-56.895064351,75.297697562,13.507874336,76.169018459
233.828125000,230.625000000,83.009668967,-49.172396489,-56.967952645,75.254715500,13.523033131,76.151655082
233.954861111,230.750000000,82.966100076,-49.022331275,-57.040438550,75.211705163,13.538159270,76.134275685
234.081597222,230.875000000,82.922503580,-48.872162611,-57.112522060,75.168666706,13.553252401,76.117390676
234.208333333,231.000000000,82.878879649,-48.721891545,-57.184203222,75.125600257,13.568311408,76.100773097
234.335069444,231.125000000,82.835228462,-48.571519250,-57.255482028,75.082505982,13.583336146,76.084141127
234.461805556,231.250000000,82.791550192,-48.421046908,-57.326358467,75.039384051,13.598326562,76.067495006
234.588541667,231.375000000,82.747845014,-48.270475699,-57.396832534,74.996234633,13.613282601,76.050834975
234.715277778,231.500000000,82.704113105,-48.119806804,-57.466904226,74.953057898,13.628204211,76.034161276
234.842013889,231.625000000,82.660354640,-47.969041403,-57.536573545,74.909854014,13.643091335,76.017474149
234.968750000,231.750000000,82.616569793,-47.818180673,-57.605840497,74.866623152,13.657943920,76.000773838
235.095486111,231.875000000,82.572758740,-47.667225906,-57.674705037,74.823365513,13.672762822,75.982745266
235.222222222,232.000000000,82.528921649,-47.516178557,-57.743167046,74.780081339,13.687550192,75.964271737
235.348958333,232.125000000,82.485058683,-47.365039807,-57.811226529,74.736770794,13.702306077,75.945783689
235.475694444,232.250000000,82.441170008,-47.213810826,-57.878883502,74.693434036,13.717030428,75.927281345
235.602430556,232.375000000,82.397255789,-47.062492783,-57.946137981,74.650071225,13.731723193,75.908764927
235.729166667,232.500000000,82.353316190,-46.911086846,-58.012989989,74.606682519,13.746384322,75.890234658
235.855902778,232.625000000,82.309351375,-46.759594180,-58.079439552,74.563268079,13.761013764,75.871690759
235.982638889,232.750000000,82.265361510,-46.608015953,-58.145486698,74.519828062,13.775611468,75.853133456
236.109375000,232.875000000,82.221346758,-46.456353392,-58.211131433,74.476362647,13.790177884,75.833930860
236.236111111,233.000000000,82.177307281,-46.304607765,-58.276373745,74.432872020,13.804713794,75.814614203
236.362847222,233.125000000,82.133243239,-46.152780236,-58.341213671,74.389356336,13.819219162,75.795283979
236.489583333,233.250000000,82.089154792,-46.000871963,-58.405651252,74.345815750,13.833693938,75.775940404
236.616319444,233.375000000,82.045042100,-45.848884105,-58.469686533,74.302250416,13.848138071,75.756583693
236.743055556,233.500000000,82.000905323,-45.696817819,-58.533319563,74.258660491,13.862551512,75.737214063
236.869791667,233.625000000,81.956744622,-45.544674261,-58.596550394,74.215046127,13.876934208,75.717831729
236.996527778,233.750000000,81.912560157,-45.392454587,-58.659379083,74.171407482,13.891286110,75.698436910
237.123263889,233.875000000,81.868352086,-45.240160056,-58.721805643,74.127744738,13.905607985,75.678113905
237.250000000,234.000000000,81.824120566,-45.087791937,-58.783830088,74.084058080,13.919900698,75.657752024
237.376736111,234.125000000,81.779865751,-44.935351378,-58.845452481,74.040347657,13.934164199,75.637377260
237.503472222,234.250000000,81.735587795,-44.782839529,-58.906672888,73.996613619,13.948398441,75.616989819
237.630208333,234.375000000,81.691286853,-44.630257536,-58.967491381,73.952856115,13.962603373,75.596589908
237.756944444,234.500000000,81.646963079,-44.477606546,-59.027908033,73.909075294,13.976778947,75.576177735
237.883680556,234.625000000,81.602616627,-44.324887704,-59.087922922,73.865271306,13.990925112,75.555753506
238.010416667,234.750000000,81.558247653,-44.172102152,-59.147536128,73.821444300,14.005041818,75.535322273
238.137152778,234.875000000,81.513856310,-44.019251026,-59.206747741,73.777594424,14.019128953,75.514933516
238.263888889,235.000000000,81.469442753,-43.866335460,-59.265557850,73.733721824,14.033186420,75.494533393
238.390625000,235.125000000,81.425007137,-43.713356596,-59.323966548,73.689826651,14.047214168,75.474122112
238.517361111,235.250000000,81.380549617,-43.560315572,-59.381973929,73.645909054,14.061212147,75.453699884
238.644097222,235.375000000,81.336070348,-43.407213526,-59.439580093,73.601969184,14.075180303,75.433266917
238.770833333,235.500000000,81.291569484,-43.254051594,-59.496785142,73.558007189,14.089118587,75.412823422
238.897569444,235.625000000,81.247047180,-43.100830913,-59.553589182,73.514023219,14.103026945,75.392369609
239.024305556,235.750000000,81.202503591,-42.947552627,-59.609992317,73.470017427,14.116905416,75.371390683
239.151041667,235.875000000,81.157938867,-42.794218292,-59.665994503,73.425990080,14.130757192,75.348229811
239.277777778,236.000000000,81.113353149,-42.640829247,-59.721595768,73.381941375,14.144583842,75.325056431
239.404513889,236.125000000,81.068746574,-42.487386615,-59.776796225,73.337871446,14.158385324,75.301870722
239.531250000,236.250000000,81.024119281,-42.333891520,-59.831595985,73.293780428,14.172161592,75.278672866
239.657986111,236.375000000,80.979471409,-42.180345082,-59.885995168,73.249668453,14.185912604,75.255463042
239.784722222,236.500000000,80.934803096,-42.026748423,-59.939993892,73.205535657,14.199638313,75.232241433
239.911458333,236.625000000,80.890114481,-41.873102662,-59.993592283,73.161382173,14.213338676,75.209008220
240.038194444,236.750000000,80.845405702,-41.719408913,-60.046790468,73.117208136,14.227013626,75.185840326
240.164930556,236.875000000,80.800676898,-41.565668250,-60.099588594,73.073013666,14.240662783,75.162839260
240.291666667,237.000000000,80.755928210,-41.411881774,-60.151986801,73.028798896,14.254285988,75.139827391
240.418402778,237.125000000,80.711159777,-41.258050600,-60.203985226,72.984563960,14.267883193,75.116804903
240.545138889,237.250000000,80.666371739,-41.104175841,-60.255584012,72.940308994,14.281454351,75.093771980
240.671875000,237.375000000,80.621564237,-40.950258608,-60.306783304,72.896034134,14.294999417,75.070728808
240.798611111,237.500000000,80.576737410,-40.796300014,-60.357583249,72.851739516,14.308518342,75.047675573
240.925347222,237.625000000,80.531891399,-40.642301168,-60.407983999,72.807425274,14.322011078,75.024612460
241.052083333,237.750000000,80.487026344,-40.488263192,-60.457985705,72.763091549,14.335477692,75.001242863
241.178819444,237.875000000,80.442142382,-40.334187324,-60.507588480,72.718738512,14.348919125,74.977437845
241.305555556,238.000000000,80.397239650,-40.180074699,-60.556792474,72.674366303,14.362335563,74.953622776
241.432291667,238.125000000,80.352318283,-40.025926420,-60.605597849,72.629975054,14.375726960,74.929797835
241.559027778,238.250000000,80.307378417,-39.871743587,-60.654004771,72.585564897,14.389093269,74.905963201
241.685763889,238.375000000,80.262420189,-39.717527301,-60.702013407,72.541135962,14.402434445,74.882119052
241.812500000,238.500000000,80.217443732,-39.563278660,-60.749623932,72.496688380,14.415750441,74.858265568
241.939236111,238.625000000,80.172449184,-39.408998761,-60.796836518,72.452222285,14.429041211,74.834402927
242.065972222,238.750000000,80.127436679,-39.254688740,-60.843651334,72.407737817,14.442307008,74.809904446
242.192708333,238.875000000,80.082406350,-39.100349913,-60.890068490,72.363235169,14.455549456,74.784818907
242.319444444,239.000000000,80.037358325,-38.945983405,-60.936088158,72.318714475,14.468768767,74.759723570
242.446180556,239.125000000,79.992292733,-38.791590304,-60.981710521,72.274175861,14.481964897,74.734618603
242.572916667,239.250000000,79.947209702,-38.637171699,-61.026935766,72.229619449,14.495137804,74.709504171
242.699652778,239.375000000,79.902109361,-38.482728675,-61.071764083,72.185045366,14.508287443,74.684380442
242.826388889,239.500000000,79.856991838,-38.328262317,-61.116195667,72.140453735,14.521413770,74.659247583
242.953125000,239.625000000,79.811857261,-38.173773710,-61.160230713,72.095844680,14.534516742,74.634105762
243.079861111,239.750000000,79.766705760,-38.019264021,-61.203869398,72.051218351,14.547596962,74.607842678
243.206597222,239.875000000,79.721537454,-37.864734651,-61.247111828,72.006574960,14.560656784,74.580916688
243.333333333,240.000000000,79.676352464,-37.710186706,-61.289958195,71.961914628,14.573696392,74.553980619
243.460069444,240.125000000,79.631150906,-37.555621259,-61.332408703,71.917237471,14.586715748,74.527034619
243.586805556,240.250000000,79.585932899,-37.401039384,-61.374463558,71.872543604,14.599714813,74.500078838
243.713541667,240.375000000,79.540698560,-37.246442152,-61.416122969,71.827833139,14.612693548,74.473113426
243.840277778,240.500000000,79.495448008,-37.091830633,-61.457387147,71.783106192,14.625651913,74.446138532
243.967013889,240.625000000,79.450181359,-36.937205896,-61.498256309,71.738362878,14.638589869,74.419154305
244.093750000,240.750000000,79.404898733,-36.782568993,-61.538730676,71.693603305,14.651507268,74.392320581
244.220486111,240.875000000,79.359600247,-36.627920953,-61.578810481,71.648827580,14.664403791,74.365534176
244.347222222,241.000000000,79.314286021,-36.473262838,-61.618495949,71.604035815,14.677279384,74.338739082
244.473958333,241.125000000,79.268956175,-36.318595712,-61.657787309,71.559228128,14.690134007,74.311935451
244.600694444,241.250000000,79.223610827,-36.163920636,-61.696684792,71.514404633,14.702967619,74.285123436
244.727430556,241.375000000,79.178250096,-36.009238672,-61.735188632,71.469565447,14.715780178,74.258303189
244.854166667,241.500000000,79.132874102,-35.854550877,-61.773299067,71.424710684,14.728571642,74.231474865
244.980902778,241.625000000,79.087482964,-35.699858309,-61.811016338,71.379840460,14.741341970,74.204638616
245.107638889,241.750000000,79.042076799,-35.545162271,-61.848340627,71.334954961,14.754092948,74.175476978
245.234375000,241.875000000,78.996655715,-35.390464246,-61.885272069,71.290054416,14.766827721,74.145894433
245.361111111,242.000000000,78.951219813,-35.235765287,-61.921810902,71.245138927,14.779546315,74.116302129
245.487847222,242.125000000,78.905769198,-35.081066443,-61.957957368,71.200208595,14.792248697,74.086700190
245.614583333,242.250000000,78.860303972,-34.926368757,-61.993711713,71.155263520,14.804934834,74.057088744
245.741319444,242.375000000,78.814824237,-34.771673273,-62.029074186,71.110303801,14.817604694,74.027467917
245.868055556,242.500000000,78.769330098,-34.616981033,-62.064045039,71.065329539,14.830258243,73.997837834
245.994791667,242.625000000,78.723821655,-34.462293077,-62.098624525,71.020340833,14.842895449,73.968198623
246.121527778,242.750000000,78.678299014,-34.307610324,-62.132812930,70.975337750,14.855515385,73.939551871
246.248263889,242.875000000,78.632762282,-34.152933668,-62.166610549,70.930320352,14.868116967,73.910939981
246.375000000,243.000000000,78.587211569,-33.998264147,-62.200017649,70.885288745,14.880700154,73.882320188
246.501736111,243.125000000,78.541646983,-33.843602799,-62.233034499,70.840243036,14.893264911,73.853692629
246.628472222,243.250000000,78.496068633,-33.688950658,-62.265661373,70.795183329,14.905811199,73.825057440
246.755208333,243.375000000,78.450476629,-33.534308756,-62.297898547,70.750109732,14.918338981,73.796414761
246.881944444,243.500000000,78.404871080,-33.379678127,-62.329746298,70.705022349,14.930848218,73.767764727
247.008680556,243.625000000,78.359252094,-33.225059801,-62.361204908,70.659921288,14.943338892,73.738794763
247.135416667,243.750000000,78.313619776,-33.070455464,-62.392274525,70.614806840,14.955815767,73.705563080
247.262152778,243.875000000,78.267974211,-32.915866640,-62.422955320,70.569679236,14.968282513,73.672321172
247.388888889,244.000000000,78.222315480,-32.761294347,-62.453247566,70.524538558,14.980739108,73.639069133
247.515625000,244.125000000,78.176643667,-32.606739602,-62.483151539,70.479384884,14.993185529,73.605807060
247.642361111,244.250000000,78.130958851,-32.452203418,-62.512667519,70.434218296,15.005621754,73.572535047
247.769097222,244.375000000,78.085261116,-32.297686809,-62.541795787,70.389038873,15.018047763,73.539253189
247.895833333,244.500000000,78.039550544,-32.143190787,-62.570536629,70.343846696,15.030463532,73.505961581
248.022569444,244.625000000,77.993827216,-31.988716357,-62.598890332,70.298641843,15.042869004,73.472877061
248.149305556,244.750000000,77.948091216,-31.834264327,-62.626857224,70.253424337,15.055262683,73.440783777
248.276041667,244.875000000,77.902342632,-31.679835600,-62.654437623,70.208194233,15.067643774,73.408681806
248.402777778,245.000000000,77.856581554,-31.525431184,-62.681631828,70.162951619,15.080012251,73.376571255
248.529513889,245.125000000,77.810808071,-31.371052086,-62.708440141,70.117696581,15.092368086,73.344452230
248.656250000,245.250000000,77.765022272,-31.216699310,-62.734862869,70.072429207,15.104711251,73.312324837
248.782986111,245.375000000,77.719224246,-31.062373859,-62.760900320,70.027149583,15.117041720,73.280189183
248.909722222,245.500000000,77.673414082,-30.908076736,-62.786552804,69.981857796,15.129359464,73.248045374
249.036458333,245.625000000,77.627591870,-30.753808965,-62.811820632,69.936553940,15.141664626,73.215261305
249.163194444,245.750000000,77.581757693,-30.599571942,-62.836704053,69.891238215,15.153960086,73.180902946
249.289930556,245.875000000,77.535911630,-30.445366805,-62.861203354,69.845910739,15.166246869,73.146535383
249.416666667,246.000000000,77.490053755,-30.291194547,-62.885318849,69.800571587,15.178524955,73.112158703
249.543402778,246.125000000,77.444184145,-30.137056158,-62.909050855,69.755220832,15.190794325,73.077772993
249.670138889,246.250000000,77.398302876,-29.982952627,-62.932399691,69.709858551,15.203054958,73.043378342
249.796875000,246.375000000,77.352410024,-29.828884941,-62.955365680,69.664484816,15.215306834,73.008974835
249.923611111,246.500000000,77.306505665,-29.674854087,-62.977949144,69.619099703,15.227549934,72.974562561
250.050347222,246.625000000,77.260589876,-29.520861062,-63.000150410,69.573703291,15.239784341,72.939862916
250.177083333,246.750000000,77.214662730,-29.366906986,-63.021969787,69.528295691,15.252011011,72.904731569
250.303819444,246.875000000,77.168724299,-29.212992870,-63.043407600,69.482876986,15.264230167,72.869591330
250.430555556,247.000000000,77.122774655,-29.059119693,-63.064464181,69.437447245,15.276441790,72.834442281
250.557291667,247.125000000,77.076813871,-28.905288434,-63.085139867,69.392006538,15.288645863,72.799284504
250.684027778,247.250000000,77.030842018,-28.751500066,-63.105434993,69.346554938,15.300842368,72.764118080
250.810763889,247.375000000,76.984859168,-28.597755566,-63.125349901,69.301092513,15.313031286,72.728943092
250.937500000,247.500000000,76.938865393,-28.444055904,-63.144884934,69.255619335,15.325212600,72.693759621
251.064236111,247.625000000,76.892860765,-28.290402053,-63.164040436,69.210135475,15.337386304,72.658541375
251.190972222,247.750000000,76.846845356,-28.136794994,-63.182816755,69.164641007,15.349552452,72.623289128
251.317708333,247.875000000,76.800819236,-27.983235696,-63.201214240,69.119136001,15.361711040,72.588028617
251.444444444,248.000000000,76.754782478,-27.829725124,-63.219233245,69.073620526,15.373862048,72.552759922
251.571180556,248.125000000,76.708735154,-27.676264244,-63.236874126,69.028094655,15.386005459,72.517483125
251.697916667,248.250000000,76.662677335,-27.522854018,-63.254137240,68.982558457,15.398141253,72.482198309
251.824652778,248.375000000,76.616609091,-27.369495408,-63.271022948,68.937012002,15.410269412,72.446905554
251.951388889,248.500000000,76.570530496,-27.216189373,-63.287531613,68.891455360,15.422389917,72.411604943
252.078125000,248.625000000,76.524441621,-27.062936808,-63.303663608,68.845888584,15.434502286,72.377092541
252.204861111,248.750000000,76.478342542,-26.909738419,-63.319419331,68.800311672,15.446604694,72.343068326
252.331597222,248.875000000,76.432233338,-26.756595139,-63.334799159,68.754724695,15.458696940,72.309037253
252.458333333,249.000000000,76.386114089,-26.603507922,-63.349803471,68.709127731,15.470778998,72.274999415
252.585069444,249.125000000,76.339984873,-26.450477721,-63.364432648,68.663520857,15.482850845,72.240954906
252.711805556,249.250000000,76.293845771,-26.297505489,-63.378687072,68.617904150,15.494912455,72.206903818
252.838541667,249.375000000,76.247696860,-26.144592175,-63.392567129,68.572277688,15.506963805,72.172846244
252.965277778,249.500000000,76.201538221,-25.991738728,-63.406073209,68.526641548,15.519004871,72.138782276
253.092013889,249.625000000,76.155369933,-25.838946092,-63.419205700,68.480995807,15.531035620,72.104721800
253.218750000,249.750000000,76.109192074,-25.686215210,-63.431964997,68.435340542,15.543056010,72.070658819
253.345486111,249.875000000,76.063004726,-25.533547024,-63.444351495,68.389675831,15.555066016,72.036589733
253.472222222,250.000000000,76.016807965,-25.380942477,-63.456365594,68.344001751,15.567065612,72.002514635
253.598958333,250.125000000,75.970601873,-25.228402507,-63.468007692,68.298318380,15.579054773,71.968433619
253.725694444,250.250000000,75.924386528,-25.075928052,-63.479278194,68.252625794,15.591033474,71.934346777
253.852430556,250.375000000,75.878162010,-24.923520048,-63.490177505,68.206924071,15.603001690,71.900254203
253.979166667,250.500000000,75.831928398,-24.771179430,-63.500706033,68.161213289,15.614959394,71.866155992
254.105902778,250.625000000,75.785685772,-24.618906993,-63.510864199,68.115493486,15.626905586,71.833279137
254.232638889,250.750000000,75.739434218,-24.466703421,-63.520652436,68.069764669,15.638838450,71.800639098
254.359375000,250.875000000,75.693173824,-24.314569640,-63.530071165,68.024026924,15.650757919,71.767994705
254.486111111,251.000000000,75.646904678,-24.162506579,-63.539120809,67.978280335,15.662663960,71.735346066
254.612847222,251.125000000,75.600626868,-24.010515163,-63.547801795,67.932524989,15.674556542,71.702693287
254.739583333,251.250000000,75.554340482,-23.858596319,-63.556114550,67.886760970,15.686435632,71.670036475
254.866319444,251.375000000,75.508045609,-23.706750969,-63.564059506,67.840988365,15.698301198,71.637375739
254.993055556,251.500000000,75.461742336,-23.554980034,-63.571637095,67.795207259,15.710153208,71.604711184
255.119791667,251.625000000,75.415430751,-23.403284413,-63.578847753,67.749417731,15.721991475,71.572213413
255.246527778,251.750000000,75.369110943,-23.251664996,-63.585691920,67.703619859,15.733815776,71.539722052
255.373263889,251.875000000,75.322783002,-23.100122699,-63.592170037,67.657813731,15.745626078,71.507227329
255.500000000,252.000000000,75.276447016,-22.948658437,-63.598282548,67.611999431,15.757422346,71.474729355
255.626736111,252.125000000,75.230103075,-22.797273120,-63.604029898,67.566177048,15.769204547,71.442228238
255.753472222,252.250000000,75.183751268,-22.645967658,-63.609412534,67.520346668,15.780972647,71.409724089
255.880208333,252.375000000,75.137391683,-22.494742961,-63.614430908,67.474508376,15.792726612,71.377217016
256.006944444,252.500000000,75.091024410,-22.343599932,-63.619085472,67.428662260,15.804466404,71.344783317
256.133680556,252.625000000,75.044649541,-22.192539272,-63.623376688,67.382808345,15.816190518,71.313661708
256.260416667,252.750000000,74.998267169,-22.041561717,-63.627305023,67.336946674,15.827897722,71.282538607
256.387152778,252.875000000,74.951877395,-21.890668170,-63.630870941,67.291077341,15.839587979,71.251414138
256.513888889,253.000000000,74.905480313,-21.739859530,-63.634074911,67.245200439,15.851261246,71.220288424
256.640625000,253.125000000,74.859076023,-21.589136694,-63.636917401,67.199316064,15.862917484,71.189161589
256.767361111,253.250000000,74.812664620,-21.438500558,-63.639398884,67.153424310,15.874556652,71.158033757
256.894097222,253.375000000,74.766246204,-21.287952016,-63.641519834,67.107525270,15.886178709,71.126905053
257.020833333,253.500000000,74.719820870,-21.137491960,-63.643280727,67.061619039,15.897783625,71.095701572
257.147569444,253.625000000,74.673388715,-20.987121358,-63.644682042,67.015705734,15.909371912,71.064120944
257.274305556,253.750000000,74.626949835,-20.836841137,-63.645724256,66.969785460,15.920943831,71.032539439
257.401041667,253.875000000,74.580504325,-20.686652182,-63.646407852,66.923858309,15.932499343,71.000957178
257.527777778,254.000000000,74.534052278,-20.536555377,-63.646733314,66.877924372,15.944038408,70.969374281
257.654513889,254.125000000,74.487593789,-20.386551602,-63.646701127,66.831983740,15.955560986,70.937790867
257.781250000,254.250000000,74.441128954,-20.236641735,-63.646311781,66.786036505,15.967067038,70.906207058
257.907986111,254.375000000,74.394657866,-20.086826653,-63.645565766,66.740082759,15.978556522,70.874622973
258.034722222,254.500000000,74.348180621,-19.937107230,-63.644463575,66.694122593,15.990029394,70.843053128
258.161458333,254.625000000,74.301697314,-19.787484329,-63.643005704,66.648156096,16.001485544,70.811521420
258.288194444,254.750000000,74.255208038,-19.637958814,-63.641192649,66.602183359,16.012924903,70.779989843
258.414930556,254.875000000,74.208712890,-19.488531556,-63.639024911,66.556204472,16.024347430,70.748458518
258.541666667,255.000000000,74.162211964,-19.339203419,-63.636502991,66.510219529,16.035753085,70.716927565
258.668402778,255.125000000,74.115705356,-19.189975268,-63.633627394,66.464228620,16.047141824,70.685397107
258.795138889,255.250000000,74.069193159,-19.040847965,-63.630398626,66.418231838,16.058513608,70.653867265
258.921875000,255.375000000,74.022675470,-18.891822368,-63.626817196,66.372229274,16.069868393,70.622338160
259.048611111,255.500000000,73.976152383,-18.742899323,-63.622883613,66.326221017,16.081206046,70.591062320
259.175347222,255.625000000,73.929623995,-18.594079555,-63.618598390,66.280207118,16.092525586,70.560193505
259.302083333,255.750000000,73.883090404,-18.445363883,-63.613962041,66.234187663,16.103826727,70.529326372
259.428819444,255.875000000,73.836551709,-18.296753159,-63.608975087,66.188162747,16.115109424,70.498461048
259.555555556,256.000000000,73.790008010,-18.148248233,-63.603638050,66.142132466,16.126373632,70.467597663
259.682291667,256.125000000,73.743459405,-17.999849952,-63.597951453,66.096096914,16.137619306,70.436736347
259.809027778,256.250000000,73.696905993,-17.851559161,-63.591915822,66.050056188,16.148846398,70.405877228
259.935763889,256.375000000,73.650347873,-17.703376702,-63.585531686,66.004010382,16.160054864,70.375020436
260.062500000,256.500000000,73.603785144,-17.555303423,-63.578799576,65.957959594,16.171244703,70.344071239
260.189236111,256.625000000,73.557217903,-17.407340200,-63.571720024,65.911903930,16.182416148,70.313027002
260.315972222,256.750000000,73.510646250,-17.259487878,-63.564293565,65.865843487,16.193569201,70.281985306
260.442708333,256.875000000,73.464070280,-17.111747288,-63.556520736,65.819778359,16.204703816,70.250946280
260.569444444,257.000000000,73.417490093,-16.964119264,-63.548402073,65.773708641,16.215819947,70.219910052
260.696180556,257.125000000,73.370905786,-16.816604634,-63.539938116,65.727634426,16.226917549,70.188876750
260.822916667,257.250000000,73.324317457,-16.669204225,-63.531129409,65.681555809,16.237996574,70.157846502
260.949652778,257.375000000,73.277725203,-16.521918862,-63.521976494,65.635472883,16.249056977,70.126819437
261.076388889,257.500000000,73.231129122,-16.374749383,-63.512479919,65.589385748,16.260098818,70.095611109
261.203125000,257.625000000,73.184529311,-16.227696669,-63.502640235,65.543294516,16.271122491,70.064284347
261.329861111,257.750000000,73.137925865,-16.080761546,-63.492457992,65.497199282,16.282127997,70.032960874
261.456597222,257.875000000,73.091318881,-15.933944827,-63.481933740,65.451100137,16.293115290,70.001640818
261.583333333,258.000000000,73.044708455,-15.787247327,-63.471068033,65.404997174,16.304084323,69.970324303
261.710069444,258.125000000,72.998094683,-15.640669857,-63.459861425,65.358890487,16.315035051,69.939011455
261.836805556,258.250000000,72.951477659,-15.494213226,-63.448314473,65.312780166,16.325967428,69.907702401
261.963541667,258.375000000,72.904857482,-15.347878240,-63.436427737,65.266666305,16.336881406,69.876397267
262.090277778,258.500000000,72.858234245,-15.201665676,-63.424201775,65.220548987,16.347776744,69.845377093
262.217013889,258.625000000,72.811608048,-15.055576262,-63.411637145,65.174428283,16.358652854,69.814474848
262.343750000,258.750000000,72.764978988,-14.909610793,-63.398734412,65.128304285,16.369509655,69.783577271
262.470486111,258.875000000,72.718347163,-14.763770067,-63.385494145,65.082177089,16.380347098,69.752684493
262.597222222,259.000000000,72.671712672,-14.618054879,-63.371916914,65.036046788,16.391165134,69.721796645
262.723958333,259.125000000,72.625075612,-14.472466023,-63.358003291,64.989913477,16.401963714,69.690913858
262.850694444,259.250000000,72.578436083,-14.327004289,-63.343753850,64.943777251,16.412742787,69.660036264
262.977430556,259.375000000,72.531794183,-14.181670465,-63.329169166,64.897638204,16.423502304,69.629163994
263.104166667,259.500000000,72.485150008,-14.036465376,-63.314249822,64.851496442,16.434242486,69.597961131
263.230902778,259.625000000,72.438503657,-13.891389875,-63.298996403,64.805352081,16.444963797,69.566690695
263.357638889,259.750000000,72.391855224,-13.746444747,-63.283409490,64.759205213,16.455666202,69.535425589
263.484375000,259.875000000,72.345204806,-13.601630770,-63.267489663,64.713055931,16.466349652,69.504165941
263.611111111,260.000000000,72.298552499,-13.456948720,-63.251237508,64.666904326,16.477014099,69.472911880
263.737847222,260.125000000,72.251898397,-13.312399372,-63.234653609,64.620750492,16.487659493,69.441663534
263.864583333,260.250000000,72.205242598,-13.167983498,-63.217738554,64.574594519,16.498285786,69.410421029
263.991319444,260.375000000,72.158585197,-13.023701867,-63.200492932,64.528436501,16.508892927,69.379184496
264.118055556,260.500000000,72.111926290,-12.879555345,-63.182917346,64.482276559,16.519481576,69.347175711
264.244791667,260.625000000,72.065265967,-12.735544823,-63.165012402,64.436114824,16.530052607,69.315115176
264.371527778,260.750000000,72.018604321,-12.591671063,-63.146778691,64.389951384,16.540605977,69.283060215
264.498263889,260.875000000,71.971941442,-12.447934827,-63.128216806,64.343786324,16.551141639,69.251010950
264.625000000,261.000000000,71.925277421,-12.304336871,-63.109327343,64.297619734,16.561659548,69.218967500
264.751736111,261.125000000,71.878612349,-12.160877950,-63.090110898,64.251451701,16.572159657,69.186929986
264.878472222,261.250000000,71.831946317,-12.017558817,-63.070568071,64.205282312,16.582641917,69.154898527
265.005208333,261.375000000,71.785279416,-11.874380221,-63.050699461,64.159111654,16.593106280,69.122959158
265.131944444,261.500000000,71.738611739,-11.731342605,-63.030505630,64.112939718,16.603550486,69.093031817
265.258680556,261.625000000,71.691943389,-11.588446457,-63.009987151,64.066766518,16.613972596,69.063112942
265.385416667,261.750000000,71.645274467,-11.445692518,-62.989144639,64.020592153,16.624372554,69.033202677
265.512152778,261.875000000,71.598605077,-11.303081532,-62.967978708,63.974416721,16.634750302,69.003301165
265.638888889,262.000000000,71.551935322,-11.160614238,-62.946489976,63.928240320,16.645105783,68.973408551
265.765625000,262.125000000,71.505265306,-11.018291373,-62.924679061,63.882063051,16.655438940,68.943524980
265.892361111,262.250000000,71.458595131,-10.876113671,-62.902546583,63.835885011,16.665749713,68.913650596
266.019097222,262.375000000,71.411924901,-10.734081872,-62.880093166,63.789706303,16.676038104,68.883398239
266.145833333,262.500000000,71.365254715,-10.592197142,-62.857319500,63.743527162,16.686307226,68.850970919
266.272569444,262.625000000,71.318584663,-10.450460458,-62.834226243,63.697347758,16.696558851,68.818550684
266.399305556,262.750000000,71.271914833,-10.308872544,-62.810814012,63.651168175,16.706792932,68.786137648
266.526041667,262.875000000,71.225245313,-10.167434122,-62.787083425,63.604988497,16.717009423,68.753731929
266.652777778,263.000000000,71.178576191,-10.026145909,-62.763035104,63.558808810,16.727208275,68.721333646
266.779513889,263.125000000,71.131907557,-9.885008622,-62.738669671,63.512629197,16.737389442,68.688942913
266.906250000,263.250000000,71.085239497,-9.744022976,-62.713987750,63.466449745,16.747552876,68.656559850
267.032986111,263.375000000,71.038572100,-9.603189665,-62.688989963,63.420270532,16.757698404,68.624671019
267.159722222,263.500000000,70.991905458,-9.462509048,-62.663676878,63.374091530,16.767823427,68.594173772
267.286458333,263.625000000,70.945239670,-9.321981693,-62.638049105,63.327912790,16.777926883,68.563686390
267.413194444,263.750000000,70.898574833,-9.181608307,-62.612107281,63.281734405,16.788008714,68.533209012
267.539930556,263.875000000,70.851911048,-9.041389592,-62.585852046,63.235556470,16.798068863,68.502741775
267.666666667,264.000000000,70.805248413,-8.901326248,-62.559284041,63.189379081,16.808107274,68.472284819
267.793402778,264.125000000,70.758587028,-8.761418972,-62.532403906,63.143202332,16.818123888,68.441838283
267.920138889,264.250000000,70.711926992,-8.621668460,-62.505212286,63.097026317,16.828118649,68.411402306
268.046875000,264.375000000,70.665268403,-8.482075415,-62.477709829,63.050851135,16.838091579,68.380752927
268.173611111,264.500000000,70.618611359,-8.342640648,-62.449897204,63.004676919,16.848043498,68.349732155
268.300347222,264.625000000,70.571955956,-8.203364878,-62.421775062,62.958503772,16.857974589,68.318721727
268.427083333,264.750000000,70.525302289,-8.064248791,-62.393344053,62.912331785,16.867884795,68.287721777
268.553819444,264.875000000,70.478650455,-7.925293069,-62.364604824,62.866161050,16.877774060,68.256732438
268.680555556,265.000000000,70.432000548,-7.786498391,-62.335558027,62.819991657,16.887642328,68.225753844
268.807291667,265.125000000,70.385352665,-7.647865436,-62.306204313,62.773823698,16.897489544,68.194786128
268.934027778,265.250000000,70.338706900,-7.509394879,-62.276544336,62.727657264,16.907315650,68.163829423
269.060763889,265.375000000,70.292063349,-7.371087398,-62.246578752,62.681492450,16.917120643,68.132771495
269.187500000,265.500000000,70.245422107,-7.232943713,-62.216308228,62.635329362,16.926904814,68.101602669
269.314236111,265.625000000,70.198783269,-7.094964498,-62.185733423,62.589168093,16.936668170,68.070445013
269.440972222,265.750000000,70.152146929,-6.957150418,-62.154854994,62.543008732,16.946410655,68.039298657
269.567708333,265.875000000,70.105513180,-6.819502137,-62.123673602,62.496851370,16.956132213,68.008163735
269.694444444,266.000000000,70.058882117,-6.682020314,-62.092189908,62.450696097,16.965832786,67.977040378
269.821180556,266.125000000,70.012253834,-6.544705607,-62.060404575,62.404543003,16.975512319,67.945928719
269.947916667,266.250000000,69.965628426,-6.407558670,-62.028318266,62.358392178,16.985170753,67.914828889
270.074652778,266.375000000,69.919005986,-6.270580115,-61.995931639,62.312243699,16.994807732,67.884255364
270.201388889,266.500000000,69.872386613,-6.133770418,-61.963245320,62.266097598,17.004421912,67.854053522
270.328125000,266.625000000,69.825770404,-5.997130206,-61.930259976,62.219953965,17.014013084,67.823864853
270.454861111,266.750000000,69.779157459,-5.860660125,-61.896976279,62.173812893,17.023581187,67.793689501
270.581597222,266.875000000,69.732547878,-5.724360816,-61.863394905,62.127674477,17.033126158,67.763527608
270.708333333,267.000000000,69.685941760,-5.588232920,-61.829516529,62.081538813,17.042647937,67.733379320
270.835069444,267.125000000,69.639339203,-5.452277074,-61.795341828,62.035405994,17.052146459,67.703244779
270.961805556,267.250000000,69.592740308,-5.316493912,-61.760871479,61.989276116,17.061621662,67.673124130
271.088541667,267.375000000,69.546145173,-5.180884189,-61.726106194,61.943149313,17.071074386,67.641717344
271.215277778,267.500000000,69.499553890,-5.045448890,-61.691046739,61.897025795,17.080507201,67.609762195
271.342013889,267.625000000,69.452966547,-4.910188664,-61.655693796,61.850905654,17.089920219,67.577819367
271.468750000,267.750000000,69.406383234,-4.775104136,-61.620048042,61.804788974,17.099313385,67.545888983
271.595486111,267.875000000,69.359804038,-4.640195927,-61.584110153,61.758675841,17.108686645,67.513971168
271.722222222,268.000000000,69.313229049,-4.505464657,-61.547880810,61.712566338,17.118039945,67.482066044
271.848958333,268.125000000,69.266658354,-4.370910942,-61.511360693,61.666460550,17.127373227,67.450173736
271.975694444,268.250000000,69.220092043,-4.236535398,-61.474550483,61.620358562,17.136686437,67.418294368
272.102430556,268.375000000,69.173530205,-4.102338365,-61.437450790,61.574260367,17.145977508,67.388926289
272.229166667,268.500000000,69.126972942,-3.968319910,-61.400062157,61.528165874,17.155242342,67.360167338
272.355902778,268.625000000,69.080420360,-3.834480624,-61.362385276,61.482075180,17.164480754,67.331425209
272.482638889,268.750000000,69.033872565,-3.700821112,-61.324420845,61.435988385,17.173692673,67.302700062
272.609375000,268.875000000,68.987329664,-3.567341976,-61.286169563,61.389905591,17.182878029,67.273992060
272.736111111,269.000000000,68.940791763,-3.434043814,-61.247632131,61.343826898,17.192036749,67.245301365
272.862847222,269.125000000,68.894258968,-3.300927222,-61.208809249,61.297752408,17.201168762,67.216628140
272.989583333,269.250000000,68.847731385,-3.167992794,-61.169701622,61.251682221,17.210273995,67.187972546
273.116319444,269.375000000,68.801209118,-3.035241565,-61.130310083,61.205616590,17.219355701,67.155706274
273.243055556,269.500000000,68.754692256,-2.902674732,-61.090635504,61.159555810,17.228418360,67.123128759
273.369791667,269.625000000,68.708180881,-2.770292883,-61.050678579,61.113499962,17.237461945,67.090564876
273.496527778,269.750000000,68.661675078,-2.638096603,-61.010440000,61.067449125,17.246486402,67.058014741
273.623263889,269.875000000,68.615174929,-2.506086472,-60.969920461,61.021403380,17.255491676,67.025478471
273.750000000,270.000000000,68.568680520,-2.374263069,-60.929120658,60.975362806,17.264477715,66.992956182
273.876736111,270.125000000,68.522191933,-2.242626968,-60.888041287,60.929327483,17.273444463,66.960447992
274.003472222,270.250000000,68.475709252,-2.111178744,-60.846683045,60.883297490,17.282391863,66.928044861
274.130208333,270.375000000,68.429232564,-1.979918501,-60.805046486,60.837272748,17.291316364,66.898882926
274.256944444,270.500000000,68.382761969,-1.848846390,-60.763132188,60.791253205,17.300214758,66.869739177
274.383680556,270.625000000,68.336297569,-1.717962977,-60.720940862,60.745238958,17.309086973,66.840613772
274.510416667,270.750000000,68.289839467,-1.587268823,-60.678473225,60.699230104,17.317932939,66.811506867
274.637152778,270.875000000,68.243387766,-1.456764488,-60.635729989,60.653226741,17.326752583,66.782418621
274.763888889,271.000000000,68.196942568,-1.326450531,-60.592711871,60.607228966,17.335545833,66.753349191
274.890625000,271.125000000,68.150503976,-1.196327506,-60.549419588,60.561236876,17.344312618,66.724298735
275.017361111,271.250000000,68.104072092,-1.066395973,-60.505853861,60.515250572,17.353052937,66.694745214
275.144097222,271.375000000,68.057647014,-0.936657109,-60.462015616,60.469270369,17.361771445,66.661918695
275.270833333,271.500000000,68.011228825,-0.807111837,-60.417905687,60.423296477,17.370470934,66.629107285
275.397569444,271.625000000,67.964817606,-0.677760701,-60.373524782,60.377328975,17.379151347,66.596311100
275.524305556,271.750000000,67.918413437,-0.548604245,-60.328873608,60.331367939,17.387812632,66.563530253
275.651041667,271.875000000,67.872016400,-0.419643008,-60.283952875,60.285413447,17.396454732,66.530764857
275.777777778,272.000000000,67.825626575,-0.290877526,-60.238763293,60.239465575,17.405077594,66.498015027
275.904513889,272.125000000,67.779244043,-0.162308336,-60.193305572,60.193524400,17.413681161,66.465280877
276.031250000,272.250000000,67.732868885,-0.033935954,-60.147580420,60.147589994,17.422265262,66.433032101
276.157986111,272.375000000,67.686501186,0.094239436,-60.101588429,60.101662313,17.430827214,66.402235359
276.284722222,272.500000000,67.640141035,0.222217450,-60.055330268,60.055741393,17.439365865,66.371456739
276.411458333,272.625000000,67.593788526,0.349997563,-60.008806659,60.009827320,17.447881150,66.340696378
276.538194444,272.750000000,67.547443749,0.477579255,-59.962018324,59.963920181,17.456373003,66.309954412
276.664930556,272.875000000,67.501106797,0.604962005,-59.914965988,59.918020064,17.464841358,66.279230980
276.791666667,273.000000000,67.454777760,0.732145299,-59.867650374,59.872127054,17.473286151,66.248526218
276.918402778,273.125000000,67.408456732,0.859128621,-59.820072208,59.826241241,17.481707314,66.217840265
277.045138889,273.250000000,67.362143802,0.985911425,-59.772232230,59.780362722,17.490105050,66.186423869
277.171875000,273.375000000,67.315839059,1.112492800,-59.724131317,59.734491726,17.498482388,66.153670306
277.298611111,273.500000000,67.269542583,1.238872124,-59.675770232,59.688628372,17.506840150,66.120933609
277.425347222,273.625000000,67.223254453,1.365048892,-59.627149697,59.642772735,17.515178279,66.088213891
277.552083333,273.750000000,67.176974749,1.491022604,-59.578270435,59.596924891,17.523496719,66.055511267
277.678819444,273.875000000,67.130703551,1.616792759,-59.529133168,59.551084915,17.531795413,66.022825850
277.805555556,274.000000000,67.084440939,1.742358862,-59.479738620,59.505252883,17.540074303,65.990157756
277.932291667,274.125000000,67.038186992,1.867720419,-59.430087517,59.459428872,17.548333333,65.957507098
278.059027778,274.250000000,66.991941790,1.992876958,-59.380180575,59.413612949,17.556572287,65.925212061
278.185763889,274.375000000,66.945705414,2.117828134,-59.330018465,59.367805139,17.564790006,65.893323055
278.312500000,274.500000000,66.899477950,2.242573487,-59.279601907,59.322005513,17.572986220,65.861452630
278.439236111,274.625000000,66.853259480,2.367112534,-59.228931631,59.276214149,17.581160868,65.829600908
278.565972222,274.750000000,66.807050088,2.491444794,-59.178008368,59.230431128,17.589313887,65.797768012
278.692708333,274.875000000,66.760849858,2.615569789,-59.126832851,59.184656527,17.597445216,65.765954068
278.819444444,275.000000000,66.714658875,2.739487042,-59.075405812,59.138890428,17.605554793,65.734159198
278.946180556,275.125000000,66.668477221,2.863196080,-59.023727985,59.093132909,17.613642555,65.702383528
279.072916667,275.250000000,66.622304982,2.986696473,-58.971800088,59.047384036,17.621708128,65.671160338
279.199652778,275.375000000,66.576142243,3.109987932,-58.919622783,59.001643823,17.629750052,65.640350965
279.326388889,275.500000000,66.529989093,3.233070014,-58.867196799,58.955912347,17.637768087,65.609562254
279.453125000,275.625000000,66.483845623,3.355942257,-58.814522877,58.910189693,17.645762168,65.578794340
279.579861111,275.750000000,66.437711920,3.478604199,-58.761601756,58.864475944,17.653732225,65.548047360
279.706597222,275.875000000,66.391588075,3.601055385,-58.708434179,58.818771184,17.661678190,65.517321450
279.833333333,276.000000000,66.345474176,3.723295359,-58.655020887,58.773075498,17.669599995,65.486616746
279.960069444,276.125000000,66.299370312,3.845323669,-58.601362622,58.727388971,17.677497571,65.455933387
280.086805556,276.250000000,66.253276572,3.967139895,-58.547460116,58.681711674,17.685370612,65.425611568
280.213541667,276.375000000,66.207193048,4.088743683,-58.493314073,58.636043660,17.693218327,65.395468311
280.340277778,276.500000000,66.161119831,4.210134595,-58.438925235,58.590385013,17.701040593,65.365347427
280.467013889,276.625000000,66.115057013,4.331312190,-58.384294351,58.544735819,17.708837337,65.335249061
280.593750000,276.750000000,66.069004687,4.452276029,-58.329422167,58.499096166,17.716608488,65.305173358
280.720486111,276.875000000,66.022962943,4.573025676,-58.274309433,58.453466140,17.724353974,65.275120461
280.847222222,277.000000000,65.976931874,4.693560696,-58.218956897,58.407845827,17.732073720,65.245090516
280.973958333,277.125000000,65.930911572,4.813880659,-58.163365308,58.362235315,17.739767653,65.215083668
281.100694444,277.250000000,65.884902131,4.933985455,-58.107535270,58.316634571,17.747433191,65.188206161
281.227430556,277.375000000,65.838903658,5.053875328,-58.051467234,58.271043443,17.755064971,65.162160239
281.354166667,277.500000000,65.792916266,5.173549877,-57.995161955,58.225462030,17.762662732,65.136143357
281.480902778,277.625000000,65.746940071,5.293008684,-57.938620199,58.179890439,17.770226379,65.110155716
281.607638889,277.750000000,65.700975185,5.412251335,-57.881842730,58.134328777,17.777755819,65.084197516
281.734375000,277.875000000,65.655021724,5.531277417,-57.824830316,58.088777151,17.785250955,65.058268958
281.861111111,278.000000000,65.609079799,5.650086520,-57.767583723,58.043235669,17.792711693,65.032370246
281.987847222,278.125000000,65.563149526,5.768678237,-57.710103719,57.997704437,17.800137937,65.006501580
282.114583333,278.250000000,65.517231018,5.887052059,-57.652391123,57.952183601,17.807530430,64.979751198
282.241319444,278.375000000,65.471324384,6.005207433,-57.594446774,57.906673324,17.814890286,64.952933085
282.368055556,278.500000000,65.425429733,6.123143958,-57.536271437,57.861173707,17.822217422,64.926144081
282.494791667,278.625000000,65.379547172,6.240861237,-57.477865878,57.815684852,17.829511748,64.899384375
282.621527778,278.750000000,65.333676810,6.358358878,-57.419230865,57.770206860,17.836773170,64.872654156
282.748263889,278.875000000,65.287818755,6.475636488,-57.360367162,57.724739834,17.844001597,64.845953614
282.875000000,279.000000000,65.241973116,6.592693681,-57.301275538,57.679283875,17.851196937,64.819282939
283.001736111,279.125000000,65.196140000,6.709530070,-57.241956760,57.633839083,17.858359096,64.792708126
283.128472222,279.250000000,65.150319521,6.826145899,-57.182411280,57.588405323,17.865482946,64.770905457
283.255208333,279.375000000,65.104511810,6.942541384,-57.122639578,57.542982485,17.872563607,64.749141268
283.381944444,279.500000000,65.058717000,7.058716151,-57.062642440,57.497570696,17.879600959,64.727415830
283.508680556,279.625000000,65.012935229,7.174669828,-57.002420651,57.452170082,17.886594885,64.705729414
283.635416667,279.750000000,64.967166630,7.290402049,-56.941974996,57.406780771,17.893545264,64.684082292
283.762152778,279.875000000,64.921411339,7.405912448,-56.881306261,57.361402887,17.900451976,64.662474734
283.888888889,280.000000000,64.875669490,7.521200662,-56.820415234,57.316036558,17.907314900,64.640907015
284.015625000,280.125000000,64.829941220,7.636266332,-56.759302701,57.270681911,17.914133922,64.619336770
284.142361111,280.250000000,64.784226662,7.751109048,-56.697969476,57.225339092,17.920909348,64.597503338
284.269097222,280.375000000,64.738525950,7.865728424,-56.636416365,57.180008240,17.927641331,64.575709926
284.395833333,280.500000000,64.692839217,7.980124109,-56.574644152,57.134689478,17.934329750,64.553956803
284.522569444,280.625000000,64.647166597,8.094295754,-56.512653625,57.089382931,17.940974485,64.532244241
284.649305556,280.750000000,64.601508222,8.208243015,-56.450445570,57.044088725,17.947575415,64.510572510
284.776041667,280.875000000,64.555864225,8.321965550,-56.388020774,56.998806983,17.954132417,64.488941882
284.902777778,281.000000000,64.510234741,8.435463020,-56.325380025,56.953537830,17.960645371,64.467352631
285.029513889,281.125000000,64.464619901,8.548735105,-56.262524100,56.908281383,17.967114020,64.446370469
285.156250000,281.250000000,64.419019844,8.661781882,-56.199453562,56.863037609,17.973534878,64.427295781
285.282986111,281.375000000,64.373434715,8.774603200,-56.136169108,56.817806570,17.979906353,64.408268075
285.409722222,281.500000000,64.327864660,8.887198735,-56.072671533,56.772588405,17.986228308,64.389287674
285.536458333,281.625000000,64.282309826,8.999568163,-56.008961633,56.727383249,17.992500607,64.370354900
285.663194444,281.750000000,64.236770360,9.111711164,-55.945040205,56.682191241,17.998723112,64.351470078
285.789930556,281.875000000,64.191246409,9.223627423,-55.880908045,56.637012517,18.004895687,64.332633532
285.916666667,282.000000000,64.145738118,9.335316625,-55.816565950,56.591847213,18.011018192,64.313845588
286.043402778,282.125000000,64.100245635,9.446778462,-55.752014716,56.546695466,18.017090486,64.295119463
286.170138889,282.250000000,64.054769105,9.558012631,-55.687255135,56.501557411,18.023112372,64.276467395
286.296875000,282.375000000,64.009308677,9.669018830,-55.622288003,56.456433184,18.029083696,64.257864992
286.423611111,282.500000000,63.963864497,9.779796758,-55.557114117,56.411322921,18.035004317,64.239312587
286.550347222,282.625000000,63.918436711,9.890346116,-55.491734275,56.366226760,18.040874095,64.220810510
286.677083333,282.750000000,63.873025467,10.000666609,-55.426149272,56.321144837,18.046692889,64.202359094
286.803819444,282.875000000,63.827630911,10.110757943,-55.360359906,56.276077290,18.052460557,64.183958675
286.930555556,283.000000000,63.782253190,10.220619829,-55.294366974,56.231024255,18.058176957,64.165609586
287.057291667,283.125000000,63.736892451,10.330252041,-55.228171237,56.185985845,18.063841440,64.148416305
287.184027778,283.250000000,63.691548848,10.439654741,-55.161773225,56.140962019,18.069450138,64.132617309
287.310763889,283.375000000,63.646222539,10.548827739,-55.095173691,56.095952891,18.075002150,64.116876108
287.437500000,283.500000000,63.600913685,10.657770759,-55.028373439,56.050958608,18.080497317,64.101193095
287.564236111,283.625000000,63.555622446,10.766483530,-54.961373273,56.005979321,18.085935484,64.085568663
287.690972222,283.750000000,63.510348983,10.874965782,-54.894173999,55.961015178,18.091316492,64.070003206
287.817708333,283.875000000,63.465093455,10.983217247,-54.826776421,55.916066330,18.096640182,64.054497121
287.944444444,284.000000000,63.419856023,11.091237664,-54.759181342,55.871132924,18.101906396,64.039050805
288.071180556,284.125000000,63.374636847,11.199026786,-54.691389560,55.826215105,18.107114859,64.023865516
288.197916667,284.250000000,63.329436088,11.306584419,-54.623401838,55.781312996,18.112264869,64.008898223
288.324652778,284.375000000,63.284253908,11.413910317,-54.555218976,55.736426745,18.117356192,63.993992751
288.451388889,284.500000000,63.239090470,11.521004231,-54.486841780,55.691556502,18.122388667,63.979149513
288.578125000,284.625000000,63.193945935,11.627865912,-54.418271053,55.646702419,18.127362130,63.964368921
288.704861111,284.750000000,63.148820465,11.734495115,-54.349507601,55.601864646,18.132276416,63.949651390
288.831597222,284.875000000,63.103714224,11.840891600,-54.280552228,55.557043334,18.137131361,63.934997335
288.958333333,285.000000000,63.058627372,11.947055127,-54.211405737,55.512238635,18.141926801,63.920407174
289.085069444,285.125000000,63.013560072,12.052985543,-54.142068880,55.467450664,18.146661863,63.906919018
289.211805556,285.250000000,62.968512492,12.158682880,-54.072542290,55.422679466,18.151334116,63.894007065
289.338541667,285.375000000,62.923484802,12.264146932,-54.002826763,55.377925190,18.155943215,63.881164143
289.465277778,285.500000000,62.878477172,12.369377472,-53.932923106,55.333187996,18.160488985,63.868390712
289.592013889,285.625000000,62.833489773,12.474374279,-53.862832128,55.288468043,18.164971250,63.855687235
289.718750000,285.750000000,62.788522776,12.579137134,-53.792554635,55.243765487,18.169389833,63.843054177
289.845486111,285.875000000,62.743576350,12.683665822,-53.722091435,55.199080489,18.173744557,63.830492005
289.972222222,286.000000000,62.698650667,12.787960130,-53.651443335,55.154413207,18.178035244,63.818001185
290.098958333,286.125000000,62.653745897,12.892019902,-53.580611104,55.109763776,18.182261246,63.806175083
290.225694444,286.250000000,62.608862213,12.995845053,-53.509595470,55.065132307,18.186421352,63.794589479
290.352430556,286.375000000,62.563999789,13.099435383,-53.438397237,55.020518959,18.190515341,63.783078656
290.479166667,286.500000000,62.519158801,13.202790693,-53.367017213,54.975923896,18.194543027,63.771643107
290.605902778,286.625000000,62.474339423,13.305910787,-53.295456205,54.931347280,18.198504227,63.760283332
290.732638889,286.750000000,62.429541829,13.408795471,-53.223715020,54.886789272,18.202398755,63.748999828
290.859375000,286.875000000,62.384766194,13.511444555,-53.151794466,54.842250035,18.206226425,63.737793097
290.986111111,287.000000000,62.340012693,13.613857852,-53.079695346,54.797729731,18.209987050,63.726663641
291.112847222,287.125000000,62.295281499,13.716035296,-53.007418385,54.753228472,18.213679406,63.716766107
291.239583333,287.250000000,62.250572795,13.817976886,-52.934964265,54.708746348,18.217301737,63.707092294
291.366319444,287.375000000,62.205886760,13.919682447,-52.862333792,54.664283526,18.220853832,63.697500893
291.493055556,287.500000000,62.161223576,14.021151805,-52.789527775,54.619840175,18.224335494,63.687992451
291.619791667,287.625000000,62.116583425,14.122384790,-52.716547022,54.575416463,18.227746527,63.678567515
291.746527778,287.750000000,62.071966488,14.223381235,-52.643392339,54.531012559,18.231086734,63.669226637
291.873263889,287.875000000,62.027372947,14.324140975,-52.570064533,54.486628632,18.234355915,63.659970371
292.000000000,288.000000000,61.982802982,14.424663850,-52.496564410,54.442264850,18.237553874,63.650799272
292.126736111,288.125000000,61.938256776,14.524949827,-52.422892684,54.397921328,18.240679296,63.642821263
292.253472222,288.250000000,61.893734515,14.624998878,-52.349050070,54.353598183,18.243730864,63.634932768
292.380208333,288.375000000,61.849236387,14.724810852,-52.275037377,54.309295589,18.246708370,63.627134383
292.506944444,288.500000000,61.804762579,14.824385602,-52.200855410,54.265013720,18.249611608,63.619426705
292.633680556,288.625000000,61.760313278,14.923722983,-52.126504977,54.220752750,18.252440369,63.611810333
292.760416667,288.750000000,61.715888671,15.022822854,-52.051986882,54.176512853,18.255194445,63.604285870
292.887152778,288.875000000,61.671488946,15.121685078,-51.977301932,54.132294203,18.257873627,63.596853921
293.013888889,289.000000000,61.627114289,15.220309519,-51.902450929,54.088096974,18.260477699,63.589564818
293.140625000,289.125000000,61.582764888,15.318696106,-51.827434632,54.043921314,18.263005908,63.582774213
293.267361111,289.250000000,61.538440933,15.416844751,-51.752253815,53.999767379,18.265457678,63.576079340
293.394097222,289.375000000,61.494142613,15.514755329,-51.676909280,53.955635346,18.267832795,63.569480828
293.520833333,289.500000000,61.449870118,15.612427717,-51.601401831,53.911525393,18.270131044,63.562979310
293.647569444,289.625000000,61.405623637,15.709861797,-51.525732270,53.867437693,18.272352211,63.556575421
293.774305556,289.750000000,61.361403361,15.807057452,-51.449901398,53.823372425,18.274496078,63.550269800
293.901041667,289.875000000,61.317209478,15.904014569,-51.373910017,53.779329764,18.276562428,63.544063089
294.027777778,290.000000000,61.273042178,16.000733053,-51.297758914,53.735309879,18.278550926,63.538501727
294.154513889,290.125000000,61.228901654,16.097213161,-51.221448604,53.691312786,18.280458009,63.534989831
294.281250000,290.250000000,61.184788108,16.193454962,-51.144979760,53.647338594,18.282281930,63.531586840
294.407986111,290.375000000,61.140701743,16.289458355,-51.068353186,53.603387492,18.284022455,63.528293488
294.534722222,290.500000000,61.096642761,16.385223248,-50.991569687,53.559459669,18.285679350,63.525110510
294.661458333,290.625000000,61.052611364,16.480749549,-50.914630065,53.515555312,18.287252380,63.522038647
294.788194444,290.750000000,61.008607755,16.576037170,-50.837535122,53.471674610,18.288741308,63.519078644
294.914930556,290.875000000,60.964632136,16.671086026,-50.760285660,53.427817750,18.290145900,63.516231246
295.041666667,291.000000000,60.920684710,16.765896021,-50.682882490,53.383984928,18.291466042,63.513114587
295.168402778,291.125000000,60.876765676,16.860466895,-50.605326557,53.340176414,18.292703166,63.509328269
295.295138889,291.250000000,60.832875232,16.954798516,-50.527618702,53.296392415,18.293857561,63.505652898
295.421875000,291.375000000,60.789013574,17.048890810,-50.449759720,53.252633115,18.294928994,63.502089197
295.548611111,291.500000000,60.745180899,17.142743704,-50.371750404,53.208898696,18.295917232,63.498637894
295.675347222,291.625000000,60.701377403,17.236357130,-50.293591545,53.165189341,18.296822040,63.495299718
295.802083333,291.750000000,60.657603283,17.329731025,-50.215283937,53.121505233,18.297643185,63.492075404
295.928819444,291.875000000,60.613858735,17.422865325,-50.136828368,53.077846555,18.298380430,63.488965690
296.055555556,292.000000000,60.570143956,17.515760066,-50.058225548,53.034213445,18.299032654,63.488014632
296.182291667,292.125000000,60.526459153,17.608415928,-49.979475651,52.990605751,18.299592729,63.489809563
296.309027778,292.250000000,60.482804545,17.700833019,-49.900579347,52.947023606,18.300058938,63.491738021
296.435763889,292.375000000,60.439180354,17.793011295,-49.821537434,52.903467213,18.300431017,63.493800926
296.562500000,292.500000000,60.395586797,17.884950717,-49.742350709,52.859936779,18.300708699,63.495999203
296.689236111,292.625000000,60.352024097,17.976651246,-49.663019971,52.816432506,18.300891718,63.498333782
296.815972222,292.750000000,60.308492473,18.068112849,-49.583546016,52.772954602,18.300979808,63.500805599
296.942708333,292.875000000,60.264992145,18.159335495,-49.503929637,52.729503270,18.300972700,63.503415594
297.069444444,293.000000000,60.221523332,18.250319070,-49.424171702,52.686078755,18.300870936,63.504658842
297.196180556,293.125000000,60.178086248,18.341063124,-49.344273372,52.642681459,18.300678294,63.504791904
297.322916667,293.250000000,60.134681099,18.431567574,-49.264235482,52.599311600,18.300395069,63.505055682
297.449652778,293.375000000,60.091308091,18.521832396,-49.184058813,52.555969372,18.300021006,63.505451031
297.576388889,293.500000000,60.047967431,18.611857573,-49.103744147,52.512654966,18.299555850,63.505978813
297.703125000,293.625000000,60.004659325,18.701643087,-49.023292264,52.469368574,18.298999343,63.506639894
297.829861111,293.750000000,59.961383980,18.791188924,-48.942703944,52.426110389,18.298351228,63.507435144
297.956597222,293.875000000,59.918141601,18.880495075,-48.861979964,52.382880603,18.297611246,63.508365439
298.083333333,294.000000000,59.874932397,18.969561773,-48.781120883,52.339679293,18.296776814,63.513050481
298.210069444,294.125000000,59.831756590,19.058389823,-48.700126756,52.296506276,18.295839859,63.519774989
298.336805556,294.250000000,59.788614414,19.146979297,-48.618998310,52.253361737,18.294799458,63.526658933
298.463541667,294.375000000,59.745506102,19.235330206,-48.537736334,52.210245896,18.293655318,63.533703428
298.590277778,294.500000000,59.702431888,19.323442561,-48.456341613,52.167158969,18.292407146,63.540909597
298.717013889,294.625000000,59.659392006,19.411316378,-48.374814933,52.124101175,18.291054648,63.548278571
298.843750000,294.750000000,59.616386689,19.498951676,-48.293157076,52.081072731,18.289597528,63.555811486
298.970486111,294.875000000,59.573416171,19.586348478,-48.211368825,52.038073856,18.288035489,63.563509484
299.097222222,295.000000000,59.530480683,19.673506630,-48.129451125,51.995104854,18.286369980,63.569029092
299.223958333,295.125000000,59.487580450,19.760425749,-48.047405135,51.952166134,18.284604732,63.573993214
299.350694444,295.250000000,59.444715690,19.847105845,-47.965231640,51.909257909,18.282739626,63.579113191
299.477430556,295.375000000,59.401886621,19.933546948,-47.882931407,51.866380384,18.280774379,63.584390060
299.604166667,295.500000000,59.359093462,20.019749090,-47.800505205,51.823533761,18.278708709,63.589824865
299.730902778,295.625000000,59.316336433,20.105712308,-47.717953798,51.780718246,18.276542331,63.595418659
299.857638889,295.750000000,59.273615750,20.191436639,-47.635277950,51.737934042,18.274274962,63.601172496
299.984375000,295.875000000,59.230931634,20.276922127,-47.552478425,51.695181354,18.271906317,63.607087439
300.111111111,296.000000000,59.188284305,20.362169109,-47.469555698,51.652460242,18.269433170,63.616647677
300.237847222,296.125000000,59.145673996,20.447178103,-47.386510086,51.609770689,18.266850571,63.626876873
300.364583333,296.250000000,59.103100945,20.531949172,-47.303342351,51.567112915,18.264158151,63.637287507
300.491319444,296.375000000,59.060565389,20.616482375,-47.220053260,51.524487143,18.261355600,63.647880844
300.618055556,296.500000000,59.018067567,20.700777774,-47.136643578,51.481893596,18.258442605,63.658658157
300.744791667,296.625000000,58.975607716,20.784835436,-47.053114067,51.439332495,18.255418854,63.669620727
300.871527778,296.750000000,58.933186075,20.868655428,-46.969465492,51.396804064,18.252284032,63.680769843
300.998263889,296.875000000,58.890802879,20.952237823,-46.885698611,51.354308524,18.249037827,63.692106801
301.125000000,297.000000000,58.848458369,21.035582736,-46.801814142,51.311846079,18.245679494,63.704087069
301.251736111,297.125000000,58.806152783,21.118690292,-46.717812797,51.269416928,18.242208264,63.716266180
301.378472222,297.250000000,58.763886361,21.201560569,-46.633695334,51.227021298,18.238623819,63.728639183
301.505208333,297.375000000,58.721659344,21.284193654,-46.549462508,51.184659414,18.234925836,63.741207430
301.631944444,297.500000000,58.679471971,21.366589634,-46.465115071,51.142331499,18.231113996,63.753972279
301.758680556,297.625000000,58.637324482,21.448748598,-46.380653776,51.100037780,18.227187975,63.766935100
301.885416667,297.750000000,58.595217116,21.530670639,-46.296079372,51.057778481,18.223147450,63.780097269
302.012152778,297.875000000,58.553150115,21.612355854,-46.211392608,51.015553827,18.218992105,63.793384189
302.138888889,298.000000000,58.511123717,21.693804255,-46.126594319,50.973364089,18.214722496,63.806154806
302.265625000,298.125000000,58.469138159,21.775015885,-46.041685309,50.931209517,18.210338913,63.819125247
302.392361111,298.250000000,58.427193677,21.855990846,-45.956666320,50.889090335,18.205841036,63.832296884
302.519097222,298.375000000,58.385290508,21.936729246,-45.871538091,50.847006764,18.201228541,63.845671098
302.645833333,298.500000000,58.343428886,22.017231195,-45.786301359,50.804959026,18.196501105,63.859249280
302.772569444,298.625000000,58.301609050,22.097496803,-45.700956861,50.762947343,18.191658402,63.873032826
302.899305556,298.750000000,58.259831234,22.177526187,-45.615505330,50.720971937,18.186700109,63.887023146
303.026041667,298.875000000,58.218095676,22.257319478,-45.529947484,50.679033024,18.181625758,63.901951820
303.152777778,299.000000000,58.176402616,22.336877220,-45.444283606,50.637130609,18.176430597,63.919923855
303.279513889,299.125000000,58.134752305,22.416199741,-45.358514215,50.595264824,18.171112175,63.938124389
303.406250000,299.250000000,58.093144996,22.495287173,-45.272640047,50.553435905,18.165670144,63.956555056
303.532986111,299.375000000,58.051580942,22.574139652,-45.186661836,50.511644092,18.160104154,63.975217497
303.659722222,299.500000000,58.010060395,22.652757317,-45.100580312,50.469889623,18.154413854,63.994113367
303.786458333,299.625000000,57.968583608,22.731140307,-45.014396205,50.428172734,18.148598893,64.013244331
303.913194444,299.750000000,57.927150834,22.809288768,-44.928110241,50.386493666,18.142658918,64.032612066
304.039930556,299.875000000,57.885762324,22.887202815,-44.841723182,50.344852672,18.136593905,64.051091997
304.166666667,300.000000000,57.844418326,22.964882153,-44.755236239,50.303250224,18.130408255,64.067351872
304.293402778,300.125000000,57.803119076,23.042326782,-44.668650287,50.261686621,18.124103186,64.083835489
304.420138889,300.250000000,57.761864812,23.119536853,-44.581966039,50.220162089,18.117678363,64.100544373
304.546875000,300.375000000,57.720655770,23.196512518,-44.495184204,50.178676849,18.111133451,64.117480057
304.673611111,300.500000000,57.679492186,23.273253932,-44.408305489,50.137231126,18.104468112,64.134644087
304.800347222,300.625000000,57.638374297,23.349761253,-44.321330601,50.095825144,18.097682008,64.152038017
304.927083333,300.750000000,57.597302338,23.426034641,-44.234260243,50.054459125,18.090774801,64.169663410
305.053819444,300.875000000,57.556276547,23.502074305,-44.147095066,50.013133269,18.083745663,64.188771248
305.180555556,301.000000000,57.515297166,23.577880781,-44.059835350,49.971847606,18.076590227,64.209817262
305.307291667,301.125000000,57.474364444,23.653454325,-43.972481704,49.930602327,18.069307242,64.231114805
305.434027778,301.250000000,57.433478630,23.728795113,-43.885034830,49.889397667,18.061896348,64.252665648
305.560763889,301.375000000,57.392639974,23.803903325,-43.797495430,49.848233865,18.054357187,64.274471576
305.687500000,301.500000000,57.351848725,23.878779141,-43.709864200,49.807111155,18.046689398,64.296534385
305.814236111,301.625000000,57.311105133,23.953422746,-43.622141837,49.766029777,18.038892621,64.318855883
305.940972222,301.750000000,57.270409448,24.027834328,-43.534329035,49.724989965,18.030966493,64.341437891
306.067708333,301.875000000,57.229761918,24.102014039,-43.446426529,49.683991978,18.022911054,64.363453396
306.194444444,302.000000000,57.189162791,24.175961882,-43.358435230,49.643036153,18.014728053,64.385004119
306.321180556,302.125000000,57.148612308,24.249678021,-43.270355857,49.602122738,18.006417440,64.406812488
306.447916667,302.250000000,57.108110712,24.323162652,-43.182189090,49.561251962,17.997978858,64.428880282
306.574652778,302.375000000,57.067658246,24.396415973,-43.093935612,49.520424057,17.989411952,64.451209291
306.701388889,302.500000000,57.027255153,24.469438184,-43.005596098,49.479639255,17.980716363,64.473801318
306.828125000,302.625000000,56.986901675,24.542229489,-42.917171226,49.438897786,17.971891732,64.496658179
306.954861111,302.750000000,56.946598056,24.614790093,-42.828661668,49.398199882,17.962937701,64.519781699
307.081597222,302.875000000,56.906344538,24.687120306,-42.740067971,49.357545717,17.953852751,64.545178372
307.208333333,303.000000000,56.866141373,24.759220704,-42.651390369,49.316935329,17.944632438,64.571968630
307.335069444,303.125000000,56.825988816,24.831091535,-42.562629495,49.276368945,17.935276029,64.599048644
307.461805556,303.250000000,56.785887123,24.902733022,-42.473786022,49.235846809,17.925783144,64.626420487
307.588541667,303.375000000,56.745836551,24.974145387,-42.384860618,49.195369166,17.916153403,64.654086245
307.715277778,303.500000000,56.705837356,25.045328858,-42.295853949,49.154936262,17.906386424,64.682048022
307.842013889,303.625000000,56.665889794,25.116283664,-42.206766681,49.114548341,17.896481826,64.710307934
307.968750000,303.750000000,56.625994121,25.187010036,-42.117599475,49.074205649,17.886439224,64.738868114
308.095486111,303.875000000,56.586150593,25.257508290,-42.028352888,49.033908385,17.876257295,64.769138287
308.222222222,304.000000000,56.546359472,25.327778862,-41.939027332,48.993656688,17.865933382,64.800183386
308.348958333,304.125000000,56.506621022,25.397822003,-41.849623455,48.953450806,17.855466986,64.831546404
308.475694444,304.250000000,56.466935508,25.467637958,-41.760141913,48.913290993,17.844857713,64.863229662
308.602430556,304.375000000,56.427303192,25.537226976,-41.670583360,48.873177502,17.834105163,64.895235498
308.729166667,304.500000000,56.387724339,25.606589305,-41.580948447,48.833110587,17.823208940,64.927566268
308.855902778,304.625000000,56.348199213,25.675725201,-41.491237824,48.793090502,17.812168644,64.960224345
308.982638889,304.750000000,56.308728079,25.744634917,-41.401452138,48.753117502,17.800983875,64.993212119
309.109375000,304.875000000,56.269311200,25.813318869,-41.311591828,48.713191750,17.789652377,65.028996116
309.236111111,305.000000000,56.229948850,25.881777585,-41.221657199,48.673313357,17.778170655,65.065522401
309.362847222,305.125000000,56.190641305,25.950011334,-41.131648889,48.633482587,17.766538246,65.102403707
309.489583333,305.250000000,56.151388841,26.018020389,-41.041567542,48.593699707,17.754754729,65.139642709
309.616319444,305.375000000,56.112191733,26.085805021,-40.951413796,48.553964983,17.742819687,65.177242101
309.743055556,305.500000000,56.073050257,26.153365507,-40.861188291,48.514278681,17.730732699,65.215204596
309.869791667,305.625000000,56.033964689,26.220702125,-40.770891660,48.474641068,17.718493344,65.253532931
309.996527778,305.750000000,55.994935305,26.287815155,-40.680524535,48.435052411,17.706101200,65.292229862
310.123263889,305.875000000,55.955962383,26.354705238,-40.590087069,48.395512771,17.693551567,65.336412387
310.250000000,306.000000000,55.917046217,26.421373061,-40.499579362,48.356022199,17.680839242,65.381147941
310.376736111,306.125000000,55.878187104,26.487818922,-40.409002048,48.316580982,17.667963769,65.426296192
310.503472222,306.250000000,55.839385340,26.554043122,-40.318355759,48.277189409,17.654924693,65.471860415
310.630208333,306.375000000,55.800641223,26.620045961,-40.227641123,48.237847768,17.641721559,65.517843914
310.756944444,306.500000000,55.761955050,26.685827747,-40.136858765,48.198556349,17.628353913,65.564250020
310.883680556,306.625000000,55.723327117,26.751388785,-40.046009310,48.159315439,17.614821297,65.611082092
311.010416667,306.750000000,55.684757722,26.816729388,-39.955093376,48.120125330,17.601123246,65.658463920
311.137152778,306.875000000,55.646247163,26.881849984,-39.864111419,48.080986240,17.587257873,65.707628668
311.263888889,307.000000000,55.607795742,26.946750976,-39.773063939,48.041898414,17.573223668,65.757240139
311.390625000,307.125000000,55.569403761,27.011432684,-39.681951550,48.002862148,17.559020161,65.807301934
311.517361111,307.250000000,55.531071524,27.075895431,-39.590774863,47.963877738,17.544646886,65.857817690
311.644097222,307.375000000,55.492799333,27.140139543,-39.499534489,47.924945480,17.530103373,65.908791071
311.770833333,307.500000000,55.454587491,27.204165347,-39.408231032,47.886065670,17.515389153,65.960225773
311.897569444,307.625000000,55.416436300,27.267973173,-39.316865098,47.847238605,17.500503753,66.012125524
312.024305556,307.750000000,55.378346065,27.331563362,-39.225437275,47.808464578,17.485446620,66.065027090
312.151041667,307.875000000,55.340317089,27.394936492,-39.133947818,47.769743742,17.470214249,66.120659900
312.277777778,308.000000000,55.302349686,27.458093024,-39.042397150,47.731076331,17.454804645,66.176790139
312.404513889,308.125000000,55.264444170,27.521033303,-38.950785870,47.692462654,17.439217320,66.233421936
312.531250000,308.250000000,55.226600853,27.583757678,-38.859114571,47.653903018,17.423451784,66.290559452
312.657986111,308.375000000,55.188820049,27.646266498,-38.767383844,47.615397734,17.407507547,66.348206888
312.784722222,308.500000000,55.151102073,27.708560116,-38.675594276,47.576947110,17.391384118,66.406368483
312.911458333,308.625000000,55.113447236,27.770638887,-38.583746452,47.538551455,17.375081007,66.465048510
313.038194444,308.750000000,55.075855853,27.832503193,-38.491840917,47.500211065,17.358597396,66.525568491
313.164930556,308.875000000,55.038328244,27.894153792,-38.399877666,47.461926010,17.341927726,66.589691754
313.291666667,309.000000000,55.000864736,27.955591188,-38.307857081,47.423696532,17.325069744,66.654381682
313.418402778,309.125000000,54.963465660,28.016815754,-38.215779740,47.385522959,17.308022930,66.719643171
313.545138889,309.250000000,54.926131346,28.077827864,-38.123646220,47.347405617,17.290786768,66.785481164
313.671875000,309.375000000,54.888862123,28.138627896,-38.031457096,47.309344835,17.273360738,66.851900650
313.798611111,309.500000000,54.851658322,28.199216229,-37.939212937,47.271340940,17.255744320,66.918906664
313.925347222,309.625000000,54.814520273,28.259593245,-37.846914312,47.233394260,17.237936994,66.986504289
314.052083333,309.750000000,54.777448305,28.319759315,-37.754561807,47.195505134,17.219938442,67.054078043
314.178819444,309.875000000,54.740442745,28.379714686,-37.662156192,47.157673975,17.201749932,67.121355286
314.305555556,310.000000000,54.703503918,28.439459716,-37.569698073,47.119901127,17.183371366,67.189226944
314.432291667,310.125000000,54.666632150,28.498994793,-37.477188000,47.082186914,17.164802229,67.257698122
314.559027778,310.250000000,54.629827763,28.558320308,-37.384626525,47.044531661,17.146042006,67.326773971
314.685763889,310.375000000,54.593091083,28.617436656,-37.292014192,47.006935693,17.127090181,67.396459694
314.812500000,310.500000000,54.556422433,28.676344232,-37.199351547,46.969399336,17.107946238,67.466760539
314.939236111,310.625000000,54.519822139,28.735043436,-37.106639127,46.931922916,17.088609658,67.537681805
315.065972222,310.750000000,54.483290524,28.793534743,-37.013877352,46.894506711,17.069078911,67.611726799
315.192708333,310.875000000,54.446827923,28.851818979,-36.921066097,46.857150790,17.049347864,67.688735569
315.319444444,311.000000000,54.410434675,28.909896620,-36.828205798,46.819855456,17.029415116,67.766423348
315.446180556,311.125000000,54.374111123,28.967768083,-36.735296988,46.782621052,17.009280123,67.844796223
315.572916667,311.250000000,54.337857608,29.025433785,-36.642340199,46.745447924,16.988942339,67.923860344
315.699652778,311.375000000,54.301674471,29.082894148,-36.549335958,46.708336418,16.968401221,68.003621919
315.826388889,311.500000000,54.265562054,29.140149593,-36.456284789,46.671286879,16.947656222,68.084087221
315.953125000,311.625000000,54.229520697,29.197200546,-36.363187213,46.634299652,16.926706797,68.165262582
316.079861111,311.750000000,54.193550742,29.254047399,-36.270043808,46.597375109,16.905552893,68.246125465
316.206597222,311.875000000,54.157652527,29.310690447,-36.176855301,46.560513678,16.884195785,68.327095150
316.333333333,312.000000000,54.121826388,29.367130106,-36.083622223,46.523715709,16.862635105,68.408779152
316.460069444,312.125000000,54.086072661,29.423366809,-35.990345078,46.486981546,16.840870313,68.491183846
316.586805556,312.250000000,54.050391680,29.479400988,-35.897024369,46.450311530,16.818900870,68.574315671
316.713541667,312.375000000,54.014783783,29.535233080,-35.803660596,46.413706005,16.796726236,68.658181128
316.840277778,312.500000000,53.979249305,29.590863522,-35.710254253,46.377165316,16.774345872,68.742786785
316.967013889,312.625000000,53.943788581,29.646292754,-35.616805832,46.340689806,16.751759237,68.828139272
317.093750000,312.750000000,53.908401948,29.701521377,-35.523315554,46.304279717,16.728963549,68.918337037
317.220486111,312.875000000,53.873089756,29.756550246,-35.429783229,46.267935141,16.705952579,69.010780924
317.347222222,313.000000000,53.837852357,29.811379835,-35.336209310,46.231656428,16.682725483,69.104045681
317.473958333,313.125000000,53.802690105,29.866010602,-35.242594286,46.195443944,16.659281691,69.198138988
317.600694444,313.250000000,53.767603356,29.920443006,-35.148938636,46.159298055,16.635620634,69.293068605
317.727430556,313.375000000,53.732592463,29.974677510,-35.055242841,46.123219125,16.611741745,69.388842375
317.854166667,313.500000000,53.697657779,30.028714577,-34.961507376,46.087207522,16.587644454,69.485468222
317.980902778,313.625000000,53.662799660,30.082554675,-34.867732712,46.051263612,16.563328191,69.582954154
318.107638889,313.750000000,53.628018458,30.136198170,-34.773919492,46.015387828,16.538793830,69.678949152
318.234375000,313.875000000,53.593314521,30.189645355,-34.680068483,45.979580649,16.514043320,69.775376187
318.361111111,314.000000000,53.558688194,30.242896697,-34.586180147,45.943842436,16.489076152,69.872659582
318.487847222,314.125000000,53.524139823,30.295952663,-34.492254940,45.908173549,16.463891768,69.970807271
318.614583333,314.250000000,53.489669751,30.348813726,-34.398293312,45.872574349,16.438489614,70.069827267
318.741319444,314.375000000,53.455278326,30.401480361,-34.304295712,45.837045197,16.412869133,70.169727667
318.868055556,314.500000000,53.420965891,30.453953042,-34.210262583,45.801586456,16.387029770,70.270516655
318.994791667,314.625000000,53.386732792,30.506232247,-34.116194366,45.766198487,16.360970968,70.372202497
319.121527778,314.750000000,53.352579376,30.558318606,-34.022091232,45.730881555,16.334689981,70.478062405
319.248263889,314.875000000,53.318505996,30.610212778,-33.927953302,45.695635914,16.308183670,70.585010824
319.375000000,315.000000000,53.284513008,30.661915252,-33.833781012,45.660461940,16.281451460,70.692917446
319.501736111,315.125000000,53.250600769,30.713426520,-33.739574792,45.625360007,16.254492780,70.801791434
319.628472222,315.250000000,53.216769633,30.764747074,-33.645335067,45.590330491,16.227307060,70.911642050
319.755208333,315.375000000,53.183019957,30.815877410,-33.551062262,45.555373771,16.199893728,71.022478657
319.881944444,315.500000000,53.149352096,30.866818023,-33.456756796,45.520490223,16.172252216,71.134310717
320.008680556,315.625000000,53.115766405,30.917569412,-33.362419084,45.485680224,16.144381948,71.247236101
320.135416667,315.750000000,53.082263242,30.968132144,-33.268049418,45.450944111,16.116281364,71.362384601
320.262152778,315.875000000,53.048842966,31.018506773,-33.173648115,45.416282231,16.087949128,71.478571751
320.388888889,316.000000000,53.015505935,31.068693806,-33.079215580,45.381694968,16.059384666,71.595807654
320.515625000,316.125000000,52.982252510,31.118693749,-32.984752217,45.347182707,16.030587404,71.714102522
320.642361111,316.250000000,52.949083050,31.168507114,-32.890258425,45.312745834,16.001556767,71.833466683
320.769097222,316.375000000,52.915997915,31.218134410,-32.795734601,45.278384734,15.972292183,71.953910577
320.895833333,316.500000000,52.882997463,31.267576153,-32.701181135,45.244099794,15.942793079,72.075444760
321.022569444,316.625000000,52.850082056,31.316832855,-32.606598422,45.209891403,15.913058919,72.197774578
321.149305556,316.750000000,52.817252051,31.365904937,-32.511987026,45.175760015,15.883090592,72.319795541
321.276041667,316.875000000,52.784507803,31.414792867,-32.417347422,45.141706046,15.852888299,72.442919606
321.402777778,317.000000000,52.751849667,31.463497162,-32.322679985,45.107729882,15.822451478,72.567157497
321.529513889,317.125000000,52.719277997,31.512018342,-32.227985088,45.073831908,15.791779565,72.692520058
321.656250000,317.250000000,52.686793148,31.560356928,-32.133263100,45.040012510,15.760872001,72.819018252
321.782986111,317.375000000,52.654395476,31.608513442,-32.038514385,45.006272074,15.729728225,72.946663165
321.909722222,317.500000000,52.622085333,31.656488408,-31.943739305,44.972610988,15.698347678,73.075466004
322.036458333,317.625000000,52.589863076,31.704282364,-31.848938195,44.939029633,15.666729620,73.206431919
322.163194444,317.750000000,52.557729062,31.751896033,-31.754111023,44.905528263,15.634870387,73.341065568
322.289930556,317.875000000,52.525683654,31.799330021,-31.659258004,44.872107229,15.602768292,73.476932604
322.416666667,318.000000000,52.493727217,31.846584861,-31.564379488,44.838766930,15.570422764,73.614045402
322.543402778,318.125000000,52.461860115,31.893661093,-31.469475820,44.805507768,15.537833236,73.752416481
322.670138889,318.250000000,52.430082713,31.940559255,-31.374547344,44.772330145,15.504999138,73.892058501
322.796875000,318.375000000,52.398395373,31.987279888,-31.279594398,44.739234463,15.471919903,74.032984266
322.923611111,318.500000000,52.366798461,32.033823534,-31.184617318,44.706221127,15.438594965,74.175206732
323.050347222,318.625000000,52.335292341,32.080190725,-31.089616457,44.673290549,15.405023948,74.317969023
323.177083333,318.750000000,52.303877374,32.126381898,-30.994592365,44.640443207,15.371208052,74.460869555
323.303819444,318.875000000,52.272553919,32.172397569,-30.899545417,44.607679522,15.337147153,74.605082513
323.430555556,319.000000000,52.241322337,32.218238284,-30.804475933,44.574999895,15.302840700,74.750621065
323.557291667,319.125000000,52.210182985,32.263904591,-30.709384227,44.542404729,15.268288140,74.897498527
323.684027778,319.250000000,52.179136224,32.309397036,-30.614270611,44.509894426,15.233488925,75.045728367
323.810763889,319.375000000,52.148182411,32.354716169,-30.519135391,44.477469391,15.198442504,75.195324207
323.937500000,319.500000000,52.117321907,32.399862542,-30.423978873,44.445130028,15.163148333,75.346299828
324.064236111,319.625000000,52.086555069,32.444836728,-30.328801310,44.412876727,15.127605501,75.499880325
324.190972222,319.750000000,52.055882261,32.489639408,-30.233602733,44.380709808,15.091811342,75.656069942
324.317708333,319.875000000,52.025303847,32.534271163,-30.138383392,44.348629670,15.055764960,75.813712424
324.444444444,320.000000000,51.994820193,32.578732551,-30.043143579,44.316636726,15.019465806,75.972822712
324.571180556,320.125000000,51.964431663,32.623024134,-29.947883580,44.284731393,14.982913331,76.133415919
324.697916667,320.250000000,51.934138622,32.667146474,-29.852603680,44.252914088,14.946106990,76.295507339
324.824652778,320.375000000,51.903941436,32.711100135,-29.757304158,44.221185226,14.909046237,76.459112445
324.951388889,320.500000000,51.873840470,32.754885682,-29.661985290,44.189545227,14.871730530,76.624246892
325.078125000,320.625000000,51.843836088,32.798503638,-29.566647443,44.157994541,14.834160076,76.788792737
325.204861111,320.750000000,51.813928650,32.841954398,-29.471291252,44.126533704,14.796337240,76.953535271
325.331597222,320.875000000,51.784118514,32.885238511,-29.375917015,44.095163141,14.758261787,77.119808985
325.458333333,321.000000000,51.754406036,32.928356541,-29.280524993,44.063883264,14.719933196,77.287629499
325.585069444,321.125000000,51.724791573,32.971309053,-29.185115438,44.032694488,14.681350948,77.457012614
325.711805556,321.250000000,51.695275482,33.014096617,-29.089688604,44.001597226,14.642514527,77.627974314
325.838541667,321.375000000,51.665858119,33.056719799,-28.994244737,43.970591896,14.603423417,77.800530771
325.965277778,321.500000000,51.636539841,33.099179169,-28.898784081,43.939678913,14.564077106,77.974698340
326.092013889,321.625000000,51.607321006,33.141475366,-28.803306725,43.908858648,14.524473898,78.153491600
326.218750000,321.750000000,51.578201976,33.183609142,-28.707812507,43.878131394,14.484610130,78.335109300
326.345486111,321.875000000,51.549183118,33.225581087,-28.612301641,43.847497577,14.444485112,78.518445664
326.472222222,322.000000000,51.520264799,33.267391779,-28.516774357,43.816957625,14.404098328,78.703518818
326.598958333,322.125000000,51.491447383,33.309041799,-28.421230885,43.786511971,14.363449262,78.890347109
326.725694444,322.250000000,51.462731237,33.350531728,-28.325671450,43.756161047,14.322537403,79.078949101
326.852430556,322.375000000,51.434116729,33.391862150,-28.230096270,43.725905288,14.281362241,79.269343584
326.979166667,322.500000000,51.405604223,33.433033648,-28.134505565,43.695745128,14.239923269,79.461549572
327.105902778,322.625000000,51.377194085,33.474046711,-28.038899767,43.665681071,14.198221702,79.651646514
327.232638889,322.750000000,51.348886673,33.514901748,-27.943279486,43.635713671,14.156260184,79.842757293
327.359375000,322.875000000,51.320682344,33.555599336,-27.847644932,43.605843359,14.114038301,80.035670054
327.486111111,323.000000000,51.292581454,33.596140056,-27.751996306,43.576070562,14.071555574,80.230403545
327.612847222,323.125000000,51.264584358,33.636524489,-27.656333803,43.546395708,14.028811527,80.426976736
327.739583333,323.250000000,51.236691413,33.676753220,-27.560657616,43.516819227,13.985805689,80.625408817
327.866319444,323.375000000,51.208902974,33.716826830,-27.464967932,43.487341549,13.942537588,80.825719203
327.993055556,323.500000000,51.181219397,33.756745906,-27.369264937,43.457963107,13.899006761,81.027927539
328.119791667,323.625000000,51.153641039,33.796511050,-27.273548772,43.428684320,13.855212433,81.232712018
328.246527778,323.750000000,51.126168257,33.836122868,-27.177819565,43.399505609,13.811153761,81.439482478
328.373263889,323.875000000,51.098801408,33.875581950,-27.082077491,43.370427409,13.766830285,81.648221556
328.500000000,324.000000000,51.071540849,33.914888883,-26.986322720,43.341450159,13.722241551,81.858950021
328.626736111,324.125000000,51.044386938,33.954044257,-26.890555419,43.312574296,13.677387107,82.071688884
328.753472222,324.250000000,51.017340032,33.993048662,-26.794775752,43.283800260,13.632266507,82.286459410
328.880208333,324.375000000,50.990400489,34.031902690,-26.698983878,43.255128491,13.586879306,82.503283110
329.006944444,324.500000000,50.963568666,34.070606930,-26.603179954,43.226559432,13.541225071,82.721948588
329.133680556,324.625000000,50.936844919,34.109161859,-26.507364425,43.198093609,13.495305616,82.938655309
329.260416667,324.750000000,50.910229598,34.147567967,-26.411537671,43.169731528,13.449122341,83.157416752
329.387152778,324.875000000,50.883723052,34.185825845,-26.315699838,43.141473626,13.402674829,83.378254299
329.513888889,325.000000000,50.857325629,34.223936080,-26.219851063,43.113320338,13.355962672,83.601189583
329.640625000,325.125000000,50.831037680,34.261899262,-26.123991484,43.085272102,13.308985460,83.826244482
329.767361111,325.250000000,50.804859554,34.299715981,-26.028121233,43.057329356,13.261742792,84.053441125
329.894097222,325.375000000,50.778791598,34.337386827,-25.932240439,43.029492541,13.214234269,84.282801898
330.020833333,325.500000000,50.752834162,34.374912390,-25.836349233,43.001762097,13.166459540,84.513764883
330.147569444,325.625000000,50.726987594,34.412293154,-25.740448005,42.974138544,13.118420285,84.743934298
330.274305556,325.750000000,50.701252237,34.449529650,-25.644537020,42.946622360,13.070117259,84.976281320
330.401041667,325.875000000,50.675628432,34.486622466,-25.548616392,42.919213980,13.021550092,85.210828377
330.527777778,326.000000000,50.650116523,34.523572192,-25.452686228,42.891913843,12.972718417,85.447598148
330.654513889,326.125000000,50.624716852,34.560379415,-25.356746637,42.864722387,12.923621873,85.686613564
330.781250000,326.250000000,50.599429761,34.597044725,-25.260797721,42.837640052,12.874260103,85.927897812
330.907986111,326.375000000,50.574255593,34.633568713,-25.164839579,42.810667278,12.824632753,86.171474336
331.034722222,326.500000000,50.549194689,34.669951965,-25.068872314,42.783804510,12.774739519,86.417014720
331.161458333,326.625000000,50.524247393,34.706195033,-24.972896118,42.757052216,12.724580837,86.663949029
331.288194444,326.750000000,50.499414043,34.742298493,-24.876911119,42.730410850,12.674156667,86.913226994
331.414930556,326.875000000,50.474694981,34.778262934,-24.780917403,42.703880854,12.623466680,87.164872741
331.541666667,327.000000000,50.450090546,34.814088945,-24.684915050,42.677462672,12.572510550,87.418910664
331.668402778,327.125000000,50.425601078,34.849777117,-24.588904140,42.651156747,12.521287960,87.675365422
331.795138889,327.250000000,50.401226919,34.885328040,-24.492884747,42.624963527,12.469798594,87.934261943
331.921875000,327.375000000,50.376968407,34.920742305,-24.396856942,42.598883457,12.418042144,88.195625429
332.048611111,327.500000000,50.352825883,34.956020470,-24.300820882,42.572917009,12.366018967,88.455296177
332.175347222,327.625000000,50.328799679,34.991162804,-24.204777495,42.547064857,12.313735391,88.710637985
332.302083333,327.750000000,50.304890119,35.026169803,-24.108727063,42.521327492,12.261192855,88.968346647
332.428819444,327.875000000,50.281097524,35.061042048,-24.012669639,42.495705343,12.208391101,89.228445250
332.555555556,328.000000000,50.257422217,35.095780116,-23.916605274,42.470198843,12.155329875,89.490957106
332.682291667,328.125000000,50.233864520,35.130384587,-23.820534016,42.444808423,12.102008929,89.755905754
332.809027778,328.250000000,50.210424754,35.164856041,-23.724455908,42.419534516,12.048428019,90.023314963
332.935763889,328.375000000,50.187103243,35.199195057,-23.628370993,42.394377557,11.994586909,90.293208728
333.062500000,328.500000000,50.163900307,35.233402188,-23.532279377,42.369337998,11.940485895,90.562870885
333.189236111,328.625000000,50.140816265,35.267477860,-23.436181521,42.344416384,11.886128014,90.832182702
333.315972222,328.750000000,50.117851430,35.301422619,-23.340077528,42.319613159,11.831513616,91.103961288
333.442708333,328.875000000,50.095006116,35.335237038,-23.243967426,42.294928753,11.776642500,91.378229941
333.569444444,329.000000000,50.072280636,35.368921692,-23.147851236,42.270363595,11.721514473,91.655012165
333.696180556,329.125000000,50.049675304,35.402477151,-23.051728979,42.245918115,11.666129346,91.934331673
333.822916667,329.250000000,50.027190433,35.435903990,-22.955600671,42.221592743,11.610486936,92.216212385
333.949652778,329.375000000,50.004826337,35.469202781,-22.859466327,42.197387913,11.554587067,92.500678433
334.076388889,329.500000000,49.982583327,35.502374014,-22.763326194,42.173304116,11.498431367,92.779707334
334.203125000,329.625000000,49.960461708,35.535417921,-22.667181241,42.149342014,11.442026992,93.055892981
334.329861111,329.750000000,49.938461772,35.568335025,-22.571031571,42.125502046,11.385374595,93.334517320
334.456597222,329.875000000,49.916583813,35.601125883,-22.474877181,42.101784623,11.328474054,93.615601457
334.583333333,330.000000000,49.894828125,35.633791055,-22.378718066,42.078190161,11.271325253,93.899166646
334.710069444,330.125000000,49.873195003,35.666331097,-22.282554217,42.054719074,11.213928084,94.185234285
334.836805556,330.250000000,49.851684739,35.698746567,-22.186385622,42.031371777,11.156282445,94.473825916
334.963541667,330.375000000,49.830297628,35.731038021,-22.090212267,42.008148686,11.098388240,94.764963225
335.090277778,330.500000000,49.809033964,35.763206026,-21.994034103,41.985050213,11.040245143,95.059611301
335.217013889,330.625000000,49.787894042,35.795251168,-21.897851023,41.962076755,10.981852416,95.357248432
335.343750000,330.750000000,49.766878158,35.827174006,-21.801662999,41.939228733,10.923209942,95.657519272
335.470486111,330.875000000,49.745986606,35.858975095,-21.705470006,41.916506570,10.864317649,95.960446453
335.597222222,331.000000000,49.725219684,35.890654993,-21.609272014,41.893910688,10.805175472,96.266052751
335.723958333,331.125000000,49.704577686,35.922214254,-21.513068992,41.871441513,10.745783353,96.574361085
335.850694444,331.250000000,49.684060908,35.953653433,-21.416860906,41.849099468,10.686141242,96.885394512
335.977430556,331.375000000,49.663669646,35.984973086,-21.320647719,41.826884980,10.626249094,97.199176231
336.104166667,331.500000000,49.643404194,36.016173622,-21.224429827,41.804798574,10.566110170,97.503643596
336.230902778,331.625000000,49.623264834,36.047255314,-21.128208020,41.782840854,10.505730764,97.808064659
336.357638889,331.750000000,49.603251842,36.078218694,-21.031982272,41.761012229,10.445111034,98.115055948
336.484375000,331.875000000,49.583365494,36.109064302,-20.935752527,41.739313107,10.384250993,98.424636962
336.611111111,332.000000000,49.563606069,36.139792675,-20.839518732,41.717743893,10.323150660,98.736827259
336.737847222,332.125000000,49.543973841,36.170404350,-20.743280829,41.696304997,10.261810062,99.051646460
336.864583333,332.250000000,49.524469088,36.200899865,-20.647038756,41.674996826,10.200229233,99.369114239
336.991319444,332.375000000,49.505092086,36.231279755,-20.550792451,41.653819789,10.138408212,99.689250327
337.118055556,332.500000000,49.485843113,36.261544639,-20.454541586,41.632774242,10.076345082,100.018804905
337.244791667,332.625000000,49.466722452,36.291695165,-20.358285753,41.611860529,10.014037332,100.351680028
337.371527778,332.750000000,49.447730390,36.321731872,-20.262024881,41.591079073,9.951485003,100.687406869
337.498263889,332.875000000,49.428867212,36.351655300,-20.165758898,41.570430296,9.888688154,101.026007420
337.625000000,333.000000000,49.410133202,36.381465989,-20.069487730,41.549914624,9.825646852,101.367503741
337.751736111,333.125000000,49.391528646,36.411164476,-19.973211298,41.529532480,9.762361172,101.711917948
337.878472222,333.250000000,49.373053830,36.440751299,-19.876929522,41.509284292,9.698831195,102.059272215
338.005208333,333.375000000,49.354709040,36.470226993,-19.780642321,41.489170485,9.635057018,102.409238723
338.131944444,333.500000000,49.336494558,36.499591983,-19.684349973,41.469191562,9.571041481,102.753945730
338.258680556,333.625000000,49.318410661,36.528846700,-19.588052702,41.449348004,9.506787039,103.101511184
338.385416667,333.750000000,49.300457626,36.557991673,-19.491750414,41.429640228,9.442293820,103.451954925
338.512152778,333.875000000,49.282635728,36.587027427,-19.395443015,41.410068651,9.377561960,103.805296789
338.638888889,334.000000000,49.264945243,36.615954488,-19.299130406,41.390633692,9.312591602,104.161556598
338.765625000,334.125000000,49.247386446,36.644773379,-19.202812487,41.371335770,9.247382899,104.520754160
338.892361111,334.250000000,49.229959612,36.673484624,-19.106489155,41.352175303,9.181936011,104.882909259
339.019097222,334.375000000,49.212665017,36.702088746,-19.010160306,41.333152713,9.116251111,105.247934876
339.145833333,334.500000000,49.195502938,36.730586255,-18.913825866,41.314268425,9.050328626,105.615348583
339.272569444,334.625000000,49.178473648,36.758977667,-18.817485742,41.295522865,8.984168886,105.985766482
339.399305556,334.750000000,49.161577422,36.787263499,-18.721139822,41.276916454,8.917772086,106.359207993
339.526041667,334.875000000,49.144814535,36.815444271,-18.624787990,41.258449614,8.851138429,106.735692473
339.652777778,335.000000000,49.128185263,36.843520498,-18.528430129,41.240122766,8.784268127,107.115239214
339.779513889,335.125000000,49.111689879,36.871492698,-18.432066117,41.221936334,8.717161400,107.497867431
339.906250000,335.250000000,49.095328659,36.899361384,-18.335695833,41.203890742,8.649818478,107.883596255
340.032986111,335.375000000,49.079101878,36.927127064,-18.239319176,41.185986418,8.582239783,108.269751484
340.159722222,335.500000000,49.063009807,36.954790101,-18.142936526,41.168223878,8.514429357,108.651276219
340.286458333,335.625000000,49.047052710,36.982350943,-18.046547953,41.150603571,8.446388967,109.035774268
340.413194444,335.750000000,49.031230853,37.009810090,-17.950153321,41.133125911,8.378118888,109.423261356
340.539930556,335.875000000,49.015544500,37.037168046,-17.853752495,41.115791310,8.309619408,109.813753044
340.666666667,336.000000000,48.999993914,37.064425311,-17.757345335,41.098600183,8.240890819,110.207264717
340.793402778,336.125000000,48.984579362,37.091582383,-17.660931700,41.081552943,8.171933426,110.603811577
340.920138889,336.250000000,48.969301105,37.118639761,-17.564511446,41.064650005,8.102747540,111.003408629
341.046875000,336.375000000,48.954159410,37.145597919,-17.468084508,41.047891799,8.033334079,111.399598337
341.173611111,336.500000000,48.939154534,37.172457108,-17.371651594,41.031278880,7.963699766,111.787632550
341.300347222,336.625000000,48.924286725,37.199217745,-17.275212784,41.014811685,7.893846688,112.178453157
341.427083333,336.750000000,48.909556230,37.225880310,-17.178767923,40.998490609,7.823775212,112.572069592
341.553819444,336.875000000,48.894963299,37.252445282,-17.082316851,40.982316046,7.753485715,112.968490988
341.680555556,337.000000000,48.880508178,37.278913140,-16.985859411,40.966288395,7.682978581,113.367726170
341.807291667,337.125000000,48.866191115,37.305284360,-16.889395438,40.950408050,7.612254205,113.769783644
341.934027778,337.250000000,48.852012358,37.331559416,-16.792924769,40.934675408,7.541312988,114.174671583
342.060763889,337.375000000,48.837972155,37.357738757,-16.696447333,40.919090882,7.470156054,114.576078436
342.187500000,337.500000000,48.824070748,37.383822681,-16.599963585,40.903654962,7.398788460,114.973303998
342.314236111,337.625000000,48.810308373,37.409811618,-16.503473465,40.888368049,7.327211487,115.373155383
342.440972222,337.750000000,48.796685267,37.435706031,-16.406976798,40.873230527,7.255425584,115.775636122
342.567708333,337.875000000,48.783201665,37.461506377,-16.310473407,40.858242777,7.183431214,116.180749328
342.694444444,338.000000000,48.769857803,37.487213115,-16.213963113,40.843405183,7.111228845,116.588497685
342.821180556,338.125000000,48.756653918,37.512826699,-16.117445736,40.828718128,7.038818955,116.998883432
342.947916667,338.250000000,48.743590246,37.538347585,-16.020921092,40.814181997,6.966202032,117.411908351
343.074652778,338.375000000,48.730667022,37.563776161,-15.924389239,40.799797207,6.893380364,117.813803880
343.201388889,338.500000000,48.717884471,37.589112597,-15.827851023,40.785564282,6.820362130,118.208426877
343.328125000,338.625000000,48.705242811,37.614357297,-15.731306368,40.771483599,6.747148738,118.605300960
343.454861111,338.750000000,48.692742257,37.639510694,-15.634755082,40.757555517,6.673740729,119.004421055
343.581597222,338.875000000,48.680383026,37.664573219,-15.538196967,40.743780394,6.600138657,119.405781547
343.708333333,339.000000000,48.668165336,37.689545302,-15.441631828,40.730158588,6.526343080,119.809376273
343.835069444,339.125000000,48.656089402,37.714427372,-15.345059462,40.716690458,6.452354568,120.215198503
343.961805556,339.250000000,48.644155442,37.739219853,-15.248479670,40.703376364,6.378173698,120.623240933
344.088541667,339.375000000,48.632363671,37.763923088,-15.151892574,40.690216706,6.303803470,121.016962130
344.215277778,339.500000000,48.620714294,37.788537246,-15.055298916,40.677211958,6.229251505,121.405438447
344.342013889,339.625000000,48.609207508,37.813062719,-14.958698545,40.664362461,6.154518875,121.795733157
344.468750000,339.750000000,48.597843513,37.837499911,-14.862091252,40.651668550,6.079606210,122.187832570
344.595486111,339.875000000,48.586622506,37.861849226,-14.765476821,40.639130559,6.004514149,122.581722371
344.722222222,340.000000000,48.575544685,37.886111065,-14.668855038,40.626748821,5.929243337,122.977387612
344.848958333,340.125000000,48.564610248,37.910285827,-14.572225686,40.614523670,5.853794431,123.374812700
344.975694444,340.250000000,48.553819394,37.934373910,-14.475588546,40.602455439,5.778168093,123.773981383
345.102430556,340.375000000,48.543172320,37.958375619,-14.378943758,40.590544505,5.702367656,124.158241114
345.229166667,340.500000000,48.532669212,37.982291160,-14.282291819,40.578791276,5.626399137,124.539984757
345.355902778,340.625000000,48.522310254,38.006120908,-14.185632525,40.567196065,5.550263389,124.923109575
345.482638889,340.750000000,48.512095628,38.029865240,-14.088965647,40.555759187,5.473961122,125.307594016
345.609375000,340.875000000,48.502025518,38.053524533,-13.992290956,40.544480952,5.397493055,125.693415857
345.736111111,341.000000000,48.492100106,38.077099162,-13.895608221,40.533361672,5.320859912,126.080552195
345.862847222,341.125000000,48.482319575,38.100589497,-13.798917210,40.522401659,5.244062430,126.468979437
345.989583333,341.250000000,48.472684108,38.123995909,-13.702217688,40.511601223,5.167101350,126.858673296
346.116319444,341.375000000,48.463193886,38.147318585,-13.605510163,40.500960755,5.089982904,127.217815595
346.243055556,341.500000000,48.453849072,38.170557630,-13.508795409,40.490480650,5.012715348,127.574867207
346.369791667,341.625000000,48.444649824,38.193713388,-13.412073192,40.480161186,4.935299512,127.932626527
346.496527778,341.750000000,48.435596302,38.216786201,-13.315343265,40.470002642,4.857736190,128.291063783
346.623263889,341.875000000,48.426688663,38.239776411,-13.218605384,40.460005292,4.780026180,128.650148574
346.750000000,342.000000000,48.417927068,38.262684355,-13.121859303,40.450169414,4.702170292,129.009849862
346.876736111,342.125000000,48.409311674,38.285510371,-13.025104771,40.440495282,4.624169340,129.370135970
347.003472222,342.250000000,48.400842641,38.308254792,-12.928341541,40.430983171,4.546024148,129.730434549
347.130208333,342.375000000,48.392520125,38.330917829,-12.831569870,40.421633403,4.467739292,130.071953022
347.256944444,342.500000000,48.384344273,38.353499698,-12.734789959,40.412446280,4.389318979,130.413706939
347.383680556,342.625000000,48.376315230,38.376000714,-12.638001554,40.403422059,4.310764062,130.755661441
347.510416667,342.750000000,48.368433143,38.398421193,-12.541204396,40.394560993,4.232075401,131.097781098
347.637152778,342.875000000,48.360698158,38.420761448,-12.444398227,40.385863337,4.153253864,131.440029902
347.763888889,343.000000000,48.353110418,38.443021789,-12.347582787,40.377329345,4.074300324,131.782371274
347.890625000,343.125000000,48.345670071,38.465202527,-12.250757815,40.368959269,3.995215662,132.124768065
348.017361111,343.250000000,48.338377262,38.487303961,-12.153923064,40.360753363,3.916000883,132.462306352
348.144097222,343.375000000,48.331232130,38.509326158,-12.057079302,40.352711959,3.836664478,132.768873359
348.270833333,343.500000000,48.324234801,38.531269260,-11.960226885,40.344835332,3.757211937,133.074975582
348.397569444,343.625000000,48.317385398,38.553133549,-11.863365542,40.337123701,3.677644180,133.380574174
348.524305556,343.750000000,48.310684044,38.574919304,-11.766495002,40.329577284,3.597962137,133.685629877
348.651041667,343.875000000,48.304130861,38.596626800,-11.669614992,40.322196299,3.518166739,133.990103035
348.777777778,344.000000000,48.297725973,38.618256312,-11.572725239,40.314980963,3.438258928,134.293953598
348.904513889,344.125000000,48.291469501,38.639808113,-11.475825468,40.307931493,3.358239648,134.597141131
349.031250000,344.250000000,48.285361570,38.661282460,-11.378915457,40.301048106,3.278110245,134.890027425
349.157986111,344.375000000,48.279402294,38.682679346,-11.281996137,40.294331092,3.197880547,135.152607879
349.284722222,344.500000000,48.273591774,38.703998907,-11.185067724,40.287780671,3.117555199,135.414025877
349.411458333,344.625000000,48.267930109,38.725241387,-11.088129938,40.281397021,3.037135182,135.674242107
349.538194444,344.750000000,48.262417398,38.746407026,-10.991182493,40.275180322,2.956621481,135.933217088
349.664930556,344.875000000,48.257053739,38.767496062,-10.894225104,40.269130752,2.876015089,136.190911178
349.791666667,345.000000000,48.251839233,38.788508732,-10.797257486,40.263248489,2.795317000,136.447284586
349.918402778,345.125000000,48.246773978,38.809445268,-10.700279350,40.257533707,2.714528216,136.702297388
350.045138889,345.250000000,48.241858072,38.830305884,-10.603290492,40.251986588,2.633650358,136.945202938
350.171875000,345.375000000,48.237091608,38.851090595,-10.506291585,40.246607352,2.552691494,137.167150462
350.298611111,345.500000000,48.232474668,38.871799555,-10.409282609,40.241396162,2.471654652,137.387379052
350.425347222,345.625000000,48.228007332,38.892432972,-10.312263271,40.236353168,2.390540860,137.605851635
350.552083333,345.750000000,48.223689683,38.912991053,-10.215233275,40.231478516,2.309351150,137.822531194
350.678819444,345.875000000,48.219521801,38.933474002,-10.118192326,40.226772351,2.228086557,138.037380779
350.805555556,346.000000000,48.215503768,38.953882021,-10.021140125,40.222234820,2.146748121,138.250363518
350.932291667,346.125000000,48.211635664,38.974215308,-9.924076377,40.217866064,2.065336888,138.461442640
351.059027778,346.250000000,48.207917570,38.994474031,-9.827000915,40.213666234,1.983854891,138.657067723
351.185763889,346.375000000,48.204349560,39.014658184,-9.729914372,40.209635498,1.902309998,138.835079742
351.312500000,346.500000000,48.200931699,39.034767908,-9.632816620,40.205773984,1.820704568,139.010897404
351.439236111,346.625000000,48.197664051,39.054803377,-9.535707356,40.202081807,1.739039666,139.184488572
351.565972222,346.750000000,48.194546681,39.074764765,-9.438586275,40.198559082,1.657316360,139.355821382
351.692708333,346.875000000,48.191579653,39.094652241,-9.341453071,40.195205924,1.575535721,139.524864256
351.819444444,347.000000000,48.188763031,39.114465972,-9.244307438,40.192022446,1.493698823,139.691585917
351.946180556,347.125000000,48.186096880,39.134206125,-9.147149067,40.189008759,1.411806744,139.855955402
352.072916667,347.250000000,48.183581263,39.153872777,-9.049978055,40.186164985,1.329863516,139.984560465
352.199652778,347.375000000,48.181216227,39.173465706,-8.952795906,40.183491261,1.247883500,140.085919189
352.326388889,347.500000000,48.179001803,39.192984999,-8.855602525,40.180987658,1.165869395,140.184596433
352.453125000,347.625000000,48.176938024,39.212430782,-8.758397596,40.178654237,1.083822297,140.280572543
352.579861111,347.750000000,48.175024922,39.231803181,-8.661180803,40.176491058,1.001743303,140.373828400
352.706597222,347.875000000,48.173262527,39.251102319,-8.563951828,40.174498182,0.919633512,140.464345422
352.833333333,348.000000000,48.171650872,39.270328314,-8.466710355,40.172675666,0.837494023,140.552105579
352.960069444,348.125000000,48.170189988,39.289481285,-8.369456065,40.171023568,0.755325938,140.637091399
353.086805556,348.250000000,48.168879907,39.308561325,-8.272188736,40.169541944,0.673131078,140.712421012
353.213541667,348.375000000,48.167720656,39.327568486,-8.174908348,40.168230848,0.590912727,140.781765199
353.340277778,348.500000000,48.166712263,39.346502866,-8.077614599,40.167090328,0.508672146,140.848264033
353.467013889,348.625000000,48.165854753,39.365364569,-7.980307168,40.166120427,0.426410442,140.911904235
353.593750000,348.750000000,48.165148153,39.384153694,-7.882985732,40.165321189,0.344128725,140.972673141
353.720486111,348.875000000,48.164592487,39.402870336,-7.785649969,40.164692656,0.261828106,141.030558711
353.847222222,349.000000000,48.164187784,39.421514589,-7.688299553,40.164234868,0.179509697,141.085549529
353.973958333,349.125000000,48.163934068,39.440086546,-7.590934162,40.163947866,0.097174610,141.137634815
354.100694444,349.250000000,48.163831364,39.458586155,-7.493554179,40.163831685,0.014829141,141.143630695
354.227430556,349.375000000,48.163879675,39.477013203,-7.396160770,40.163886336,0.067514706,141.135510643
354.354166667,349.500000000,48.164078999,39.495367738,-7.298753652,40.164111812,0.149855472,141.124438279
354.480902778,349.625000000,48.164429331,39.513649816,-7.201332492,40.164508107,0.232192040,141.110415868
354.607638889,349.750000000,48.164930667,39.531859490,-7.103896960,40.165075211,0.314523297,141.093446343
354.734375000,349.875000000,48.165583003,39.549996810,-7.006446723,40.165813117,0.396848129,141.073533300
354.861111111,350.000000000,48.166386335,39.568061824,-6.908981448,40.166721812,0.479165423,141.050681001
354.987847222,350.125000000,48.167340660,39.586054576,-6.811500801,40.167801285,0.561474064,141.024894371
355.114583333,350.250000000,48.168445970,39.603974997,-6.714005048,40.169051512,0.643768588,140.964392767
355.241319444,350.375000000,48.169702247,39.621822955,-6.616494709,40.170472446,0.726041634,140.897654111
355.368055556,350.500000000,48.171109467,39.639598471,-6.518969453,40.172064046,0.808292044,140.828065810
355.494791667,350.625000000,48.172667606,39.657301562,-6.421428943,40.173826266,0.890518711,140.755641969
355.621527778,350.750000000,48.174376642,39.674932243,-6.323872840,40.175759062,0.972720529,140.680397297
355.748263889,350.875000000,48.176236550,39.692490527,-6.226300806,40.177862387,1.054896393,140.602347093
355.875000000,351.000000000,48.178247307,39.709976424,-6.128712500,40.180136193,1.137045199,140.521507242
356.001736111,351.125000000,48.180408890,39.727389941,-6.031107585,40.182580432,1.219165845,140.437279916
356.128472222,351.250000000,48.182721270,39.744730906,-5.933486687,40.185195023,1.301250199,140.306149960
356.255208333,351.375000000,48.185184403,39.761999141,-5.835850377,40.187979861,1.383290503,140.172449178
356.381944444,351.500000000,48.187798241,39.779194624,-5.738198313,40.190934859,1.465285669,140.036203397
356.508680556,351.625000000,48.190562734,39.796317331,-5.640530148,40.194059928,1.547234608,139.897438880
356.635416667,351.750000000,48.193477835,39.813367236,-5.542845539,40.197354979,1.629136234,139.756182308
356.762152778,351.875000000,48.196543493,39.830344308,-5.445144141,40.200819922,1.710989465,139.612460776
356.888888889,352.000000000,48.199759662,39.847248514,-5.347425608,40.204454663,1.792793221,139.466301771
357.015625000,352.125000000,48.203126291,39.864079823,-5.249689579,40.208259112,1.874546543,139.323941629
357.142361111,352.250000000,48.206643340,39.880838427,-5.151934400,40.212233234,1.956257866,139.223224478
357.269097222,352.375000000,48.210310784,39.897524448,-5.054158902,40.216377004,2.037932122,139.119926731
357.395833333,352.500000000,48.214128605,39.914137867,-4.956362744,40.220690363,2.119568231,139.014069294
357.522569444,352.625000000,48.218096782,39.930678660,-4.858545582,40.225173256,2.201165117,138.905673542
357.649305556,352.750000000,48.222215295,39.947146803,-4.760707075,40.229825622,2.282721706,138.794761312
357.776041667,352.875000000,48.226484125,39.963542268,-4.662846879,40.234647402,2.364236925,138.681354891
357.902777778,353.000000000,48.230903251,39.979865023,-4.564964651,40.239638536,2.445709706,138.565477005
358.029513889,353.125000000,48.235472653,39.996114952,-4.467060541,40.244798933,2.527135394,138.349427272
358.156250000,353.250000000,48.240192237,40.012289911,-4.369146557,40.250127771,2.608423216,137.811775259
358.282986111,353.375000000,48.245061757,40.028388789,-4.271227680,40.255624388,2.689533299,137.276170416
358.409722222,353.500000000,48.250080951,40.044411346,-4.173303532,40.261288385,2.770464694,136.742650101
358.536458333,353.625000000,48.255249555,40.060357341,-4.075373735,40.267119358,2.851216463,136.211250377
358.663194444,353.750000000,48.260567306,40.076226531,-3.977437912,40.273116905,2.931787680,135.682006029
358.789930556,353.875000000,48.266033941,40.092018667,-3.879495687,40.279280624,3.012177424,135.154950584
358.916666667,354.000000000,48.271649196,40.107733500,-3.781546685,40.285610109,3.092384787,134.630116329
359.043402778,354.125000000,48.277412815,40.123371370,-3.683586857,40.292105209,3.172435509,134.572031950
359.170138889,354.250000000,48.283324853,40.138939526,-3.585570451,40.298768985,3.252657985,135.411099945
359.296875000,354.375000000,48.289385847,40.154440516,-3.487483665,40.305603028,3.333149117,136.256983880
359.423611111,354.500000000,48.295596370,40.169874758,-3.389326242,40.312608083,3.413907564,137.109689771
359.550347222,354.625000000,48.301956997,40.185242667,-3.291097922,40.319784892,3.494931969,137.969221403
359.677083333,354.750000000,48.308468303,40.200544658,-3.192798444,40.327134199,3.576220960,138.835580243
359.803819444,354.875000000,48.315130861,40.215781142,-3.094427542,40.334656744,3.657773150,139.708765356
359.930555556,355.000000000,48.321945246,40.230952529,-2.995984948,40.342353268,3.739587139,140.588773314
360.057291667,355.125000000,48.328911983,40.246055386,-2.897495172,40.350222458,3.821481947,138.897395487
360.184027778,355.250000000,48.336030137,40.261061084,-2.799139105,40.358248468,3.902142865,134.316738094
360.310763889,355.375000000,48.343297125,40.275961883,-2.700952446,40.366424782,3.981306616,130.032893860
360.437500000,355.500000000,48.350710272,40.290755561,-2.602934480,40.374747697,4.058973910,126.018104080
360.564236111,355.625000000,48.358266904,40.305439913,-2.505084508,40.383213530,4.135145517,122.247958853
360.690972222,355.750000000,48.365964347,40.320012744,-2.407401846,40.391818619,4.209822265,118.700906992
360.817708333,355.875000000,48.373799926,40.334471871,-2.309885831,40.400559323,4.283005040,115.357849556
360.944444444,356.000000000,48.381770967,40.348815123,-2.212535813,40.409432025,4.354694781,112.201800815
361.071180556,356.125000000,48.389875153,40.363061361,-2.115209564,40.418446703,4.425917516,116.898408481
361.197916667,356.250000000,48.398116388,40.377311678,-2.017237182,40.427670526,4.501520489,129.400216867
361.324652778,356.375000000,48.406503877,40.391585907,-1.918533317,40.437123811,4.582120922,144.861974127
361.451388889,356.500000000,48.415046991,40.405891550,-1.819098937,40.446819317,4.667710903,164.473129562
361.578125000,356.625000000,48.423755104,40.420236285,-1.718935026,40.456770002,4.758282034,190.158757582
361.704861111,356.750000000,48.432637588,40.434627966,-1.618042583,40.466989022,4.853825400,225.252242231
361.831597222,356.875000000,48.441703816,40.449074614,-1.516422630,40.477489729,4.954331543,276.071331909
361.958333333,357.000000000,48.450963160,40.463584424,-1.414076214,40.488285664,5.059790433,356.221063531
362.085069444,357.125000000,48.460422722,40.478056838,-1.311759087,40.499306133,5.164731929,214.197587985
362.211805556,357.250000000,48.470063616,40.492133310,-1.211883177,40.510264389,5.251699299,127.647728204
362.338541667,357.375000000,48.479850395,40.505758564,-1.114623948,40.521091586,5.319411987,90.967276763
362.465277778,357.500000000,48.489747345,40.518905310,-1.019976710,40.531741142,5.367897365,70.691193309
362.592013889,357.625000000,48.499718753,40.531548853,-0.927937838,40.542169664,5.397179855,57.823271808
362.718750000,357.750000000,48.509728906,40.543667075,-0.838504799,40.552336926,5.407280639,48.928591465
362.845486111,357.875000000,48.519742089,40.555240434,-0.751676156,40.562205853,5.398217428,42.411428620
362.972222222,358.000000000,48.529722589,40.566251961,-0.667451569,40.571742503,5.370004299,37.429627870
363.098958333,358.125000000,48.539648036,40.577182569,-0.582023135,40.581356509,5.350149600,54.658660394
363.225694444,358.250000000,48.549600990,40.589152917,-0.487009131,40.592074502,5.399164718,150.537414523
363.352430556,358.375000000,48.559713626,40.602293028,-0.382121499,40.604091123,5.519123364,inf
363.479166667,358.500000000,48.570118413,40.616730015,-0.267383292,40.617610109,5.709877857,inf
363.605902778,358.625000000,48.580947823,40.632626229,-0.142829528,40.632877261,5.971219025,inf
363.732638889,358.750000000,48.592334324,40.650178628,-0.008508748,40.650179519,6.302866071,inf
363.859375000,358.875000000,48.604410388,40.669617878,0.135514830,40.669843651,6.704453533,inf
363.986111111,359.000000000,48.617308485,40.691207107,0.289158615,40.692234500,7.175515544,inf
364.112847222,359.125000000,48.631121527,40.713732560,0.442559535,40.716137807,7.644783745,inf
364.239583333,359.250000000,48.645722101,40.734787001,0.581043397,40.738930809,8.005863299,inf
364.366319444,359.375000000,48.660906540,40.753972700,0.704585430,40.760062947,8.258326809,inf
364.493055556,359.500000000,48.676471101,40.770997001,0.813278228,40.779107616,8.402697390,178.078509209
364.619791667,359.625000000,48.692212043,40.785648763,0.907178562,40.795736517,8.439345399,43.291814979
364.746527778,359.750000000,48.707925623,40.797796961,0.986304860,40.809717398,8.368470119,24.654017856
364.873263889,359.875000000,48.723408100,40.807390310,1.050636885,40.820913044,8.190092362,17.227777969
