  0
SECTION
  2
HEADER
  9
$ACADVER
  1
AC1027
  9
$ACADMAINTVER
 70
105
  9
$DWGCODEPAGE
  3
ANSI_1252
  9
$LASTSAVEDBY
  1
ezdxf
  9
$REQUIREDVERSIONS
160
0
  9
$INSBASE
 10
0.0
 20
0.0
 30
0.0
  9
$EXTMIN
 10
1e+20
 20
1e+20
 30
1e+20
  9
$EXTMAX
 10
-1e+20
 20
-1e+20
 30
-1e+20
  9
$LIMMIN
 10
0.0
 20
0.0
  9
$LIMMAX
 10
420.0
 20
297.0
  9
$ORTHOMODE
 70
0
  9
$REGENMODE
 70
1
  9
$FILLMODE
 70
1
  9
$QTEXTMODE
 70
0
  9
$MIRRTEXT
 70
1
  9
$LTSCALE
 40
1.0
  9
$ATTMODE
 70
1
  9
$TEXTSIZE
 40
2.5
  9
$TRACEWID
 40
1.0
  9
$TEXTSTYLE
  7
Standard
  9
$CLAYER
  8
0
  9
$CELTYPE
  6
ByLayer
  9
$CECOLOR
 62
256
  9
$CELTSCALE
 40
1.0
  9
$DISPSILH
 70
0
  9
$DIMSCALE
 40
1.0
  9
$DIMASZ
 40
2.5
  9
$DIMEXO
 40
0.625
  9
$DIMDLI
 40
3.75
  9
$DIMRND
 40
0.0
  9
$DIMDLE
 40
0.0
  9
$DIMEXE
 40
1.25
  9
$DIMTP
 40
0.0
  9
$DIMTM
 40
0.0
  9
$DIMTXT
 40
2.5
  9
$DIMCEN
 40
2.5
  9
$DIMTSZ
 40
0.0
  9
$DIMTOL
 70
0
  9
$DIMLIM
 70
0
  9
$DIMTIH
 70
0
  9
$DIMTOH
 70
0
  9
$DIMSE1
 70
0
  9
$DIMSE2
 70
0
  9
$DIMTAD
 70
1
  9
$DIMZIN
 70
8
  9
$DIMBLK
  1

  9
$DIMASO
 70
1
  9
$DIMSHO
 70
1
  9
$DIMPOST
  1

  9
$DIMAPOST
  1

  9
$DIMALT
 70
0
  9
$DIMALTD
 70
3
  9
$DIMALTF
 40
0.03937007874
  9
$DIMLFAC
 40
1.0
  9
$DIMTOFL
 70
1
  9
$DIMTVP
 40
0.0
  9
$DIMTIX
 70
0
  9
$DIMSOXD
 70
0
  9
$DIMSAH
 70
0
  9
$DIMBLK1
  1

  9
$DIMBLK2
  1

  9
$DIMSTYLE
  2
ISO-25
  9
$DIMCLRD
 70
0
  9
$DIMCLRE
 70
0
  9
$DIMCLRT
 70
0
  9
$DIMTFAC
 40
1.0
  9
$DIMGAP
 40
0.625
  9
$DIMJUST
 70
0
  9
$DIMSD1
 70
0
  9
$DIMSD2
 70
0
  9
$DIMTOLJ
 70
0
  9
$DIMTZIN
 70
8
  9
$DIMALTZ
 70
0
  9
$DIMALTTZ
 70
0
  9
$DIMUPT
 70
0
  9
$DIMDEC
 70
2
  9
$DIMTDEC
 70
2
  9
$DIMALTU
 70
2
  9
$DIMALTTD
 70
3
  9
$DIMTXSTY
  7
Standard
  9
$DIMAUNIT
 70
0
  9
$DIMADEC
 70
0
  9
$DIMALTRND
 40
0.0
  9
$DIMAZIN
 70
0
  9
$DIMDSEP
 70
44
  9
$DIMATFIT
 70
3
  9
$DIMFRAC
 70
0
  9
$DIMLDRBLK
  1

  9
$DIMLUNIT
 70
2
  9
$DIMLWD
 70
-2
  9
$DIMLWE
 70
-2
  9
$DIMTMOVE
 70
0
  9
$DIMFXL
 40
1.0
  9
$DIMFXLON
 70
0
  9
$DIMJOGANG
 40
0.785398163397
  9
$DIMTFILL
 70
0
  9
$DIMTFILLCLR
 70
0
  9
$DIMARCSYM
 70
0
  9
$DIMLTYPE
  6

  9
$DIMLTEX1
  6

  9
$DIMLTEX2
  6

  9
$DIMTXTDIRECTION
 70
0
  9
$LUNITS
 70
2
  9
$LUPREC
 70
4
  9
$SKETCHINC
 40
1.0
  9
$FILLETRAD
 40
10.0
  9
$AUNITS
 70
0
  9
$AUPREC
 70
2
  9
$MENU
  1
.
  9
$ELEVATION
 40
0.0
  9
$PELEVATION
 40
0.0
  9
$THICKNESS
 40
0.0
  9
$LIMCHECK
 70
0
  9
$CHAMFERA
 40
0.0
  9
$CHAMFERB
 40
0.0
  9
$CHAMFERC
 40
0.0
  9
$CHAMFERD
 40
0.0
  9
$SKPOLY
 70
0
  9
$TDCREATE
 40
2451544.5
  9
$TDUCREATE
 40
2458532.153996898
  9
$TDUPDATE
 40
2461306.338287037
  9
$TDUUPDATE
 40
2458532.1544311
  9
$TDINDWG
 40
0.0
  9
$TDUSRTIMER
 40
0.0
  9
$USRTIMER
 70
1
  9
$ANGBASE
 50
0.0
  9
$ANGDIR
 70
0
  9
$PDMODE
 70
0
  9
$PDSIZE
 40
0.0
  9
$PLINEWID
 40
0.0
  9
$SPLFRAME
 70
0
  9
$SPLINETYPE
 70
6
  9
$SPLINESEGS
 70
8
  9
$HANDSEED
  5
B78
  9
$SURFTAB1
 70
6
  9
$SURFTAB2
 70
6
  9
$SURFTYPE
 70
6
  9
$SURFU
 70
6
  9
$SURFV
 70
6
  9
$UCSBASE
  2

  9
$UCSNAME
  2

  9
$UCSORG
 10
0.0
 20
0.0
 30
0.0
  9
$UCSXDIR
 10
1.0
 20
0.0
 30
0.0
  9
$UCSYDIR
 10
0.0
 20
1.0
 30
0.0
  9
$UCSORTHOREF
  2

  9
$UCSORTHOVIEW
 70
0
  9
$UCSORGTOP
 10
0.0
 20
0.0
 30
0.0
  9
$UCSORGBOTTOM
 10
0.0
 20
0.0
 30
0.0
  9
$UCSORGLEFT
 10
0.0
 20
0.0
 30
0.0
  9
$UCSORGRIGHT
 10
0.0
 20
0.0
 30
0.0
  9
$UCSORGFRONT
 10
0.0
 20
0.0
 30
0.0
  9
$UCSORGBACK
 10
0.0
 20
0.0
 30
0.0
  9
$PUCSBASE
  2

  9
$PUCSNAME
  2

  9
$PUCSORG
 10
0.0
 20
0.0
 30
0.0
  9
$PUCSXDIR
 10
1.0
 20
0.0
 30
0.0
  9
$PUCSYDIR
 10
0.0
 20
1.0
 30
0.0
  9
$PUCSORTHOREF
  2

  9
$PUCSORTHOVIEW
 70
0
  9
$PUCSORGTOP
 10
0.0
 20
0.0
 30
0.0
  9
$PUCSORGBOTTOM
 10
0.0
 20
0.0
 30
0.0
  9
$PUCSORGLEFT
 10
0.0
 20
0.0
 30
0.0
  9
$PUCSORGRIGHT
 10
0.0
 20
0.0
 30
0.0
  9
$PUCSORGFRONT
 10
0.0
 20
0.0
 30
0.0
  9
$PUCSORGBACK
 10
0.0
 20
0.0
 30
0.0
  9
$USERI1
 70
0
  9
$USERI2
 70
0
  9
$USERI3
 70
0
  9
$USERI4
 70
0
  9
$USERI5
 70
0
  9
$USERR1
 40
0.0
  9
$USERR2
 40
0.0
  9
$USERR3
 40
0.0
  9
$USERR4
 40
0.0
  9
$USERR5
 40
0.0
  9
$WORLDVIEW
 70
1
  9
$SHADEDGE
 70
3
  9
$SHADEDIF
 70
70
  9
$TILEMODE
 70
1
  9
$MAXACTVP
 70
64
  9
$PINSBASE
 10
0.0
 20
0.0
 30
0.0
  9
$PLIMCHECK
 70
0
  9
$PEXTMIN
 10
1e+20
 20
1e+20
 30
1e+20
  9
$PEXTMAX
 10
-1e+20
 20
-1e+20
 30
-1e+20
  9
$PLIMMIN
 10
0.0
 20
0.0
  9
$PLIMMAX
 10
420.0
 20
297.0
  9
$UNITMODE
 70
0
  9
$VISRETAIN
 70
1
  9
$PLINEGEN
 70
0
  9
$PSLTSCALE
 70
1
  9
$TREEDEPTH
 70
3020
  9
$CMLSTYLE
  2
Standard
  9
$CMLJUST
 70
0
  9
$CMLSCALE
 40
20.0
  9
$PROXYGRAPHICS
 70
1
  9
$MEASUREMENT
 70
1
  9
$CELWEIGHT
370
-1
  9
$ENDCAPS
280
0
  9
$JOINSTYLE
280
0
  9
$LWDISPLAY
290
0
  9
$INSUNITS
 70
4
  9
$HYPERLINKBASE
  1

  9
$STYLESHEET
  1

  9
$XEDIT
290
1
  9
$CEPSNTYPE
380
0
  9
$PSTYLEMODE
290
1
  9
$FINGERPRINTGUID
  2
{00000000-0000-0000-0000-000000000001}
  9
$VERSIONGUID
  2
{00000000-0000-0000-0000-000000000002}
  9
$EXTNAMES
290
1
  9
$PSVPSCALE
 40
0.0
  9
$OLESTARTUP
290
0
  9
$SORTENTS
280
127
  9
$INDEXCTL
280
0
  9
$HIDETEXT
280
1
  9
$XCLIPFRAME
280
1
  9
$HALOGAP
280
0
  9
$OBSCOLOR
 70
257
  9
$OBSLTYPE
280
0
  9
$INTERSECTIONDISPLAY
280
0
  9
$INTERSECTIONCOLOR
 70
257
  9
$DIMASSOC
280
2
  9
$PROJECTNAME
  1

  9
$CAMERADISPLAY
290
0
  9
$LENSLENGTH
 40
50.0
  9
$CAMERAHEIGHT
 40
0.0
  9
$STEPSPERSEC
 40
24.0
  9
$STEPSIZE
 40
100.0
  9
$3DDWFPREC
 40
2.0
  9
$PSOLWIDTH
 40
0.005
  9
$PSOLHEIGHT
 40
0.08
  9
$LOFTANG1
 40
1.570796326795
  9
$LOFTANG2
 40
1.570796326795
  9
$LOFTMAG1
 40
0.0
  9
$LOFTMAG2
 40
0.0
  9
$LOFTPARAM
 70
7
  9
$LOFTNORMALS
280
1
  9
$LATITUDE
 40
37.795
  9
$LONGITUDE
 40
-122.394
  9
$NORTHDIRECTION
 40
0.0
  9
$TIMEZONE
 70
-8000
  9
$LIGHTGLYPHDISPLAY
280
1
  9
$TILEMODELIGHTSYNCH
280
1
  9
$CMATERIAL
347
20
  9
$SOLIDHIST
280
0
  9
$SHOWHIST
280
1
  9
$DWFFRAME
280
2
  9
$DGNFRAME
280
2
  9
$REALWORLDSCALE
290
1
  9
$INTERFERECOLOR
 62
256
  9
$CSHADOW
280
0
  9
$SHADOWPLANELOCATION
 40
0.0
  0
ENDSEC
  0
SECTION
  2
CLASSES
  0
CLASS
  1
ACDBDICTIONARYWDFLT
  2
AcDbDictionaryWithDefault
  3
ObjectDBX Classes
 90
0
 91
0
280
0
281
0
  0
CLASS
  1
SUN
  2
AcDbSun
  3
SCENEOE
 90
1153
 91
0
280
0
281
0
  0
CLASS
  1
VISUALSTYLE
  2
AcDbVisualStyle
  3
ObjectDBX Classes
 90
4095
 91
0
280
0
281
0
  0
CLASS
  1
MATERIAL
  2
AcDbMaterial
  3
ObjectDBX Classes
 90
1153
 91
0
280
0
281
0
  0
CLASS
  1
SCALE
  2
AcDbScale
  3
ObjectDBX Classes
 90
1153
 91
0
280
0
281
0
  0
CLASS
  1
TABLESTYLE
  2
AcDbTableStyle
  3
ObjectDBX Classes
 90
4095
 91
0
280
0
281
0
  0
CLASS
  1
MLEADERSTYLE
  2
AcDbMLeaderStyle
  3
ACDB_MLEADERSTYLE_CLASS
 90
4095
 91
0
280
0
281
0
  0
CLASS
  1
DICTIONARYVAR
  2
AcDbDictionaryVar
  3
ObjectDBX Classes
 90
0
 91
0
280
0
281
0
  0
CLASS
  1
CELLSTYLEMAP
  2
AcDbCellStyleMap
  3
ObjectDBX Classes
 90
1152
 91
0
280
0
281
0
  0
CLASS
  1
MENTALRAYRENDERSETTINGS
  2
AcDbMentalRayRenderSettings
  3
SCENEOE
 90
1024
 91
0
280
0
281
0
  0
CLASS
  1
ACDBDETAILVIEWSTYLE
  2
AcDbDetailViewStyle
  3
ObjectDBX Classes
 90
1025
 91
0
280
0
281
0
  0
CLASS
  1
ACDBSECTIONVIEWSTYLE
  2
AcDbSectionViewStyle
  3
ObjectDBX Classes
 90
1025
 91
0
280
0
281
0
  0
CLASS
  1
RASTERVARIABLES
  2
AcDbRasterVariables
  3
ISM
 90
0
 91
0
280
0
281
0
  0
CLASS
  1
LAYOUT
  2
AcDbLayout
  3
ObjectDBX Classes
 90
0
 91
0
280
0
281
0
  0
CLASS
  1
ACDBPLACEHOLDER
  2
AcDbPlaceHolder
  3
ObjectDBX Classes
 90
0
 91
0
280
0
281
0
  0
ENDSEC
  0
SECTION
  2
TABLES
  0
TABLE
  2
VPORT
  5
8
330
0
100
AcDbSymbolTable
 70
1
  0
VPORT
  5
B74
330
8
100
AcDbSymbolTableRecord
100
AcDbViewportTableRecord
  2
*Active
 70
0
 10
0.0
 20
0.0
 11
1.0
 21
1.0
 12
-33.24896591571557
 22
-13.281455858243461
 13
0.0
 23
0.0
 14
0.5
 24
0.5
 15
0.5
 25
0.5
 16
0.0
 26
0.0
 36
1.0
 17
0.0
 27
0.0
 37
0.0
 40
135.37157106195954
 41
1.34
 42
50.0
 43
0.0
 44
0.0
 50
0.0
 51
0.0
 71
0
 72
1000
 73
1
 74
3
 75
0
 76
0
 77
0
 78
0
281
0
 65
1
110
0.0
120
0.0
130
0.0
111
1.0
121
0.0
131
0.0
112
0.0
122
1.0
132
0.0
 79
0
146
0.0
  0
ENDTAB
  0
TABLE
  2
LTYPE
  5
2
330
0
100
AcDbSymbolTable
 70
3
  0
LTYPE
  5
24
330
2
100
AcDbSymbolTableRecord
100
AcDbLinetypeTableRecord
  2
ByBlock
 70
0
  3

 72
65
 73
0
 40
0.0
  0
LTYPE
  5
25
330
2
100
AcDbSymbolTableRecord
100
AcDbLinetypeTableRecord
  2
ByLayer
 70
0
  3

 72
65
 73
0
 40
0.0
  0
LTYPE
  5
26
330
2
100
AcDbSymbolTableRecord
100
AcDbLinetypeTableRecord
  2
Continuous
 70
0
  3

 72
65
 73
0
 40
0.0
  0
ENDTAB
  0
TABLE
  2
LAYER
  5
1
330
0
100
AcDbSymbolTable
 70
2
  0
LAYER
  5
27
330
1
100
AcDbSymbolTableRecord
100
AcDbLayerTableRecord
  2
0
 70
0
 62
7
  6
Continuous
370
-3
390
13
347
21
  0
LAYER
  5
28
330
1
100
AcDbSymbolTableRecord
100
AcDbLayerTableRecord
  2
Defpoints
 70
0
 62
7
  6
Continuous
290
0
370
-3
390
13
347
21
  0
ENDTAB
  0
TABLE
  2
STYLE
  5
5
330
0
100
AcDbSymbolTable
 70
1
  0
STYLE
  5
29
330
5
100
AcDbSymbolTableRecord
100
AcDbTextStyleTableRecord
  2
Standard
 70
0
 40
0.0
 41
1.0
 50
0.0
 71
0
 42
2.5
  3
txt
  4

  0
ENDTAB
  0
TABLE
  2
VIEW
  5
7
330
0
100
AcDbSymbolTable
 70
0
  0
ENDTAB
  0
TABLE
  2
UCS
  5
6
330
0
100
AcDbSymbolTable
 70
0
  0
ENDTAB
  0
TABLE
  2
APPID
  5
3
330
0
100
AcDbSymbolTable
 70
3
  0
APPID
  5
2A
330
3
100
AcDbSymbolTableRecord
100
AcDbRegAppTableRecord
  2
ACAD
 70
0
  0
APPID
  5
B75
330
3
100
AcDbSymbolTableRecord
100
AcDbRegAppTableRecord
  2
HATCHBACKGROUNDCOLOR
 70
0
  0
APPID
  5
B76
330
3
100
AcDbSymbolTableRecord
100
AcDbRegAppTableRecord
  2
EZDXF
 70
0
  0
ENDTAB
  0
TABLE
  2
DIMSTYLE
  5
4
330
0
100
AcDbSymbolTable
 70
1
100
AcDbDimStyleTable
  0
DIMSTYLE
105
2B
330
4
100
AcDbSymbolTableRecord
100
AcDbDimStyleTableRecord
  2
Standard
 70
0
 40
1.0
 41
2.5
 42
0.625
 43
3.75
 44
1.25
 45
0.0
 46
0.0
 47
0.0
 48
0.0
 49
2.5
140
2.5
141
2.5
142
0.0
143
0.03937007874
144
1.0
145
0.0
146
1.0
147
0.625
148
0.0
 69
0
 70
0
 71
0
 72
0
 73
0
 74
0
 75
0
 76
0
 77
1
 78
8
 79
3
170
0
171
3
172
1
173
0
174
0
175
0
176
0
177
0
178
0
179
2
271
2
272
2
273
2
274
3
275
0
276
0
277
2
278
44
279
0
280
0
281
0
282
0
283
0
284
8
285
0
286
0
288
0
289
3
290
0
371
-2
372
-2
  0
ENDTAB
  0
TABLE
  2
BLOCK_RECORD
  5
9
330
0
100
AcDbSymbolTable
 70
2
  0
BLOCK_RECORD
  5
17
330
9
100
AcDbSymbolTableRecord
100
AcDbBlockTableRecord
  2
*Model_Space
340
1A
 70
0
280
1
281
0
  0
BLOCK_RECORD
  5
1B
330
9
100
AcDbSymbolTableRecord
100
AcDbBlockTableRecord
  2
*Paper_Space
340
1E
 70
0
280
1
281
0
  0
ENDTAB
  0
ENDSEC
  0
SECTION
  2
BLOCKS
  0
BLOCK
  5
18
330
17
100
AcDbEntity
  8
0
100
AcDbBlockBegin
  2
*Model_Space
 70
0
 10
0.0
 20
0.0
 30
0.0
  3
*Model_Space
  1

  0
ENDBLK
  5
19
330
17
100
AcDbEntity
  8
0
100
AcDbBlockEnd
  0
BLOCK
  5
1C
330
1B
100
AcDbEntity
  8
0
100
AcDbBlockBegin
  2
*Paper_Space
 70
0
 10
0.0
 20
0.0
 30
0.0
  3
*Paper_Space
  1

  0
ENDBLK
  5
1D
330
1B
100
AcDbEntity
  8
0
100
AcDbBlockEnd
  0
ENDSEC
  0
SECTION
  2
ENTITIES
  0
LINE
  5
2F
330
17
100
AcDbEntity
  8
0
100
AcDbLine
 10
30.81445791779968
 20
-16.220390520807303
 30
0.0
 11
30.820737420818098
 21
-16.173796602780104
 31
0.0
  0
LINE
  5
30
330
17
100
AcDbEntity
  8
0
100
AcDbLine
 10
30.820737420818098
 20
-16.173796602780104
 30
0.0
 11
30.827859669860707
 21
-16.118034296275233
 31
0.0
  0
LINE
  5
31
330
17
100
AcDbEntity
  8
0
100
AcDbLine
 10
30.827859669860707
 20
-16.118034296275233
 30
0.0
 11
30.835776904708226
 21
-16.05306176980501
 31
0.0
  0
LINE
  5
32
330
17
100
AcDbEntity
  8
0
100
AcDbLine
 10
30.835776904708226
 20
-16.05306176980501
 30
0.0
 11
30.84447150932349
 21
-15.978850924071407
 31
0.0
  0
LINE
  5
33
330
17
100
AcDbEntity
  8
0
100
AcDbLine
 10
30.84447150932349
 20
-15.978850924071407
 30
0.0
 11
30.853956568059857
 21
-15.895385889102396
 31
0.0
  0
LINE
  5
34
330
17
100
AcDbEntity
  8
0
100
AcDbLine
 10
30.853956568059857
 20
-15.895385889102396
 30
0.0
 11
30.864276186875607
 21
-15.802662030698217
 31
0.0
  0
LINE
  5
35
330
17
100
AcDbEntity
  8
0
100
AcDbLine
 10
30.864276186875607
 20
-15.802662030698217
 30
0.0
 11
30.875505602685337
 21
-15.700685476944432
 31
0.0
  0
LINE
  5
36
330
17
100
AcDbEntity
  8
0
100
AcDbLine
 10
30.875505602685337
 20
-15.700685476944432
 30
0.0
 11
30.887743310732674
 21
-15.589543284625048
 31
0.0
  0
LINE
  5
37
330
17
100
AcDbEntity
  8
0
100
AcDbLine
 10
30.887743310732674
 20
-15.589543284625048
 30
0.0
 11
30.900311263271036
 21
-15.476232055339562
 31
0.0
  0
LINE
  5
38
330
17
100
AcDbEntity
  8
0
100
AcDbLine
 10
30.900311263271036
 20
-15.476232055339562
 30
0.0
 11
30.91268073718863
 21
-15.36537654613217
 31
0.0
  0
LINE
  5
39
330
17
100
AcDbEntity
  8
0
100
AcDbLine
 10
30.91268073718863
 20
-15.36537654613217
 30
0.0
 11
30.92481473485921
 21
-15.256968088065829
 31
0.0
  0
LINE
  5
3A
330
17
100
AcDbEntity
  8
0
100
AcDbLine
 10
30.92481473485921
 20
-15.256968088065829
 30
0.0
 11
30.93667861109428
 21
-15.150998889236998
 31
0.0
  0
LINE
  5
3B
330
17
100
AcDbEntity
  8
0
100
AcDbLine
 10
30.93667861109428
 20
-15.150998889236998
 30
0.0
 11
30.948240043709504
 21
-15.047462104026057
 31
0.0
  0
LINE
  5
3C
330
17
100
AcDbEntity
  8
0
100
AcDbLine
 10
30.948240043709504
 20
-15.047462104026057
 30
0.0
 11
30.959469007259116
 21
-14.946351890877764
 31
0.0
  0
LINE
  5
3D
330
17
100
AcDbEntity
  8
0
100
AcDbLine
 10
30.959469007259116
 20
-14.946351890877764
 30
0.0
 11
30.97033775029088
 21
-14.847663458945426
 31
0.0
  0
LINE
  5
3E
330
17
100
AcDbEntity
  8
0
100
AcDbLine
 10
30.97033775029088
 20
-14.847663458945426
 30
0.0
 11
30.980828926635837
 21
-14.75131844405323
 31
0.0
  0
LINE
  5
3F
330
17
100
AcDbEntity
  8
0
100
AcDbLine
 10
30.980828926635837
 20
-14.75131844405323
 30
0.0
 11
30.991153821679006
 21
-14.65522875695159
 31
0.0
  0
LINE
  5
40
330
17
100
AcDbEntity
  8
0
100
AcDbLine
 10
30.991153821679006
 20
-14.65522875695159
 30
0.0
 11
31.001418698926173
 21
-14.558447123484264
 31
0.0
  0
LINE
  5
41
330
17
100
AcDbEntity
  8
0
100
AcDbLine
 10
31.001418698926173
 20
-14.558447123484264
 30
0.0
 11
31.01162943013513
 21
-14.460974119383701
 31
0.0
  0
LINE
  5
42
330
17
100
AcDbEntity
  8
0
100
AcDbLine
 10
31.01162943013513
 20
-14.460974119383701
 30
0.0
 11
31.021792031964452
 21
-14.36281032788802
 31
0.0
  0
LINE
  5
43
330
17
100
AcDbEntity
  8
0
100
AcDbLine
 10
31.021792031964452
 20
-14.36281032788802
 30
0.0
 11
31.031912664740517
 21
-14.263956340886839
 31
0.0
  0
LINE
  5
44
330
17
100
AcDbEntity
  8
0
100
AcDbLine
 10
31.031912664740517
 20
-14.263956340886839
 30
0.0
 11
31.041997631150096
 21
-14.164412760213061
 31
0.0
  0
LINE
  5
45
330
17
100
AcDbEntity
  8
0
100
AcDbLine
 10
31.041997631150096
 20
-14.164412760213061
 30
0.0
 11
31.05205337485642
 21
-14.064180199076558
 31
0.0
  0
LINE
  5
46
330
17
100
AcDbEntity
  8
0
100
AcDbLine
 10
31.05205337485642
 20
-14.064180199076558
 30
0.0
 11
31.0620819641589
 21
-13.963304215095945
 31
0.0
  0
LINE
  5
47
330
17
100
AcDbEntity
  8
0
100
AcDbLine
 10
31.0620819641589
 20
-13.963304215095945
 30
0.0
 11
31.072027219768657
 21
-13.862384227927311
 31
0.0
  0
LINE
  5
48
330
17
100
AcDbEntity
  8
0
100
AcDbLine
 10
31.072027219768657
 20
-13.862384227927311
 30
0.0
 11
31.081868656257576
 21
-13.76160697747029
 31
0.0
  0
LINE
  5
49
330
17
100
AcDbEntity
  8
0
100
AcDbLine
 10
31.081868656257576
 20
-13.76160697747029
 30
0.0
 11
31.09160393895796
 21
-13.660971832910047
 31
0.0
  0
LINE
  5
4A
330
17
100
AcDbEntity
  8
0
100
AcDbLine
 10
31.09160393895796
 20
-13.660971832910047
 30
0.0
 11
31.101230747017773
 21
-13.560478183856812
 31
0.0
  0
LINE
  5
4B
330
17
100
AcDbEntity
  8
0
100
AcDbLine
 10
31.101230747017773
 20
-13.560478183856812
 30
0.0
 11
31.110746773382132
 21
-13.460125440593448
 31
0.0
  0
LINE
  5
4C
330
17
100
AcDbEntity
  8
0
100
AcDbLine
 10
31.110746773382132
 20
-13.460125440593448
 30
0.0
 11
31.120149724775246
 21
-13.3599130343144
 31
0.0
  0
LINE
  5
4D
330
17
100
AcDbEntity
  8
0
100
AcDbLine
 10
31.120149724775246
 20
-13.3599130343144
 30
0.0
 11
31.129437321683994
 21
-13.259840417356134
 31
0.0
  0
LINE
  5
4E
330
17
100
AcDbEntity
  8
0
100
AcDbLine
 10
31.129437321683994
 20
-13.259840417356134
 30
0.0
 11
31.138609275708568
 21
-13.159885854594155
 31
0.0
  0
LINE
  5
4F
330
17
100
AcDbEntity
  8
0
100
AcDbLine
 10
31.138609275708568
 20
-13.159885854594155
 30
0.0
 11
31.147679482018148
 21
-13.059884213256161
 31
0.0
  0
LINE
  5
50
330
17
100
AcDbEntity
  8
0
100
AcDbLine
 10
31.147679482018148
 20
-13.059884213256161
 30
0.0
 11
31.156651110538846
 21
-12.959800436281618
 31
0.0
  0
LINE
  5
51
330
17
100
AcDbEntity
  8
0
100
AcDbLine
 10
31.156651110538846
 20
-12.959800436281618
 30
0.0
 11
31.165524203788365
 21
-12.859634296054452
 31
0.0
  0
LINE
  5
52
330
17
100
AcDbEntity
  8
0
100
AcDbLine
 10
31.165524203788365
 20
-12.859634296054452
 30
0.0
 11
31.174298802070744
 21
-12.759385563255787
 31
0.0
  0
LINE
  5
53
330
17
100
AcDbEntity
  8
0
100
AcDbLine
 10
31.174298802070744
 20
-12.759385563255787
 30
0.0
 11
31.18297494346227
 21
-12.659054006868425
 31
0.0
  0
LINE
  5
54
330
17
100
AcDbEntity
  8
0
100
AcDbLine
 10
31.18297494346227
 20
-12.659054006868425
 30
0.0
 11
31.19155266379756
 21
-12.558639394181306
 31
0.0
  0
LINE
  5
55
330
17
100
AcDbEntity
  8
0
100
AcDbLine
 10
31.19155266379756
 20
-12.558639394181306
 30
0.0
 11
31.200031996655582
 21
-12.458141490793992
 31
0.0
  0
LINE
  5
56
330
17
100
AcDbEntity
  8
0
100
AcDbLine
 10
31.200031996655582
 20
-12.458141490793992
 30
0.0
 11
31.208412194210943
 21
-12.357569193269985
 31
0.0
  0
LINE
  5
57
330
17
100
AcDbEntity
  8
0
100
AcDbLine
 10
31.208412194210943
 20
-12.357569193269985
 30
0.0
 11
31.216689149752256
 21
-12.256967721860448
 31
0.0
  0
LINE
  5
58
330
17
100
AcDbEntity
  8
0
100
AcDbLine
 10
31.216689149752256
 20
-12.256967721860448
 30
0.0
 11
31.224861743073006
 21
-12.156342987330262
 31
0.0
  0
LINE
  5
59
330
17
100
AcDbEntity
  8
0
100
AcDbLine
 10
31.224861743073006
 20
-12.156342987330262
 30
0.0
 11
31.23292936117386
 21
-12.055694685377322
 31
0.0
  0
LINE
  5
5A
330
17
100
AcDbEntity
  8
0
100
AcDbLine
 10
31.23292936117386
 20
-12.055694685377322
 30
0.0
 11
31.24089138975637
 21
-11.955022515060524
 31
0.0
  0
LINE
  5
5B
330
17
100
AcDbEntity
  8
0
100
AcDbLine
 10
31.24089138975637
 20
-11.955022515060524
 30
0.0
 11
31.24874721323755
 21
-11.854326178821534
 31
0.0
  0
LINE
  5
5C
330
17
100
AcDbEntity
  8
0
100
AcDbLine
 10
31.24874721323755
 20
-11.854326178821534
 30
0.0
 11
31.256496214764425
 21
-11.753605382506414
 31
0.0
  0
LINE
  5
5D
330
17
100
AcDbEntity
  8
0
100
AcDbLine
 10
31.256496214764425
 20
-11.753605382506414
 30
0.0
 11
31.264137776228715
 21
-11.652859835387066
 31
0.0
  0
LINE
  5
5E
330
17
100
AcDbEntity
  8
0
100
AcDbLine
 10
31.264137776228715
 20
-11.652859835387066
 30
0.0
 11
31.271671532800546
 21
-11.552085954813707
 31
0.0
  0
LINE
  5
5F
330
17
100
AcDbEntity
  8
0
100
AcDbLine
 10
31.271671532800546
 20
-11.552085954813707
 30
0.0
 11
31.279097790442037
 21
-11.451272409406364
 31
0.0
  0
LINE
  5
60
330
17
100
AcDbEntity
  8
0
100
AcDbLine
 10
31.279097790442037
 20
-11.451272409406364
 30
0.0
 11
31.28641615183222
 21
-11.350418039245536
 31
0.0
  0
LINE
  5
61
330
17
100
AcDbEntity
  8
0
100
AcDbLine
 10
31.28641615183222
 20
-11.350418039245536
 30
0.0
 11
31.293626152008862
 21
-11.249522580752412
 31
0.0
  0
LINE
  5
62
330
17
100
AcDbEntity
  8
0
100
AcDbLine
 10
31.293626152008862
 20
-11.249522580752412
 30
0.0
 11
31.300727324311097
 21
-11.148585772461365
 31
0.0
  0
LINE
  5
63
330
17
100
AcDbEntity
  8
0
100
AcDbLine
 10
31.300727324311097
 20
-11.148585772461365
 30
0.0
 11
31.30771920038915
 21
-11.04760735503432
 31
0.0
  0
LINE
  5
64
330
17
100
AcDbEntity
  8
0
100
AcDbLine
 10
31.30771920038915
 20
-11.04760735503432
 30
0.0
 11
31.314601310213902
 21
-10.9465870712751
 31
0.0
  0
LINE
  5
65
330
17
100
AcDbEntity
  8
0
100
AcDbLine
 10
31.314601310213902
 20
-10.9465870712751
 30
0.0
 11
31.321373182086504
 21
-10.845524666143728
 31
0.0
  0
LINE
  5
66
330
17
100
AcDbEntity
  8
0
100
AcDbLine
 10
31.321373182086504
 20
-10.845524666143728
 30
0.0
 11
31.328034253724397
 21
-10.744421178122478
 31
0.0
  0
LINE
  5
67
330
17
100
AcDbEntity
  8
0
100
AcDbLine
 10
31.328034253724397
 20
-10.744421178122478
 30
0.0
 11
31.334583821281946
 21
-10.643279332942138
 31
0.0
  0
LINE
  5
68
330
17
100
AcDbEntity
  8
0
100
AcDbLine
 10
31.334583821281946
 20
-10.643279332942138
 30
0.0
 11
31.34102135479933
 21
-10.542098997551491
 31
0.0
  0
LINE
  5
69
330
17
100
AcDbEntity
  8
0
100
AcDbLine
 10
31.34102135479933
 20
-10.542098997551491
 30
0.0
 11
31.34734633060222
 21
-10.44087992247794
 31
0.0
  0
LINE
  5
6A
330
17
100
AcDbEntity
  8
0
100
AcDbLine
 10
31.34734633060222
 20
-10.44087992247794
 30
0.0
 11
31.353558223531294
 21
-10.339621860885185
 31
0.0
  0
LINE
  5
6B
330
17
100
AcDbEntity
  8
0
100
AcDbLine
 10
31.353558223531294
 20
-10.339621860885185
 30
0.0
 11
31.359656506953492
 21
-10.23832456858877
 31
0.0
  0
LINE
  5
6C
330
17
100
AcDbEntity
  8
0
100
AcDbLine
 10
31.359656506953492
 20
-10.23832456858877
 30
0.0
 11
31.36564065277331
 21
-10.136987804071552
 31
0.0
  0
LINE
  5
6D
330
17
100
AcDbEntity
  8
0
100
AcDbLine
 10
31.36564065277331
 20
-10.136987804071552
 30
0.0
 11
31.371510131444218
 21
-10.035611328499083
 31
0.0
  0
LINE
  5
6E
330
17
100
AcDbEntity
  8
0
100
AcDbLine
 10
31.371510131444218
 20
-10.035611328499083
 30
0.0
 11
31.37726439780932
 21
-9.934195141053607
 31
0.0
  0
LINE
  5
6F
330
17
100
AcDbEntity
  8
0
100
AcDbLine
 10
31.37726439780932
 20
-9.934195141053607
 30
0.0
 11
31.38290289331094
 21
-9.832739380387782
 31
0.0
  0
LINE
  5
70
330
17
100
AcDbEntity
  8
0
100
AcDbLine
 10
31.38290289331094
 20
-9.832739380387782
 30
0.0
 11
31.388425077528503
 21
-9.7312438200536
 31
0.0
  0
LINE
  5
71
330
17
100
AcDbEntity
  8
0
100
AcDbLine
 10
31.388425077528503
 20
-9.7312438200536
 30
0.0
 11
31.393830408920515
 21
-9.62970823175051
 31
0.0
  0
LINE
  5
72
330
17
100
AcDbEntity
  8
0
100
AcDbLine
 10
31.393830408920515
 20
-9.62970823175051
 30
0.0
 11
31.399118344572372
 21
-9.528132389995314
 31
0.0
  0
LINE
  5
73
330
17
100
AcDbEntity
  8
0
100
AcDbLine
 10
31.399118344572372
 20
-9.528132389995314
 30
0.0
 11
31.40428834020794
 21
-9.426516072137275
 31
0.0
  0
LINE
  5
74
330
17
100
AcDbEntity
  8
0
100
AcDbLine
 10
31.40428834020794
 20
-9.426516072137275
 30
0.0
 11
31.409339850201263
 21
-9.324859058373107
 31
0.0
  0
LINE
  5
75
330
17
100
AcDbEntity
  8
0
100
AcDbLine
 10
31.409339850201263
 20
-9.324859058373107
 30
0.0
 11
31.41427232758835
 21
-9.22316113176192
 31
0.0
  0
LINE
  5
76
330
17
100
AcDbEntity
  8
0
100
AcDbLine
 10
31.41427232758835
 20
-9.22316113176192
 30
0.0
 11
31.41908523958071
 21
-9.121421776029688
 31
0.0
  0
LINE
  5
77
330
17
100
AcDbEntity
  8
0
100
AcDbLine
 10
31.41908523958071
 20
-9.121421776029688
 30
0.0
 11
31.42377805715364
 21
-9.019640461181675
 31
0.0
  0
LINE
  5
78
330
17
100
AcDbEntity
  8
0
100
AcDbLine
 10
31.42377805715364
 20
-9.019640461181675
 30
0.0
 11
31.428350235795456
 21
-8.917816979206764
 31
0.0
  0
LINE
  5
79
330
17
100
AcDbEntity
  8
0
100
AcDbLine
 10
31.428350235795456
 20
-8.917816979206764
 30
0.0
 11
31.432801229679434
 21
-8.815951125012383
 31
0.0
  0
LINE
  5
7A
330
17
100
AcDbEntity
  8
0
100
AcDbLine
 10
31.432801229679434
 20
-8.815951125012383
 30
0.0
 11
31.437130491678374
 21
-8.714042696380453
 31
0.0
  0
LINE
  5
7B
330
17
100
AcDbEntity
  8
0
100
AcDbLine
 10
31.437130491678374
 20
-8.714042696380453
 30
0.0
 11
31.44133747337608
 21
-8.612091493981588
 31
0.0
  0
LINE
  5
7C
330
17
100
AcDbEntity
  8
0
100
AcDbLine
 10
31.44133747337608
 20
-8.612091493981588
 30
0.0
 11
31.445421625079362
 21
-8.51009732138915
 31
0.0
  0
LINE
  5
7D
330
17
100
AcDbEntity
  8
0
100
AcDbLine
 10
31.445421625079362
 20
-8.51009732138915
 30
0.0
 11
31.449382395728982
 21
-8.40805998769478
 31
0.0
  0
LINE
  5
7E
330
17
100
AcDbEntity
  8
0
100
AcDbLine
 10
31.449382395728982
 20
-8.40805998769478
 30
0.0
 11
31.453219219115034
 21
-8.305979634253527
 31
0.0
  0
LINE
  5
7F
330
17
100
AcDbEntity
  8
0
100
AcDbLine
 10
31.453219219115034
 20
-8.305979634253527
 30
0.0
 11
31.456931527819798
 21
-8.203856304495776
 31
0.0
  0
LINE
  5
80
330
17
100
AcDbEntity
  8
0
100
AcDbLine
 10
31.456931527819798
 20
-8.203856304495776
 30
0.0
 11
31.460518761358898
 21
-8.101689813556694
 31
0.0
  0
LINE
  5
81
330
17
100
AcDbEntity
  8
0
100
AcDbLine
 10
31.460518761358898
 20
-8.101689813556694
 30
0.0
 11
31.463980358049938
 21
-7.9994799795997835
 31
0.0
  0
LINE
  5
82
330
17
100
AcDbEntity
  8
0
100
AcDbLine
 10
31.463980358049938
 20
-7.9994799795997835
 30
0.0
 11
31.467315755024444
 21
-7.897226623830564
 31
0.0
  0
LINE
  5
83
330
17
100
AcDbEntity
  8
0
100
AcDbLine
 10
31.467315755024444
 20
-7.897226623830564
 30
0.0
 11
31.470524388240143
 21
-7.7949295705101385
 31
0.0
  0
LINE
  5
84
330
17
100
AcDbEntity
  8
0
100
AcDbLine
 10
31.470524388240143
 20
-7.7949295705101385
 30
0.0
 11
31.473605692492967
 21
-7.692588646968671
 31
0.0
  0
LINE
  5
85
330
17
100
AcDbEntity
  8
0
100
AcDbLine
 10
31.473605692492967
 20
-7.692588646968671
 30
0.0
 11
31.47655910147737
 21
-7.590203681974
 31
0.0
  0
LINE
  5
86
330
17
100
AcDbEntity
  8
0
100
AcDbLine
 10
31.47655910147737
 20
-7.590203681974
 30
0.0
 11
31.47938404940382
 21
-7.4877744573655995
 31
0.0
  0
LINE
  5
87
330
17
100
AcDbEntity
  8
0
100
AcDbLine
 10
31.47938404940382
 20
-7.4877744573655995
 30
0.0
 11
31.48207996908814
 21
-7.38530078518696
 31
0.0
  0
LINE
  5
88
330
17
100
AcDbEntity
  8
0
100
AcDbLine
 10
31.48207996908814
 20
-7.38530078518696
 30
0.0
 11
31.484646291597365
 21
-7.282782505189168
 31
0.0
  0
LINE
  5
89
330
17
100
AcDbEntity
  8
0
100
AcDbLine
 10
31.484646291597365
 20
-7.282782505189168
 30
0.0
 11
31.48708244689516
 21
-7.1802194602502585
 31
0.0
  0
LINE
  5
8A
330
17
100
AcDbEntity
  8
0
100
AcDbLine
 10
31.48708244689516
 20
-7.1802194602502585
 30
0.0
 11
31.489387863854212
 21
-7.077611496388032
 31
0.0
  0
LINE
  5
8B
330
17
100
AcDbEntity
  8
0
100
AcDbLine
 10
31.489387863854212
 20
-7.077611496388032
 30
0.0
 11
31.491561970268677
 21
-6.974958462772781
 31
0.0
  0
LINE
  5
8C
330
17
100
AcDbEntity
  8
0
100
AcDbLine
 10
31.491561970268677
 20
-6.974958462772781
 30
0.0
 11
31.493604192866442
 21
-6.872260211739929
 31
0.0
  0
LINE
  5
8D
330
17
100
AcDbEntity
  8
0
100
AcDbLine
 10
31.493604192866442
 20
-6.872260211739929
 30
0.0
 11
31.49551395713145
 21
-6.7695166085964225
 31
0.0
  0
LINE
  5
8E
330
17
100
AcDbEntity
  8
0
100
AcDbLine
 10
31.49551395713145
 20
-6.7695166085964225
 30
0.0
 11
31.497290684371215
 21
-6.666727653281894
 31
0.0
  0
LINE
  5
8F
330
17
100
AcDbEntity
  8
0
100
AcDbLine
 10
31.497290684371215
 20
-6.666727653281894
 30
0.0
 11
31.498933795433224
 21
-6.563893253974877
 31
0.0
  0
LINE
  5
90
330
17
100
AcDbEntity
  8
0
100
AcDbLine
 10
31.498933795433224
 20
-6.563893253974877
 30
0.0
 11
31.50044271089697
 21
-6.461013275801397
 31
0.0
  0
LINE
  5
91
330
17
100
AcDbEntity
  8
0
100
AcDbLine
 10
31.50044271089697
 20
-6.461013275801397
 30
0.0
 11
31.501816850345726
 21
-6.358087587134586
 31
0.0
  0
LINE
  5
92
330
17
100
AcDbEntity
  8
0
100
AcDbLine
 10
31.501816850345726
 20
-6.358087587134586
 30
0.0
 11
31.503055632379315
 21
-6.255116059606712
 31
0.0
  0
LINE
  5
93
330
17
100
AcDbEntity
  8
0
100
AcDbLine
 10
31.503055632379315
 20
-6.255116059606712
 30
0.0
 11
31.504158474626763
 21
-6.152098568121094
 31
0.0
  0
LINE
  5
94
330
17
100
AcDbEntity
  8
0
100
AcDbLine
 10
31.504158474626763
 20
-6.152098568121094
 30
0.0
 11
31.50512479375911
 21
-6.049034990863902
 31
0.0
  0
LINE
  5
95
330
17
100
AcDbEntity
  8
0
100
AcDbLine
 10
31.50512479375911
 20
-6.049034990863902
 30
0.0
 11
31.50595400541266
 21
-5.945925218850574
 31
0.0
  0
LINE
  5
96
330
17
100
AcDbEntity
  8
0
100
AcDbLine
 10
31.50595400541266
 20
-5.945925218850574
 30
0.0
 11
31.506645523277186
 21
-5.842769215578855
 31
0.0
  0
LINE
  5
97
330
17
100
AcDbEntity
  8
0
100
AcDbLine
 10
31.506645523277186
 20
-5.842769215578855
 30
0.0
 11
31.507198760045384
 21
-5.739566886667273
 31
0.0
  0
LINE
  5
98
330
17
100
AcDbEntity
  8
0
100
AcDbLine
 10
31.507198760045384
 20
-5.739566886667273
 30
0.0
 11
31.507613127612103
 21
-5.636318123572792
 31
0.0
  0
LINE
  5
99
330
17
100
AcDbEntity
  8
0
100
AcDbLine
 10
31.507613127612103
 20
-5.636318123572792
 30
0.0
 11
31.50788803698279
 21
-5.53302282110373
 31
0.0
  0
LINE
  5
9A
330
17
100
AcDbEntity
  8
0
100
AcDbLine
 10
31.50788803698279
 20
-5.53302282110373
 30
0.0
 11
31.50802289828652
 21
-5.429680877430929
 31
0.0
  0
LINE
  5
9B
330
17
100
AcDbEntity
  8
0
100
AcDbLine
 10
31.50802289828652
 20
-5.429680877430929
 30
0.0
 11
31.508017120789013
 21
-5.326292194098823
 31
0.0
  0
LINE
  5
9C
330
17
100
AcDbEntity
  8
0
100
AcDbLine
 10
31.508017120789013
 20
-5.326292194098823
 30
0.0
 11
31.507870112905806
 21
-5.222856676036351
 31
0.0
  0
LINE
  5
9D
330
17
100
AcDbEntity
  8
0
100
AcDbLine
 10
31.507870112905806
 20
-5.222856676036351
 30
0.0
 11
31.50758128222037
 21
-5.119374236890247
 31
0.0
  0
LINE
  5
9E
330
17
100
AcDbEntity
  8
0
100
AcDbLine
 10
31.50758128222037
 20
-5.119374236890247
 30
0.0
 11
31.507150035364553
 21
-5.015844816322684
 31
0.0
  0
LINE
  5
9F
330
17
100
AcDbEntity
  8
0
100
AcDbLine
 10
31.507150035364553
 20
-5.015844816322684
 30
0.0
 11
31.50657577792139
 21
-4.912268333537243
 31
0.0
  0
LINE
  5
A0
330
17
100
AcDbEntity
  8
0
100
AcDbLine
 10
31.50657577792139
 20
-4.912268333537243
 30
0.0
 11
31.505857914660666
 21
-4.8086447071236496
 31
0.0
  0
LINE
  5
A1
330
17
100
AcDbEntity
  8
0
100
AcDbLine
 10
31.505857914660666
 20
-4.8086447071236496
 30
0.0
 11
31.504995849569653
 21
-4.704973859113094
 31
0.0
  0
LINE
  5
A2
330
17
100
AcDbEntity
  8
0
100
AcDbLine
 10
31.504995849569653
 20
-4.704973859113094
 30
0.0
 11
31.503988985866506
 21
-4.601255714988502
 31
0.0
  0
LINE
  5
A3
330
17
100
AcDbEntity
  8
0
100
AcDbLine
 10
31.503988985866506
 20
-4.601255714988502
 30
0.0
 11
31.502836726013776
 21
-4.497490203694648
 31
0.0
  0
LINE
  5
A4
330
17
100
AcDbEntity
  8
0
100
AcDbLine
 10
31.502836726013776
 20
-4.497490203694648
 30
0.0
 11
31.501538471731706
 21
-4.393677257648216
 31
0.0
  0
LINE
  5
A5
330
17
100
AcDbEntity
  8
0
100
AcDbLine
 10
31.501538471731706
 20
-4.393677257648216
 30
0.0
 11
31.500093626276737
 21
-4.28981700921716
 31
0.0
  0
LINE
  5
A6
330
17
100
AcDbEntity
  8
0
100
AcDbLine
 10
31.500093626276737
 20
-4.28981700921716
 30
0.0
 11
31.498501593565294
 21
-4.185910089319888
 31
0.0
  0
LINE
  5
A7
330
17
100
AcDbEntity
  8
0
100
AcDbLine
 10
31.498501593565294
 20
-4.185910089319888
 30
0.0
 11
31.49676176447847
 21
-4.081956501453218
 31
0.0
  0
LINE
  5
A8
330
17
100
AcDbEntity
  8
0
100
AcDbLine
 10
31.49676176447847
 20
-4.081956501453218
 30
0.0
 11
31.4948735283521
 21
-3.977956192611849
 31
0.0
  0
LINE
  5
A9
330
17
100
AcDbEntity
  8
0
100
AcDbLine
 10
31.4948735283521
 20
-3.977956192611849
 30
0.0
 11
31.49283627388744
 21
-3.87390911341363
 31
0.0
  0
LINE
  5
AA
330
17
100
AcDbEntity
  8
0
100
AcDbLine
 10
31.49283627388744
 20
-3.87390911341363
 30
0.0
 11
31.49064938916547
 21
-3.7698152181089615
 31
0.0
  0
LINE
  5
AB
330
17
100
AcDbEntity
  8
0
100
AcDbLine
 10
31.49064938916547
 20
-3.7698152181089615
 30
0.0
 11
31.488312261660788
 21
-3.665674464590154
 31
0.0
  0
LINE
  5
AC
330
17
100
AcDbEntity
  8
0
100
AcDbLine
 10
31.488312261660788
 20
-3.665674464590154
 30
0.0
 11
31.485824278255933
 21
-3.5614868144005865
 31
0.0
  0
LINE
  5
AD
330
17
100
AcDbEntity
  8
0
100
AcDbLine
 10
31.485824278255933
 20
-3.5614868144005865
 30
0.0
 11
31.48318482054517
 21
-3.4572520225360073
 31
0.0
  0
LINE
  5
AE
330
17
100
AcDbEntity
  8
0
100
AcDbLine
 10
31.48318482054517
 20
-3.4572520225360073
 30
0.0
 11
31.48039326672503
 21
-3.352969549715672
 31
0.0
  0
LINE
  5
AF
330
17
100
AcDbEntity
  8
0
100
AcDbLine
 10
31.48039326672503
 20
-3.352969549715672
 30
0.0
 11
31.477449008874707
 21
-3.2486393454415357
 31
0.0
  0
LINE
  5
B0
330
17
100
AcDbEntity
  8
0
100
AcDbLine
 10
31.477449008874707
 20
-3.2486393454415357
 30
0.0
 11
31.47435143908713
 21
-3.144261385331145
 31
0.0
  0
LINE
  5
B1
330
17
100
AcDbEntity
  8
0
100
AcDbLine
 10
31.47435143908713
 20
-3.144261385331145
 30
0.0
 11
31.471099948902527
 21
-3.0398356486158775
 31
0.0
  0
LINE
  5
B2
330
17
100
AcDbEntity
  8
0
100
AcDbLine
 10
31.471099948902527
 20
-3.0398356486158775
 30
0.0
 11
31.467693929322557
 21
-2.9353621181493192
 31
0.0
  0
LINE
  5
B3
330
17
100
AcDbEntity
  8
0
100
AcDbLine
 10
31.467693929322557
 20
-2.9353621181493192
 30
0.0
 11
31.464132770824477
 21
-2.830840780415585
 31
0.0
  0
LINE
  5
B4
330
17
100
AcDbEntity
  8
0
100
AcDbLine
 10
31.464132770824477
 20
-2.830840780415585
 30
0.0
 11
31.46041586337534
 21
-2.726271625537457
 31
0.0
  0
LINE
  5
B5
330
17
100
AcDbEntity
  8
0
100
AcDbLine
 10
31.46041586337534
 20
-2.726271625537457
 30
0.0
 11
31.4565426129859
 21
-2.621655139961197
 31
0.0
  0
LINE
  5
B6
330
17
100
AcDbEntity
  8
0
100
AcDbLine
 10
31.4565426129859
 20
-2.621655139961197
 30
0.0
 11
31.4525124283876
 21
-2.5169921396739614
 31
0.0
  0
LINE
  5
B7
330
17
100
AcDbEntity
  8
0
100
AcDbLine
 10
31.4525124283876
 20
-2.5169921396739614
 30
0.0
 11
31.448324685262435
 21
-2.41228263941772
 31
0.0
  0
LINE
  5
B8
330
17
100
AcDbEntity
  8
0
100
AcDbLine
 10
31.448324685262435
 20
-2.41228263941772
 30
0.0
 11
31.443978758439954
 21
-2.307526645341788
 31
0.0
  0
LINE
  5
B9
330
17
100
AcDbEntity
  8
0
100
AcDbLine
 10
31.443978758439954
 20
-2.307526645341788
 30
0.0
 11
31.43947402237046
 21
-2.2027241674203424
 31
0.0
  0
LINE
  5
BA
330
17
100
AcDbEntity
  8
0
100
AcDbLine
 10
31.43947402237046
 20
-2.2027241674203424
 30
0.0
 11
31.43480985114026
 21
-2.097875219459876
 31
0.0
  0
LINE
  5
BB
330
17
100
AcDbEntity
  8
0
100
AcDbLine
 10
31.43480985114026
 20
-2.097875219459876
 30
0.0
 11
31.429985618486604
 21
-1.99297981910658
 31
0.0
  0
LINE
  5
BC
330
17
100
AcDbEntity
  8
0
100
AcDbLine
 10
31.429985618486604
 20
-1.99297981910658
 30
0.0
 11
31.425000697812834
 21
-1.8880379878536395
 31
0.0
  0
LINE
  5
BD
330
17
100
AcDbEntity
  8
0
100
AcDbLine
 10
31.425000697812834
 20
-1.8880379878536395
 30
0.0
 11
31.419854449354034
 21
-1.7830494656230762
 31
0.0
  0
LINE
  5
BE
330
17
100
AcDbEntity
  8
0
100
AcDbLine
 10
31.419854449354034
 20
-1.7830494656230762
 30
0.0
 11
31.414546235517008
 21
-1.6780139633880697
 31
0.0
  0
LINE
  5
BF
330
17
100
AcDbEntity
  8
0
100
AcDbLine
 10
31.414546235517008
 20
-1.6780139633880697
 30
0.0
 11
31.409075434827926
 21
-1.5729315132965755
 31
0.0
  0
LINE
  5
C0
330
17
100
AcDbEntity
  8
0
100
AcDbLine
 10
31.409075434827926
 20
-1.5729315132965755
 30
0.0
 11
31.403441425522956
 21
-1.4678021515299235
 31
0.0
  0
LINE
  5
C1
330
17
100
AcDbEntity
  8
0
100
AcDbLine
 10
31.403441425522956
 20
-1.4678021515299235
 30
0.0
 11
31.397643585552196
 21
-1.3626259180830242
 31
0.0
  0
LINE
  5
C2
330
17
100
AcDbEntity
  8
0
100
AcDbLine
 10
31.397643585552196
 20
-1.3626259180830242
 30
0.0
 11
31.39168129259494
 21
-1.257402856770863
 31
0.0
  0
LINE
  5
C3
330
17
100
AcDbEntity
  8
0
100
AcDbLine
 10
31.39168129259494
 20
-1.257402856770863
 30
0.0
 11
31.385553924074657
 21
-1.15213301523492
 31
0.0
  0
LINE
  5
C4
330
17
100
AcDbEntity
  8
0
100
AcDbLine
 10
31.385553924074657
 20
-1.15213301523492
 30
0.0
 11
31.379260857244823
 21
-1.0468164461237564
 31
0.0
  0
LINE
  5
C5
330
17
100
AcDbEntity
  8
0
100
AcDbLine
 10
31.379260857244823
 20
-1.0468164461237564
 30
0.0
 11
31.372801480409642
 21
-0.9414534048991108
 31
0.0
  0
LINE
  5
C6
330
17
100
AcDbEntity
  8
0
100
AcDbLine
 10
31.372801480409642
 20
-0.9414534048991108
 30
0.0
 11
31.36617517612342
 21
-0.8360440975402206
 31
0.0
  0
LINE
  5
C7
330
17
100
AcDbEntity
  8
0
100
AcDbLine
 10
31.36617517612342
 20
-0.8360440975402206
 30
0.0
 11
31.35938131746608
 21
-0.7305885875390778
 31
0.0
  0
LINE
  5
C8
330
17
100
AcDbEntity
  8
0
100
AcDbLine
 10
31.35938131746608
 20
-0.7305885875390778
 30
0.0
 11
31.35241927735457
 21
-0.6250869422836693
 31
0.0
  0
LINE
  5
C9
330
17
100
AcDbEntity
  8
0
100
AcDbLine
 10
31.35241927735457
 20
-0.6250869422836693
 30
0.0
 11
31.345288428558312
 21
-0.5195392330636963
 31
0.0
  0
LINE
  5
CA
330
17
100
AcDbEntity
  8
0
100
AcDbLine
 10
31.345288428558312
 20
-0.5195392330636963
 30
0.0
 11
31.33798814371481
 21
-0.41394553507604215
 31
0.0
  0
LINE
  5
CB
330
17
100
AcDbEntity
  8
0
100
AcDbLine
 10
31.33798814371481
 20
-0.41394553507604215
 30
0.0
 11
31.330517795345195
 21
-0.30830592743023644
 31
0.0
  0
LINE
  5
CC
330
17
100
AcDbEntity
  8
0
100
AcDbLine
 10
31.330517795345195
 20
-0.30830592743023644
 30
0.0
 11
31.322876756701156
 21
-0.20262050467707482
 31
0.0
  0
LINE
  5
CD
330
17
100
AcDbEntity
  8
0
100
AcDbLine
 10
31.322876756701156
 20
-0.20262050467707482
 30
0.0
 11
31.315064428240674
 21
-0.09688976441555042
 31
0.0
  0
LINE
  5
CE
330
17
100
AcDbEntity
  8
0
100
AcDbLine
 10
31.315064428240674
 20
-0.09688976441555042
 30
0.0
 11
31.30708019141118
 21
0.008885996970800392
 31
0.0
  0
LINE
  5
CF
330
17
100
AcDbEntity
  8
0
100
AcDbLine
 10
31.30708019141118
 20
0.008885996970800392
 30
0.0
 11
31.298923412188046
 21
0.1147066836543793
 31
0.0
  0
LINE
  5
D0
330
17
100
AcDbEntity
  8
0
100
AcDbLine
 10
31.298923412188046
 20
0.1147066836543793
 30
0.0
 11
31.29059345653976
 21
0.22057219579792076
 31
0.0
  0
LINE
  5
D1
330
17
100
AcDbEntity
  8
0
100
AcDbLine
 10
31.29059345653976
 20
0.22057219579792076
 30
0.0
 11
31.28208969044421
 21
0.326482429549948
 31
0.0
  0
LINE
  5
D2
330
17
100
AcDbEntity
  8
0
100
AcDbLine
 10
31.28208969044421
 20
0.326482429549948
 30
0.0
 11
31.27341147990461
 21
0.43243727704016877
 31
0.0
  0
LINE
  5
D3
330
17
100
AcDbEntity
  8
0
100
AcDbLine
 10
31.27341147990461
 20
0.43243727704016877
 30
0.0
 11
31.264558190965836
 21
0.5384366263750948
 31
0.0
  0
LINE
  5
D4
330
17
100
AcDbEntity
  8
0
100
AcDbLine
 10
31.264558190965836
 20
0.5384366263750948
 30
0.0
 11
31.255529186448975
 21
0.6444804004934248
 31
0.0
  0
LINE
  5
D5
330
17
100
AcDbEntity
  8
0
100
AcDbLine
 10
31.255529186448975
 20
0.6444804004934248
 30
0.0
 11
31.246323783597248
 21
0.7505690878775084
 31
0.0
  0
LINE
  5
D6
330
17
100
AcDbEntity
  8
0
100
AcDbLine
 10
31.246323783597248
 20
0.7505690878775084
 30
0.0
 11
31.236941338875752
 21
0.8567027747466192
 31
0.0
  0
LINE
  5
D7
330
17
100
AcDbEntity
  8
0
100
AcDbLine
 10
31.236941338875752
 20
0.8567027747466192
 30
0.0
 11
31.227381227145152
 21
0.9628813346626544
 31
0.0
  0
LINE
  5
D8
330
17
100
AcDbEntity
  8
0
100
AcDbLine
 10
31.227381227145152
 20
0.9628813346626544
 30
0.0
 11
31.217642823345557
 21
1.0691046372427913
 31
0.0
  0
LINE
  5
D9
330
17
100
AcDbEntity
  8
0
100
AcDbLine
 10
31.217642823345557
 20
1.0691046372427913
 30
0.0
 11
31.207725502512353
 21
1.1753725481557034
 31
0.0
  0
LINE
  5
DA
330
17
100
AcDbEntity
  8
0
100
AcDbLine
 10
31.207725502512353
 20
1.1753725481557034
 30
0.0
 11
31.197628639792427
 21
1.2816849291180148
 31
0.0
  0
LINE
  5
DB
330
17
100
AcDbEntity
  8
0
100
AcDbLine
 10
31.197628639792427
 20
1.2816849291180148
 30
0.0
 11
31.187351610460006
 21
1.3880416378906801
 31
0.0
  0
LINE
  5
DC
330
17
100
AcDbEntity
  8
0
100
AcDbLine
 10
31.187351610460006
 20
1.3880416378906801
 30
0.0
 11
31.176893798716712
 21
1.4944424377611298
 31
0.0
  0
LINE
  5
DD
330
17
100
AcDbEntity
  8
0
100
AcDbLine
 10
31.176893798716712
 20
1.4944424377611298
 30
0.0
 11
31.16625465378732
 21
1.6008863824611517
 31
0.0
  0
LINE
  5
DE
330
17
100
AcDbEntity
  8
0
100
AcDbLine
 10
31.16625465378732
 20
1.6008863824611517
 30
0.0
 11
31.155433559439153
 21
1.7073731298999313
 31
0.0
  0
LINE
  5
DF
330
17
100
AcDbEntity
  8
0
100
AcDbLine
 10
31.155433559439153
 20
1.7073731298999313
 30
0.0
 11
31.144429881022987
 21
1.813902519734981
 31
0.0
  0
LINE
  5
E0
330
17
100
AcDbEntity
  8
0
100
AcDbLine
 10
31.144429881022987
 20
1.813902519734981
 30
0.0
 11
31.133242984154357
 21
1.9204743875280101
 31
0.0
  0
LINE
  5
E1
330
17
100
AcDbEntity
  8
0
100
AcDbLine
 10
31.133242984154357
 20
1.9204743875280101
 30
0.0
 11
31.121872234730404
 21
2.0270885647423214
 31
0.0
  0
LINE
  5
E2
330
17
100
AcDbEntity
  8
0
100
AcDbLine
 10
31.121872234730404
 20
2.0270885647423214
 30
0.0
 11
31.11031699894665
 21
2.1337448787401847
 31
0.0
  0
LINE
  5
E3
330
17
100
AcDbEntity
  8
0
100
AcDbLine
 10
31.11031699894665
 20
2.1337448787401847
 30
0.0
 11
31.098576643313756
 21
2.240443152780397
 31
0.0
  0
LINE
  5
E4
330
17
100
AcDbEntity
  8
0
100
AcDbLine
 10
31.098576643313756
 20
2.240443152780397
 30
0.0
 11
31.086650525635477
 21
2.3471832882425936
 31
0.0
  0
LINE
  5
E5
330
17
100
AcDbEntity
  8
0
100
AcDbLine
 10
31.086650525635477
 20
2.3471832882425936
 30
0.0
 11
31.074537965416454
 21
2.453965555600991
 31
0.0
  0
LINE
  5
E6
330
17
100
AcDbEntity
  8
0
100
AcDbLine
 10
31.074537965416454
 20
2.453965555600991
 30
0.0
 11
31.062238328322977
 21
2.560789836848482
 31
0.0
  0
LINE
  5
E7
330
17
100
AcDbEntity
  8
0
100
AcDbLine
 10
31.062238328322977
 20
2.560789836848482
 30
0.0
 11
31.049750988270844
 21
2.6676559402299205
 31
0.0
  0
LINE
  5
E8
330
17
100
AcDbEntity
  8
0
100
AcDbLine
 10
31.049750988270844
 20
2.6676559402299205
 30
0.0
 11
31.037075319542403
 21
2.774563669947142
 31
0.0
  0
LINE
  5
E9
330
17
100
AcDbEntity
  8
0
100
AcDbLine
 10
31.037075319542403
 20
2.774563669947142
 30
0.0
 11
31.024210696803316
 21
2.881512826157124
 31
0.0
  0
LINE
  5
EA
330
17
100
AcDbEntity
  8
0
100
AcDbLine
 10
31.024210696803316
 20
2.881512826157124
 30
0.0
 11
31.01115649511931
 21
2.9885032049703213
 31
0.0
  0
LINE
  5
EB
330
17
100
AcDbEntity
  8
0
100
AcDbLine
 10
31.01115649511931
 20
2.9885032049703213
 30
0.0
 11
30.997912089972885
 21
3.0955345984490528
 31
0.0
  0
LINE
  5
EC
330
17
100
AcDbEntity
  8
0
100
AcDbLine
 10
30.997912089972885
 20
3.0955345984490528
 30
0.0
 11
30.984476860823925
 21
3.202606765819347
 31
0.0
  0
LINE
  5
ED
330
17
100
AcDbEntity
  8
0
100
AcDbLine
 10
30.984476860823925
 20
3.202606765819347
 30
0.0
 11
30.97085019648857
 21
3.3097193845981003
 31
0.0
  0
LINE
  5
EE
330
17
100
AcDbEntity
  8
0
100
AcDbLine
 10
30.97085019648857
 20
3.3097193845981003
 30
0.0
 11
30.9570314736239
 21
3.416872224426484
 31
0.0
  0
LINE
  5
EF
330
17
100
AcDbEntity
  8
0
100
AcDbLine
 10
30.9570314736239
 20
3.416872224426484
 30
0.0
 11
30.94302006812559
 21
3.5240650607850945
 31
0.0
  0
LINE
  5
F0
330
17
100
AcDbEntity
  8
0
100
AcDbLine
 10
30.94302006812559
 20
3.5240650607850945
 30
0.0
 11
30.928815356398523
 21
3.631297665083242
 31
0.0
  0
LINE
  5
F1
330
17
100
AcDbEntity
  8
0
100
AcDbLine
 10
30.928815356398523
 20
3.631297665083242
 30
0.0
 11
30.914416715373726
 21
3.7385698046579954
 31
0.0
  0
LINE
  5
F2
330
17
100
AcDbEntity
  8
0
100
AcDbLine
 10
30.914416715373726
 20
3.7385698046579954
 30
0.0
 11
30.899823522525544
 21
3.8458812427735154
 31
0.0
  0
LINE
  5
F3
330
17
100
AcDbEntity
  8
0
100
AcDbLine
 10
30.899823522525544
 20
3.8458812427735154
 30
0.0
 11
30.885035155888517
 21
3.9532317386203246
 31
0.0
  0
LINE
  5
F4
330
17
100
AcDbEntity
  8
0
100
AcDbLine
 10
30.885035155888517
 20
3.9532317386203246
 30
0.0
 11
30.870051007358924
 21
4.060620950048563
 31
0.0
  0
LINE
  5
F5
330
17
100
AcDbEntity
  8
0
100
AcDbLine
 10
30.870051007358924
 20
4.060620950048563
 30
0.0
 11
30.854870487999797
 21
4.168048381423478
 31
0.0
  0
LINE
  5
F6
330
17
100
AcDbEntity
  8
0
100
AcDbLine
 10
30.854870487999797
 20
4.168048381423478
 30
0.0
 11
30.83949297581929
 21
4.2755137667121055
 31
0.0
  0
LINE
  5
F7
330
17
100
AcDbEntity
  8
0
100
AcDbLine
 10
30.83949297581929
 20
4.2755137667121055
 30
0.0
 11
30.823917847790455
 21
4.383016847795631
 31
0.0
  0
LINE
  5
F8
330
17
100
AcDbEntity
  8
0
100
AcDbLine
 10
30.823917847790455
 20
4.383016847795631
 30
0.0
 11
30.808144481552972
 21
4.490557362438224
 31
0.0
  0
LINE
  5
F9
330
17
100
AcDbEntity
  8
0
100
AcDbLine
 10
30.808144481552972
 20
4.490557362438224
 30
0.0
 11
30.79217225543043
 21
4.598135044287165
 31
0.0
  0
LINE
  5
FA
330
17
100
AcDbEntity
  8
0
100
AcDbLine
 10
30.79217225543043
 20
4.598135044287165
 30
0.0
 11
30.77600054844769
 21
4.705749622873022
 31
0.0
  0
LINE
  5
FB
330
17
100
AcDbEntity
  8
0
100
AcDbLine
 10
30.77600054844769
 20
4.705749622873022
 30
0.0
 11
30.75962874034839
 21
4.813400823609996
 31
0.0
  0
LINE
  5
FC
330
17
100
AcDbEntity
  8
0
100
AcDbLine
 10
30.75962874034839
 20
4.813400823609996
 30
0.0
 11
30.743056149872245
 21
4.921088778447491
 31
0.0
  0
LINE
  5
FD
330
17
100
AcDbEntity
  8
0
100
AcDbLine
 10
30.743056149872245
 20
4.921088778447491
 30
0.0
 11
30.726282057132835
 21
5.028813921458088
 31
0.0
  0
LINE
  5
FE
330
17
100
AcDbEntity
  8
0
100
AcDbLine
 10
30.726282057132835
 20
5.028813921458088
 30
0.0
 11
30.709305853294957
 21
5.136575982017483
 31
0.0
  0
LINE
  5
FF
330
17
100
AcDbEntity
  8
0
100
AcDbLine
 10
30.709305853294957
 20
5.136575982017483
 30
0.0
 11
30.69212693223006
 21
5.244374672607879
 31
0.0
  0
LINE
  5
100
330
17
100
AcDbEntity
  8
0
100
AcDbLine
 10
30.69212693223006
 20
5.244374672607879
 30
0.0
 11
30.674744688547463
 21
5.352209701732761
 31
0.0
  0
LINE
  5
101
330
17
100
AcDbEntity
  8
0
100
AcDbLine
 10
30.674744688547463
 20
5.352209701732761
 30
0.0
 11
30.657158517611094
 21
5.460080773917564
 31
0.0
  0
LINE
  5
102
330
17
100
AcDbEntity
  8
0
100
AcDbLine
 10
30.657158517611094
 20
5.460080773917564
 30
0.0
 11
30.63936781555659
 21
5.567987589710576
 31
0.0
  0
LINE
  5
103
330
17
100
AcDbEntity
  8
0
100
AcDbLine
 10
30.63936781555659
 20
5.567987589710576
 30
0.0
 11
30.621371979308037
 21
5.67592984568379
 31
0.0
  0
LINE
  5
104
330
17
100
AcDbEntity
  8
0
100
AcDbLine
 10
30.621371979308037
 20
5.67592984568379
 30
0.0
 11
30.603170460792057
 21
5.783906904792122
 31
0.0
  0
LINE
  5
105
330
17
100
AcDbEntity
  8
0
100
AcDbLine
 10
30.603170460792057
 20
5.783906904792122
 30
0.0
 11
30.58476271765536
 21
5.891918067455954
 31
0.0
  0
LINE
  5
106
330
17
100
AcDbEntity
  8
0
100
AcDbLine
 10
30.58476271765536
 20
5.891918067455954
 30
0.0
 11
30.566148142398276
 21
5.999963015399054
 31
0.0
  0
LINE
  5
107
330
17
100
AcDbEntity
  8
0
100
AcDbLine
 10
30.566148142398276
 20
5.999963015399054
 30
0.0
 11
30.547326128320137
 21
6.10804142689371
 31
0.0
  0
LINE
  5
108
330
17
100
AcDbEntity
  8
0
100
AcDbLine
 10
30.547326128320137
 20
6.10804142689371
 30
0.0
 11
30.528296069638202
 21
6.21615297615746
 31
0.0
  0
LINE
  5
109
330
17
100
AcDbEntity
  8
0
100
AcDbLine
 10
30.528296069638202
 20
6.21615297615746
 30
0.0
 11
30.5090573615051
 21
6.324297333354902
 31
0.0
  0
LINE
  5
10A
330
17
100
AcDbEntity
  8
0
100
AcDbLine
 10
30.5090573615051
 20
6.324297333354902
 30
0.0
 11
30.489609400026296
 21
6.43247416459953
 31
0.0
  0
LINE
  5
10B
330
17
100
AcDbEntity
  8
0
100
AcDbLine
 10
30.489609400026296
 20
6.43247416459953
 30
0.0
 11
30.469951581625857
 21
6.540683135531051
 31
0.0
  0
LINE
  5
10C
330
17
100
AcDbEntity
  8
0
100
AcDbLine
 10
30.469951581625857
 20
6.540683135531051
 30
0.0
 11
30.450083150594565
 21
6.648924764522668
 31
0.0
  0
LINE
  5
10D
330
17
100
AcDbEntity
  8
0
100
AcDbLine
 10
30.450083150594565
 20
6.648924764522668
 30
0.0
 11
30.43000339823213
 21
6.757199371286163
 31
0.0
  0
LINE
  5
10E
330
17
100
AcDbEntity
  8
0
100
AcDbLine
 10
30.43000339823213
 20
6.757199371286163
 30
0.0
 11
30.409711739451915
 21
6.865506611090456
 31
0.0
  0
LINE
  5
10F
330
17
100
AcDbEntity
  8
0
100
AcDbLine
 10
30.409711739451915
 20
6.865506611090456
 30
0.0
 11
30.38920759011127
 21
6.97384613534501
 31
0.0
  0
LINE
  5
110
330
17
100
AcDbEntity
  8
0
100
AcDbLine
 10
30.38920759011127
 20
6.97384613534501
 30
0.0
 11
30.368490367028492
 21
7.082217591602035
 31
0.0
  0
LINE
  5
111
330
17
100
AcDbEntity
  8
0
100
AcDbLine
 10
30.368490367028492
 20
7.082217591602035
 30
0.0
 11
30.34755948799925
 21
7.19062062355848
 31
0.0
  0
LINE
  5
112
330
17
100
AcDbEntity
  8
0
100
AcDbLine
 10
30.34755948799925
 20
7.19062062355848
 30
0.0
 11
30.32641437181352
 21
7.299054871058438
 31
0.0
  0
LINE
  5
113
330
17
100
AcDbEntity
  8
0
100
AcDbLine
 10
30.32641437181352
 20
7.299054871058438
 30
0.0
 11
30.30505444070971
 21
7.407519957717444
 31
0.0
  0
LINE
  5
114
330
17
100
AcDbEntity
  8
0
100
AcDbLine
 10
30.30505444070971
 20
7.407519957717444
 30
0.0
 11
30.283479213113914
 21
7.516015010463395
 31
0.0
  0
LINE
  5
115
330
17
100
AcDbEntity
  8
0
100
AcDbLine
 10
30.283479213113914
 20
7.516015010463395
 30
0.0
 11
30.261688156071983
 21
7.624539391388627
 31
0.0
  0
LINE
  5
116
330
17
100
AcDbEntity
  8
0
100
AcDbLine
 10
30.261688156071983
 20
7.624539391388627
 30
0.0
 11
30.23968068495528
 21
7.733092722010198
 31
0.0
  0
LINE
  5
117
330
17
100
AcDbEntity
  8
0
100
AcDbLine
 10
30.23968068495528
 20
7.733092722010198
 30
0.0
 11
30.21745621626375
 21
7.84167461991224
 31
0.0
  0
LINE
  5
118
330
17
100
AcDbEntity
  8
0
100
AcDbLine
 10
30.21745621626375
 20
7.84167461991224
 30
0.0
 11
30.195014167642995
 21
7.950284698748995
 31
0.0
  0
LINE
  5
119
330
17
100
AcDbEntity
  8
0
100
AcDbLine
 10
30.195014167642995
 20
7.950284698748995
 30
0.0
 11
30.17235395790157
 21
8.058922568248018
 31
0.0
  0
LINE
  5
11A
330
17
100
AcDbEntity
  8
0
100
AcDbLine
 10
30.17235395790157
 20
8.058922568248018
 30
0.0
 11
30.149475007028173
 21
8.167587834213407
 31
0.0
  0
LINE
  5
11B
330
17
100
AcDbEntity
  8
0
100
AcDbLine
 10
30.149475007028173
 20
8.167587834213407
 30
0.0
 11
30.126376720856314
 21
8.276280170975685
 31
0.0
  0
LINE
  5
11C
330
17
100
AcDbEntity
  8
0
100
AcDbLine
 10
30.126376720856314
 20
8.276280170975685
 30
0.0
 11
30.10305826495049
 21
8.38500041259346
 31
0.0
  0
LINE
  5
11D
330
17
100
AcDbEntity
  8
0
100
AcDbLine
 10
30.10305826495049
 20
8.38500041259346
 30
0.0
 11
30.07951898437046
 21
8.493748603617888
 31
0.0
  0
LINE
  5
11E
330
17
100
AcDbEntity
  8
0
100
AcDbLine
 10
30.07951898437046
 20
8.493748603617888
 30
0.0
 11
30.0557583208902
 21
8.602524341255311
 31
0.0
  0
LINE
  5
11F
330
17
100
AcDbEntity
  8
0
100
AcDbLine
 10
30.0557583208902
 20
8.602524341255311
 30
0.0
 11
30.031775717433106
 21
8.71132721901414
 31
0.0
  0
LINE
  5
120
330
17
100
AcDbEntity
  8
0
100
AcDbLine
 10
30.031775717433106
 20
8.71132721901414
 30
0.0
 11
30.007570618088423
 21
8.82015682670821
 31
0.0
  0
LINE
  5
121
330
17
100
AcDbEntity
  8
0
100
AcDbLine
 10
30.007570618088423
 20
8.82015682670821
 30
0.0
 11
29.983142468127255
 21
8.929012750460029
 31
0.0
  0
LINE
  5
122
330
17
100
AcDbEntity
  8
0
100
AcDbLine
 10
29.983142468127255
 20
8.929012750460029
 30
0.0
 11
29.958490714019
 21
9.0378945727043
 31
0.0
  0
LINE
  5
123
330
17
100
AcDbEntity
  8
0
100
AcDbLine
 10
29.958490714019
 20
9.0378945727043
 30
0.0
 11
29.933614820870176
 21
9.146801795509727
 31
0.0
  0
LINE
  5
124
330
17
100
AcDbEntity
  8
0
100
AcDbLine
 10
29.933614820870176
 20
9.146801795509727
 30
0.0
 11
29.90851439779196
 21
9.255733274057008
 31
0.0
  0
LINE
  5
125
330
17
100
AcDbEntity
  8
0
100
AcDbLine
 10
29.90851439779196
 20
9.255733274057008
 30
0.0
 11
29.883188926219553
 21
9.364688399390946
 31
0.0
  0
LINE
  5
126
330
17
100
AcDbEntity
  8
0
100
AcDbLine
 10
29.883188926219553
 20
9.364688399390946
 30
0.0
 11
29.857637848236877
 21
9.473666735050976
 31
0.0
  0
LINE
  5
127
330
17
100
AcDbEntity
  8
0
100
AcDbLine
 10
29.857637848236877
 20
9.473666735050976
 30
0.0
 11
29.831860607274066
 21
9.582667840791927
 31
0.0
  0
LINE
  5
128
330
17
100
AcDbEntity
  8
0
100
AcDbLine
 10
29.831860607274066
 20
9.582667840791927
 30
0.0
 11
29.805856648124205
 21
9.69169127258828
 31
0.0
  0
LINE
  5
129
330
17
100
AcDbEntity
  8
0
100
AcDbLine
 10
29.805856648124205
 20
9.69169127258828
 30
0.0
 11
29.77962541696015
 21
9.800736582638546
 31
0.0
  0
LINE
  5
12A
330
17
100
AcDbEntity
  8
0
100
AcDbLine
 10
29.77962541696015
 20
9.800736582638546
 30
0.0
 11
29.753166361351347
 21
9.909803319369793
 31
0.0
  0
LINE
  5
12B
330
17
100
AcDbEntity
  8
0
100
AcDbLine
 10
29.753166361351347
 20
9.909803319369793
 30
0.0
 11
29.726478893187036
 21
10.018891180210847
 31
0.0
  0
LINE
  5
12C
330
17
100
AcDbEntity
  8
0
100
AcDbLine
 10
29.726478893187036
 20
10.018891180210847
 30
0.0
 11
29.699562250661714
 21
10.128000599988084
 31
0.0
  0
LINE
  5
12D
330
17
100
AcDbEntity
  8
0
100
AcDbLine
 10
29.699562250661714
 20
10.128000599988084
 30
0.0
 11
29.67241586151745
 21
10.237131265554194
 31
0.0
  0
LINE
  5
12E
330
17
100
AcDbEntity
  8
0
100
AcDbLine
 10
29.67241586151745
 20
10.237131265554194
 30
0.0
 11
29.64503919046023
 21
10.346282715737232
 31
0.0
  0
LINE
  5
12F
330
17
100
AcDbEntity
  8
0
100
AcDbLine
 10
29.64503919046023
 20
10.346282715737232
 30
0.0
 11
29.617431703592302
 21
10.455454485758619
 31
0.0
  0
LINE
  5
130
330
17
100
AcDbEntity
  8
0
100
AcDbLine
 10
29.617431703592302
 20
10.455454485758619
 30
0.0
 11
29.589592868428298
 21
10.564646107237692
 31
0.0
  0
LINE
  5
131
330
17
100
AcDbEntity
  8
0
100
AcDbLine
 10
29.589592868428298
 20
10.564646107237692
 30
0.0
 11
29.561522153911426
 21
10.673857108196426
 31
0.0
  0
LINE
  5
132
330
17
100
AcDbEntity
  8
0
100
AcDbLine
 10
29.561522153911426
 20
10.673857108196426
 30
0.0
 11
29.53321903042942
 21
10.783087013064087
 31
0.0
  0
LINE
  5
133
330
17
100
AcDbEntity
  8
0
100
AcDbLine
 10
29.53321903042942
 20
10.783087013064087
 30
0.0
 11
29.504682987376917
 21
10.892335274864266
 31
0.0
  0
LINE
  5
134
330
17
100
AcDbEntity
  8
0
100
AcDbLine
 10
29.504682987376917
 20
10.892335274864266
 30
0.0
 11
29.47591356458998
 21
11.001601147265205
 31
0.0
  0
LINE
  5
135
330
17
100
AcDbEntity
  8
0
100
AcDbLine
 10
29.47591356458998
 20
11.001601147265205
 30
0.0
 11
29.446910240336813
 21
11.110884116043128
 31
0.0
  0
LINE
  5
136
330
17
100
AcDbEntity
  8
0
100
AcDbLine
 10
29.446910240336813
 20
11.110884116043128
 30
0.0
 11
29.41767248754239
 21
11.220183689575059
 31
0.0
  0
LINE
  5
137
330
17
100
AcDbEntity
  8
0
100
AcDbLine
 10
29.41767248754239
 20
11.220183689575059
 30
0.0
 11
29.388199780682655
 21
11.329499372627986
 31
0.0
  0
LINE
  5
138
330
17
100
AcDbEntity
  8
0
100
AcDbLine
 10
29.388199780682655
 20
11.329499372627986
 30
0.0
 11
29.358491595800814
 21
11.438830666364261
 31
0.0
  0
LINE
  5
139
330
17
100
AcDbEntity
  8
0
100
AcDbLine
 10
29.358491595800814
 20
11.438830666364261
 30
0.0
 11
29.32854741052354
 21
11.548177068347027
 31
0.0
  0
LINE
  5
13A
330
17
100
AcDbEntity
  8
0
100
AcDbLine
 10
29.32854741052354
 20
11.548177068347027
 30
0.0
 11
29.29836670407728
 21
11.65753807254579
 31
0.0
  0
LINE
  5
13B
330
17
100
AcDbEntity
  8
0
100
AcDbLine
 10
29.29836670407728
 20
11.65753807254579
 30
0.0
 11
29.267948856570122
 21
11.766913535699892
 31
0.0
  0
LINE
  5
13C
330
17
100
AcDbEntity
  8
0
100
AcDbLine
 10
29.267948856570122
 20
11.766913535699892
 30
0.0
 11
29.23729308997762
 21
11.876303919534788
 31
0.0
  0
LINE
  5
13D
330
17
100
AcDbEntity
  8
0
100
AcDbLine
 10
29.23729308997762
 20
11.876303919534788
 30
0.0
 11
29.20639888720313
 21
11.985708766318634
 31
0.0
  0
LINE
  5
13E
330
17
100
AcDbEntity
  8
0
100
AcDbLine
 10
29.20639888720313
 20
11.985708766318634
 30
0.0
 11
29.175265747223683
 21
12.095127562829497
 31
0.0
  0
LINE
  5
13F
330
17
100
AcDbEntity
  8
0
100
AcDbLine
 10
29.175265747223683
 20
12.095127562829497
 30
0.0
 11
29.143893170593024
 21
12.204559792445036
 31
0.0
  0
LINE
  5
140
330
17
100
AcDbEntity
  8
0
100
AcDbLine
 10
29.143893170593024
 20
12.204559792445036
 30
0.0
 11
29.112280659457184
 21
12.314004935148123
 31
0.0
  0
LINE
  5
141
330
17
100
AcDbEntity
  8
0
100
AcDbLine
 10
29.112280659457184
 20
12.314004935148123
 30
0.0
 11
29.080427717569684
 21
12.423462467532236
 31
0.0
  0
LINE
  5
142
330
17
100
AcDbEntity
  8
0
100
AcDbLine
 10
29.080427717569684
 20
12.423462467532236
 30
0.0
 11
29.048333850306918
 21
12.53293186280711
 31
0.0
  0
LINE
  5
143
330
17
100
AcDbEntity
  8
0
100
AcDbLine
 10
29.048333850306918
 20
12.53293186280711
 30
0.0
 11
29.015998618902472
 21
12.642412404818103
 31
0.0
  0
LINE
  5
144
330
17
100
AcDbEntity
  8
0
100
AcDbLine
 10
29.015998618902472
 20
12.642412404818103
 30
0.0
 11
28.983421628141123
 21
12.751903218932583
 31
0.0
  0
LINE
  5
145
330
17
100
AcDbEntity
  8
0
100
AcDbLine
 10
28.983421628141123
 20
12.751903218932583
 30
0.0
 11
28.950602385407258
 21
12.86140375824138
 31
0.0
  0
LINE
  5
146
330
17
100
AcDbEntity
  8
0
100
AcDbLine
 10
28.950602385407258
 20
12.86140375824138
 30
0.0
 11
28.91754039768894
 21
12.970913479596888
 31
0.0
  0
LINE
  5
147
330
17
100
AcDbEntity
  8
0
100
AcDbLine
 10
28.91754039768894
 20
12.970913479596888
 30
0.0
 11
28.884235173714693
 21
13.080431836434038
 31
0.0
  0
LINE
  5
148
330
17
100
AcDbEntity
  8
0
100
AcDbLine
 10
28.884235173714693
 20
13.080431836434038
 30
0.0
 11
28.850686223969213
 21
13.189958278776626
 31
0.0
  0
LINE
  5
149
330
17
100
AcDbEntity
  8
0
100
AcDbLine
 10
28.850686223969213
 20
13.189958278776626
 30
0.0
 11
28.81689306070888
 21
13.299492253243681
 31
0.0
  0
LINE
  5
14A
330
17
100
AcDbEntity
  8
0
100
AcDbLine
 10
28.81689306070888
 20
13.299492253243681
 30
0.0
 11
28.782855197977362
 21
13.409033203055895
 31
0.0
  0
LINE
  5
14B
330
17
100
AcDbEntity
  8
0
100
AcDbLine
 10
28.782855197977362
 20
13.409033203055895
 30
0.0
 11
28.74857196189214
 21
13.518581183223219
 31
0.0
  0
LINE
  5
14C
330
17
100
AcDbEntity
  8
0
100
AcDbLine
 10
28.74857196189214
 20
13.518581183223219
 30
0.0
 11
28.714042644040973
 21
13.628136394853286
 31
0.0
  0
LINE
  5
14D
330
17
100
AcDbEntity
  8
0
100
AcDbLine
 10
28.714042644040973
 20
13.628136394853286
 30
0.0
 11
28.67926677633747
 21
13.737698280748269
 31
0.0
  0
LINE
  5
14E
330
17
100
AcDbEntity
  8
0
100
AcDbLine
 10
28.67926677633747
 20
13.737698280748269
 30
0.0
 11
28.64424389308062
 21
13.847266278437619
 31
0.0
  0
LINE
  5
14F
330
17
100
AcDbEntity
  8
0
100
AcDbLine
 10
28.64424389308062
 20
13.847266278437619
 30
0.0
 11
28.608973530325322
 21
13.956839822247986
 31
0.0
  0
LINE
  5
150
330
17
100
AcDbEntity
  8
0
100
AcDbLine
 10
28.608973530325322
 20
13.956839822247986
 30
0.0
 11
28.573455225896943
 21
14.066418343309454
 31
0.0
  0
LINE
  5
151
330
17
100
AcDbEntity
  8
0
100
AcDbLine
 10
28.573455225896943
 20
14.066418343309454
 30
0.0
 11
28.53768851940611
 21
14.176001269561915
 31
0.0
  0
LINE
  5
152
330
17
100
AcDbEntity
  8
0
100
AcDbLine
 10
28.53768851940611
 20
14.176001269561915
 30
0.0
 11
28.50167295210418
 21
14.285588026244021
 31
0.0
  0
LINE
  5
153
330
17
100
AcDbEntity
  8
0
100
AcDbLine
 10
28.50167295210418
 20
14.285588026244021
 30
0.0
 11
28.465408009347556
 21
14.395178212659136
 31
0.0
  0
LINE
  5
154
330
17
100
AcDbEntity
  8
0
100
AcDbLine
 10
28.465408009347556
 20
14.395178212659136
 30
0.0
 11
28.42889319148845
 21
14.504771392395185
 31
0.0
  0
LINE
  5
155
330
17
100
AcDbEntity
  8
0
100
AcDbLine
 10
28.42889319148845
 20
14.504771392395185
 30
0.0
 11
28.392128048466006
 21
14.614366982582837
 31
0.0
  0
LINE
  5
156
330
17
100
AcDbEntity
  8
0
100
AcDbLine
 10
28.392128048466006
 20
14.614366982582837
 30
0.0
 11
28.355112132051595
 21
14.723964397233246
 31
0.0
  0
LINE
  5
157
330
17
100
AcDbEntity
  8
0
100
AcDbLine
 10
28.355112132051595
 20
14.723964397233246
 30
0.0
 11
28.317844995863233
 21
14.833563047244695
 31
0.0
  0
LINE
  5
158
330
17
100
AcDbEntity
  8
0
100
AcDbLine
 10
28.317844995863233
 20
14.833563047244695
 30
0.0
 11
28.28032619537987
 21
14.943162340409252
 31
0.0
  0
LINE
  5
159
330
17
100
AcDbEntity
  8
0
100
AcDbLine
 10
28.28032619537987
 20
14.943162340409252
 30
0.0
 11
28.242555287955717
 21
15.052761681419511
 31
0.0
  0
LINE
  5
15A
330
17
100
AcDbEntity
  8
0
100
AcDbLine
 10
28.242555287955717
 20
15.052761681419511
 30
0.0
 11
28.20453182865181
 21
15.162360483926996
 31
0.0
  0
LINE
  5
15B
330
17
100
AcDbEntity
  8
0
100
AcDbLine
 10
28.20453182865181
 20
15.162360483926996
 30
0.0
 11
28.16625518322121
 21
15.271958716172954
 31
0.0
  0
LINE
  5
15C
330
17
100
AcDbEntity
  8
0
100
AcDbLine
 10
28.16625518322121
 20
15.271958716172954
 30
0.0
 11
28.12772481413017
 21
15.381556089781512
 31
0.0
  0
LINE
  5
15D
330
17
100
AcDbEntity
  8
0
100
AcDbLine
 10
28.12772481413017
 20
15.381556089781512
 30
0.0
 11
28.088940294781374
 21
15.49115200261084
 31
0.0
  0
LINE
  5
15E
330
17
100
AcDbEntity
  8
0
100
AcDbLine
 10
28.088940294781374
 20
15.49115200261084
 30
0.0
 11
28.049901200450243
 21
15.600745849559324
 31
0.0
  0
LINE
  5
15F
330
17
100
AcDbEntity
  8
0
100
AcDbLine
 10
28.049901200450243
 20
15.600745849559324
 30
0.0
 11
28.010607108298622
 21
15.710337022572297
 31
0.0
  0
LINE
  5
160
330
17
100
AcDbEntity
  8
0
100
AcDbLine
 10
28.010607108298622
 20
15.710337022572297
 30
0.0
 11
27.97105759738848
 21
15.819924910648865
 31
0.0
  0
LINE
  5
161
330
17
100
AcDbEntity
  8
0
100
AcDbLine
 10
27.97105759738848
 20
15.819924910648865
 30
0.0
 11
27.93125224869543
 21
15.92950889984867
 31
0.0
  0
LINE
  5
162
330
17
100
AcDbEntity
  8
0
100
AcDbLine
 10
27.93125224869543
 20
15.92950889984867
 30
0.0
 11
27.891190641373385
 21
16.039088383569094
 31
0.0
  0
LINE
  5
163
330
17
100
AcDbEntity
  8
0
100
AcDbLine
 10
27.891190641373385
 20
16.039088383569094
 30
0.0
 11
27.850872291151532
 21
16.148662933734393
 31
0.0
  0
LINE
  5
164
330
17
100
AcDbEntity
  8
0
100
AcDbLine
 10
27.850872291151532
 20
16.148662933734393
 30
0.0
 11
27.810296760861547
 21
16.258232001334292
 31
0.0
  0
LINE
  5
165
330
17
100
AcDbEntity
  8
0
100
AcDbLine
 10
27.810296760861547
 20
16.258232001334292
 30
0.0
 11
27.76946364183759
 21
16.367794962506522
 31
0.0
  0
LINE
  5
166
330
17
100
AcDbEntity
  8
0
100
AcDbLine
 10
27.76946364183759
 20
16.367794962506522
 30
0.0
 11
27.728372527372144
 21
16.477351190516607
 31
0.0
  0
LINE
  5
167
330
17
100
AcDbEntity
  8
0
100
AcDbLine
 10
27.728372527372144
 20
16.477351190516607
 30
0.0
 11
27.6870230127293
 21
16.58690005576498
 31
0.0
  0
LINE
  5
168
330
17
100
AcDbEntity
  8
0
100
AcDbLine
 10
27.6870230127293
 20
16.58690005576498
 30
0.0
 11
27.645414695158088
 21
16.696440925794043
 31
0.0
  0
LINE
  5
169
330
17
100
AcDbEntity
  8
0
100
AcDbLine
 10
27.645414695158088
 20
16.696440925794043
 30
0.0
 11
27.60354717390581
 21
16.80597316529542
 31
0.0
  0
LINE
  5
16A
330
17
100
AcDbEntity
  8
0
100
AcDbLine
 10
27.60354717390581
 20
16.80597316529542
 30
0.0
 11
27.561420025400174
 21
16.915496200885116
 31
0.0
  0
LINE
  5
16B
330
17
100
AcDbEntity
  8
0
100
AcDbLine
 10
27.561420025400174
 20
16.915496200885116
 30
0.0
 11
27.519032606988553
 21
17.02501004184674
 31
0.0
  0
LINE
  5
16C
330
17
100
AcDbEntity
  8
0
100
AcDbLine
 10
27.519032606988553
 20
17.02501004184674
 30
0.0
 11
27.476384467628613
 21
17.13451421713085
 31
0.0
  0
LINE
  5
16D
330
17
100
AcDbEntity
  8
0
100
AcDbLine
 10
27.476384467628613
 20
17.13451421713085
 30
0.0
 11
27.433475222919625
 21
17.244008086044225
 31
0.0
  0
LINE
  5
16E
330
17
100
AcDbEntity
  8
0
100
AcDbLine
 10
27.433475222919625
 20
17.244008086044225
 30
0.0
 11
27.390304490448422
 21
17.353491005182725
 31
0.0
  0
LINE
  5
16F
330
17
100
AcDbEntity
  8
0
100
AcDbLine
 10
27.390304490448422
 20
17.353491005182725
 30
0.0
 11
27.346871889801925
 21
17.462962328438437
 31
0.0
  0
LINE
  5
170
330
17
100
AcDbEntity
  8
0
100
AcDbLine
 10
27.346871889801925
 20
17.462962328438437
 30
0.0
 11
27.30317704257984
 21
17.572421407006765
 31
0.0
  0
LINE
  5
171
330
17
100
AcDbEntity
  8
0
100
AcDbLine
 10
27.30317704257984
 20
17.572421407006765
 30
0.0
 11
27.259219572407183
 21
17.681867589393654
 31
0.0
  0
LINE
  5
172
330
17
100
AcDbEntity
  8
0
100
AcDbLine
 10
27.259219572407183
 20
17.681867589393654
 30
0.0
 11
27.214999080585613
 21
17.79130028200869
 31
0.0
  0
LINE
  5
173
330
17
100
AcDbEntity
  8
0
100
AcDbLine
 10
27.214999080585613
 20
17.79130028200869
 30
0.0
 11
27.170515046329264
 21
17.900719202933644
 31
0.0
  0
LINE
  5
174
330
17
100
AcDbEntity
  8
0
100
AcDbLine
 10
27.170515046329264
 20
17.900719202933644
 30
0.0
 11
27.125767078158596
 21
18.010123759959242
 31
0.0
  0
LINE
  5
175
330
17
100
AcDbEntity
  8
0
100
AcDbLine
 10
27.125767078158596
 20
18.010123759959242
 30
0.0
 11
27.080754812560833
 21
18.119513294421573
 31
0.0
  0
LINE
  5
176
330
17
100
AcDbEntity
  8
0
100
AcDbLine
 10
27.080754812560833
 20
18.119513294421573
 30
0.0
 11
27.03547788806643
 21
18.228887145062274
 31
0.0
  0
LINE
  5
177
330
17
100
AcDbEntity
  8
0
100
AcDbLine
 10
27.03547788806643
 20
18.228887145062274
 30
0.0
 11
26.989935945261188
 21
18.33824464803576
 31
0.0
  0
LINE
  5
178
330
17
100
AcDbEntity
  8
0
100
AcDbLine
 10
26.989935945261188
 20
18.33824464803576
 30
0.0
 11
26.944128626798452
 21
18.447585136916643
 31
0.0
  0
LINE
  5
179
330
17
100
AcDbEntity
  8
0
100
AcDbLine
 10
26.944128626798452
 20
18.447585136916643
 30
0.0
 11
26.8980555774111
 21
18.55690794270702
 31
0.0
  0
LINE
  5
17A
330
17
100
AcDbEntity
  8
0
100
AcDbLine
 10
26.8980555774111
 20
18.55690794270702
 30
0.0
 11
26.85171645483539
 21
18.666212367936545
 31
0.0
  0
LINE
  5
17B
330
17
100
AcDbEntity
  8
0
100
AcDbLine
 10
26.85171645483539
 20
18.666212367936545
 30
0.0
 11
26.80511095184447
 21
18.775497632583516
 31
0.0
  0
LINE
  5
17C
330
17
100
AcDbEntity
  8
0
100
AcDbLine
 10
26.80511095184447
 20
18.775497632583516
 30
0.0
 11
26.75823872292358
 21
18.884763047716746
 31
0.0
  0
LINE
  5
17D
330
17
100
AcDbEntity
  8
0
100
AcDbLine
 10
26.75823872292358
 20
18.884763047716746
 30
0.0
 11
26.711099419923265
 21
18.994007933073412
 31
0.0
  0
LINE
  5
17E
330
17
100
AcDbEntity
  8
0
100
AcDbLine
 10
26.711099419923265
 20
18.994007933073412
 30
0.0
 11
26.66369269684685
 21
19.10323160583924
 31
0.0
  0
LINE
  5
17F
330
17
100
AcDbEntity
  8
0
100
AcDbLine
 10
26.66369269684685
 20
19.10323160583924
 30
0.0
 11
26.61601820986263
 21
19.212433380656428
 31
0.0
  0
LINE
  5
180
330
17
100
AcDbEntity
  8
0
100
AcDbLine
 10
26.61601820986263
 20
19.212433380656428
 30
0.0
 11
26.56807561731577
 21
19.321612569631355
 31
0.0
  0
LINE
  5
181
330
17
100
AcDbEntity
  8
0
100
AcDbLine
 10
26.56807561731577
 20
19.321612569631355
 30
0.0
 11
26.519864579740243
 21
19.430768482342444
 31
0.0
  0
LINE
  5
182
330
17
100
AcDbEntity
  8
0
100
AcDbLine
 10
26.519864579740243
 20
19.430768482342444
 30
0.0
 11
26.47138465300948
 21
19.539900668346377
 31
0.0
  0
LINE
  5
183
330
17
100
AcDbEntity
  8
0
100
AcDbLine
 10
26.47138465300948
 20
19.539900668346377
 30
0.0
 11
26.42263520953555
 21
19.64900910946148
 31
0.0
  0
LINE
  5
184
330
17
100
AcDbEntity
  8
0
100
AcDbLine
 10
26.42263520953555
 20
19.64900910946148
 30
0.0
 11
26.373615907839834
 21
19.758093154404342
 31
0.0
  0
LINE
  5
185
330
17
100
AcDbEntity
  8
0
100
AcDbLine
 10
26.373615907839834
 20
19.758093154404342
 30
0.0
 11
26.324326426142264
 21
19.867152110055557
 31
0.0
  0
LINE
  5
186
330
17
100
AcDbEntity
  8
0
100
AcDbLine
 10
26.324326426142264
 20
19.867152110055557
 30
0.0
 11
26.274766444820216
 21
19.97618528091877
 31
0.0
  0
LINE
  5
187
330
17
100
AcDbEntity
  8
0
100
AcDbLine
 10
26.274766444820216
 20
19.97618528091877
 30
0.0
 11
26.22493564641981
 21
20.08519196912846
 31
0.0
  0
LINE
  5
188
330
17
100
AcDbEntity
  8
0
100
AcDbLine
 10
26.22493564641981
 20
20.08519196912846
 30
0.0
 11
26.174833715667077
 21
20.194171474457555
 31
0.0
  0
LINE
  5
189
330
17
100
AcDbEntity
  8
0
100
AcDbLine
 10
26.174833715667077
 20
20.194171474457555
 30
0.0
 11
26.124460339479064
 21
20.303123094325166
 31
0.0
  0
LINE
  5
18A
330
17
100
AcDbEntity
  8
0
100
AcDbLine
 10
26.124460339479064
 20
20.303123094325166
 30
0.0
 11
26.07381522387209
 21
20.412046087116863
 31
0.0
  0
LINE
  5
18B
330
17
100
AcDbEntity
  8
0
100
AcDbLine
 10
26.07381522387209
 20
20.412046087116863
 30
0.0
 11
26.022898091952086
 21
20.520939674893462
 31
0.0
  0
LINE
  5
18C
330
17
100
AcDbEntity
  8
0
100
AcDbLine
 10
26.022898091952086
 20
20.520939674893462
 30
0.0
 11
25.971708637067735
 21
20.629803145486626
 31
0.0
  0
LINE
  5
18D
330
17
100
AcDbEntity
  8
0
100
AcDbLine
 10
25.971708637067735
 20
20.629803145486626
 30
0.0
 11
25.920246554015158
 21
20.738635786110848
 31
0.0
  0
LINE
  5
18E
330
17
100
AcDbEntity
  8
0
100
AcDbLine
 10
25.920246554015158
 20
20.738635786110848
 30
0.0
 11
25.868511539847788
 21
20.847436881653778
 31
0.0
  0
LINE
  5
18F
330
17
100
AcDbEntity
  8
0
100
AcDbLine
 10
25.868511539847788
 20
20.847436881653778
 30
0.0
 11
25.816503293887315
 21
20.956205714684174
 31
0.0
  0
LINE
  5
190
330
17
100
AcDbEntity
  8
0
100
AcDbLine
 10
25.816503293887315
 20
20.956205714684174
 30
0.0
 11
25.76422151773488
 21
21.06494156546014
 31
0.0
  0
LINE
  5
191
330
17
100
AcDbEntity
  8
0
100
AcDbLine
 10
25.76422151773488
 20
21.06494156546014
 30
0.0
 11
25.71166591528202
 21
21.173643711937267
 31
0.0
  0
LINE
  5
192
330
17
100
AcDbEntity
  8
0
100
AcDbLine
 10
25.71166591528202
 20
21.173643711937267
 30
0.0
 11
25.65883612654836
 21
21.282311567383744
 31
0.0
  0
LINE
  5
193
330
17
100
AcDbEntity
  8
0
100
AcDbLine
 10
25.65883612654836
 20
21.282311567383744
 30
0.0
 11
25.6057317758794
 21
21.390944585598483
 31
0.0
  0
LINE
  5
194
330
17
100
AcDbEntity
  8
0
100
AcDbLine
 10
25.6057317758794
 20
21.390944585598483
 30
0.0
 11
25.5523525766706
 21
21.499542041020838
 31
0.0
  0
LINE
  5
195
330
17
100
AcDbEntity
  8
0
100
AcDbLine
 10
25.5523525766706
 20
21.499542041020838
 30
0.0
 11
25.49869824498002
 21
21.60810320511571
 31
0.0
  0
LINE
  5
196
330
17
100
AcDbEntity
  8
0
100
AcDbLine
 10
25.49869824498002
 20
21.60810320511571
 30
0.0
 11
25.444768499178856
 21
21.716627347123683
 31
0.0
  0
LINE
  5
197
330
17
100
AcDbEntity
  8
0
100
AcDbLine
 10
25.444768499178856
 20
21.716627347123683
 30
0.0
 11
25.39056305996216
 21
21.825113734069298
 31
0.0
  0
LINE
  5
198
330
17
100
AcDbEntity
  8
0
100
AcDbLine
 10
25.39056305996216
 20
21.825113734069298
 30
0.0
 11
25.33608165035944
 21
21.933561630769397
 31
0.0
  0
LINE
  5
199
330
17
100
AcDbEntity
  8
0
100
AcDbLine
 10
25.33608165035944
 20
21.933561630769397
 30
0.0
 11
25.28132399568932
 21
22.041970299952304
 31
0.0
  0
LINE
  5
19A
330
17
100
AcDbEntity
  8
0
100
AcDbLine
 10
25.28132399568932
 20
22.041970299952304
 30
0.0
 11
25.226289788085943
 21
22.150339073005014
 31
0.0
  0
LINE
  5
19B
330
17
100
AcDbEntity
  8
0
100
AcDbLine
 10
25.226289788085943
 20
22.150339073005014
 30
0.0
 11
25.170978728150466
 21
22.258667269421657
 31
0.0
  0
LINE
  5
19C
330
17
100
AcDbEntity
  8
0
100
AcDbLine
 10
25.170978728150466
 20
22.258667269421657
 30
0.0
 11
25.115390549564097
 21
22.366954146393944
 31
0.0
  0
LINE
  5
19D
330
17
100
AcDbEntity
  8
0
100
AcDbLine
 10
25.115390549564097
 20
22.366954146393944
 30
0.0
 11
25.05952498838171
 21
22.475198958963425
 31
0.0
  0
LINE
  5
19E
330
17
100
AcDbEntity
  8
0
100
AcDbLine
 10
25.05952498838171
 20
22.475198958963425
 30
0.0
 11
25.00338178304223
 21
22.583400960029863
 31
0.0
  0
LINE
  5
19F
330
17
100
AcDbEntity
  8
0
100
AcDbLine
 10
25.00338178304223
 20
22.583400960029863
 30
0.0
 11
24.94696067437907
 21
22.691559400359942
 31
0.0
  0
LINE
  5
1A0
330
17
100
AcDbEntity
  8
0
100
AcDbLine
 10
24.94696067437907
 20
22.691559400359942
 30
0.0
 11
24.890261405630362
 21
22.799673528595775
 31
0.0
  0
LINE
  5
1A1
330
17
100
AcDbEntity
  8
0
100
AcDbLine
 10
24.890261405630362
 20
22.799673528595775
 30
0.0
 11
24.83328372024613
 21
22.90774259544017
 31
0.0
  0
LINE
  5
1A2
330
17
100
AcDbEntity
  8
0
100
AcDbLine
 10
24.83328372024613
 20
22.90774259544017
 30
0.0
 11
24.77602724519167
 21
23.015766077045413
 31
0.0
  0
LINE
  5
1A3
330
17
100
AcDbEntity
  8
0
100
AcDbLine
 10
24.77602724519167
 20
23.015766077045413
 30
0.0
 11
24.718491663983258
 21
23.12374335125952
 31
0.0
  0
LINE
  5
1A4
330
17
100
AcDbEntity
  8
0
100
AcDbLine
 10
24.718491663983258
 20
23.12374335125952
 30
0.0
 11
24.66067673295025
 21
23.23167366158259
 31
0.0
  0
LINE
  5
1A5
330
17
100
AcDbEntity
  8
0
100
AcDbLine
 10
24.66067673295025
 20
23.23167366158259
 30
0.0
 11
24.60258221083864
 21
23.33955624947628
 31
0.0
  0
LINE
  5
1A6
330
17
100
AcDbEntity
  8
0
100
AcDbLine
 10
24.60258221083864
 20
23.33955624947628
 30
0.0
 11
24.54420785882097
 21
23.447390354372438
 31
0.0
  0
LINE
  5
1A7
330
17
100
AcDbEntity
  8
0
100
AcDbLine
 10
24.54420785882097
 20
23.447390354372438
 30
0.0
 11
24.485553440506266
 21
23.555175213681792
 31
0.0
  0
LINE
  5
1A8
330
17
100
AcDbEntity
  8
0
100
AcDbLine
 10
24.485553440506266
 20
23.555175213681792
 30
0.0
 11
24.42661872194988
 21
23.66291006280263
 31
0.0
  0
LINE
  5
1A9
330
17
100
AcDbEntity
  8
0
100
AcDbLine
 10
24.42661872194988
 20
23.66291006280263
 30
0.0
 11
24.367403475065522
 21
23.77059412893623
 31
0.0
  0
LINE
  5
1AA
330
17
100
AcDbEntity
  8
0
100
AcDbLine
 10
24.367403475065522
 20
23.77059412893623
 30
0.0
 11
24.307907539945113
 21
23.878226516415538
 31
0.0
  0
LINE
  5
1AB
330
17
100
AcDbEntity
  8
0
100
AcDbLine
 10
24.307907539945113
 20
23.878226516415538
 30
0.0
 11
24.248130715993618
 21
23.985806403111127
 31
0.0
  0
LINE
  5
1AC
330
17
100
AcDbEntity
  8
0
100
AcDbLine
 10
24.248130715993618
 20
23.985806403111127
 30
0.0
 11
24.188072777484315
 21
24.093333014771666
 31
0.0
  0
LINE
  5
1AD
330
17
100
AcDbEntity
  8
0
100
AcDbLine
 10
24.188072777484315
 20
24.093333014771666
 30
0.0
 11
24.12773350120581
 21
24.20080557515646
 31
0.0
  0
LINE
  5
1AE
330
17
100
AcDbEntity
  8
0
100
AcDbLine
 10
24.12773350120581
 20
24.20080557515646
 30
0.0
 11
24.067112666471964
 21
24.30822330604464
 31
0.0
  0
LINE
  5
1AF
330
17
100
AcDbEntity
  8
0
100
AcDbLine
 10
24.067112666471964
 20
24.30822330604464
 30
0.0
 11
24.00621005513154
 21
24.415585427244224
 31
0.0
  0
LINE
  5
1B0
330
17
100
AcDbEntity
  8
0
100
AcDbLine
 10
24.00621005513154
 20
24.415585427244224
 30
0.0
 11
23.945025451578097
 21
24.522891156601354
 31
0.0
  0
LINE
  5
1B1
330
17
100
AcDbEntity
  8
0
100
AcDbLine
 10
23.945025451578097
 20
24.522891156601354
 30
0.0
 11
23.883558611120748
 21
24.630139765350492
 31
0.0
  0
LINE
  5
1B2
330
17
100
AcDbEntity
  8
0
100
AcDbLine
 10
23.883558611120748
 20
24.630139765350492
 30
0.0
 11
23.821808986518185
 21
24.737331062938978
 31
0.0
  0
LINE
  5
1B3
330
17
100
AcDbEntity
  8
0
100
AcDbLine
 10
23.821808986518185
 20
24.737331062938978
 30
0.0
 11
23.759776284941744
 21
24.844464429174863
 31
0.0
  0
LINE
  5
1B4
330
17
100
AcDbEntity
  8
0
100
AcDbLine
 10
23.759776284941744
 20
24.844464429174863
 30
0.0
 11
23.69746030838587
 21
24.951539081902155
 31
0.0
  0
LINE
  5
1B5
330
17
100
AcDbEntity
  8
0
100
AcDbLine
 10
23.69746030838587
 20
24.951539081902155
 30
0.0
 11
23.634860861345892
 21
25.05855423714206
 31
0.0
  0
LINE
  5
1B6
330
17
100
AcDbEntity
  8
0
100
AcDbLine
 10
23.634860861345892
 20
25.05855423714206
 30
0.0
 11
23.571977750827045
 21
25.165509109101826
 31
0.0
  0
LINE
  5
1B7
330
17
100
AcDbEntity
  8
0
100
AcDbLine
 10
23.571977750827045
 20
25.165509109101826
 30
0.0
 11
23.508810786353486
 21
25.27240291018363
 31
0.0
  0
LINE
  5
1B8
330
17
100
AcDbEntity
  8
0
100
AcDbLine
 10
23.508810786353486
 20
25.27240291018363
 30
0.0
 11
23.445359779977302
 21
25.379234850993527
 31
0.0
  0
LINE
  5
1B9
330
17
100
AcDbEntity
  8
0
100
AcDbLine
 10
23.445359779977302
 20
25.379234850993527
 30
0.0
 11
23.38162459673596
 21
25.48600405550649
 31
0.0
  0
LINE
  5
1BA
330
17
100
AcDbEntity
  8
0
100
AcDbLine
 10
23.38162459673596
 20
25.48600405550649
 30
0.0
 11
23.31760538030109
 21
25.59270917481104
 31
0.0
  0
LINE
  5
1BB
330
17
100
AcDbEntity
  8
0
100
AcDbLine
 10
23.31760538030109
 20
25.59270917481104
 30
0.0
 11
23.2533020034083
 21
25.699349307236524
 31
0.0
  0
LINE
  5
1BC
330
17
100
AcDbEntity
  8
0
100
AcDbLine
 10
23.2533020034083
 20
25.699349307236524
 30
0.0
 11
23.188714281667664
 21
25.805923648955684
 31
0.0
  0
LINE
  5
1BD
330
17
100
AcDbEntity
  8
0
100
AcDbLine
 10
23.188714281667664
 20
25.805923648955684
 30
0.0
 11
23.123842033348154
 21
25.912431394306026
 31
0.0
  0
LINE
  5
1BE
330
17
100
AcDbEntity
  8
0
100
AcDbLine
 10
23.123842033348154
 20
25.912431394306026
 30
0.0
 11
23.05868507938704
 21
26.018871735799685
 31
0.0
  0
LINE
  5
1BF
330
17
100
AcDbEntity
  8
0
100
AcDbLine
 10
23.05868507938704
 20
26.018871735799685
 30
0.0
 11
22.99324324339895
 21
26.12524386413297
 31
0.0
  0
LINE
  5
1C0
330
17
100
AcDbEntity
  8
0
100
AcDbLine
 10
22.99324324339895
 20
26.12524386413297
 30
0.0
 11
22.927516351685206
 21
26.23154696819622
 31
0.0
  0
LINE
  5
1C1
330
17
100
AcDbEntity
  8
0
100
AcDbLine
 10
22.927516351685206
 20
26.23154696819622
 30
0.0
 11
22.861504137208783
 21
26.337780390457894
 31
0.0
  0
LINE
  5
1C2
330
17
100
AcDbEntity
  8
0
100
AcDbLine
 10
22.861504137208783
 20
26.337780390457894
 30
0.0
 11
22.795206024329197
 21
26.44394398465066
 31
0.0
  0
LINE
  5
1C3
330
17
100
AcDbEntity
  8
0
100
AcDbLine
 10
22.795206024329197
 20
26.44394398465066
 30
0.0
 11
22.728621808597687
 21
26.55003701881116
 31
0.0
  0
LINE
  5
1C4
330
17
100
AcDbEntity
  8
0
100
AcDbLine
 10
22.728621808597687
 20
26.55003701881116
 30
0.0
 11
22.661751335156602
 21
26.656058683937523
 31
0.0
  0
LINE
  5
1C5
330
17
100
AcDbEntity
  8
0
100
AcDbLine
 10
22.661751335156602
 20
26.656058683937523
 30
0.0
 11
22.594594451771755
 21
26.762008169372912
 31
0.0
  0
LINE
  5
1C6
330
17
100
AcDbEntity
  8
0
100
AcDbLine
 10
22.594594451771755
 20
26.762008169372912
 30
0.0
 11
22.52715100884094
 21
26.86788466281503
 31
0.0
  0
LINE
  5
1C7
330
17
100
AcDbEntity
  8
0
100
AcDbLine
 10
22.52715100884094
 20
26.86788466281503
 30
0.0
 11
22.459420859402144
 21
26.97368735032532
 31
0.0
  0
LINE
  5
1C8
330
17
100
AcDbEntity
  8
0
100
AcDbLine
 10
22.459420859402144
 20
26.97368735032532
 30
0.0
 11
22.39140385914211
 21
27.07941541633855
 31
0.0
  0
LINE
  5
1C9
330
17
100
AcDbEntity
  8
0
100
AcDbLine
 10
22.39140385914211
 20
27.07941541633855
 30
0.0
 11
22.32309992417197
 21
27.185067953714757
 31
0.0
  0
LINE
  5
1CA
330
17
100
AcDbEntity
  8
0
100
AcDbLine
 10
22.32309992417197
 20
27.185067953714757
 30
0.0
 11
22.254509082086834
 21
27.290643879884357
 31
0.0
  0
LINE
  5
1CB
330
17
100
AcDbEntity
  8
0
100
AcDbLine
 10
22.254509082086834
 20
27.290643879884357
 30
0.0
 11
22.18563120405247
 21
27.396142353880244
 31
0.0
  0
LINE
  5
1CC
330
17
100
AcDbEntity
  8
0
100
AcDbLine
 10
22.18563120405247
 20
27.396142353880244
 30
0.0
 11
22.116466153161646
 21
27.50156254978583
 31
0.0
  0
LINE
  5
1CD
330
17
100
AcDbEntity
  8
0
100
AcDbLine
 10
22.116466153161646
 20
27.50156254978583
 30
0.0
 11
22.04701379524296
 21
27.60690364006353
 31
0.0
  0
LINE
  5
1CE
330
17
100
AcDbEntity
  8
0
100
AcDbLine
 10
22.04701379524296
 20
27.60690364006353
 30
0.0
 11
21.977273998869286
 21
27.71216479556483
 31
0.0
  0
LINE
  5
1CF
330
17
100
AcDbEntity
  8
0
100
AcDbLine
 10
21.977273998869286
 20
27.71216479556483
 30
0.0
 11
21.90724663536608
 21
27.81734518554004
 31
0.0
  0
LINE
  5
1D0
330
17
100
AcDbEntity
  8
0
100
AcDbLine
 10
21.90724663536608
 20
27.81734518554004
 30
0.0
 11
21.83693157881971
 21
27.922443977648427
 31
0.0
  0
LINE
  5
1D1
330
17
100
AcDbEntity
  8
0
100
AcDbLine
 10
21.83693157881971
 20
27.922443977648427
 30
0.0
 11
21.76632870141311
 21
28.027460344974564
 31
0.0
  0
LINE
  5
1D2
330
17
100
AcDbEntity
  8
0
100
AcDbLine
 10
21.76632870141311
 20
28.027460344974564
 30
0.0
 11
21.695437873514003
 21
28.13239346620388
 31
0.0
  0
LINE
  5
1D3
330
17
100
AcDbEntity
  8
0
100
AcDbLine
 10
21.695437873514003
 20
28.13239346620388
 30
0.0
 11
21.624258977468358
 21
28.237242504910576
 31
0.0
  0
LINE
  5
1D4
330
17
100
AcDbEntity
  8
0
100
AcDbLine
 10
21.624258977468358
 20
28.237242504910576
 30
0.0
 11
21.552791898677377
 21
28.342006622727205
 31
0.0
  0
LINE
  5
1D5
330
17
100
AcDbEntity
  8
0
100
AcDbLine
 10
21.552791898677377
 20
28.342006622727205
 30
0.0
 11
21.481036525341487
 21
28.446684979748014
 31
0.0
  0
LINE
  5
1D6
330
17
100
AcDbEntity
  8
0
100
AcDbLine
 10
21.481036525341487
 20
28.446684979748014
 30
0.0
 11
21.408992748468314
 21
28.551276734539023
 31
0.0
  0
LINE
  5
1D7
330
17
100
AcDbEntity
  8
0
100
AcDbLine
 10
21.408992748468314
 20
28.551276734539023
 30
0.0
 11
21.33666046188079
 21
28.655781044148227
 31
0.0
  0
LINE
  5
1D8
330
17
100
AcDbEntity
  8
0
100
AcDbLine
 10
21.33666046188079
 20
28.655781044148227
 30
0.0
 11
21.26403956222515
 21
28.76019706411585
 31
0.0
  0
LINE
  5
1D9
330
17
100
AcDbEntity
  8
0
100
AcDbLine
 10
21.26403956222515
 20
28.76019706411585
 30
0.0
 11
21.191129822120104
 21
28.86452413172792
 31
0.0
  0
LINE
  5
1DA
330
17
100
AcDbEntity
  8
0
100
AcDbLine
 10
21.191129822120104
 20
28.86452413172792
 30
0.0
 11
21.117930972953374
 21
28.968761652898984
 31
0.0
  0
LINE
  5
1DB
330
17
100
AcDbEntity
  8
0
100
AcDbLine
 10
21.117930972953374
 20
28.968761652898984
 30
0.0
 11
21.04444292272384
 21
29.072908785111707
 31
0.0
  0
LINE
  5
1DC
330
17
100
AcDbEntity
  8
0
100
AcDbLine
 10
21.04444292272384
 20
29.072908785111707
 30
0.0
 11
20.970665583249605
 21
29.17696468296723
 31
0.0
  0
LINE
  5
1DD
330
17
100
AcDbEntity
  8
0
100
AcDbLine
 10
20.970665583249605
 20
29.17696468296723
 30
0.0
 11
20.896598869153706
 21
29.280928499659254
 31
0.0
  0
LINE
  5
1DE
330
17
100
AcDbEntity
  8
0
100
AcDbLine
 10
20.896598869153706
 20
29.280928499659254
 30
0.0
 11
20.82224269787168
 21
29.384799386984106
 31
0.0
  0
LINE
  5
1DF
330
17
100
AcDbEntity
  8
0
100
AcDbLine
 10
20.82224269787168
 20
29.384799386984106
 30
0.0
 11
20.747596989659016
 21
29.488576495350863
 31
0.0
  0
LINE
  5
1E0
330
17
100
AcDbEntity
  8
0
100
AcDbLine
 10
20.747596989659016
 20
29.488576495350863
 30
0.0
 11
20.672661667565485
 21
29.592258973837254
 31
0.0
  0
LINE
  5
1E1
330
17
100
AcDbEntity
  8
0
100
AcDbLine
 10
20.672661667565485
 20
29.592258973837254
 30
0.0
 11
20.597436611222527
 21
29.695846034537347
 31
0.0
  0
LINE
  5
1E2
330
17
100
AcDbEntity
  8
0
100
AcDbLine
 10
20.597436611222527
 20
29.695846034537347
 30
0.0
 11
20.521921708565515
 21
29.799336882600272
 31
0.0
  0
LINE
  5
1E3
330
17
100
AcDbEntity
  8
0
100
AcDbLine
 10
20.521921708565515
 20
29.799336882600272
 30
0.0
 11
20.446116892279775
 21
29.902730664426727
 31
0.0
  0
LINE
  5
1E4
330
17
100
AcDbEntity
  8
0
100
AcDbLine
 10
20.446116892279775
 20
29.902730664426727
 30
0.0
 11
20.37002209789076
 21
30.00602652509496
 31
0.0
  0
LINE
  5
1E5
330
17
100
AcDbEntity
  8
0
100
AcDbLine
 10
20.37002209789076
 20
30.00602652509496
 30
0.0
 11
20.293637263771338
 21
30.10922360837094
 31
0.0
  0
LINE
  5
1E6
330
17
100
AcDbEntity
  8
0
100
AcDbLine
 10
20.293637263771338
 20
30.10922360837094
 30
0.0
 11
20.216962331148856
 21
30.21232105671851
 31
0.0
  0
LINE
  5
1E7
330
17
100
AcDbEntity
  8
0
100
AcDbLine
 10
20.216962331148856
 20
30.21232105671851
 30
0.0
 11
20.139997244112337
 21
30.31531801130979
 31
0.0
  0
LINE
  5
1E8
330
17
100
AcDbEntity
  8
0
100
AcDbLine
 10
20.139997244112337
 20
30.31531801130979
 30
0.0
 11
20.062741948890796
 21
30.418213613005193
 31
0.0
  0
LINE
  5
1E9
330
17
100
AcDbEntity
  8
0
100
AcDbLine
 10
20.062741948890796
 20
30.418213613005193
 30
0.0
 11
19.98519634750658
 21
30.52100706459754
 31
0.0
  0
LINE
  5
1EA
330
17
100
AcDbEntity
  8
0
100
AcDbLine
 10
19.98519634750658
 20
30.52100706459754
 30
0.0
 11
19.907360364559878
 21
30.6236975430374
 31
0.0
  0
LINE
  5
1EB
330
17
100
AcDbEntity
  8
0
100
AcDbLine
 10
19.907360364559878
 20
30.6236975430374
 30
0.0
 11
19.829233956561517
 21
30.72628418569696
 31
0.0
  0
LINE
  5
1EC
330
17
100
AcDbEntity
  8
0
100
AcDbLine
 10
19.829233956561517
 20
30.72628418569696
 30
0.0
 11
19.750817082904426
 21
30.828766128719998
 31
0.0
  0
LINE
  5
1ED
330
17
100
AcDbEntity
  8
0
100
AcDbLine
 10
19.750817082904426
 20
30.828766128719998
 30
0.0
 11
19.672109705870398
 21
30.931142507032085
 31
0.0
  0
LINE
  5
1EE
330
17
100
AcDbEntity
  8
0
100
AcDbLine
 10
19.672109705870398
 20
30.931142507032085
 30
0.0
 11
19.593111790637032
 21
31.033412454351172
 31
0.0
  0
LINE
  5
1EF
330
17
100
AcDbEntity
  8
0
100
AcDbLine
 10
19.593111790637032
 20
31.033412454351172
 30
0.0
 11
19.513823305284312
 21
31.135575103197816
 31
0.0
  0
LINE
  5
1F0
330
17
100
AcDbEntity
  8
0
100
AcDbLine
 10
19.513823305284312
 20
31.135575103197816
 30
0.0
 11
19.434244210388535
 21
31.23762959826999
 31
0.0
  0
LINE
  5
1F1
330
17
100
AcDbEntity
  8
0
100
AcDbLine
 10
19.434244210388535
 20
31.23762959826999
 30
0.0
 11
19.354374245962674
 21
31.33957537262721
 31
0.0
  0
LINE
  5
1F2
330
17
100
AcDbEntity
  8
0
100
AcDbLine
 10
19.354374245962674
 20
31.33957537262721
 30
0.0
 11
19.274213295119715
 21
31.441411685034076
 31
0.0
  0
LINE
  5
1F3
330
17
100
AcDbEntity
  8
0
100
AcDbLine
 10
19.274213295119715
 20
31.441411685034076
 30
0.0
 11
19.193761341430083
 21
31.54313766889335
 31
0.0
  0
LINE
  5
1F4
330
17
100
AcDbEntity
  8
0
100
AcDbLine
 10
19.193761341430083
 20
31.54313766889335
 30
0.0
 11
19.113018371335983
 21
31.64475245651196
 31
0.0
  0
LINE
  5
1F5
330
17
100
AcDbEntity
  8
0
100
AcDbLine
 10
19.113018371335983
 20
31.64475245651196
 30
0.0
 11
19.03198437415766
 21
31.746255179111152
 31
0.0
  0
LINE
  5
1F6
330
17
100
AcDbEntity
  8
0
100
AcDbLine
 10
19.03198437415766
 20
31.746255179111152
 30
0.0
 11
18.950659342099648
 21
31.847644966836796
 31
0.0
  0
LINE
  5
1F7
330
17
100
AcDbEntity
  8
0
100
AcDbLine
 10
18.950659342099648
 20
31.847644966836796
 30
0.0
 11
18.869043270256938
 21
31.948920948769533
 31
0.0
  0
LINE
  5
1F8
330
17
100
AcDbEntity
  8
0
100
AcDbLine
 10
18.869043270256938
 20
31.948920948769533
 30
0.0
 11
18.787136140670192
 21
32.0500822726783
 31
0.0
  0
LINE
  5
1F9
330
17
100
AcDbEntity
  8
0
100
AcDbLine
 10
18.787136140670192
 20
32.0500822726783
 30
0.0
 11
18.704937771661996
 21
32.15112829379707
 31
0.0
  0
LINE
  5
1FA
330
17
100
AcDbEntity
  8
0
100
AcDbLine
 10
18.704937771661996
 20
32.15112829379707
 30
0.0
 11
18.622448117442246
 21
32.252058206357226
 31
0.0
  0
LINE
  5
1FB
330
17
100
AcDbEntity
  8
0
100
AcDbLine
 10
18.622448117442246
 20
32.252058206357226
 30
0.0
 11
18.5396671874038
 21
32.352871139362556
 31
0.0
  0
LINE
  5
1FC
330
17
100
AcDbEntity
  8
0
100
AcDbLine
 10
18.5396671874038
 20
32.352871139362556
 30
0.0
 11
18.45659499381383
 21
32.45356622083771
 31
0.0
  0
LINE
  5
1FD
330
17
100
AcDbEntity
  8
0
100
AcDbLine
 10
18.45659499381383
 20
32.45356622083771
 30
0.0
 11
18.373231551819515
 21
32.55414257783852
 31
0.0
  0
LINE
  5
1FE
330
17
100
AcDbEntity
  8
0
100
AcDbLine
 10
18.373231551819515
 20
32.55414257783852
 30
0.0
 11
18.289576879453776
 21
32.65459933646201
 31
0.0
  0
LINE
  5
1FF
330
17
100
AcDbEntity
  8
0
100
AcDbLine
 10
18.289576879453776
 20
32.65459933646201
 30
0.0
 11
18.205630997641016
 21
32.75493562185667
 31
0.0
  0
LINE
  5
200
330
17
100
AcDbEntity
  8
0
100
AcDbLine
 10
18.205630997641016
 20
32.75493562185667
 30
0.0
 11
18.121393943720093
 21
32.855150542094115
 31
0.0
  0
LINE
  5
201
330
17
100
AcDbEntity
  8
0
100
AcDbLine
 10
18.121393943720093
 20
32.855150542094115
 30
0.0
 11
18.036865837273673
 21
32.95524310832246
 31
0.0
  0
LINE
  5
202
330
17
100
AcDbEntity
  8
0
100
AcDbLine
 10
18.036865837273673
 20
32.95524310832246
 30
0.0
 11
17.952046724493343
 21
33.05521241976346
 31
0.0
  0
LINE
  5
203
330
17
100
AcDbEntity
  8
0
100
AcDbLine
 10
17.952046724493343
 20
33.05521241976346
 30
0.0
 11
17.866936636659716
 21
33.15505759585431
 31
0.0
  0
LINE
  5
204
330
17
100
AcDbEntity
  8
0
100
AcDbLine
 10
17.866936636659716
 20
33.15505759585431
 30
0.0
 11
17.781535607995757
 21
33.25477775511849
 31
0.0
  0
LINE
  5
205
330
17
100
AcDbEntity
  8
0
100
AcDbLine
 10
17.781535607995757
 20
33.25477775511849
 30
0.0
 11
17.695843675672435
 21
33.35437201517633
 31
0.0
  0
LINE
  5
206
330
17
100
AcDbEntity
  8
0
100
AcDbLine
 10
17.695843675672435
 20
33.35437201517633
 30
0.0
 11
17.609860879814228
 21
33.45383949275537
 31
0.0
  0
LINE
  5
207
330
17
100
AcDbEntity
  8
0
100
AcDbLine
 10
17.609860879814228
 20
33.45383949275537
 30
0.0
 11
17.52358726350458
 21
33.55317930370088
 31
0.0
  0
LINE
  5
208
330
17
100
AcDbEntity
  8
0
100
AcDbLine
 10
17.52358726350458
 20
33.55317930370088
 30
0.0
 11
17.437022797308806
 21
33.65239064992491
 31
0.0
  0
LINE
  5
209
330
17
100
AcDbEntity
  8
0
100
AcDbLine
 10
17.437022797308806
 20
33.65239064992491
 30
0.0
 11
17.35016719266781
 21
33.75147303953079
 31
0.0
  0
LINE
  5
20A
330
17
100
AcDbEntity
  8
0
100
AcDbLine
 10
17.35016719266781
 20
33.75147303953079
 30
0.0
 11
17.263020464818545
 21
33.85042564024547
 31
0.0
  0
LINE
  5
20B
330
17
100
AcDbEntity
  8
0
100
AcDbLine
 10
17.263020464818545
 20
33.85042564024547
 30
0.0
 11
17.175582673155006
 21
33.94924757186939
 31
0.0
  0
LINE
  5
20C
330
17
100
AcDbEntity
  8
0
100
AcDbLine
 10
17.175582673155006
 20
33.94924757186939
 30
0.0
 11
17.087853879973522
 21
34.047937953431166
 31
0.0
  0
LINE
  5
20D
330
17
100
AcDbEntity
  8
0
100
AcDbLine
 10
17.087853879973522
 20
34.047937953431166
 30
0.0
 11
16.999834150477568
 21
34.14649590319762
 31
0.0
  0
LINE
  5
20E
330
17
100
AcDbEntity
  8
0
100
AcDbLine
 10
16.999834150477568
 20
34.14649590319762
 30
0.0
 11
16.91152355278281
 21
34.24492053868402
 31
0.0
  0
LINE
  5
20F
330
17
100
AcDbEntity
  8
0
100
AcDbLine
 10
16.91152355278281
 20
34.24492053868402
 30
0.0
 11
16.82292215792186
 21
34.343210976664295
 31
0.0
  0
LINE
  5
210
330
17
100
AcDbEntity
  8
0
100
AcDbLine
 10
16.82292215792186
 20
34.343210976664295
 30
0.0
 11
16.734030071561236
 21
34.441366297942274
 31
0.0
  0
LINE
  5
211
330
17
100
AcDbEntity
  8
0
100
AcDbLine
 10
16.734030071561236
 20
34.441366297942274
 30
0.0
 11
16.64484746674465
 21
34.539385509283726
 31
0.0
  0
LINE
  5
212
330
17
100
AcDbEntity
  8
0
100
AcDbLine
 10
16.64484746674465
 20
34.539385509283726
 30
0.0
 11
16.555374428742006
 21
34.63726771571104
 31
0.0
  0
LINE
  5
213
330
17
100
AcDbEntity
  8
0
100
AcDbLine
 10
16.555374428742006
 20
34.63726771571104
 30
0.0
 11
16.465611039052284
 21
34.73501202895079
 31
0.0
  0
LINE
  5
214
330
17
100
AcDbEntity
  8
0
100
AcDbLine
 10
16.465611039052284
 20
34.73501202895079
 30
0.0
 11
16.375557382139903
 21
34.832617560023124
 31
0.0
  0
LINE
  5
215
330
17
100
AcDbEntity
  8
0
100
AcDbLine
 10
16.375557382139903
 20
34.832617560023124
 30
0.0
 11
16.285213545439646
 21
34.93008341925227
 31
0.0
  0
LINE
  5
216
330
17
100
AcDbEntity
  8
0
100
AcDbLine
 10
16.285213545439646
 20
34.93008341925227
 30
0.0
 11
16.194579619361313
 21
35.02740871627702
 31
0.0
  0
LINE
  5
217
330
17
100
AcDbEntity
  8
0
100
AcDbLine
 10
16.194579619361313
 20
35.02740871627702
 30
0.0
 11
16.10365569729438
 21
35.124592560061274
 31
0.0
  0
LINE
  5
218
330
17
100
AcDbEntity
  8
0
100
AcDbLine
 10
16.10365569729438
 20
35.124592560061274
 30
0.0
 11
16.012441762663748
 21
35.22163418000255
 31
0.0
  0
LINE
  5
219
330
17
100
AcDbEntity
  8
0
100
AcDbLine
 10
16.012441762663748
 20
35.22163418000255
 30
0.0
 11
15.920937679234063
 21
35.318532941279756
 31
0.0
  0
LINE
  5
21A
330
17
100
AcDbEntity
  8
0
100
AcDbLine
 10
15.920937679234063
 20
35.318532941279756
 30
0.0
 11
15.829143545000866
 21
35.41528796468686
 31
0.0
  0
LINE
  5
21B
330
17
100
AcDbEntity
  8
0
100
AcDbLine
 10
15.829143545000866
 20
35.41528796468686
 30
0.0
 11
15.737059468470575
 21
35.51189836236712
 31
0.0
  0
LINE
  5
21C
330
17
100
AcDbEntity
  8
0
100
AcDbLine
 10
15.737059468470575
 20
35.51189836236712
 30
0.0
 11
15.644685561087124
 21
35.608363245883226
 31
0.0
  0
LINE
  5
21D
330
17
100
AcDbEntity
  8
0
100
AcDbLine
 10
15.644685561087124
 20
35.608363245883226
 30
0.0
 11
15.552021937236086
 21
35.704681726227264
 31
0.0
  0
LINE
  5
21E
330
17
100
AcDbEntity
  8
0
100
AcDbLine
 10
15.552021937236086
 20
35.704681726227264
 30
0.0
 11
15.459068714248913
 21
35.80085291383117
 31
0.0
  0
LINE
  5
21F
330
17
100
AcDbEntity
  8
0
100
AcDbLine
 10
15.459068714248913
 20
35.80085291383117
 30
0.0
 11
15.365826012407032
 21
35.8968759185769
 31
0.0
  0
LINE
  5
220
330
17
100
AcDbEntity
  8
0
100
AcDbLine
 10
15.365826012407032
 20
35.8968759185769
 30
0.0
 11
15.2722939128034
 21
35.99274989340199
 31
0.0
  0
LINE
  5
221
330
17
100
AcDbEntity
  8
0
100
AcDbLine
 10
15.2722939128034
 20
35.99274989340199
 30
0.0
 11
15.178472481678044
 21
36.08847401069208
 31
0.0
  0
LINE
  5
222
330
17
100
AcDbEntity
  8
0
100
AcDbLine
 10
15.178472481678044
 20
36.08847401069208
 30
0.0
 11
15.084361848594936
 21
36.18404738087904
 31
0.0
  0
LINE
  5
223
330
17
100
AcDbEntity
  8
0
100
AcDbLine
 10
15.084361848594936
 20
36.18404738087904
 30
0.0
 11
14.989962146541158
 21
36.279469113409775
 31
0.0
  0
LINE
  5
224
330
17
100
AcDbEntity
  8
0
100
AcDbLine
 10
14.989962146541158
 20
36.279469113409775
 30
0.0
 11
14.89527351145526
 21
36.374738317244294
 31
0.0
  0
LINE
  5
225
330
17
100
AcDbEntity
  8
0
100
AcDbLine
 10
14.89527351145526
 20
36.374738317244294
 30
0.0
 11
14.800296082231275
 21
36.46985410086605
 31
0.0
  0
LINE
  5
226
330
17
100
AcDbEntity
  8
0
100
AcDbLine
 10
14.800296082231275
 20
36.46985410086605
 30
0.0
 11
14.7050300007224
 21
36.564815572292204
 31
0.0
  0
LINE
  5
227
330
17
100
AcDbEntity
  8
0
100
AcDbLine
 10
14.7050300007224
 20
36.564815572292204
 30
0.0
 11
14.609475411717819
 21
36.6596218391108
 31
0.0
  0
LINE
  5
228
330
17
100
AcDbEntity
  8
0
100
AcDbLine
 10
14.609475411717819
 20
36.6596218391108
 30
0.0
 11
14.513632315100912
 21
36.75427215605408
 31
0.0
  0
LINE
  5
229
330
17
100
AcDbEntity
  8
0
100
AcDbLine
 10
14.513632315100912
 20
36.75427215605408
 30
0.0
 11
14.417500723149066
 21
36.848765772719304
 31
0.0
  0
LINE
  5
22A
330
17
100
AcDbEntity
  8
0
100
AcDbLine
 10
14.417500723149066
 20
36.848765772719304
 30
0.0
 11
14.321080791939393
 21
36.94310179996625
 31
0.0
  0
LINE
  5
22B
330
17
100
AcDbEntity
  8
0
100
AcDbLine
 10
14.321080791939393
 20
36.94310179996625
 30
0.0
 11
14.224372680475076
 21
37.037279348270935
 31
0.0
  0
LINE
  5
22C
330
17
100
AcDbEntity
  8
0
100
AcDbLine
 10
14.224372680475076
 20
37.037279348270935
 30
0.0
 11
14.127376550688817
 21
37.13129752773572
 31
0.0
  0
LINE
  5
22D
330
17
100
AcDbEntity
  8
0
100
AcDbLine
 10
14.127376550688817
 20
37.13129752773572
 30
0.0
 11
14.03009256744628
 21
37.22515544809938
 31
0.0
  0
LINE
  5
22E
330
17
100
AcDbEntity
  8
0
100
AcDbLine
 10
14.03009256744628
 20
37.22515544809938
 30
0.0
 11
13.932520898549376
 21
37.31885221874727
 31
0.0
  0
LINE
  5
22F
330
17
100
AcDbEntity
  8
0
100
AcDbLine
 10
13.932520898549376
 20
37.31885221874727
 30
0.0
 11
13.834661710761003
 21
37.4123869525214
 31
0.0
  0
LINE
  5
230
330
17
100
AcDbEntity
  8
0
100
AcDbLine
 10
13.834661710761003
 20
37.4123869525214
 30
0.0
 11
13.736514860301154
 21
37.50575906391499
 31
0.0
  0
LINE
  5
231
330
17
100
AcDbEntity
  8
0
100
AcDbLine
 10
13.736514860301154
 20
37.50575906391499
 30
0.0
 11
13.638080326211492
 21
37.598967860700945
 31
0.0
  0
LINE
  5
232
330
17
100
AcDbEntity
  8
0
100
AcDbLine
 10
13.638080326211492
 20
37.598967860700945
 30
0.0
 11
13.539358292123262
 21
37.69201245929207
 31
0.0
  0
LINE
  5
233
330
17
100
AcDbEntity
  8
0
100
AcDbLine
 10
13.539358292123262
 20
37.69201245929207
 30
0.0
 11
13.440348944526994
 21
37.78489197585203
 31
0.0
  0
LINE
  5
234
330
17
100
AcDbEntity
  8
0
100
AcDbLine
 10
13.440348944526994
 20
37.78489197585203
 30
0.0
 11
13.341052472775383
 21
37.87760552630482
 31
0.0
  0
LINE
  5
235
330
17
100
AcDbEntity
  8
0
100
AcDbLine
 10
13.341052472775383
 20
37.87760552630482
 30
0.0
 11
13.24146906908607
 21
37.97015222634467
 31
0.0
  0
LINE
  5
236
330
17
100
AcDbEntity
  8
0
100
AcDbLine
 10
13.24146906908607
 20
37.97015222634467
 30
0.0
 11
13.141598928544441
 21
38.06253119144567
 31
0.0
  0
LINE
  5
237
330
17
100
AcDbEntity
  8
0
100
AcDbLine
 10
13.141598928544441
 20
38.06253119144567
 30
0.0
 11
13.041442247676502
 21
38.15474153818847
 31
0.0
  0
LINE
  5
238
330
17
100
AcDbEntity
  8
0
100
AcDbLine
 10
13.041442247676502
 20
38.15474153818847
 30
0.0
 11
12.940999191628562
 21
38.246782414813744
 31
0.0
  0
LINE
  5
239
330
17
100
AcDbEntity
  8
0
100
AcDbLine
 10
12.940999191628562
 20
38.246782414813744
 30
0.0
 11
12.840269948947947
 21
38.338652951239546
 31
0.0
  0
LINE
  5
23A
330
17
100
AcDbEntity
  8
0
100
AcDbLine
 10
12.840269948947947
 20
38.338652951239546
 30
0.0
 11
12.73925472660578
 21
38.430352262995534
 31
0.0
  0
LINE
  5
23B
330
17
100
AcDbEntity
  8
0
100
AcDbLine
 10
12.73925472660578
 20
38.430352262995534
 30
0.0
 11
12.637953734444833
 21
38.521879465444904
 31
0.0
  0
LINE
  5
23C
330
17
100
AcDbEntity
  8
0
100
AcDbLine
 10
12.637953734444833
 20
38.521879465444904
 30
0.0
 11
12.536367185182213
 21
38.61323367379413
 31
0.0
  0
LINE
  5
23D
330
17
100
AcDbEntity
  8
0
100
AcDbLine
 10
12.536367185182213
 20
38.61323367379413
 30
0.0
 11
12.434495294411784
 21
38.70441400310262
 31
0.0
  0
LINE
  5
23E
330
17
100
AcDbEntity
  8
0
100
AcDbLine
 10
12.434495294411784
 20
38.70441400310262
 30
0.0
 11
12.332338280606598
 21
38.79541956829239
 31
0.0
  0
LINE
  5
23F
330
17
100
AcDbEntity
  8
0
100
AcDbLine
 10
12.332338280606598
 20
38.79541956829239
 30
0.0
 11
12.2298963407257
 21
38.88624950583409
 31
0.0
  0
LINE
  5
240
330
17
100
AcDbEntity
  8
0
100
AcDbLine
 10
12.2298963407257
 20
38.88624950583409
 30
0.0
 11
12.12716939822383
 21
38.976903200432254
 31
0.0
  0
LINE
  5
241
330
17
100
AcDbEntity
  8
0
100
AcDbLine
 10
12.12716939822383
 20
38.976903200432254
 30
0.0
 11
12.024157593051518
 21
39.067379852670705
 31
0.0
  0
LINE
  5
242
330
17
100
AcDbEntity
  8
0
100
AcDbLine
 10
12.024157593051518
 20
39.067379852670705
 30
0.0
 11
11.92086115812665
 21
39.15767858363849
 31
0.0
  0
LINE
  5
243
330
17
100
AcDbEntity
  8
0
100
AcDbLine
 10
11.92086115812665
 20
39.15767858363849
 30
0.0
 11
11.817280329184653
 21
39.24779851437499
 31
0.0
  0
LINE
  5
244
330
17
100
AcDbEntity
  8
0
100
AcDbLine
 10
11.817280329184653
 20
39.24779851437499
 30
0.0
 11
11.713415344780634
 21
39.337738765879244
 31
0.0
  0
LINE
  5
245
330
17
100
AcDbEntity
  8
0
100
AcDbLine
 10
11.713415344780634
 20
39.337738765879244
 30
0.0
 11
11.609266446291256
 21
39.427498459119256
 31
0.0
  0
LINE
  5
246
330
17
100
AcDbEntity
  8
0
100
AcDbLine
 10
11.609266446291256
 20
39.427498459119256
 30
0.0
 11
11.504833877916822
 21
39.51707671504136
 31
0.0
  0
LINE
  5
247
330
17
100
AcDbEntity
  8
0
100
AcDbLine
 10
11.504833877916822
 20
39.51707671504136
 30
0.0
 11
11.400117882913213
 21
39.60647265780973
 31
0.0
  0
LINE
  5
248
330
17
100
AcDbEntity
  8
0
100
AcDbLine
 10
11.400117882913213
 20
39.60647265780973
 30
0.0
 11
11.295118683635097
 21
39.69568543219644
 31
0.0
  0
LINE
  5
249
330
17
100
AcDbEntity
  8
0
100
AcDbLine
 10
11.295118683635097
 20
39.69568543219644
 30
0.0
 11
11.189836527463845
 21
39.784714164439315
 31
0.0
  0
LINE
  5
24A
330
17
100
AcDbEntity
  8
0
100
AcDbLine
 10
11.189836527463845
 20
39.784714164439315
 30
0.0
 11
11.08427167015744
 21
39.87355797607886
 31
0.0
  0
LINE
  5
24B
330
17
100
AcDbEntity
  8
0
100
AcDbLine
 10
11.08427167015744
 20
39.87355797607886
 30
0.0
 11
10.978424370300372
 21
39.96221598868427
 31
0.0
  0
LINE
  5
24C
330
17
100
AcDbEntity
  8
0
100
AcDbLine
 10
10.978424370300372
 20
39.96221598868427
 30
0.0
 11
10.872294889305477
 21
40.05068732386279
 31
0.0
  0
LINE
  5
24D
330
17
100
AcDbEntity
  8
0
100
AcDbLine
 10
10.872294889305477
 20
40.05068732386279
 30
0.0
 11
10.765883491415627
 21
40.13897110326918
 31
0.0
  0
LINE
  5
24E
330
17
100
AcDbEntity
  8
0
100
AcDbLine
 10
10.765883491415627
 20
40.13897110326918
 30
0.0
 11
10.659190443705425
 21
40.22706644861498
 31
0.0
  0
LINE
  5
24F
330
17
100
AcDbEntity
  8
0
100
AcDbLine
 10
10.659190443705425
 20
40.22706644861498
 30
0.0
 11
10.552215948804255
 21
40.31497253724692
 31
0.0
  0
LINE
  5
250
330
17
100
AcDbEntity
  8
0
100
AcDbLine
 10
10.552215948804255
 20
40.31497253724692
 30
0.0
 11
10.444959962283539
 21
40.402688756654086
 31
0.0
  0
LINE
  5
251
330
17
100
AcDbEntity
  8
0
100
AcDbLine
 10
10.444959962283539
 20
40.402688756654086
 30
0.0
 11
10.337422721393095
 21
40.49021426915425
 31
0.0
  0
LINE
  5
252
330
17
100
AcDbEntity
  8
0
100
AcDbLine
 10
10.337422721393095
 20
40.49021426915425
 30
0.0
 11
10.229604507220165
 21
40.57754820356101
 31
0.0
  0
LINE
  5
253
330
17
100
AcDbEntity
  8
0
100
AcDbLine
 10
10.229604507220165
 20
40.57754820356101
 30
0.0
 11
10.121505603616887
 21
40.66468968882825
 31
0.0
  0
LINE
  5
254
330
17
100
AcDbEntity
  8
0
100
AcDbLine
 10
10.121505603616887
 20
40.66468968882825
 30
0.0
 11
10.01312629720159
 21
40.75163785405926
 31
0.0
  0
LINE
  5
255
330
17
100
AcDbEntity
  8
0
100
AcDbLine
 10
10.01312629720159
 20
40.75163785405926
 30
0.0
 11
9.904466877359974
 21
40.838391828515775
 31
0.0
  0
LINE
  5
256
330
17
100
AcDbEntity
  8
0
100
AcDbLine
 10
9.904466877359974
 20
40.838391828515775
 30
0.0
 11
9.795527636246495
 21
40.924950741626894
 31
0.0
  0
LINE
  5
257
330
17
100
AcDbEntity
  8
0
100
AcDbLine
 10
9.795527636246495
 20
40.924950741626894
 30
0.0
 11
9.686308907386751
 21
41.01131369227103
 31
0.0
  0
LINE
  5
258
330
17
100
AcDbEntity
  8
0
100
AcDbLine
 10
9.686308907386751
 20
41.01131369227103
 30
0.0
 11
9.576811111471597
 21
41.09747971068344
 31
0.0
  0
LINE
  5
259
330
17
100
AcDbEntity
  8
0
100
AcDbLine
 10
9.576811111471597
 20
41.09747971068344
 30
0.0
 11
9.467034557206146
 21
41.18344791681834
 31
0.0
  0
LINE
  5
25A
330
17
100
AcDbEntity
  8
0
100
AcDbLine
 10
9.467034557206146
 20
41.18344791681834
 30
0.0
 11
9.356979546818996
 21
41.269217438142604
 31
0.0
  0
LINE
  5
25B
330
17
100
AcDbEntity
  8
0
100
AcDbLine
 10
9.356979546818996
 20
41.269217438142604
 30
0.0
 11
9.246646385343267
 21
41.35478740232179
 31
0.0
  0
LINE
  5
25C
330
17
100
AcDbEntity
  8
0
100
AcDbLine
 10
9.246646385343267
 20
41.35478740232179
 30
0.0
 11
9.1360353806177
 21
41.44015693722955
 31
0.0
  0
LINE
  5
25D
330
17
100
AcDbEntity
  8
0
100
AcDbLine
 10
9.1360353806177
 20
41.44015693722955
 30
0.0
 11
9.025146843287805
 21
41.52532517095697
 31
0.0
  0
LINE
  5
25E
330
17
100
AcDbEntity
  8
0
100
AcDbLine
 10
9.025146843287805
 20
41.52532517095697
 30
0.0
 11
8.913981086806961
 21
41.610291231821655
 31
0.0
  0
LINE
  5
25F
330
17
100
AcDbEntity
  8
0
100
AcDbLine
 10
8.913981086806961
 20
41.610291231821655
 30
0.0
 11
8.80253839092281
 21
41.69505427638039
 31
0.0
  0
LINE
  5
260
330
17
100
AcDbEntity
  8
0
100
AcDbLine
 10
8.80253839092281
 20
41.69505427638039
 30
0.0
 11
8.690818994687467
 21
41.779613496081446
 31
0.0
  0
LINE
  5
261
330
17
100
AcDbEntity
  8
0
100
AcDbLine
 10
8.690818994687467
 20
41.779613496081446
 30
0.0
 11
8.578823217788583
 21
41.86396802406253
 31
0.0
  0
LINE
  5
262
330
17
100
AcDbEntity
  8
0
100
AcDbLine
 10
8.578823217788583
 20
41.86396802406253
 30
0.0
 11
8.466551385587488
 21
41.948116991543024
 31
0.0
  0
LINE
  5
263
330
17
100
AcDbEntity
  8
0
100
AcDbLine
 10
8.466551385587488
 20
41.948116991543024
 30
0.0
 11
8.354003826237419
 21
42.03205953002468
 31
0.0
  0
LINE
  5
264
330
17
100
AcDbEntity
  8
0
100
AcDbLine
 10
8.354003826237419
 20
42.03205953002468
 30
0.0
 11
8.24118087068421
 21
42.11579477130074
 31
0.0
  0
LINE
  5
265
330
17
100
AcDbEntity
  8
0
100
AcDbLine
 10
8.24118087068421
 20
42.11579477130074
 30
0.0
 11
8.128082852667179
 21
42.199321847465036
 31
0.0
  0
LINE
  5
266
330
17
100
AcDbEntity
  8
0
100
AcDbLine
 10
8.128082852667179
 20
42.199321847465036
 30
0.0
 11
8.014710108719948
 21
42.282639890921416
 31
0.0
  0
LINE
  5
267
330
17
100
AcDbEntity
  8
0
100
AcDbLine
 10
8.014710108719948
 20
42.282639890921416
 30
0.0
 11
7.901062901286268
 21
42.365748091178126
 31
0.0
  0
LINE
  5
268
330
17
100
AcDbEntity
  8
0
100
AcDbLine
 10
7.901062901286268
 20
42.365748091178126
 30
0.0
 11
7.787141457227852
 21
42.44864566870746
 31
0.0
  0
LINE
  5
269
330
17
100
AcDbEntity
  8
0
100
AcDbLine
 10
7.787141457227852
 20
42.44864566870746
 30
0.0
 11
7.672946121345907
 21
42.53133176081732
 31
0.0
  0
LINE
  5
26A
330
17
100
AcDbEntity
  8
0
100
AcDbLine
 10
7.672946121345907
 20
42.53133176081732
 30
0.0
 11
7.558477242371739
 21
42.61380550432264
 31
0.0
  0
LINE
  5
26B
330
17
100
AcDbEntity
  8
0
100
AcDbLine
 10
7.558477242371739
 20
42.61380550432264
 30
0.0
 11
7.44373517180046
 21
42.69606603640858
 31
0.0
  0
LINE
  5
26C
330
17
100
AcDbEntity
  8
0
100
AcDbLine
 10
7.44373517180046
 20
42.69606603640858
 30
0.0
 11
7.328720263891414
 21
42.778112494639416
 31
0.0
  0
LINE
  5
26D
330
17
100
AcDbEntity
  8
0
100
AcDbLine
 10
7.328720263891414
 20
42.778112494639416
 30
0.0
 11
7.213432875668785
 21
42.85994401696764
 31
0.0
  0
LINE
  5
26E
330
17
100
AcDbEntity
  8
0
100
AcDbLine
 10
7.213432875668785
 20
42.85994401696764
 30
0.0
 11
7.09787336692199
 21
42.9415597417431
 31
0.0
  0
LINE
  5
26F
330
17
100
AcDbEntity
  8
0
100
AcDbLine
 10
7.09787336692199
 20
42.9415597417431
 30
0.0
 11
6.982042175256977
 21
43.02295875436215
 31
0.0
  0
LINE
  5
270
330
17
100
AcDbEntity
  8
0
100
AcDbLine
 10
6.982042175256977
 20
43.02295875436215
 30
0.0
 11
6.865939740525667
 21
43.10414013906052
 31
0.0
  0
LINE
  5
271
330
17
100
AcDbEntity
  8
0
100
AcDbLine
 10
6.865939740525667
 20
43.10414013906052
 30
0.0
 11
6.74956643005501
 21
43.185103033061935
 31
0.0
  0
LINE
  5
272
330
17
100
AcDbEntity
  8
0
100
AcDbLine
 10
6.74956643005501
 20
43.185103033061935
 30
0.0
 11
6.632922613964896
 21
43.26584657401306
 31
0.0
  0
LINE
  5
273
330
17
100
AcDbEntity
  8
0
100
AcDbLine
 10
6.632922613964896
 20
43.26584657401306
 30
0.0
 11
6.516008665168565
 21
43.34636989999273
 31
0.0
  0
LINE
  5
274
330
17
100
AcDbEntity
  8
0
100
AcDbLine
 10
6.516008665168565
 20
43.34636989999273
 30
0.0
 11
6.398824959372854
 21
43.42667214952112
 31
0.0
  0
LINE
  5
275
330
17
100
AcDbEntity
  8
0
100
AcDbLine
 10
6.398824959372854
 20
43.42667214952112
 30
0.0
 11
6.2813718750786105
 21
43.506752461569015
 31
0.0
  0
LINE
  5
276
330
17
100
AcDbEntity
  8
0
100
AcDbLine
 10
6.2813718750786105
 20
43.506752461569015
 30
0.0
 11
6.163649794604014
 21
43.58660997487376
 31
0.0
  0
LINE
  5
277
330
17
100
AcDbEntity
  8
0
100
AcDbLine
 10
6.163649794604014
 20
43.58660997487376
 30
0.0
 11
6.045659203681735
 21
43.66624375978478
 31
0.0
  0
LINE
  5
278
330
17
100
AcDbEntity
  8
0
100
AcDbLine
 10
6.045659203681735
 20
43.66624375978478
 30
0.0
 11
5.927400556015913
 21
43.74565290858217
 31
0.0
  0
LINE
  5
279
330
17
100
AcDbEntity
  8
0
100
AcDbLine
 10
5.927400556015913
 20
43.74565290858217
 30
0.0
 11
5.808874240479783
 21
43.8248365594436
 31
0.0
  0
LINE
  5
27A
330
17
100
AcDbEntity
  8
0
100
AcDbLine
 10
5.808874240479783
 20
43.8248365594436
 30
0.0
 11
5.690080648771319
 21
43.90379385103215
 31
0.0
  0
LINE
  5
27B
330
17
100
AcDbEntity
  8
0
100
AcDbLine
 10
5.690080648771319
 20
43.90379385103215
 30
0.0
 11
5.571020175413414
 21
43.98252392250594
 31
0.0
  0
LINE
  5
27C
330
17
100
AcDbEntity
  8
0
100
AcDbLine
 10
5.571020175413414
 20
43.98252392250594
 30
0.0
 11
5.451693217754091
 21
44.06102591352756
 31
0.0
  0
LINE
  5
27D
330
17
100
AcDbEntity
  8
0
100
AcDbLine
 10
5.451693217754091
 20
44.06102591352756
 30
0.0
 11
5.332100175966575
 21
44.139298964273344
 31
0.0
  0
LINE
  5
27E
330
17
100
AcDbEntity
  8
0
100
AcDbLine
 10
5.332100175966575
 20
44.139298964273344
 30
0.0
 11
5.2122414438553655
 21
44.21734222143362
 31
0.0
  0
LINE
  5
27F
330
17
100
AcDbEntity
  8
0
100
AcDbLine
 10
5.2122414438553655
 20
44.21734222143362
 30
0.0
 11
5.09211717078899
 21
44.295154995109414
 31
0.0
  0
LINE
  5
280
330
17
100
AcDbEntity
  8
0
100
AcDbLine
 10
5.09211717078899
 20
44.295154995109414
 30
0.0
 11
4.971727650300101
 21
44.372736508508495
 31
0.0
  0
LINE
  5
281
330
17
100
AcDbEntity
  8
0
100
AcDbLine
 10
4.971727650300101
 20
44.372736508508495
 30
0.0
 11
4.851073295550039
 21
44.450085909997014
 31
0.0
  0
LINE
  5
282
330
17
100
AcDbEntity
  8
0
100
AcDbLine
 10
4.851073295550039
 20
44.450085909997014
 30
0.0
 11
4.730154522458987
 21
44.527202348526146
 31
0.0
  0
LINE
  5
283
330
17
100
AcDbEntity
  8
0
100
AcDbLine
 10
4.730154522458987
 20
44.527202348526146
 30
0.0
 11
4.608971749705697
 21
44.60408497364145
 31
0.0
  0
LINE
  5
284
330
17
100
AcDbEntity
  8
0
100
AcDbLine
 10
4.608971749705697
 20
44.60408497364145
 30
0.0
 11
4.487525398727302
 21
44.68073293549164
 31
0.0
  0
LINE
  5
285
330
17
100
AcDbEntity
  8
0
100
AcDbLine
 10
4.487525398727302
 20
44.68073293549164
 30
0.0
 11
4.365815893719054
 21
44.75714538483786
 31
0.0
  0
LINE
  5
286
330
17
100
AcDbEntity
  8
0
100
AcDbLine
 10
4.365815893719054
 20
44.75714538483786
 30
0.0
 11
4.243843687340082
 21
44.83332145697092
 31
0.0
  0
LINE
  5
287
330
17
100
AcDbEntity
  8
0
100
AcDbLine
 10
4.243843687340082
 20
44.83332145697092
 30
0.0
 11
4.121609551487364
 21
44.909260087121346
 31
0.0
  0
LINE
  5
288
330
17
100
AcDbEntity
  8
0
100
AcDbLine
 10
4.121609551487364
 20
44.909260087121346
 30
0.0
 11
3.9991140239132594
 21
44.98496035394666
 31
0.0
  0
LINE
  5
289
330
17
100
AcDbEntity
  8
0
100
AcDbLine
 10
3.9991140239132594
 20
44.98496035394666
 30
0.0
 11
3.8763575378982154
 21
45.06042140324219
 31
0.0
  0
LINE
  5
28A
330
17
100
AcDbEntity
  8
0
100
AcDbLine
 10
3.8763575378982154
 20
45.06042140324219
 30
0.0
 11
3.753340529561802
 21
45.13564238143299
 31
0.0
  0
LINE
  5
28B
330
17
100
AcDbEntity
  8
0
100
AcDbLine
 10
3.753340529561802
 20
45.13564238143299
 30
0.0
 11
3.6300634378624093
 21
45.21062243558352
 31
0.0
  0
LINE
  5
28C
330
17
100
AcDbEntity
  8
0
100
AcDbLine
 10
3.6300634378624093
 20
45.21062243558352
 30
0.0
 11
3.5065267045970234
 21
45.28536071340716
 31
0.0
  0
LINE
  5
28D
330
17
100
AcDbEntity
  8
0
100
AcDbLine
 10
3.5065267045970234
 20
45.28536071340716
 30
0.0
 11
3.3827307744007893
 21
45.35985636327577
 31
0.0
  0
LINE
  5
28E
330
17
100
AcDbEntity
  8
0
100
AcDbLine
 10
3.3827307744007893
 20
45.35985636327577
 30
0.0
 11
3.258676108848567
 21
45.43410852575425
 31
0.0
  0
LINE
  5
28F
330
17
100
AcDbEntity
  8
0
100
AcDbLine
 10
3.258676108848567
 20
45.43410852575425
 30
0.0
 11
3.1343632675706132
 21
45.508116283942904
 31
0.0
  0
LINE
  5
290
330
17
100
AcDbEntity
  8
0
100
AcDbLine
 10
3.1343632675706132
 20
45.508116283942904
 30
0.0
 11
3.009792726317002
 21
45.58187877214683
 31
0.0
  0
LINE
  5
291
330
17
100
AcDbEntity
  8
0
100
AcDbLine
 10
3.009792726317002
 20
45.58187877214683
 30
0.0
 11
2.884964940518598
 21
45.65539513915168
 31
0.0
  0
LINE
  5
292
330
17
100
AcDbEntity
  8
0
100
AcDbLine
 10
2.884964940518598
 20
45.65539513915168
 30
0.0
 11
2.7598803684678916
 21
45.72866453444154
 31
0.0
  0
LINE
  5
293
330
17
100
AcDbEntity
  8
0
100
AcDbLine
 10
2.7598803684678916
 20
45.72866453444154
 30
0.0
 11
2.6345394713184955
 21
45.801686108208784
 31
0.0
  0
LINE
  5
294
330
17
100
AcDbEntity
  8
0
100
AcDbLine
 10
2.6345394713184955
 20
45.801686108208784
 30
0.0
 11
2.508942713084723
 21
45.87445901136369
 31
0.0
  0
LINE
  5
295
330
17
100
AcDbEntity
  8
0
100
AcDbLine
 10
2.508942713084723
 20
45.87445901136369
 30
0.0
 11
2.3830905606409036
 21
45.94698239554429
 31
0.0
  0
LINE
  5
296
330
17
100
AcDbEntity
  8
0
100
AcDbLine
 10
2.3830905606409036
 20
45.94698239554429
 30
0.0
 11
2.2569834119796344
 21
46.019255454486434
 31
0.0
  0
LINE
  5
297
330
17
100
AcDbEntity
  8
0
100
AcDbLine
 10
2.2569834119796344
 20
46.019255454486434
 30
0.0
 11
2.130621383086913
 21
46.0912775503098
 31
0.0
  0
LINE
  5
298
330
17
100
AcDbEntity
  8
0
100
AcDbLine
 10
2.130621383086913
 20
46.0912775503098
 30
0.0
 11
2.0040049022566198
 21
46.16304787230711
 31
0.0
  0
LINE
  5
299
330
17
100
AcDbEntity
  8
0
100
AcDbLine
 10
2.0040049022566198
 20
46.16304787230711
 30
0.0
 11
1.8771344494481461
 21
46.23456558266754
 31
0.0
  0
LINE
  5
29A
330
17
100
AcDbEntity
  8
0
100
AcDbLine
 10
1.8771344494481461
 20
46.23456558266754
 30
0.0
 11
1.7500105073944852
 21
46.30582984438143
 31
0.0
  0
LINE
  5
29B
330
17
100
AcDbEntity
  8
0
100
AcDbLine
 10
1.7500105073944852
 20
46.30582984438143
 30
0.0
 11
1.622633561601445
 21
46.376839821249646
 31
0.0
  0
LINE
  5
29C
330
17
100
AcDbEntity
  8
0
100
AcDbLine
 10
1.622633561601445
 20
46.376839821249646
 30
0.0
 11
1.4950041003467138
 21
46.44759467789301
 31
0.0
  0
LINE
  5
29D
330
17
100
AcDbEntity
  8
0
100
AcDbLine
 10
1.4950041003467138
 20
46.44759467789301
 30
0.0
 11
1.367122614678829
 21
46.51809357976139
 31
0.0
  0
LINE
  5
29E
330
17
100
AcDbEntity
  8
0
100
AcDbLine
 10
1.367122614678829
 20
46.51809357976139
 30
0.0
 11
1.2389898262178303
 21
46.588335567273504
 31
0.0
  0
LINE
  5
29F
330
17
100
AcDbEntity
  8
0
100
AcDbLine
 10
1.2389898262178303
 20
46.588335567273504
 30
0.0
 11
1.1106069940849554
 21
46.65831937774437
 31
0.0
  0
LINE
  5
2A0
330
17
100
AcDbEntity
  8
0
100
AcDbLine
 10
1.1106069940849554
 20
46.65831937774437
 30
0.0
 11
0.9819746760068906
 21
46.72804412876403
 31
0.0
  0
LINE
  5
2A1
330
17
100
AcDbEntity
  8
0
100
AcDbLine
 10
0.9819746760068906
 20
46.72804412876403
 30
0.0
 11
0.8530933707931272
 21
46.79750897255844
 31
0.0
  0
LINE
  5
2A2
330
17
100
AcDbEntity
  8
0
100
AcDbLine
 10
0.8530933707931272
 20
46.79750897255844
 30
0.0
 11
0.7239635802024562
 21
46.86671306217861
 31
0.0
  0
LINE
  5
2A3
330
17
100
AcDbEntity
  8
0
100
AcDbLine
 10
0.7239635802024562
 20
46.86671306217861
 30
0.0
 11
0.5945858089421936
 21
46.935655551510884
 31
0.0
  0
LINE
  5
2A4
330
17
100
AcDbEntity
  8
0
100
AcDbLine
 10
0.5945858089421936
 20
46.935655551510884
 30
0.0
 11
0.4649605646672921
 21
47.004335595287394
 31
0.0
  0
LINE
  5
2A5
330
17
100
AcDbEntity
  8
0
100
AcDbLine
 10
0.4649605646672921
 20
47.004335595287394
 30
0.0
 11
0.3350883579793855
 21
47.072752349096525
 31
0.0
  0
LINE
  5
2A6
330
17
100
AcDbEntity
  8
0
100
AcDbLine
 10
0.3350883579793855
 20
47.072752349096525
 30
0.0
 11
0.20496953692152609
 21
47.14090505694842
 31
0.0
  0
LINE
  5
2A7
330
17
100
AcDbEntity
  8
0
100
AcDbLine
 10
0.20496953692152609
 20
47.14090505694842
 30
0.0
 11
0.07460423717187581
 21
47.208793082714756
 31
0.0
  0
LINE
  5
2A8
330
17
100
AcDbEntity
  8
0
100
AcDbLine
 10
0.07460423717187581
 20
47.208793082714756
 30
0.0
 11
-0.05600703541139396
 21
47.276415601456044
 31
0.0
  0
LINE
  5
2A9
330
17
100
AcDbEntity
  8
0
100
AcDbLine
 10
-0.05600703541139396
 20
47.276415601456044
 30
0.0
 11
-0.18686375685691914
 21
47.34377178116693
 31
0.0
  0
LINE
  5
2AA
330
17
100
AcDbEntity
  8
0
100
AcDbLine
 10
-0.18686375685691914
 20
47.34377178116693
 30
0.0
 11
-0.31796540034984844
 21
47.41086079077521
 31
0.0
  0
LINE
  5
2AB
330
17
100
AcDbEntity
  8
0
100
AcDbLine
 10
-0.31796540034984844
 20
47.41086079077521
 30
0.0
 11
-0.4493114362330406
 21
47.47768180015138
 31
0.0
  0
LINE
  5
2AC
330
17
100
AcDbEntity
  8
0
100
AcDbLine
 10
-0.4493114362330406
 20
47.47768180015138
 30
0.0
 11
-0.5809013320084784
 21
47.5442339801187
 31
0.0
  0
LINE
  5
2AD
330
17
100
AcDbEntity
  8
0
100
AcDbLine
 10
-0.5809013320084784
 20
47.5442339801187
 30
0.0
 11
-0.7127345523384854
 21
47.610516502462765
 31
0.0
  0
LINE
  5
2AE
330
17
100
AcDbEntity
  8
0
100
AcDbLine
 10
-0.7127345523384854
 20
47.610516502462765
 30
0.0
 11
-0.8448103609407234
 21
47.67652843971285
 31
0.0
  0
LINE
  5
2AF
330
17
100
AcDbEntity
  8
0
100
AcDbLine
 10
-0.8448103609407234
 20
47.67652843971285
 30
0.0
 11
-0.9771279041963421
 21
47.74226880226521
 31
0.0
  0
LINE
  5
2B0
330
17
100
AcDbEntity
  8
0
100
AcDbLine
 10
-0.9771279041963421
 20
47.74226880226521
 30
0.0
 11
-1.109686635726904
 21
47.80773675477533
 31
0.0
  0
LINE
  5
2B1
330
17
100
AcDbEntity
  8
0
100
AcDbLine
 10
-1.109686635726904
 20
47.80773675477533
 30
0.0
 11
-1.2424860101517847
 21
47.87293146484044
 31
0.0
  0
LINE
  5
2B2
330
17
100
AcDbEntity
  8
0
100
AcDbLine
 10
-1.2424860101517847
 20
47.87293146484044
 30
0.0
 11
-1.3755254791680738
 21
47.937852101048016
 31
0.0
  0
LINE
  5
2B3
330
17
100
AcDbEntity
  8
0
100
AcDbLine
 10
-1.3755254791680738
 20
47.937852101048016
 30
0.0
 11
-1.5088044915519845
 21
48.002497832986315
 31
0.0
  0
LINE
  5
2B4
330
17
100
AcDbEntity
  8
0
100
AcDbLine
 10
-1.5088044915519845
 20
48.002497832986315
 30
0.0
 11
-1.6423224931603588
 21
48.066867831254676
 31
0.0
  0
LINE
  5
2B5
330
17
100
AcDbEntity
  8
0
100
AcDbLine
 10
-1.6423224931603588
 20
48.066867831254676
 30
0.0
 11
-1.7760789269320725
 21
48.1309612674738
 31
0.0
  0
LINE
  5
2B6
330
17
100
AcDbEntity
  8
0
100
AcDbLine
 10
-1.7760789269320725
 20
48.1309612674738
 30
0.0
 11
-1.9100730980058795
 21
48.19477724911369
 31
0.0
  0
LINE
  5
2B7
330
17
100
AcDbEntity
  8
0
100
AcDbLine
 10
-1.9100730980058795
 20
48.19477724911369
 30
0.0
 11
-2.0443043015458198
 21
48.25831487818716
 31
0.0
  0
LINE
  5
2B8
330
17
100
AcDbEntity
  8
0
100
AcDbLine
 10
-2.0443043015458198
 20
48.25831487818716
 30
0.0
 11
-2.178771972383359
 21
48.32157332506268
 31
0.0
  0
LINE
  5
2B9
330
17
100
AcDbEntity
  8
0
100
AcDbLine
 10
-2.178771972383359
 20
48.32157332506268
 30
0.0
 11
-2.313475542416052
 21
48.384551761173434
 31
0.0
  0
LINE
  5
2BA
330
17
100
AcDbEntity
  8
0
100
AcDbLine
 10
-2.313475542416052
 20
48.384551761173434
 30
0.0
 11
-2.4484144405830266
 21
48.44724935901527
 31
0.0
  0
LINE
  5
2BB
330
17
100
AcDbEntity
  8
0
100
AcDbLine
 10
-2.4484144405830266
 20
48.44724935901527
 30
0.0
 11
-2.583588092866645
 21
48.5096652921575
 31
0.0
  0
LINE
  5
2BC
330
17
100
AcDbEntity
  8
0
100
AcDbLine
 10
-2.583588092866645
 20
48.5096652921575
 30
0.0
 11
-2.718995922294246
 21
48.57179873525329
 31
0.0
  0
LINE
  5
2BD
330
17
100
AcDbEntity
  8
0
100
AcDbLine
 10
-2.718995922294246
 20
48.57179873525329
 30
0.0
 11
-2.8546373494968407
 21
48.63364886430423
 31
0.0
  0
LINE
  5
2BE
330
17
100
AcDbEntity
  8
0
100
AcDbLine
 10
-2.8546373494968407
 20
48.63364886430423
 30
0.0
 11
-2.9905118626354614
 21
48.69521488891731
 31
0.0
  0
LINE
  5
2BF
330
17
100
AcDbEntity
  8
0
100
AcDbLine
 10
-2.9905118626354614
 20
48.69521488891731
 30
0.0
 11
-3.1266189251749026
 21
48.75649601125708
 31
0.0
  0
LINE
  5
2C0
330
17
100
AcDbEntity
  8
0
100
AcDbLine
 10
-3.1266189251749026
 20
48.75649601125708
 30
0.0
 11
-3.2629579480870943
 21
48.81749141232523
 31
0.0
  0
LINE
  5
2C1
330
17
100
AcDbEntity
  8
0
100
AcDbLine
 10
-3.2629579480870943
 20
48.81749141232523
 30
0.0
 11
-3.399528339418958
 21
48.87820027426485
 31
0.0
  0
LINE
  5
2C2
330
17
100
AcDbEntity
  8
0
100
AcDbLine
 10
-3.399528339418958
 20
48.87820027426485
 30
0.0
 11
-3.5363295042942484
 21
48.9386217803707
 31
0.0
  0
LINE
  5
2C3
330
17
100
AcDbEntity
  8
0
100
AcDbLine
 10
-3.5363295042942484
 20
48.9386217803707
 30
0.0
 11
-3.6733608449156403
 21
48.998755115099804
 31
0.0
  0
LINE
  5
2C4
330
17
100
AcDbEntity
  8
0
100
AcDbLine
 10
-3.6733608449156403
 20
48.998755115099804
 30
0.0
 11
-3.8106217605666
 21
49.058599464081915
 31
0.0
  0
LINE
  5
2C5
330
17
100
AcDbEntity
  8
0
100
AcDbLine
 10
-3.8106217605666
 20
49.058599464081915
 30
0.0
 11
-3.948111646689468
 21
49.11815401372919
 31
0.0
  0
LINE
  5
2C6
330
17
100
AcDbEntity
  8
0
100
AcDbLine
 10
-3.948111646689468
 20
49.11815401372919
 30
0.0
 11
-4.085829867725732
 21
49.1774179392981
 31
0.0
  0
LINE
  5
2C7
330
17
100
AcDbEntity
  8
0
100
AcDbLine
 10
-4.085829867725732
 20
49.1774179392981
 30
0.0
 11
-4.223775800474266
 21
49.23639042339567
 31
0.0
  0
LINE
  5
2C8
330
17
100
AcDbEntity
  8
0
100
AcDbLine
 10
-4.223775800474266
 20
49.23639042339567
 30
0.0
 11
-4.3619488326406115
 21
49.295070655758344
 31
0.0
  0
LINE
  5
2C9
330
17
100
AcDbEntity
  8
0
100
AcDbLine
 10
-4.3619488326406115
 20
49.295070655758344
 30
0.0
 11
-4.500348349014118
 21
49.35345782734621
 31
0.0
  0
LINE
  5
2CA
330
17
100
AcDbEntity
  8
0
100
AcDbLine
 10
-4.500348349014118
 20
49.35345782734621
 30
0.0
 11
-4.638973731470045
 21
49.41155113035358
 31
0.0
  0
LINE
  5
2CB
330
17
100
AcDbEntity
  8
0
100
AcDbLine
 10
-4.638973731470045
 20
49.41155113035358
 30
0.0
 11
-4.777824358971937
 21
49.469349758219344
 31
0.0
  0
LINE
  5
2CC
330
17
100
AcDbEntity
  8
0
100
AcDbLine
 10
-4.777824358971937
 20
49.469349758219344
 30
0.0
 11
-4.916899607573791
 21
49.52685290563753
 31
0.0
  0
LINE
  5
2CD
330
17
100
AcDbEntity
  8
0
100
AcDbLine
 10
-4.916899607573791
 20
49.52685290563753
 30
0.0
 11
-5.056198837905075
 21
49.58405976341218
 31
0.0
  0
LINE
  5
2CE
330
17
100
AcDbEntity
  8
0
100
AcDbLine
 10
-5.056198837905075
 20
49.58405976341218
 30
0.0
 11
-5.1957212398135635
 21
49.64096945328502
 31
0.0
  0
LINE
  5
2CF
330
17
100
AcDbEntity
  8
0
100
AcDbLine
 10
-5.1957212398135635
 20
49.64096945328502
 30
0.0
 11
-5.335466121864337
 21
49.69758114576124
 31
0.0
  0
LINE
  5
2D0
330
17
100
AcDbEntity
  8
0
100
AcDbLine
 10
-5.335466121864337
 20
49.69758114576124
 30
0.0
 11
-5.475432848870087
 21
49.75389403669188
 31
0.0
  0
LINE
  5
2D1
330
17
100
AcDbEntity
  8
0
100
AcDbLine
 10
-5.475432848870087
 20
49.75389403669188
 30
0.0
 11
-5.615620782701988
 21
49.80990732322859
 31
0.0
  0
LINE
  5
2D2
330
17
100
AcDbEntity
  8
0
100
AcDbLine
 10
-5.615620782701988
 20
49.80990732322859
 30
0.0
 11
-5.756029282292204
 21
49.865620203834304
 31
0.0
  0
LINE
  5
2D3
330
17
100
AcDbEntity
  8
0
100
AcDbLine
 10
-5.756029282292204
 20
49.865620203834304
 30
0.0
 11
-5.896657703636428
 21
49.92103187829398
 31
0.0
  0
LINE
  5
2D4
330
17
100
AcDbEntity
  8
0
100
AcDbLine
 10
-5.896657703636428
 20
49.92103187829398
 30
0.0
 11
-6.0375053997963235
 21
49.97614154772537
 31
0.0
  0
LINE
  5
2D5
330
17
100
AcDbEntity
  8
0
100
AcDbLine
 10
-6.0375053997963235
 20
49.97614154772537
 30
0.0
 11
-6.178571763105587
 21
50.03094843107488
 31
0.0
  0
LINE
  5
2D6
330
17
100
AcDbEntity
  8
0
100
AcDbLine
 10
-6.178571763105587
 20
50.03094843107488
 30
0.0
 11
-6.319856488925266
 21
50.08545187072827
 31
0.0
  0
LINE
  5
2D7
330
17
100
AcDbEntity
  8
0
100
AcDbLine
 10
-6.319856488925266
 20
50.08545187072827
 30
0.0
 11
-6.461358998404942
 21
50.139651109074514
 31
0.0
  0
LINE
  5
2D8
330
17
100
AcDbEntity
  8
0
100
AcDbLine
 10
-6.461358998404942
 20
50.139651109074514
 30
0.0
 11
-6.603078632344969
 21
50.19354536003514
 31
0.0
  0
LINE
  5
2D9
330
17
100
AcDbEntity
  8
0
100
AcDbLine
 10
-6.603078632344969
 20
50.19354536003514
 30
0.0
 11
-6.7450147287064315
 21
50.24713383892949
 31
0.0
  0
LINE
  5
2DA
330
17
100
AcDbEntity
  8
0
100
AcDbLine
 10
-6.7450147287064315
 20
50.24713383892949
 30
0.0
 11
-6.887166622614025
 21
50.30041576248495
 31
0.0
  0
LINE
  5
2DB
330
17
100
AcDbEntity
  8
0
100
AcDbLine
 10
-6.887166622614025
 20
50.30041576248495
 30
0.0
 11
-7.029533646358956
 21
50.35339034884732
 31
0.0
  0
LINE
  5
2DC
330
17
100
AcDbEntity
  8
0
100
AcDbLine
 10
-7.029533646358956
 20
50.35339034884732
 30
0.0
 11
-7.17211512940178
 21
50.40605681759066
 31
0.0
  0
LINE
  5
2DD
330
17
100
AcDbEntity
  8
0
100
AcDbLine
 10
-7.17211512940178
 20
50.40605681759066
 30
0.0
 11
-7.314910324392694
 21
50.45841436238175
 31
0.0
  0
LINE
  5
2DE
330
17
100
AcDbEntity
  8
0
100
AcDbLine
 10
-7.314910324392694
 20
50.45841436238175
 30
0.0
 11
-7.457918167169955
 21
50.51046205899761
 31
0.0
  0
LINE
  5
2DF
330
17
100
AcDbEntity
  8
0
100
AcDbLine
 10
-7.457918167169955
 20
50.51046205899761
 30
0.0
 11
-7.6011379230146
 21
50.56219910272248
 31
0.0
  0
LINE
  5
2E0
330
17
100
AcDbEntity
  8
0
100
AcDbLine
 10
-7.6011379230146
 20
50.56219910272248
 30
0.0
 11
-7.744568910550834
 21
50.61362471078785
 31
0.0
  0
LINE
  5
2E1
330
17
100
AcDbEntity
  8
0
100
AcDbLine
 10
-7.744568910550834
 20
50.61362471078785
 30
0.0
 11
-7.888210445497018
 21
50.66473810189368
 31
0.0
  0
LINE
  5
2E2
330
17
100
AcDbEntity
  8
0
100
AcDbLine
 10
-7.888210445497018
 20
50.66473810189368
 30
0.0
 11
-8.032061840668874
 21
50.71553849621889
 31
0.0
  0
LINE
  5
2E3
330
17
100
AcDbEntity
  8
0
100
AcDbLine
 10
-8.032061840668874
 20
50.71553849621889
 30
0.0
 11
-8.176122405982458
 21
50.76602511543222
 31
0.0
  0
LINE
  5
2E4
330
17
100
AcDbEntity
  8
0
100
AcDbLine
 10
-8.176122405982458
 20
50.76602511543222
 30
0.0
 11
-8.320391448457327
 21
50.816197182702915
 31
0.0
  0
LINE
  5
2E5
330
17
100
AcDbEntity
  8
0
100
AcDbLine
 10
-8.320391448457327
 20
50.816197182702915
 30
0.0
 11
-8.464868319250888
 21
50.86605393912078
 31
0.0
  0
LINE
  5
2E6
330
17
100
AcDbEntity
  8
0
100
AcDbLine
 10
-8.464868319250888
 20
50.86605393912078
 30
0.0
 11
-8.609552485004393
 21
50.91559467023466
 31
0.0
  0
LINE
  5
2E7
330
17
100
AcDbEntity
  8
0
100
AcDbLine
 10
-8.609552485004393
 20
50.91559467023466
 30
0.0
 11
-8.75444325829288
 21
50.964818612292056
 31
0.0
  0
LINE
  5
2E8
330
17
100
AcDbEntity
  8
0
100
AcDbLine
 10
-8.75444325829288
 20
50.964818612292056
 30
0.0
 11
-8.899539934450234
 21
51.01372499814146
 31
0.0
  0
LINE
  5
2E9
330
17
100
AcDbEntity
  8
0
100
AcDbLine
 10
-8.899539934450234
 20
51.01372499814146
 30
0.0
 11
-9.044841805969565
 21
51.06231306218937
 31
0.0
  0
LINE
  5
2EA
330
17
100
AcDbEntity
  8
0
100
AcDbLine
 10
-9.044841805969565
 20
51.06231306218937
 30
0.0
 11
-9.19034816250667
 21
51.110582040410485
 31
0.0
  0
LINE
  5
2EB
330
17
100
AcDbEntity
  8
0
100
AcDbLine
 10
-9.19034816250667
 20
51.110582040410485
 30
0.0
 11
-9.336058290883347
 21
51.158531170358266
 31
0.0
  0
LINE
  5
2EC
330
17
100
AcDbEntity
  8
0
100
AcDbLine
 10
-9.336058290883347
 20
51.158531170358266
 30
0.0
 11
-9.481971475090903
 21
51.20615969117534
 31
0.0
  0
LINE
  5
2ED
330
17
100
AcDbEntity
  8
0
100
AcDbLine
 10
-9.481971475090903
 20
51.20615969117534
 30
0.0
 11
-9.628086919886206
 21
51.253466818509075
 31
0.0
  0
LINE
  5
2EE
330
17
100
AcDbEntity
  8
0
100
AcDbLine
 10
-9.628086919886206
 20
51.253466818509075
 30
0.0
 11
-9.774403719072566
 21
51.30045173191068
 31
0.0
  0
LINE
  5
2EF
330
17
100
AcDbEntity
  8
0
100
AcDbLine
 10
-9.774403719072566
 20
51.30045173191068
 30
0.0
 11
-9.920921140108488
 21
51.347113668475835
 31
0.0
  0
LINE
  5
2F0
330
17
100
AcDbEntity
  8
0
100
AcDbLine
 10
-9.920921140108488
 20
51.347113668475835
 30
0.0
 11
-10.067638455774912
 21
51.393451869571614
 31
0.0
  0
LINE
  5
2F1
330
17
100
AcDbEntity
  8
0
100
AcDbLine
 10
-10.067638455774912
 20
51.393451869571614
 30
0.0
 11
-10.214554935993286
 21
51.43946557820224
 31
0.0
  0
LINE
  5
2F2
330
17
100
AcDbEntity
  8
0
100
AcDbLine
 10
-10.214554935993286
 20
51.43946557820224
 30
0.0
 11
-10.361669847829262
 21
51.48515403901961
 31
0.0
  0
LINE
  5
2F3
330
17
100
AcDbEntity
  8
0
100
AcDbLine
 10
-10.361669847829262
 20
51.48515403901961
 30
0.0
 11
-10.508982455496291
 21
51.530516498333974
 31
0.0
  0
LINE
  5
2F4
330
17
100
AcDbEntity
  8
0
100
AcDbLine
 10
-10.508982455496291
 20
51.530516498333974
 30
0.0
 11
-10.656492020359469
 21
51.575552204124556
 31
0.0
  0
LINE
  5
2F5
330
17
100
AcDbEntity
  8
0
100
AcDbLine
 10
-10.656492020359469
 20
51.575552204124556
 30
0.0
 11
-10.804197720782636
 21
51.62026038134716
 31
0.0
  0
LINE
  5
2F6
330
17
100
AcDbEntity
  8
0
100
AcDbLine
 10
-10.804197720782636
 20
51.62026038134716
 30
0.0
 11
-10.952098679410774
 21
51.6646402383847
 31
0.0
  0
LINE
  5
2F7
330
17
100
AcDbEntity
  8
0
100
AcDbLine
 10
-10.952098679410774
 20
51.6646402383847
 30
0.0
 11
-11.100194147101
 21
51.70869102429172
 31
0.0
  0
LINE
  5
2F8
330
17
100
AcDbEntity
  8
0
100
AcDbLine
 10
-11.100194147101
 20
51.70869102429172
 30
0.0
 11
-11.248483373859623
 21
51.75241199044324
 31
0.0
  0
LINE
  5
2F9
330
17
100
AcDbEntity
  8
0
100
AcDbLine
 10
-11.248483373859623
 20
51.75241199044324
 30
0.0
 11
-11.39696560682635
 21
51.79580238993395
 31
0.0
  0
LINE
  5
2FA
330
17
100
AcDbEntity
  8
0
100
AcDbLine
 10
-11.39696560682635
 20
51.79580238993395
 30
0.0
 11
-11.545640090278138
 21
51.8388614775887
 31
0.0
  0
LINE
  5
2FB
330
17
100
AcDbEntity
  8
0
100
AcDbLine
 10
-11.545640090278138
 20
51.8388614775887
 30
0.0
 11
-11.694506065633206
 21
51.88158850997366
 31
0.0
  0
LINE
  5
2FC
330
17
100
AcDbEntity
  8
0
100
AcDbLine
 10
-11.694506065633206
 20
51.88158850997366
 30
0.0
 11
-11.843562771455124
 21
51.923982745406725
 31
0.0
  0
LINE
  5
2FD
330
17
100
AcDbEntity
  8
0
100
AcDbLine
 10
-11.843562771455124
 20
51.923982745406725
 30
0.0
 11
-11.992809596686051
 21
51.96604348812088
 31
0.0
  0
LINE
  5
2FE
330
17
100
AcDbEntity
  8
0
100
AcDbLine
 10
-11.992809596686051
 20
51.96604348812088
 30
0.0
 11
-12.142245944810645
 21
52.007770052433365
 31
0.0
  0
LINE
  5
2FF
330
17
100
AcDbEntity
  8
0
100
AcDbLine
 10
-12.142245944810645
 20
52.007770052433365
 30
0.0
 11
-12.29187104601932
 21
52.04916170710887
 31
0.0
  0
LINE
  5
300
330
17
100
AcDbEntity
  8
0
100
AcDbLine
 10
-12.29187104601932
 20
52.04916170710887
 30
0.0
 11
-12.441684127598965
 21
52.09021772267557
 31
0.0
  0
LINE
  5
301
330
17
100
AcDbEntity
  8
0
100
AcDbLine
 10
-12.441684127598965
 20
52.09021772267557
 30
0.0
 11
-12.591684414058891
 21
52.13093737146972
 31
0.0
  0
LINE
  5
302
330
17
100
AcDbEntity
  8
0
100
AcDbLine
 10
-12.591684414058891
 20
52.13093737146972
 30
0.0
 11
-12.741871127135006
 21
52.17131992764619
 31
0.0
  0
LINE
  5
303
330
17
100
AcDbEntity
  8
0
100
AcDbLine
 10
-12.741871127135006
 20
52.17131992764619
 30
0.0
 11
-12.89224348579416
 21
52.21136466718874
 31
0.0
  0
LINE
  5
304
330
17
100
AcDbEntity
  8
0
100
AcDbLine
 10
-12.89224348579416
 20
52.21136466718874
 30
0.0
 11
-13.042800705735944
 21
52.25107086778821
 31
0.0
  0
LINE
  5
305
330
17
100
AcDbEntity
  8
0
100
AcDbLine
 10
-13.042800705735944
 20
52.25107086778821
 30
0.0
 11
-13.193541914772652
 21
52.29043778613501
 31
0.0
  0
LINE
  5
306
330
17
100
AcDbEntity
  8
0
100
AcDbLine
 10
-13.193541914772652
 20
52.29043778613501
 30
0.0
 11
-13.344466260882612
 21
52.32946468526435
 31
0.0
  0
LINE
  5
307
330
17
100
AcDbEntity
  8
0
100
AcDbLine
 10
-13.344466260882612
 20
52.32946468526435
 30
0.0
 11
-13.495572951935584
 21
52.36815084624029
 31
0.0
  0
LINE
  5
308
330
17
100
AcDbEntity
  8
0
100
AcDbLine
 10
-13.495572951935584
 20
52.36815084624029
 30
0.0
 11
-13.646861193028526
 21
52.40649555200665
 31
0.0
  0
LINE
  5
309
330
17
100
AcDbEntity
  8
0
100
AcDbLine
 10
-13.646861193028526
 20
52.40649555200665
 30
0.0
 11
-13.798330186490166
 21
52.444498087397484
 31
0.0
  0
LINE
  5
30A
330
17
100
AcDbEntity
  8
0
100
AcDbLine
 10
-13.798330186490166
 20
52.444498087397484
 30
0.0
 11
-13.949979131885456
 21
52.482157739147404
 31
0.0
  0
LINE
  5
30B
330
17
100
AcDbEntity
  8
0
100
AcDbLine
 10
-13.949979131885456
 20
52.482157739147404
 30
0.0
 11
-14.101807226020306
 21
52.51947379590225
 31
0.0
  0
LINE
  5
30C
330
17
100
AcDbEntity
  8
0
100
AcDbLine
 10
-14.101807226020306
 20
52.51947379590225
 30
0.0
 11
-14.253813664980616
 21
52.55644554872446
 31
0.0
  0
LINE
  5
30D
330
17
100
AcDbEntity
  8
0
100
AcDbLine
 10
-14.253813664980616
 20
52.55644554872446
 30
0.0
 11
-14.40599771254442
 21
52.5930723081649
 31
0.0
  0
LINE
  5
30E
330
17
100
AcDbEntity
  8
0
100
AcDbLine
 10
-14.40599771254442
 20
52.5930723081649
 30
0.0
 11
-14.558358593458204
 21
52.629353379010375
 31
0.0
  0
LINE
  5
30F
330
17
100
AcDbEntity
  8
0
100
AcDbLine
 10
-14.558358593458204
 20
52.629353379010375
 30
0.0
 11
-14.710895493619189
 21
52.66528805939392
 31
0.0
  0
LINE
  5
310
330
17
100
AcDbEntity
  8
0
100
AcDbLine
 10
-14.710895493619189
 20
52.66528805939392
 30
0.0
 11
-14.863607596208297
 21
52.70087564941189
 31
0.0
  0
LINE
  5
311
330
17
100
AcDbEntity
  8
0
100
AcDbLine
 10
-14.863607596208297
 20
52.70087564941189
 30
0.0
 11
-15.01649408169504
 21
52.73611545113432
 31
0.0
  0
LINE
  5
312
330
17
100
AcDbEntity
  8
0
100
AcDbLine
 10
-15.01649408169504
 20
52.73611545113432
 30
0.0
 11
-15.169554127842265
 21
52.7710067686149
 31
0.0
  0
LINE
  5
313
330
17
100
AcDbEntity
  8
0
100
AcDbLine
 10
-15.169554127842265
 20
52.7710067686149
 30
0.0
 11
-15.322786909711198
 21
52.805548907901645
 31
0.0
  0
LINE
  5
314
330
17
100
AcDbEntity
  8
0
100
AcDbLine
 10
-15.322786909711198
 20
52.805548907901645
 30
0.0
 11
-15.47619161430595
 21
52.8397411803252
 31
0.0
  0
LINE
  5
315
330
17
100
AcDbEntity
  8
0
100
AcDbLine
 10
-15.47619161430595
 20
52.8397411803252
 30
0.0
 11
-15.629767640433315
 21
52.87358294868057
 31
0.0
  0
LINE
  5
316
330
17
100
AcDbEntity
  8
0
100
AcDbLine
 10
-15.629767640433315
 20
52.87358294868057
 30
0.0
 11
-15.783514234009775
 21
52.90707354733215
 31
0.0
  0
LINE
  5
317
330
17
100
AcDbEntity
  8
0
100
AcDbLine
 10
-15.783514234009775
 20
52.90707354733215
 30
0.0
 11
-15.937430559671173
 21
52.94021229547267
 31
0.0
  0
LINE
  5
318
330
17
100
AcDbEntity
  8
0
100
AcDbLine
 10
-15.937430559671173
 20
52.94021229547267
 30
0.0
 11
-16.09151577943276
 21
52.97299851433966
 31
0.0
  0
LINE
  5
319
330
17
100
AcDbEntity
  8
0
100
AcDbLine
 10
-16.09151577943276
 20
52.97299851433966
 30
0.0
 11
-16.245769052694232
 21
53.00543152722522
 31
0.0
  0
LINE
  5
31A
330
17
100
AcDbEntity
  8
0
100
AcDbLine
 10
-16.245769052694232
 20
53.00543152722522
 30
0.0
 11
-16.40018953624493
 21
53.03751065948594
 31
0.0
  0
LINE
  5
31B
330
17
100
AcDbEntity
  8
0
100
AcDbLine
 10
-16.40018953624493
 20
53.03751065948594
 30
0.0
 11
-16.55477638426909
 21
53.06923523855256
 31
0.0
  0
LINE
  5
31C
330
17
100
AcDbEntity
  8
0
100
AcDbLine
 10
-16.55477638426909
 20
53.06923523855256
 30
0.0
 11
-16.70952874953506
 21
53.10060459418215
 31
0.0
  0
LINE
  5
31D
330
17
100
AcDbEntity
  8
0
100
AcDbLine
 10
-16.70952874953506
 20
53.10060459418215
 30
0.0
 11
-16.864445791443167
 21
53.13161806018535
 31
0.0
  0
LINE
  5
31E
330
17
100
AcDbEntity
  8
0
100
AcDbLine
 10
-16.864445791443167
 20
53.13161806018535
 30
0.0
 11
-17.01952665884169
 21
53.162274970979546
 31
0.0
  0
LINE
  5
31F
330
17
100
AcDbEntity
  8
0
100
AcDbLine
 10
-17.01952665884169
 20
53.162274970979546
 30
0.0
 11
-17.174770495565472
 21
53.19257466261028
 31
0.0
  0
LINE
  5
320
330
17
100
AcDbEntity
  8
0
100
AcDbLine
 10
-17.174770495565472
 20
53.19257466261028
 30
0.0
 11
-17.33017644287319
 21
53.22251647324595
 31
0.0
  0
LINE
  5
321
330
17
100
AcDbEntity
  8
0
100
AcDbLine
 10
-17.33017644287319
 20
53.22251647324595
 30
0.0
 11
-17.48574363945268
 21
53.25209974318749
 31
0.0
  0
LINE
  5
322
330
17
100
AcDbEntity
  8
0
100
AcDbLine
 10
-17.48574363945268
 20
53.25209974318749
 30
0.0
 11
-17.641471221426414
 21
53.28132381487817
 31
0.0
  0
LINE
  5
323
330
17
100
AcDbEntity
  8
0
100
AcDbLine
 10
-17.641471221426414
 20
53.28132381487817
 30
0.0
 11
-17.797358322357063
 21
53.31018803291307
 31
0.0
  0
LINE
  5
324
330
17
100
AcDbEntity
  8
0
100
AcDbLine
 10
-17.797358322357063
 20
53.31018803291307
 30
0.0
 11
-17.95340406311816
 21
53.33869174216982
 31
0.0
  0
LINE
  5
325
330
17
100
AcDbEntity
  8
0
100
AcDbLine
 10
-17.95340406311816
 20
53.33869174216982
 30
0.0
 11
-18.109607516059373
 21
53.366834280727524
 31
0.0
  0
LINE
  5
326
330
17
100
AcDbEntity
  8
0
100
AcDbLine
 10
-18.109607516059373
 20
53.366834280727524
 30
0.0
 11
-18.265967798394556
 21
53.39461499697003
 31
0.0
  0
LINE
  5
327
330
17
100
AcDbEntity
  8
0
100
AcDbLine
 10
-18.265967798394556
 20
53.39461499697003
 30
0.0
 11
-18.422484033380968
 21
53.42203324302094
 31
0.0
  0
LINE
  5
328
330
17
100
AcDbEntity
  8
0
100
AcDbLine
 10
-18.422484033380968
 20
53.42203324302094
 30
0.0
 11
-18.579155341730974
 21
53.449088373204454
 31
0.0
  0
LINE
  5
329
330
17
100
AcDbEntity
  8
0
100
AcDbLine
 10
-18.579155341730974
 20
53.449088373204454
 30
0.0
 11
-18.73598084161764
 21
53.47577974405474
 31
0.0
  0
LINE
  5
32A
330
17
100
AcDbEntity
  8
0
100
AcDbLine
 10
-18.73598084161764
 20
53.47577974405474
 30
0.0
 11
-18.892959648680574
 21
53.502106714325954
 31
0.0
  0
LINE
  5
32B
330
17
100
AcDbEntity
  8
0
100
AcDbLine
 10
-18.892959648680574
 20
53.502106714325954
 30
0.0
 11
-19.050090876031554
 21
53.52806864500143
 31
0.0
  0
LINE
  5
32C
330
17
100
AcDbEntity
  8
0
100
AcDbLine
 10
-19.050090876031554
 20
53.52806864500143
 30
0.0
 11
-19.207373580331883
 21
53.553664890334666
 31
0.0
  0
LINE
  5
32D
330
17
100
AcDbEntity
  8
0
100
AcDbLine
 10
-19.207373580331883
 20
53.553664890334666
 30
0.0
 11
-19.36480667033429
 21
53.57889478078848
 31
0.0
  0
LINE
  5
32E
330
17
100
AcDbEntity
  8
0
100
AcDbLine
 10
-19.36480667033429
 20
53.57889478078848
 30
0.0
 11
-19.522389232558098
 21
53.60375767682984
 31
0.0
  0
LINE
  5
32F
330
17
100
AcDbEntity
  8
0
100
AcDbLine
 10
-19.522389232558098
 20
53.60375767682984
 30
0.0
 11
-19.680120369540816
 21
53.62825294418861
 31
0.0
  0
LINE
  5
330
330
17
100
AcDbEntity
  8
0
100
AcDbLine
 10
-19.680120369540816
 20
53.62825294418861
 30
0.0
 11
-19.837999181274434
 21
53.65237995087465
 31
0.0
  0
LINE
  5
331
330
17
100
AcDbEntity
  8
0
100
AcDbLine
 10
-19.837999181274434
 20
53.65237995087465
 30
0.0
 11
-19.996024765211295
 21
53.6761380671878
 31
0.0
  0
LINE
  5
332
330
17
100
AcDbEntity
  8
0
100
AcDbLine
 10
-19.996024765211295
 20
53.6761380671878
 30
0.0
 11
-20.154196216270257
 21
53.69952666572744
 31
0.0
  0
LINE
  5
333
330
17
100
AcDbEntity
  8
0
100
AcDbLine
 10
-20.154196216270257
 20
53.69952666572744
 30
0.0
 11
-20.31251262684263
 21
53.72254512140244
 31
0.0
  0
LINE
  5
334
330
17
100
AcDbEntity
  8
0
100
AcDbLine
 10
-20.31251262684263
 20
53.72254512140244
 30
0.0
 11
-20.470973234751327
 21
53.74519283323853
 31
0.0
  0
LINE
  5
335
330
17
100
AcDbEntity
  8
0
100
AcDbLine
 10
-20.470973234751327
 20
53.74519283323853
 30
0.0
 11
-20.629577502379448
 21
53.76746924025628
 31
0.0
  0
LINE
  5
336
330
17
100
AcDbEntity
  8
0
100
AcDbLine
 10
-20.629577502379448
 20
53.76746924025628
 30
0.0
 11
-20.788324533983904
 21
53.78937373545289
 31
0.0
  0
LINE
  5
337
330
17
100
AcDbEntity
  8
0
100
AcDbLine
 10
-20.788324533983904
 20
53.78937373545289
 30
0.0
 11
-20.947213413107246
 21
53.810905711564665
 31
0.0
  0
LINE
  5
338
330
17
100
AcDbEntity
  8
0
100
AcDbLine
 10
-20.947213413107246
 20
53.810905711564665
 30
0.0
 11
-21.10624322088899
 21
53.83206456367865
 31
0.0
  0
LINE
  5
339
330
17
100
AcDbEntity
  8
0
100
AcDbLine
 10
-21.10624322088899
 20
53.83206456367865
 30
0.0
 11
-21.265413036071898
 21
53.852849689241786
 31
0.0
  0
LINE
  5
33A
330
17
100
AcDbEntity
  8
0
100
AcDbLine
 10
-21.265413036071898
 20
53.852849689241786
 30
0.0
 11
-21.424721935008264
 21
53.87326048806995
 31
0.0
  0
LINE
  5
33B
330
17
100
AcDbEntity
  8
0
100
AcDbLine
 10
-21.424721935008264
 20
53.87326048806995
 30
0.0
 11
-21.58416899166614
 21
53.89329636235717
 31
0.0
  0
LINE
  5
33C
330
17
100
AcDbEntity
  8
0
100
AcDbLine
 10
-21.58416899166614
 20
53.89329636235717
 30
0.0
 11
-21.74375300746481
 21
53.91295668198499
 31
0.0
  0
LINE
  5
33D
330
17
100
AcDbEntity
  8
0
100
AcDbLine
 10
-21.74375300746481
 20
53.91295668198499
 30
0.0
 11
-21.90347258026224
 21
53.93224078679926
 31
0.0
  0
LINE
  5
33E
330
17
100
AcDbEntity
  8
0
100
AcDbLine
 10
-21.90347258026224
 20
53.93224078679926
 30
0.0
 11
-22.063326766657198
 21
53.95114807336295
 31
0.0
  0
LINE
  5
33F
330
17
100
AcDbEntity
  8
0
100
AcDbLine
 10
-22.063326766657198
 20
53.95114807336295
 30
0.0
 11
-22.223314629258198
 21
53.96967794171264
 31
0.0
  0
LINE
  5
340
330
17
100
AcDbEntity
  8
0
100
AcDbLine
 10
-22.223314629258198
 20
53.96967794171264
 30
0.0
 11
-22.38343522819166
 21
53.98782979432068
 31
0.0
  0
LINE
  5
341
330
17
100
AcDbEntity
  8
0
100
AcDbLine
 10
-22.38343522819166
 20
53.98782979432068
 30
0.0
 11
-22.543687621108532
 21
54.00560303610491
 31
0.0
  0
LINE
  5
342
330
17
100
AcDbEntity
  8
0
100
AcDbLine
 10
-22.543687621108532
 20
54.00560303610491
 30
0.0
 11
-22.704070863190914
 21
54.022997074438514
 31
0.0
  0
LINE
  5
343
330
17
100
AcDbEntity
  8
0
100
AcDbLine
 10
-22.704070863190914
 20
54.022997074438514
 30
0.0
 11
-22.86458400715859
 21
54.04001131915948
 31
0.0
  0
LINE
  5
344
330
17
100
AcDbEntity
  8
0
100
AcDbLine
 10
-22.86458400715859
 20
54.04001131915948
 30
0.0
 11
-23.025226075623934
 21
54.0566451795494
 31
0.0
  0
LINE
  5
345
330
17
100
AcDbEntity
  8
0
100
AcDbLine
 10
-23.025226075623934
 20
54.0566451795494
 30
0.0
 11
-23.18599608386231
 21
54.072898066244186
 31
0.0
  0
LINE
  5
346
330
17
100
AcDbEntity
  8
0
100
AcDbLine
 10
-23.18599608386231
 20
54.072898066244186
 30
0.0
 11
-23.346893077036974
 21
54.088769395584656
 31
0.0
  0
LINE
  5
347
330
17
100
AcDbEntity
  8
0
100
AcDbLine
 10
-23.346893077036974
 20
54.088769395584656
 30
0.0
 11
-23.507916097916166
 21
54.10425858642183
 31
0.0
  0
LINE
  5
348
330
17
100
AcDbEntity
  8
0
100
AcDbLine
 10
-23.507916097916166
 20
54.10425858642183
 30
0.0
 11
-23.669064186829097
 21
54.11936506012109
 31
0.0
  0
LINE
  5
349
330
17
100
AcDbEntity
  8
0
100
AcDbLine
 10
-23.669064186829097
 20
54.11936506012109
 30
0.0
 11
-23.8303363816729
 21
54.134088240572076
 31
0.0
  0
LINE
  5
34A
330
17
100
AcDbEntity
  8
0
100
AcDbLine
 10
-23.8303363816729
 20
54.134088240572076
 30
0.0
 11
-23.99173171791945
 21
54.14842755419817
 31
0.0
  0
LINE
  5
34B
330
17
100
AcDbEntity
  8
0
100
AcDbLine
 10
-23.99173171791945
 20
54.14842755419817
 30
0.0
 11
-24.153249228812058
 21
54.162382429982365
 31
0.0
  0
LINE
  5
34C
330
17
100
AcDbEntity
  8
0
100
AcDbLine
 10
-24.153249228812058
 20
54.162382429982365
 30
0.0
 11
-24.314887990650682
 21
54.17595230359603
 31
0.0
  0
LINE
  5
34D
330
17
100
AcDbEntity
  8
0
100
AcDbLine
 10
-24.314887990650682
 20
54.17595230359603
 30
0.0
 11
-24.47664706696891
 21
54.18913661321874
 31
0.0
  0
LINE
  5
34E
330
17
100
AcDbEntity
  8
0
100
AcDbLine
 10
-24.47664706696891
 20
54.18913661321874
 30
0.0
 11
-24.638525483846216
 21
54.20193479677689
 31
0.0
  0
LINE
  5
34F
330
17
100
AcDbEntity
  8
0
100
AcDbLine
 10
-24.638525483846216
 20
54.20193479677689
 30
0.0
 11
-24.80052226498582
 21
54.21434629477654
 31
0.0
  0
LINE
  5
350
330
17
100
AcDbEntity
  8
0
100
AcDbLine
 10
-24.80052226498582
 20
54.21434629477654
 30
0.0
 11
-24.96263643172184
 21
54.2263705503133
 31
0.0
  0
LINE
  5
351
330
17
100
AcDbEntity
  8
0
100
AcDbLine
 10
-24.96263643172184
 20
54.2263705503133
 30
0.0
 11
-25.124867003026452
 21
54.238007009081365
 31
0.0
  0
LINE
  5
352
330
17
100
AcDbEntity
  8
0
100
AcDbLine
 10
-25.124867003026452
 20
54.238007009081365
 30
0.0
 11
-25.287212995516963
 21
54.24925511938314
 31
0.0
  0
LINE
  5
353
330
17
100
AcDbEntity
  8
0
100
AcDbLine
 10
-25.287212995516963
 20
54.24925511938314
 30
0.0
 11
-25.44967341478332
 21
54.26011433155724
 31
0.0
  0
LINE
  5
354
330
17
100
AcDbEntity
  8
0
100
AcDbLine
 10
-25.44967341478332
 20
54.26011433155724
 30
0.0
 11
-25.612246918556067
 21
54.27058407345839
 31
0.0
  0
LINE
  5
355
330
17
100
AcDbEntity
  8
0
100
AcDbLine
 10
-25.612246918556067
 20
54.27058407345839
 30
0.0
 11
-25.77493233003
 21
54.28066378124216
 31
0.0
  0
LINE
  5
356
330
17
100
AcDbEntity
  8
0
100
AcDbLine
 10
-25.77493233003
 20
54.28066378124216
 30
0.0
 11
-25.93772865469228
 21
54.29035290513635
 31
0.0
  0
LINE
  5
357
330
17
100
AcDbEntity
  8
0
100
AcDbLine
 10
-25.93772865469228
 20
54.29035290513635
 30
0.0
 11
-26.100634895616558
 21
54.29965089803785
 31
0.0
  0
LINE
  5
358
330
17
100
AcDbEntity
  8
0
100
AcDbLine
 10
-26.100634895616558
 20
54.29965089803785
 30
0.0
 11
-26.263650053470464
 21
54.308557215522576
 31
0.0
  0
LINE
  5
359
330
17
100
AcDbEntity
  8
0
100
AcDbLine
 10
-26.263650053470464
 20
54.308557215522576
 30
0.0
 11
-26.426773126523173
 21
54.31707131585518
 31
0.0
  0
LINE
  5
35A
330
17
100
AcDbEntity
  8
0
100
AcDbLine
 10
-26.426773126523173
 20
54.31707131585518
 30
0.0
 11
-26.590003110652788
 21
54.32519265999888
 31
0.0
  0
LINE
  5
35B
330
17
100
AcDbEntity
  8
0
100
AcDbLine
 10
-26.590003110652788
 20
54.32519265999888
 30
0.0
 11
-26.753338994055675
 21
54.332920711369475
 31
0.0
  0
LINE
  5
35C
330
17
100
AcDbEntity
  8
0
100
AcDbLine
 10
-26.753338994055675
 20
54.332920711369475
 30
0.0
 11
-26.916779677468178
 21
54.340254931440576
 31
0.0
  0
LINE
  5
35D
330
17
100
AcDbEntity
  8
0
100
AcDbLine
 10
-26.916779677468178
 20
54.340254931440576
 30
0.0
 11
-27.080324116754547
 21
54.34719478591703
 31
0.0
  0
LINE
  5
35E
330
17
100
AcDbEntity
  8
0
100
AcDbLine
 10
-27.080324116754547
 20
54.34719478591703
 30
0.0
 11
-27.243971297848503
 21
54.35373974464323
 31
0.0
  0
LINE
  5
35F
330
17
100
AcDbEntity
  8
0
100
AcDbLine
 10
-27.243971297848503
 20
54.35373974464323
 30
0.0
 11
-27.40772020430871
 21
54.35988928021455
 31
0.0
  0
LINE
  5
360
330
17
100
AcDbEntity
  8
0
100
AcDbLine
 10
-27.40772020430871
 20
54.35988928021455
 30
0.0
 11
-27.57156981732669
 21
54.365642867987326
 31
0.0
  0
LINE
  5
361
330
17
100
AcDbEntity
  8
0
100
AcDbLine
 10
-27.57156981732669
 20
54.365642867987326
 30
0.0
 11
-27.73551911573447
 21
54.37099998608851
 31
0.0
  0
LINE
  5
362
330
17
100
AcDbEntity
  8
0
100
AcDbLine
 10
-27.73551911573447
 20
54.37099998608851
 30
0.0
 11
-27.899567076012552
 21
54.37596011542558
 31
0.0
  0
LINE
  5
363
330
17
100
AcDbEntity
  8
0
100
AcDbLine
 10
-27.899567076012552
 20
54.37596011542558
 30
0.0
 11
-28.063712648745643
 21
54.3805227389984
 31
0.0
  0
LINE
  5
364
330
17
100
AcDbEntity
  8
0
100
AcDbLine
 10
-28.063712648745643
 20
54.3805227389984
 30
0.0
 11
-28.227954584675842
 21
54.38468733523887
 31
0.0
  0
LINE
  5
365
330
17
100
AcDbEntity
  8
0
100
AcDbLine
 10
-28.227954584675842
 20
54.38468733523887
 30
0.0
 11
-28.392291798018
 21
54.38845338743901
 31
0.0
  0
LINE
  5
366
330
17
100
AcDbEntity
  8
0
100
AcDbLine
 10
-28.392291798018
 20
54.38845338743901
 30
0.0
 11
-28.556723254769075
 21
54.39182038304093
 31
0.0
  0
LINE
  5
367
330
17
100
AcDbEntity
  8
0
100
AcDbLine
 10
-28.556723254769075
 20
54.39182038304093
 30
0.0
 11
-28.721247918562398
 21
54.394787812325326
 31
0.0
  0
LINE
  5
368
330
17
100
AcDbEntity
  8
0
100
AcDbLine
 10
-28.721247918562398
 20
54.394787812325326
 30
0.0
 11
-28.885864750675985
 21
54.39735516842173
 31
0.0
  0
LINE
  5
369
330
17
100
AcDbEntity
  8
0
100
AcDbLine
 10
-28.885864750675985
 20
54.39735516842173
 30
0.0
 11
-29.05057271004054
 21
54.399521947318156
 31
0.0
  0
LINE
  5
36A
330
17
100
AcDbEntity
  8
0
100
AcDbLine
 10
-29.05057271004054
 20
54.399521947318156
 30
0.0
 11
-29.21537075324774
 21
54.40128764787112
 31
0.0
  0
LINE
  5
36B
330
17
100
AcDbEntity
  8
0
100
AcDbLine
 10
-29.21537075324774
 20
54.40128764787112
 30
0.0
 11
-29.380257778155034
 21
54.4026517711981
 31
0.0
  0
LINE
  5
36C
330
17
100
AcDbEntity
  8
0
100
AcDbLine
 10
-29.380257778155034
 20
54.4026517711981
 30
0.0
 11
-29.545232406732822
 21
54.40361381570306
 31
0.0
  0
LINE
  5
36D
330
17
100
AcDbEntity
  8
0
100
AcDbLine
 10
-29.545232406732822
 20
54.40361381570306
 30
0.0
 11
-29.710293533515582
 21
54.404173281701496
 31
0.0
  0
LINE
  5
36E
330
17
100
AcDbEntity
  8
0
100
AcDbLine
 10
-29.710293533515582
 20
54.404173281701496
 30
0.0
 11
-29.875440103983124
 21
54.40432967273632
 31
0.0
  0
LINE
  5
36F
330
17
100
AcDbEntity
  8
0
100
AcDbLine
 10
-29.875440103983124
 20
54.40432967273632
 30
0.0
 11
-30.040671061241632
 21
54.40408249528405
 31
0.0
  0
LINE
  5
370
330
17
100
AcDbEntity
  8
0
100
AcDbLine
 10
-30.040671061241632
 20
54.40408249528405
 30
0.0
 11
-30.205985346032264
 21
54.40343125876512
 31
0.0
  0
LINE
  5
371
330
17
100
AcDbEntity
  8
0
100
AcDbLine
 10
-30.205985346032264
 20
54.40343125876512
 30
0.0
 11
-30.371381896739564
 21
54.40237547555379
 31
0.0
  0
LINE
  5
372
330
17
100
AcDbEntity
  8
0
100
AcDbLine
 10
-30.371381896739564
 20
54.40237547555379
 30
0.0
 11
-30.536859649400256
 21
54.400914660988555
 31
0.0
  0
LINE
  5
373
330
17
100
AcDbEntity
  8
0
100
AcDbLine
 10
-30.536859649400256
 20
54.400914660988555
 30
0.0
 11
-30.702417516616052
 21
54.39904833354547
 31
0.0
  0
LINE
  5
374
330
17
100
AcDbEntity
  8
0
100
AcDbLine
 10
-30.702417516616052
 20
54.39904833354547
 30
0.0
 11
-30.868054347781275
 21
54.39677601439441
 31
0.0
  0
LINE
  5
375
330
17
100
AcDbEntity
  8
0
100
AcDbLine
 10
-30.868054347781275
 20
54.39677601439441
 30
0.0
 11
-31.03376906330432
 21
54.39409722618907
 31
0.0
  0
LINE
  5
376
330
17
100
AcDbEntity
  8
0
100
AcDbLine
 10
-31.03376906330432
 20
54.39409722618907
 30
0.0
 11
-31.19956058941731
 21
54.3910114944859
 31
0.0
  0
LINE
  5
377
330
17
100
AcDbEntity
  8
0
100
AcDbLine
 10
-31.19956058941731
 20
54.3910114944859
 30
0.0
 11
-31.365427850028837
 21
54.38751834786026
 31
0.0
  0
LINE
  5
378
330
17
100
AcDbEntity
  8
0
100
AcDbLine
 10
-31.365427850028837
 20
54.38751834786026
 30
0.0
 11
-31.531369766732936
 21
54.38361731791647
 31
0.0
  0
LINE
  5
379
330
17
100
AcDbEntity
  8
0
100
AcDbLine
 10
-31.531369766732936
 20
54.38361731791647
 30
0.0
 11
-31.697385258817782
 21
54.379307939297895
 31
0.0
  0
LINE
  5
37A
330
17
100
AcDbEntity
  8
0
100
AcDbLine
 10
-31.697385258817782
 20
54.379307939297895
 30
0.0
 11
-31.863473243274882
 21
54.3745897496971
 31
0.0
  0
LINE
  5
37B
330
17
100
AcDbEntity
  8
0
100
AcDbLine
 10
-31.863473243274882
 20
54.3745897496971
 30
0.0
 11
-32.029632464623035
 21
54.36946229436945
 31
0.0
  0
LINE
  5
37C
330
17
100
AcDbEntity
  8
0
100
AcDbLine
 10
-32.029632464623035
 20
54.36946229436945
 30
0.0
 11
-32.195861382530325
 21
54.36392512403955
 31
0.0
  0
LINE
  5
37D
330
17
100
AcDbEntity
  8
0
100
AcDbLine
 10
-32.195861382530325
 20
54.36392512403955
 30
0.0
 11
-32.36215887995466
 21
54.35797777624337
 31
0.0
  0
LINE
  5
37E
330
17
100
AcDbEntity
  8
0
100
AcDbLine
 10
-32.36215887995466
 20
54.35797777624337
 30
0.0
 11
-32.52852386167952
 21
54.35161979086515
 31
0.0
  0
LINE
  5
37F
330
17
100
AcDbEntity
  8
0
100
AcDbLine
 10
-32.52852386167952
 20
54.35161979086515
 30
0.0
 11
-32.69495523012499
 21
54.34485071091641
 31
0.0
  0
LINE
  5
380
330
17
100
AcDbEntity
  8
0
100
AcDbLine
 10
-32.69495523012499
 20
54.34485071091641
 30
0.0
 11
-32.8614518853571
 21
54.3376700825465
 31
0.0
  0
LINE
  5
381
330
17
100
AcDbEntity
  8
0
100
AcDbLine
 10
-32.8614518853571
 20
54.3376700825465
 30
0.0
 11
-33.028012725097234
 21
54.33007745505318
 31
0.0
  0
LINE
  5
382
330
17
100
AcDbEntity
  8
0
100
AcDbLine
 10
-33.028012725097234
 20
54.33007745505318
 30
0.0
 11
-33.194636644731645
 21
54.322072380892926
 31
0.0
  0
LINE
  5
383
330
17
100
AcDbEntity
  8
0
100
AcDbLine
 10
-33.194636644731645
 20
54.322072380892926
 30
0.0
 11
-33.36132244369641
 21
54.31365441992633
 31
0.0
  0
LINE
  5
384
330
17
100
AcDbEntity
  8
0
100
AcDbLine
 10
-33.36132244369641
 20
54.31365441992633
 30
0.0
 11
-33.528068841086544
 21
54.30482313632455
 31
0.0
  0
LINE
  5
385
330
17
100
AcDbEntity
  8
0
100
AcDbLine
 10
-33.528068841086544
 20
54.30482313632455
 30
0.0
 11
-33.694874720391006
 21
54.295578088062875
 31
0.0
  0
LINE
  5
386
330
17
100
AcDbEntity
  8
0
100
AcDbLine
 10
-33.694874720391006
 20
54.295578088062875
 30
0.0
 11
-33.861738966372684
 21
54.28591883614684
 31
0.0
  0
LINE
  5
387
330
17
100
AcDbEntity
  8
0
100
AcDbLine
 10
-33.861738966372684
 20
54.28591883614684
 30
0.0
 11
-34.0286604614606
 21
54.27584494480546
 31
0.0
  0
LINE
  5
388
330
17
100
AcDbEntity
  8
0
100
AcDbLine
 10
-34.0286604614606
 20
54.27584494480546
 30
0.0
 11
-34.19563808575977
 21
54.26535598150219
 31
0.0
  0
LINE
  5
389
330
17
100
AcDbEntity
  8
0
100
AcDbLine
 10
-34.19563808575977
 20
54.26535598150219
 30
0.0
 11
-34.362670717060865
 21
54.25445151694522
 31
0.0
  0
LINE
  5
38A
330
17
100
AcDbEntity
  8
0
100
AcDbLine
 10
-34.362670717060865
 20
54.25445151694522
 30
0.0
 11
-34.529757230850265
 21
54.24313112509814
 31
0.0
  0
LINE
  5
38B
330
17
100
AcDbEntity
  8
0
100
AcDbLine
 10
-34.529757230850265
 20
54.24313112509814
 30
0.0
 11
-34.696896340500984
 21
54.231394393428296
 31
0.0
  0
LINE
  5
38C
330
17
100
AcDbEntity
  8
0
100
AcDbLine
 10
-34.696896340500984
 20
54.231394393428296
 30
0.0
 11
-34.86408671834053
 21
54.21924091154761
 31
0.0
  0
LINE
  5
38D
330
17
100
AcDbEntity
  8
0
100
AcDbLine
 10
-34.86408671834053
 20
54.21924091154761
 30
0.0
 11
-35.03132723057396
 21
54.2066702576849
 31
0.0
  0
LINE
  5
38E
330
17
100
AcDbEntity
  8
0
100
AcDbLine
 10
-35.03132723057396
 20
54.2066702576849
 30
0.0
 11
-35.198616741615844
 21
54.19368201334692
 31
0.0
  0
LINE
  5
38F
330
17
100
AcDbEntity
  8
0
100
AcDbLine
 10
-35.198616741615844
 20
54.19368201334692
 30
0.0
 11
-35.36595411356442
 21
54.18027576336639
 31
0.0
  0
LINE
  5
390
330
17
100
AcDbEntity
  8
0
100
AcDbLine
 10
-35.36595411356442
 20
54.18027576336639
 30
0.0
 11
-35.533338206211575
 21
54.166451095912656
 31
0.0
  0
LINE
  5
391
330
17
100
AcDbEntity
  8
0
100
AcDbLine
 10
-35.533338206211575
 20
54.166451095912656
 30
0.0
 11
-35.70076787705335
 21
54.152207602502436
 31
0.0
  0
LINE
  5
392
330
17
100
AcDbEntity
  8
0
100
AcDbLine
 10
-35.70076787705335
 20
54.152207602502436
 30
0.0
 11
-35.86824198035556
 21
54.1375448780939
 31
0.0
  0
LINE
  5
393
330
17
100
AcDbEntity
  8
0
100
AcDbLine
 10
-35.86824198035556
 20
54.1375448780939
 30
0.0
 11
-36.03575902126923
 21
54.12246254977017
 31
0.0
  0
LINE
  5
394
330
17
100
AcDbEntity
  8
0
100
AcDbLine
 10
-36.03575902126923
 20
54.12246254977017
 30
0.0
 11
-36.20331756649385
 21
54.1069602355763
 31
0.0
  0
LINE
  5
395
330
17
100
AcDbEntity
  8
0
100
AcDbLine
 10
-36.20331756649385
 20
54.1069602355763
 30
0.0
 11
-36.37091646090784
 21
54.09103753067166
 31
0.0
  0
LINE
  5
396
330
17
100
AcDbEntity
  8
0
100
AcDbLine
 10
-36.37091646090784
 20
54.09103753067166
 30
0.0
 11
-36.53855454703641
 21
54.074694033649955
 31
0.0
  0
LINE
  5
397
330
17
100
AcDbEntity
  8
0
100
AcDbLine
 10
-36.53855454703641
 20
54.074694033649955
 30
0.0
 11
-36.70623066506215
 21
54.0579293465505
 31
0.0
  0
LINE
  5
398
330
17
100
AcDbEntity
  8
0
100
AcDbLine
 10
-36.70623066506215
 20
54.0579293465505
 30
0.0
 11
-36.87394365283588
 21
54.04074307486929
 31
0.0
  0
LINE
  5
399
330
17
100
AcDbEntity
  8
0
100
AcDbLine
 10
-36.87394365283588
 20
54.04074307486929
 30
0.0
 11
-37.041692345887505
 21
54.023134827570054
 31
0.0
  0
LINE
  5
39A
330
17
100
AcDbEntity
  8
0
100
AcDbLine
 10
-37.041692345887505
 20
54.023134827570054
 30
0.0
 11
-37.20947557751493
 21
54.00510421708682
 31
0.0
  0
LINE
  5
39B
330
17
100
AcDbEntity
  8
0
100
AcDbLine
 10
-37.20947557751493
 20
54.00510421708682
 30
0.0
 11
-37.37729218233336
 21
53.98665085897657
 31
0.0
  0
LINE
  5
39C
330
17
100
AcDbEntity
  8
0
100
AcDbLine
 10
-37.37729218233336
 20
53.98665085897657
 30
0.0
 11
-37.54514099102453
 21
53.96777437253554
 31
0.0
  0
LINE
  5
39D
330
17
100
AcDbEntity
  8
0
100
AcDbLine
 10
-37.54514099102453
 20
53.96777437253554
 30
0.0
 11
-37.71302082997797
 21
53.948474380799034
 31
0.0
  0
LINE
  5
39E
330
17
100
AcDbEntity
  8
0
100
AcDbLine
 10
-37.71302082997797
 20
53.948474380799034
 30
0.0
 11
-37.8809305233181
 21
53.92875051032453
 31
0.0
  0
LINE
  5
39F
330
17
100
AcDbEntity
  8
0
100
AcDbLine
 10
-37.8809305233181
 20
53.92875051032453
 30
0.0
 11
-38.04886889291524
 21
53.90860239120273
 31
0.0
  0
LINE
  5
3A0
330
17
100
AcDbEntity
  8
0
100
AcDbLine
 10
-38.04886889291524
 20
53.90860239120273
 30
0.0
 11
-38.21683475839675
 21
53.88802965706834
 31
0.0
  0
LINE
  5
3A1
330
17
100
AcDbEntity
  8
0
100
AcDbLine
 10
-38.21683475839675
 20
53.88802965706834
 30
0.0
 11
-38.38482693715826
 21
53.8670319451107
 31
0.0
  0
LINE
  5
3A2
330
17
100
AcDbEntity
  8
0
100
AcDbLine
 10
-38.38482693715826
 20
53.8670319451107
 30
0.0
 11
-38.55284422142195
 21
53.8456088989899
 31
0.0
  0
LINE
  5
3A3
330
17
100
AcDbEntity
  8
0
100
AcDbLine
 10
-38.55284422142195
 20
53.8456088989899
 30
0.0
 11
-38.72088499571411
 21
53.82376021454083
 31
0.0
  0
LINE
  5
3A4
330
17
100
AcDbEntity
  8
0
100
AcDbLine
 10
-38.72088499571411
 20
53.82376021454083
 30
0.0
 11
-38.88894790619891
 21
53.80148555134287
 31
0.0
  0
LINE
  5
3A5
330
17
100
AcDbEntity
  8
0
100
AcDbLine
 10
-38.88894790619891
 20
53.80148555134287
 30
0.0
 11
-39.057031757614226
 21
53.77878455136413
 31
0.0
  0
LINE
  5
3A6
330
17
100
AcDbEntity
  8
0
100
AcDbLine
 10
-39.057031757614226
 20
53.77878455136413
 30
0.0
 11
-39.22513535241681
 21
53.75565686021873
 31
0.0
  0
LINE
  5
3A7
330
17
100
AcDbEntity
  8
0
100
AcDbLine
 10
-39.22513535241681
 20
53.75565686021873
 30
0.0
 11
-39.393257490793786
 21
53.73210212717789
 31
0.0
  0
LINE
  5
3A8
330
17
100
AcDbEntity
  8
0
100
AcDbLine
 10
-39.393257490793786
 20
53.73210212717789
 30
0.0
 11
-39.56139697067463
 21
53.70812000518125
 31
0.0
  0
LINE
  5
3A9
330
17
100
AcDbEntity
  8
0
100
AcDbLine
 10
-39.56139697067463
 20
53.70812000518125
 30
0.0
 11
-39.72955258774267
 21
53.68371015084771
 31
0.0
  0
LINE
  5
3AA
330
17
100
AcDbEntity
  8
0
100
AcDbLine
 10
-39.72955258774267
 20
53.68371015084771
 30
0.0
 11
-39.89772316038675
 21
53.65887222084911
 31
0.0
  0
LINE
  5
3AB
330
17
100
AcDbEntity
  8
0
100
AcDbLine
 10
-39.89772316038675
 20
53.65887222084911
 30
0.0
 11
-40.06590773020592
 21
53.63360584447249
 31
0.0
  0
LINE
  5
3AC
330
17
100
AcDbEntity
  8
0
100
AcDbLine
 10
-40.06590773020592
 20
53.63360584447249
 30
0.0
 11
-40.2341051526843
 21
53.60791068501319
 31
0.0
  0
LINE
  5
3AD
330
17
100
AcDbEntity
  8
0
100
AcDbLine
 10
-40.2341051526843
 20
53.60791068501319
 30
0.0
 11
-40.40231421688434
 21
53.5817864192016
 31
0.0
  0
LINE
  5
3AE
330
17
100
AcDbEntity
  8
0
100
AcDbLine
 10
-40.40231421688434
 20
53.5817864192016
 30
0.0
 11
-40.570533709740765
 21
53.55523272748058
 31
0.0
  0
LINE
  5
3AF
330
17
100
AcDbEntity
  8
0
100
AcDbLine
 10
-40.570533709740765
 20
53.55523272748058
 30
0.0
 11
-40.738762416072355
 21
53.52824929401587
 31
0.0
  0
LINE
  5
3B0
330
17
100
AcDbEntity
  8
0
100
AcDbLine
 10
-40.738762416072355
 20
53.52824929401587
 30
0.0
 11
-40.90699911859403
 21
53.5008358067067
 31
0.0
  0
LINE
  5
3B1
330
17
100
AcDbEntity
  8
0
100
AcDbLine
 10
-40.90699911859403
 20
53.5008358067067
 30
0.0
 11
-41.0752425979288
 21
53.47299195719619
 31
0.0
  0
LINE
  5
3B2
330
17
100
AcDbEntity
  8
0
100
AcDbLine
 10
-41.0752425979288
 20
53.47299195719619
 30
0.0
 11
-41.24349154548169
 21
53.44471745528653
 31
0.0
  0
LINE
  5
3B3
330
17
100
AcDbEntity
  8
0
100
AcDbLine
 10
-41.24349154548169
 20
53.44471745528653
 30
0.0
 11
-41.411744198525476
 21
53.416012084811435
 31
0.0
  0
LINE
  5
3B4
330
17
100
AcDbEntity
  8
0
100
AcDbLine
 10
-41.411744198525476
 20
53.416012084811435
 30
0.0
 11
-41.57999923477379
 21
53.38687555321186
 31
0.0
  0
LINE
  5
3B5
330
17
100
AcDbEntity
  8
0
100
AcDbLine
 10
-41.57999923477379
 20
53.38687555321186
 30
0.0
 11
-41.748255421616264
 21
53.357307556065784
 31
0.0
  0
LINE
  5
3B6
330
17
100
AcDbEntity
  8
0
100
AcDbLine
 10
-41.748255421616264
 20
53.357307556065784
 30
0.0
 11
-41.91651152428743
 21
53.32730779279634
 31
0.0
  0
LINE
  5
3B7
330
17
100
AcDbEntity
  8
0
100
AcDbLine
 10
-41.91651152428743
 20
53.32730779279634
 30
0.0
 11
-42.084766305879356
 21
53.296875966683025
 31
0.0
  0
LINE
  5
3B8
330
17
100
AcDbEntity
  8
0
100
AcDbLine
 10
-42.084766305879356
 20
53.296875966683025
 30
0.0
 11
-42.253018527354314
 21
53.26601178487244
 31
0.0
  0
LINE
  5
3B9
330
17
100
AcDbEntity
  8
0
100
AcDbLine
 10
-42.253018527354314
 20
53.26601178487244
 30
0.0
 11
-42.42126694755739
 21
53.23471495838938
 31
0.0
  0
LINE
  5
3BA
330
17
100
AcDbEntity
  8
0
100
AcDbLine
 10
-42.42126694755739
 20
53.23471495838938
 30
0.0
 11
-42.58951040010582
 21
53.20298518793147
 31
0.0
  0
LINE
  5
3BB
330
17
100
AcDbEntity
  8
0
100
AcDbLine
 10
-42.58951040010582
 20
53.20298518793147
 30
0.0
 11
-42.75774795386962
 21
53.17082213727418
 31
0.0
  0
LINE
  5
3BC
330
17
100
AcDbEntity
  8
0
100
AcDbLine
 10
-42.75774795386962
 20
53.17082213727418
 30
0.0
 11
-42.92597839775357
 21
53.138225529389864
 31
0.0
  0
LINE
  5
3BD
330
17
100
AcDbEntity
  8
0
100
AcDbLine
 10
-42.92597839775357
 20
53.138225529389864
 30
0.0
 11
-43.09420048535173
 21
53.10519509749158
 31
0.0
  0
LINE
  5
3BE
330
17
100
AcDbEntity
  8
0
100
AcDbLine
 10
-43.09420048535173
 20
53.10519509749158
 30
0.0
 11
-43.26241296827789
 21
53.07173057869351
 31
0.0
  0
LINE
  5
3BF
330
17
100
AcDbEntity
  8
0
100
AcDbLine
 10
-43.26241296827789
 20
53.07173057869351
 30
0.0
 11
-43.43061459617845
 21
53.0378317140212
 31
0.0
  0
LINE
  5
3C0
330
17
100
AcDbEntity
  8
0
100
AcDbLine
 10
-43.43061459617845
 20
53.0378317140212
 30
0.0
 11
-43.59880411674518
 21
53.00349824842154
 31
0.0
  0
LINE
  5
3C1
330
17
100
AcDbEntity
  8
0
100
AcDbLine
 10
-43.59880411674518
 20
53.00349824842154
 30
0.0
 11
-43.766980275728045
 21
52.968729930773186
 31
0.0
  0
LINE
  5
3C2
330
17
100
AcDbEntity
  8
0
100
AcDbLine
 10
-43.766980275728045
 20
52.968729930773186
 30
0.0
 11
-43.93514158925631
 21
52.93352656050825
 31
0.0
  0
LINE
  5
3C3
330
17
100
AcDbEntity
  8
0
100
AcDbLine
 10
-43.93514158925631
 20
52.93352656050825
 30
0.0
 11
-44.103286163366455
 21
52.897888017064496
 31
0.0
  0
LINE
  5
3C4
330
17
100
AcDbEntity
  8
0
100
AcDbLine
 10
-44.103286163366455
 20
52.897888017064496
 30
0.0
 11
-44.271412694308054
 21
52.86181405500671
 31
0.0
  0
LINE
  5
3C5
330
17
100
AcDbEntity
  8
0
100
AcDbLine
 10
-44.271412694308054
 20
52.86181405500671
 30
0.0
 11
-44.43951991333016
 21
52.82530442514375
 31
0.0
  0
LINE
  5
3C6
330
17
100
AcDbEntity
  8
0
100
AcDbLine
 10
-44.43951991333016
 20
52.82530442514375
 30
0.0
 11
-44.60760654965053
 21
52.78835888233491
 31
0.0
  0
LINE
  5
3C7
330
17
100
AcDbEntity
  8
0
100
AcDbLine
 10
-44.60760654965053
 20
52.78835888233491
 30
0.0
 11
-44.775671330468995
 21
52.75097718550081
 31
0.0
  0
LINE
  5
3C8
330
17
100
AcDbEntity
  8
0
100
AcDbLine
 10
-44.775671330468995
 20
52.75097718550081
 30
0.0
 11
-44.94371298098099
 21
52.713159097634225
 31
0.0
  0
LINE
  5
3C9
330
17
100
AcDbEntity
  8
0
100
AcDbLine
 10
-44.94371298098099
 20
52.713159097634225
 30
0.0
 11
-45.11173022439135
 21
52.67490438581061
 31
0.0
  0
LINE
  5
3CA
330
17
100
AcDbEntity
  8
0
100
AcDbLine
 10
-45.11173022439135
 20
52.67490438581061
 30
0.0
 11
-45.279721931413484
 21
52.6362127876076
 31
0.0
  0
LINE
  5
3CB
330
17
100
AcDbEntity
  8
0
100
AcDbLine
 10
-45.279721931413484
 20
52.6362127876076
 30
0.0
 11
-45.44768710925726
 21
52.597084017831314
 31
0.0
  0
LINE
  5
3CC
330
17
100
AcDbEntity
  8
0
100
AcDbLine
 10
-45.44768710925726
 20
52.597084017831314
 30
0.0
 11
-45.61562448570007
 21
52.55751786112672
 31
0.0
  0
LINE
  5
3CD
330
17
100
AcDbEntity
  8
0
100
AcDbLine
 10
-45.61562448570007
 20
52.55751786112672
 30
0.0
 11
-45.78353277966017
 21
52.517514107841926
 31
0.0
  0
LINE
  5
3CE
330
17
100
AcDbEntity
  8
0
100
AcDbLine
 10
-45.78353277966017
 20
52.517514107841926
 30
0.0
 11
-45.95141070820988
 21
52.47707255242508
 31
0.0
  0
LINE
  5
3CF
330
17
100
AcDbEntity
  8
0
100
AcDbLine
 10
-45.95141070820988
 20
52.47707255242508
 30
0.0
 11
-46.119256986589185
 21
52.4361929934342
 31
0.0
  0
LINE
  5
3D0
330
17
100
AcDbEntity
  8
0
100
AcDbLine
 10
-46.119256986589185
 20
52.4361929934342
 30
0.0
 11
-46.287070328219656
 21
52.394875233547104
 31
0.0
  0
LINE
  5
3D1
330
17
100
AcDbEntity
  8
0
100
AcDbLine
 10
-46.287070328219656
 20
52.394875233547104
 30
0.0
 11
-46.454849444718036
 21
52.35311907957125
 31
0.0
  0
LINE
  5
3D2
330
17
100
AcDbEntity
  8
0
100
AcDbLine
 10
-46.454849444718036
 20
52.35311907957125
 30
0.0
 11
-46.622592628297824
 21
52.310924444740074
 31
0.0
  0
LINE
  5
3D3
330
17
100
AcDbEntity
  8
0
100
AcDbLine
 10
-46.622592628297824
 20
52.310924444740074
 30
0.0
 11
-46.79029803948905
 21
52.26829126776733
 31
0.0
  0
LINE
  5
3D4
330
17
100
AcDbEntity
  8
0
100
AcDbLine
 10
-46.79029803948905
 20
52.26829126776733
 30
0.0
 11
-46.95796437445253
 21
52.22521935356355
 31
0.0
  0
LINE
  5
3D5
330
17
100
AcDbEntity
  8
0
100
AcDbLine
 10
-46.95796437445253
 20
52.22521935356355
 30
0.0
 11
-47.12559032968612
 21
52.18170851072373
 31
0.0
  0
LINE
  5
3D6
330
17
100
AcDbEntity
  8
0
100
AcDbLine
 10
-47.12559032968612
 20
52.18170851072373
 30
0.0
 11
-47.293174599787314
 21
52.13775855210283
 31
0.0
  0
LINE
  5
3D7
330
17
100
AcDbEntity
  8
0
100
AcDbLine
 10
-47.293174599787314
 20
52.13775855210283
 30
0.0
 11
-47.46071587746789
 21
52.09336929482637
 31
0.0
  0
LINE
  5
3D8
330
17
100
AcDbEntity
  8
0
100
AcDbLine
 10
-47.46071587746789
 20
52.09336929482637
 30
0.0
 11
-47.62821285356845
 21
52.0485405603009
 31
0.0
  0
LINE
  5
3D9
330
17
100
AcDbEntity
  8
0
100
AcDbLine
 10
-47.62821285356845
 20
52.0485405603009
 30
0.0
 11
-47.79566421730559
 21
52.0032721741614
 31
0.0
  0
LINE
  5
3DA
330
17
100
AcDbEntity
  8
0
100
AcDbLine
 10
-47.79566421730559
 20
52.0032721741614
 30
0.0
 11
-47.96306880492896
 21
51.95756392684003
 31
0.0
  0
LINE
  5
3DB
330
17
100
AcDbEntity
  8
0
100
AcDbLine
 10
-47.96306880492896
 20
51.95756392684003
 30
0.0
 11
-48.13042543045068
 21
51.91141562189592
 31
0.0
  0
LINE
  5
3DC
330
17
100
AcDbEntity
  8
0
100
AcDbLine
 10
-48.13042543045068
 20
51.91141562189592
 30
0.0
 11
-48.29773277973296
 21
51.86482710223493
 31
0.0
  0
LINE
  5
3DD
330
17
100
AcDbEntity
  8
0
100
AcDbLine
 10
-48.29773277973296
 20
51.86482710223493
 30
0.0
 11
-48.46498953688781
 21
51.817798215071726
 31
0.0
  0
LINE
  5
3DE
330
17
100
AcDbEntity
  8
0
100
AcDbLine
 10
-48.46498953688781
 20
51.817798215071726
 30
0.0
 11
-48.63219438429169
 21
51.77032881193974
 31
0.0
  0
LINE
  5
3DF
330
17
100
AcDbEntity
  8
0
100
AcDbLine
 10
-48.63219438429169
 20
51.77032881193974
 30
0.0
 11
-48.79934600260007
 21
51.72241874870115
 31
0.0
  0
LINE
  5
3E0
330
17
100
AcDbEntity
  8
0
100
AcDbLine
 10
-48.79934600260007
 20
51.72241874870115
 30
0.0
 11
-48.966443070762445
 21
51.674067885556646
 31
0.0
  0
LINE
  5
3E1
330
17
100
AcDbEntity
  8
0
100
AcDbLine
 10
-48.966443070762445
 20
51.674067885556646
 30
0.0
 11
-49.13348426361355
 21
51.62527608776333
 31
0.0
  0
LINE
  5
3E2
330
17
100
AcDbEntity
  8
0
100
AcDbLine
 10
-49.13348426361355
 20
51.62527608776333
 30
0.0
 11
-49.30046812226959
 21
51.576043262657926
 31
0.0
  0
LINE
  5
3E3
330
17
100
AcDbEntity
  8
0
100
AcDbLine
 10
-49.30046812226959
 20
51.576043262657926
 30
0.0
 11
-49.467393242010644
 21
51.52636930309101
 31
0.0
  0
LINE
  5
3E4
330
17
100
AcDbEntity
  8
0
100
AcDbLine
 10
-49.467393242010644
 20
51.52636930309101
 30
0.0
 11
-49.634258293205086
 21
51.4762540834164
 31
0.0
  0
LINE
  5
3E5
330
17
100
AcDbEntity
  8
0
100
AcDbLine
 10
-49.634258293205086
 20
51.4762540834164
 30
0.0
 11
-49.801061944553204
 21
51.425697482394746
 31
0.0
  0
LINE
  5
3E6
330
17
100
AcDbEntity
  8
0
100
AcDbLine
 10
-49.801061944553204
 20
51.425697482394746
 30
0.0
 11
-49.967802863102314
 21
51.37469938320334
 31
0.0
  0
LINE
  5
3E7
330
17
100
AcDbEntity
  8
0
100
AcDbLine
 10
-49.967802863102314
 20
51.37469938320334
 30
0.0
 11
-50.13447971426202
 21
51.32325967344557
 31
0.0
  0
LINE
  5
3E8
330
17
100
AcDbEntity
  8
0
100
AcDbLine
 10
-50.13447971426202
 20
51.32325967344557
 30
0.0
 11
-50.30109116181952
 21
51.271378245160925
 31
0.0
  0
LINE
  5
3E9
330
17
100
AcDbEntity
  8
0
100
AcDbLine
 10
-50.30109116181952
 20
51.271378245160925
 30
0.0
 11
-50.467635868508054
 21
51.219054994661015
 31
0.0
  0
LINE
  5
3EA
330
17
100
AcDbEntity
  8
0
100
AcDbLine
 10
-50.467635868508054
 20
51.219054994661015
 30
0.0
 11
-50.63411250626894
 21
51.16628981940929
 31
0.0
  0
LINE
  5
3EB
330
17
100
AcDbEntity
  8
0
100
AcDbLine
 10
-50.63411250626894
 20
51.16628981940929
 30
0.0
 11
-50.80051973871942
 21
51.11308262364056
 31
0.0
  0
LINE
  5
3EC
330
17
100
AcDbEntity
  8
0
100
AcDbLine
 10
-50.80051973871942
 20
51.11308262364056
 30
0.0
 11
-50.96685622346205
 21
51.05943331748559
 31
0.0
  0
LINE
  5
3ED
330
17
100
AcDbEntity
  8
0
100
AcDbLine
 10
-50.96685622346205
 20
51.05943331748559
 30
0.0
 11
-51.133120616556724
 21
51.005341815557124
 31
0.0
  0
LINE
  5
3EE
330
17
100
AcDbEntity
  8
0
100
AcDbLine
 10
-51.133120616556724
 20
51.005341815557124
 30
0.0
 11
-51.29931157253615
 21
50.95080803695934
 31
0.0
  0
LINE
  5
3EF
330
17
100
AcDbEntity
  8
0
100
AcDbLine
 10
-51.29931157253615
 20
50.95080803695934
 30
0.0
 11
-51.46542774442139
 21
50.89583190529698
 31
0.0
  0
LINE
  5
3F0
330
17
100
AcDbEntity
  8
0
100
AcDbLine
 10
-51.46542774442139
 20
50.89583190529698
 30
0.0
 11
-51.63146778373731
 21
50.84041334868474
 31
0.0
  0
LINE
  5
3F1
330
17
100
AcDbEntity
  8
0
100
AcDbLine
 10
-51.63146778373731
 20
50.84041334868474
 30
0.0
 11
-51.79743033126188
 21
50.78455230285747
 31
0.0
  0
LINE
  5
3F2
330
17
100
AcDbEntity
  8
0
100
AcDbLine
 10
-51.79743033126188
 20
50.78455230285747
 30
0.0
 11
-51.96331393586126
 21
50.72824873755568
 31
0.0
  0
LINE
  5
3F3
330
17
100
AcDbEntity
  8
0
100
AcDbLine
 10
-51.96331393586126
 20
50.72824873755568
 30
0.0
 11
-52.12911721656539
 21
50.67150260152402
 31
0.0
  0
LINE
  5
3F4
330
17
100
AcDbEntity
  8
0
100
AcDbLine
 10
-52.12911721656539
 20
50.67150260152402
 30
0.0
 11
-52.29483881776154
 21
50.61431383892626
 31
0.0
  0
LINE
  5
3F5
330
17
100
AcDbEntity
  8
0
100
AcDbLine
 10
-52.29483881776154
 20
50.61431383892626
 30
0.0
 11
-52.460477382396384
 21
50.556682398494935
 31
0.0
  0
LINE
  5
3F6
330
17
100
AcDbEntity
  8
0
100
AcDbLine
 10
-52.460477382396384
 20
50.556682398494935
 30
0.0
 11
-52.62603155199191
 21
50.49860823354066
 31
0.0
  0
LINE
  5
3F7
330
17
100
AcDbEntity
  8
0
100
AcDbLine
 10
-52.62603155199191
 20
50.49860823354066
 30
0.0
 11
-52.79149996666148
 21
50.44009130196084
 31
0.0
  0
LINE
  5
3F8
330
17
100
AcDbEntity
  8
0
100
AcDbLine
 10
-52.79149996666148
 20
50.44009130196084
 30
0.0
 11
-52.95688126512589
 21
50.38113156624886
 31
0.0
  0
LINE
  5
3F9
330
17
100
AcDbEntity
  8
0
100
AcDbLine
 10
-52.95688126512589
 20
50.38113156624886
 30
0.0
 11
-53.12217414467028
 21
50.32172897213987
 31
0.0
  0
LINE
  5
3FA
330
17
100
AcDbEntity
  8
0
100
AcDbLine
 10
-53.12217414467028
 20
50.32172897213987
 30
0.0
 11
-53.287377634055716
 21
50.26188335496885
 31
0.0
  0
LINE
  5
3FB
330
17
100
AcDbEntity
  8
0
100
AcDbLine
 10
-53.287377634055716
 20
50.26188335496885
 30
0.0
 11
-53.4524904435033
 21
50.20159467356634
 31
0.0
  0
LINE
  5
3FC
330
17
100
AcDbEntity
  8
0
100
AcDbLine
 10
-53.4524904435033
 20
50.20159467356634
 30
0.0
 11
-53.61751121156691
 21
50.14086291688822
 31
0.0
  0
LINE
  5
3FD
330
17
100
AcDbEntity
  8
0
100
AcDbLine
 10
-53.61751121156691
 20
50.14086291688822
 30
0.0
 11
-53.7824385755771
 21
50.07968807847599
 31
0.0
  0
LINE
  5
3FE
330
17
100
AcDbEntity
  8
0
100
AcDbLine
 10
-53.7824385755771
 20
50.07968807847599
 30
0.0
 11
-53.947271171657434
 21
50.018070156464994
 31
0.0
  0
LINE
  5
3FF
330
17
100
AcDbEntity
  8
0
100
AcDbLine
 10
-53.947271171657434
 20
50.018070156464994
 30
0.0
 11
-54.112007634740195
 21
49.95600915359224
 31
0.0
  0
LINE
  5
400
330
17
100
AcDbEntity
  8
0
100
AcDbLine
 10
-54.112007634740195
 20
49.95600915359224
 30
0.0
 11
-54.276646598582396
 21
49.8935050772047
 31
0.0
  0
LINE
  5
401
330
17
100
AcDbEntity
  8
0
100
AcDbLine
 10
-54.276646598582396
 20
49.8935050772047
 30
0.0
 11
-54.4411865722268
 21
49.830557986033135
 31
0.0
  0
LINE
  5
402
330
17
100
AcDbEntity
  8
0
100
AcDbLine
 10
-54.4411865722268
 20
49.830557986033135
 30
0.0
 11
-54.60562565557756
 21
49.76716809207978
 31
0.0
  0
LINE
  5
403
330
17
100
AcDbEntity
  8
0
100
AcDbLine
 10
-54.60562565557756
 20
49.76716809207978
 30
0.0
 11
-54.76996241171089
 21
49.70333542868644
 31
0.0
  0
LINE
  5
404
330
17
100
AcDbEntity
  8
0
100
AcDbLine
 10
-54.76996241171089
 20
49.70333542868644
 30
0.0
 11
-54.93419546240907
 21
49.639060010838186
 31
0.0
  0
LINE
  5
405
330
17
100
AcDbEntity
  8
0
100
AcDbLine
 10
-54.93419546240907
 20
49.639060010838186
 30
0.0
 11
-55.09832342823897
 21
49.57434185824592
 31
0.0
  0
LINE
  5
406
330
17
100
AcDbEntity
  8
0
100
AcDbLine
 10
-55.09832342823897
 20
49.57434185824592
 30
0.0
 11
-55.26234492856866
 21
49.509180995354775
 31
0.0
  0
LINE
  5
407
330
17
100
AcDbEntity
  8
0
100
AcDbLine
 10
-55.26234492856866
 20
49.509180995354775
 30
0.0
 11
-55.42625858158417
 21
49.44357745135232
 31
0.0
  0
LINE
  5
408
330
17
100
AcDbEntity
  8
0
100
AcDbLine
 10
-55.42625858158417
 20
49.44357745135232
 30
0.0
 11
-55.590063004306344
 21
49.37753126017687
 31
0.0
  0
LINE
  5
409
330
17
100
AcDbEntity
  8
0
100
AcDbLine
 10
-55.590063004306344
 20
49.37753126017687
 30
0.0
 11
-55.75375690794026
 21
49.31104242229765
 31
0.0
  0
LINE
  5
40A
330
17
100
AcDbEntity
  8
0
100
AcDbLine
 10
-55.75375690794026
 20
49.31104242229765
 30
0.0
 11
-55.91733918677834
 21
49.24411087276882
 31
0.0
  0
LINE
  5
40B
330
17
100
AcDbEntity
  8
0
100
AcDbLine
 10
-55.91733918677834
 20
49.24411087276882
 30
0.0
 11
-56.08080847628993
 21
49.17673665861624
 31
0.0
  0
LINE
  5
40C
330
17
100
AcDbEntity
  8
0
100
AcDbLine
 10
-56.08080847628993
 20
49.17673665861624
 30
0.0
 11
-56.244163393235304
 21
49.1089198388105
 31
0.0
  0
LINE
  5
40D
330
17
100
AcDbEntity
  8
0
100
AcDbLine
 10
-56.244163393235304
 20
49.1089198388105
 30
0.0
 11
-56.40740255336018
 21
49.040660477069544
 31
0.0
  0
LINE
  5
40E
330
17
100
AcDbEntity
  8
0
100
AcDbLine
 10
-56.40740255336018
 20
49.040660477069544
 30
0.0
 11
-56.57052457141249
 21
48.9719586418659
 31
0.0
  0
LINE
  5
40F
330
17
100
AcDbEntity
  8
0
100
AcDbLine
 10
-56.57052457141249
 20
48.9719586418659
 30
0.0
 11
-56.73352806115923
 21
48.902814406434494
 31
0.0
  0
LINE
  5
410
330
17
100
AcDbEntity
  8
0
100
AcDbLine
 10
-56.73352806115923
 20
48.902814406434494
 30
0.0
 11
-56.89641163540311
 21
48.83322784877975
 31
0.0
  0
LINE
  5
411
330
17
100
AcDbEntity
  8
0
100
AcDbLine
 10
-56.89641163540311
 20
48.83322784877975
 30
0.0
 11
-57.059173816811004
 21
48.76319908949059
 31
0.0
  0
LINE
  5
412
330
17
100
AcDbEntity
  8
0
100
AcDbLine
 10
-57.059173816811004
 20
48.76319908949059
 30
0.0
 11
-57.22181303581407
 21
48.69272828966725
 31
0.0
  0
LINE
  5
413
330
17
100
AcDbEntity
  8
0
100
AcDbLine
 10
-57.22181303581407
 20
48.69272828966725
 30
0.0
 11
-57.38432789439944
 21
48.62181553964577
 31
0.0
  0
LINE
  5
414
330
17
100
AcDbEntity
  8
0
100
AcDbLine
 10
-57.38432789439944
 20
48.62181553964577
 30
0.0
 11
-57.54671699861502
 21
48.55046093243788
 31
0.0
  0
LINE
  5
415
330
17
100
AcDbEntity
  8
0
100
AcDbLine
 10
-57.54671699861502
 20
48.55046093243788
 30
0.0
 11
-57.708978953583255
 21
48.47866456589278
 31
0.0
  0
LINE
  5
416
330
17
100
AcDbEntity
  8
0
100
AcDbLine
 10
-57.708978953583255
 20
48.47866456589278
 30
0.0
 11
-57.871112363518385
 21
48.4064265427046
 31
0.0
  0
LINE
  5
417
330
17
100
AcDbEntity
  8
0
100
AcDbLine
 10
-57.871112363518385
 20
48.4064265427046
 30
0.0
 11
-58.033115831743544
 21
48.33374697041962
 31
0.0
  0
LINE
  5
418
330
17
100
AcDbEntity
  8
0
100
AcDbLine
 10
-58.033115831743544
 20
48.33374697041962
 30
0.0
 11
-58.19498796070829
 21
48.2606259614435
 31
0.0
  0
LINE
  5
419
330
17
100
AcDbEntity
  8
0
100
AcDbLine
 10
-58.19498796070829
 20
48.2606259614435
 30
0.0
 11
-58.35672725321186
 21
48.1870636772343
 31
0.0
  0
LINE
  5
41A
330
17
100
AcDbEntity
  8
0
100
AcDbLine
 10
-58.35672725321186
 20
48.1870636772343
 30
0.0
 11
-58.5183321734013
 21
48.11306029810218
 31
0.0
  0
LINE
  5
41B
330
17
100
AcDbEntity
  8
0
100
AcDbLine
 10
-58.5183321734013
 20
48.11306029810218
 30
0.0
 11
-58.67980131772959
 21
48.038615947856606
 31
0.0
  0
LINE
  5
41C
330
17
100
AcDbEntity
  8
0
100
AcDbLine
 10
-58.67980131772959
 20
48.038615947856606
 30
0.0
 11
-58.841133282595315
 21
47.96373075486441
 31
0.0
  0
LINE
  5
41D
330
17
100
AcDbEntity
  8
0
100
AcDbLine
 10
-58.841133282595315
 20
47.96373075486441
 30
0.0
 11
-59.002326663571075
 21
47.888404852415256
 31
0.0
  0
LINE
  5
41E
330
17
100
AcDbEntity
  8
0
100
AcDbLine
 10
-59.002326663571075
 20
47.888404852415256
 30
0.0
 11
-59.16338005542116
 21
47.81263837872887
 31
0.0
  0
LINE
  5
41F
330
17
100
AcDbEntity
  8
0
100
AcDbLine
 10
-59.16338005542116
 20
47.81263837872887
 30
0.0
 11
-59.32429205211935
 21
47.73643147696182
 31
0.0
  0
LINE
  5
420
330
17
100
AcDbEntity
  8
0
100
AcDbLine
 10
-59.32429205211935
 20
47.73643147696182
 30
0.0
 11
-59.48506124692301
 21
47.6597842951877
 31
0.0
  0
LINE
  5
421
330
17
100
AcDbEntity
  8
0
100
AcDbLine
 10
-59.48506124692301
 20
47.6597842951877
 30
0.0
 11
-59.64568631160839
 21
47.58269694908801
 31
0.0
  0
LINE
  5
422
330
17
100
AcDbEntity
  8
0
100
AcDbLine
 10
-59.64568631160839
 20
47.58269694908801
 30
0.0
 11
-59.806165910342415
 21
47.50516956468575
 31
0.0
  0
LINE
  5
423
330
17
100
AcDbEntity
  8
0
100
AcDbLine
 10
-59.806165910342415
 20
47.50516956468575
 30
0.0
 11
-59.966498635905296
 21
47.42720230724236
 31
0.0
  0
LINE
  5
424
330
17
100
AcDbEntity
  8
0
100
AcDbLine
 10
-59.966498635905296
 20
47.42720230724236
 30
0.0
 11
-60.126683080401165
 21
47.34879534697166
 31
0.0
  0
LINE
  5
425
330
17
100
AcDbEntity
  8
0
100
AcDbLine
 10
-60.126683080401165
 20
47.34879534697166
 30
0.0
 11
-60.286717835276185
 21
47.26994885904613
 31
0.0
  0
LINE
  5
426
330
17
100
AcDbEntity
  8
0
100
AcDbLine
 10
-60.286717835276185
 20
47.26994885904613
 30
0.0
 11
-60.44660149133638
 21
47.19066302360357
 31
0.0
  0
LINE
  5
427
330
17
100
AcDbEntity
  8
0
100
AcDbLine
 10
-60.44660149133638
 20
47.19066302360357
 30
0.0
 11
-60.60633263876533
 21
47.11093802575326
 31
0.0
  0
LINE
  5
428
330
17
100
AcDbEntity
  8
0
100
AcDbLine
 10
-60.60633263876533
 20
47.11093802575326
 30
0.0
 11
-60.765909863473205
 21
47.030774057426235
 31
0.0
  0
LINE
  5
429
330
17
100
AcDbEntity
  8
0
100
AcDbLine
 10
-60.765909863473205
 20
47.030774057426235
 30
0.0
 11
-60.92533151166861
 21
46.950171433895356
 31
0.0
  0
LINE
  5
42A
330
17
100
AcDbEntity
  8
0
100
AcDbLine
 10
-60.92533151166861
 20
46.950171433895356
 30
0.0
 11
-61.08459602196472
 21
46.86913042316275
 31
0.0
  0
LINE
  5
42B
330
17
100
AcDbEntity
  8
0
100
AcDbLine
 10
-61.08459602196472
 20
46.86913042316275
 30
0.0
 11
-61.24370197740266
 21
46.78765122434262
 31
0.0
  0
LINE
  5
42C
330
17
100
AcDbEntity
  8
0
100
AcDbLine
 10
-61.24370197740266
 20
46.78765122434262
 30
0.0
 11
-61.402647960425504
 21
46.70573404160229
 31
0.0
  0
LINE
  5
42D
330
17
100
AcDbEntity
  8
0
100
AcDbLine
 10
-61.402647960425504
 20
46.70573404160229
 30
0.0
 11
-61.56143255289663
 21
46.623379084168725
 31
0.0
  0
LINE
  5
42E
330
17
100
AcDbEntity
  8
0
100
AcDbLine
 10
-61.56143255289663
 20
46.623379084168725
 30
0.0
 11
-61.72005433611814
 21
46.540586566334845
 31
0.0
  0
LINE
  5
42F
330
17
100
AcDbEntity
  8
0
100
AcDbLine
 10
-61.72005433611814
 20
46.540586566334845
 30
0.0
 11
-61.8785118908494
 21
46.457356707465586
 31
0.0
  0
LINE
  5
430
330
17
100
AcDbEntity
  8
0
100
AcDbLine
 10
-61.8785118908494
 20
46.457356707465586
 30
0.0
 11
-62.03680379227688
 21
46.37368973466791
 31
0.0
  0
LINE
  5
431
330
17
100
AcDbEntity
  8
0
100
AcDbLine
 10
-62.03680379227688
 20
46.37368973466791
 30
0.0
 11
-62.194928505697504
 21
46.28958593689914
 31
0.0
  0
LINE
  5
432
330
17
100
AcDbEntity
  8
0
100
AcDbLine
 10
-62.194928505697504
 20
46.28958593689914
 30
0.0
 11
-62.352884561315975
 21
46.20504557135114
 31
0.0
  0
LINE
  5
433
330
17
100
AcDbEntity
  8
0
100
AcDbLine
 10
-62.352884561315975
 20
46.20504557135114
 30
0.0
 11
-62.51067053578136
 21
46.120068875223474
 31
0.0
  0
LINE
  5
434
330
17
100
AcDbEntity
  8
0
100
AcDbLine
 10
-62.51067053578136
 20
46.120068875223474
 30
0.0
 11
-62.66828500526493
 21
46.03465609084042
 31
0.0
  0
LINE
  5
435
330
17
100
AcDbEntity
  8
0
100
AcDbLine
 10
-62.66828500526493
 20
46.03465609084042
 30
0.0
 11
-62.82572654547921
 21
45.94880746565715
 31
0.0
  0
LINE
  5
436
330
17
100
AcDbEntity
  8
0
100
AcDbLine
 10
-62.82572654547921
 20
45.94880746565715
 30
0.0
 11
-62.98299373169675
 21
45.86252325226546
 31
0.0
  0
LINE
  5
437
330
17
100
AcDbEntity
  8
0
100
AcDbLine
 10
-62.98299373169675
 20
45.86252325226546
 30
0.0
 11
-63.140085138768995
 21
45.77580370839983
 31
0.0
  0
LINE
  5
438
330
17
100
AcDbEntity
  8
0
100
AcDbLine
 10
-63.140085138768995
 20
45.77580370839983
 30
0.0
 11
-63.2969993446032
 21
45.68864909503006
 31
0.0
  0
LINE
  5
439
330
17
100
AcDbEntity
  8
0
100
AcDbLine
 10
-63.2969993446032
 20
45.68864909503006
 30
0.0
 11
-63.45373496324551
 21
45.601059658450154
 31
0.0
  0
LINE
  5
43A
330
17
100
AcDbEntity
  8
0
100
AcDbLine
 10
-63.45373496324551
 20
45.601059658450154
 30
0.0
 11
-63.61029058036199
 21
45.513035666377704
 31
0.0
  0
LINE
  5
43B
330
17
100
AcDbEntity
  8
0
100
AcDbLine
 10
-63.61029058036199
 20
45.513035666377704
 30
0.0
 11
-63.76666477003104
 21
45.42457739799778
 31
0.0
  0
LINE
  5
43C
330
17
100
AcDbEntity
  8
0
100
AcDbLine
 10
-63.76666477003104
 20
45.42457739799778
 30
0.0
 11
-63.92285610601415
 21
45.335685137658785
 31
0.0
  0
LINE
  5
43D
330
17
100
AcDbEntity
  8
0
100
AcDbLine
 10
-63.92285610601415
 20
45.335685137658785
 30
0.0
 11
-64.07886316177485
 21
45.246359174878044
 31
0.0
  0
LINE
  5
43E
330
17
100
AcDbEntity
  8
0
100
AcDbLine
 10
-64.07886316177485
 20
45.246359174878044
 30
0.0
 11
-64.23468451049767
 21
45.156599804347046
 31
0.0
  0
LINE
  5
43F
330
17
100
AcDbEntity
  8
0
100
AcDbLine
 10
-64.23468451049767
 20
45.156599804347046
 30
0.0
 11
-64.39031872510739
 21
45.06640732593669
 31
0.0
  0
LINE
  5
440
330
17
100
AcDbEntity
  8
0
100
AcDbLine
 10
-64.39031872510739
 20
45.06640732593669
 30
0.0
 11
-64.54576432597804
 21
44.97578207501834
 31
0.0
  0
LINE
  5
441
330
17
100
AcDbEntity
  8
0
100
AcDbLine
 10
-64.54576432597804
 20
44.97578207501834
 30
0.0
 11
-64.70101952210148
 21
44.88472456850388
 31
0.0
  0
LINE
  5
442
330
17
100
AcDbEntity
  8
0
100
AcDbLine
 10
-64.70101952210148
 20
44.88472456850388
 30
0.0
 11
-64.85608281069352
 21
44.79323515475495
 31
0.0
  0
LINE
  5
443
330
17
100
AcDbEntity
  8
0
100
AcDbLine
 10
-64.85608281069352
 20
44.79323515475495
 30
0.0
 11
-65.01095275722649
 21
44.7013141471636
 31
0.0
  0
LINE
  5
444
330
17
100
AcDbEntity
  8
0
100
AcDbLine
 10
-65.01095275722649
 20
44.7013141471636
 30
0.0
 11
-65.16562792692848
 21
44.60896186439654
 31
0.0
  0
LINE
  5
445
330
17
100
AcDbEntity
  8
0
100
AcDbLine
 10
-65.16562792692848
 20
44.60896186439654
 30
0.0
 11
-65.3201068848031
 21
44.51617863040073
 31
0.0
  0
LINE
  5
446
330
17
100
AcDbEntity
  8
0
100
AcDbLine
 10
-65.3201068848031
 20
44.51617863040073
 30
0.0
 11
-65.47438819564931
 21
44.422964774408364
 31
0.0
  0
LINE
  5
447
330
17
100
AcDbEntity
  8
0
100
AcDbLine
 10
-65.47438819564931
 20
44.422964774408364
 30
0.0
 11
-65.62847042408124
 21
44.32932063094241
 31
0.0
  0
LINE
  5
448
330
17
100
AcDbEntity
  8
0
100
AcDbLine
 10
-65.62847042408124
 20
44.32932063094241
 30
0.0
 11
-65.78235212433188
 21
44.23524654601767
 31
0.0
  0
LINE
  5
449
330
17
100
AcDbEntity
  8
0
100
AcDbLine
 10
-65.78235212433188
 20
44.23524654601767
 30
0.0
 11
-65.93603181440766
 21
44.14074289223077
 31
0.0
  0
LINE
  5
44A
330
17
100
AcDbEntity
  8
0
100
AcDbLine
 10
-65.93603181440766
 20
44.14074289223077
 30
0.0
 11
-66.08950805208326
 21
44.04581002247793
 31
0.0
  0
LINE
  5
44B
330
17
100
AcDbEntity
  8
0
100
AcDbLine
 10
-66.08950805208326
 20
44.04581002247793
 30
0.0
 11
-66.24277940055734
 21
43.95044829157147
 31
0.0
  0
LINE
  5
44C
330
17
100
AcDbEntity
  8
0
100
AcDbLine
 10
-66.24277940055734
 20
43.95044829157147
 30
0.0
 11
-66.39584442293287
 21
43.85465805964859
 31
0.0
  0
LINE
  5
44D
330
17
100
AcDbEntity
  8
0
100
AcDbLine
 10
-66.39584442293287
 20
43.85465805964859
 30
0.0
 11
-66.54870168223701
 21
43.7584396921763
 31
0.0
  0
LINE
  5
44E
330
17
100
AcDbEntity
  8
0
100
AcDbLine
 10
-66.54870168223701
 20
43.7584396921763
 30
0.0
 11
-66.70134974144119
 21
43.661793559956045
 31
0.0
  0
LINE
  5
44F
330
17
100
AcDbEntity
  8
0
100
AcDbLine
 10
-66.70134974144119
 20
43.661793559956045
 30
0.0
 11
-66.85378716348114
 21
43.56472003912857
 31
0.0
  0
LINE
  5
450
330
17
100
AcDbEntity
  8
0
100
AcDbLine
 10
-66.85378716348114
 20
43.56472003912857
 30
0.0
 11
-67.00601251441805
 21
43.46721950918629
 31
0.0
  0
LINE
  5
451
330
17
100
AcDbEntity
  8
0
100
AcDbLine
 10
-67.00601251441805
 20
43.46721950918629
 30
0.0
 11
-67.15802436685264
 21
43.36929235097903
 31
0.0
  0
LINE
  5
452
330
17
100
AcDbEntity
  8
0
100
AcDbLine
 10
-67.15802436685264
 20
43.36929235097903
 30
0.0
 11
-67.30982128458969
 21
43.27093895646938
 31
0.0
  0
LINE
  5
453
330
17
100
AcDbEntity
  8
0
100
AcDbLine
 10
-67.30982128458969
 20
43.27093895646938
 30
0.0
 11
-67.46140183081994
 21
43.172159723400156
 31
0.0
  0
LINE
  5
454
330
17
100
AcDbEntity
  8
0
100
AcDbLine
 10
-67.46140183081994
 20
43.172159723400156
 30
0.0
 11
-67.61276456880137
 21
43.07295505487356
 31
0.0
  0
LINE
  5
455
330
17
100
AcDbEntity
  8
0
100
AcDbLine
 10
-67.61276456880137
 20
43.07295505487356
 30
0.0
 11
-67.76390806187973
 21
42.973325359355904
 31
0.0
  0
LINE
  5
456
330
17
100
AcDbEntity
  8
0
100
AcDbLine
 10
-67.76390806187973
 20
42.973325359355904
 30
0.0
 11
-67.91483087350865
 21
42.87327105068126
 31
0.0
  0
LINE
  5
457
330
17
100
AcDbEntity
  8
0
100
AcDbLine
 10
-67.91483087350865
 20
42.87327105068126
 30
0.0
 11
-68.06553156727006
 21
42.772792548055904
 31
0.0
  0
LINE
  5
458
330
17
100
AcDbEntity
  8
0
100
AcDbLine
 10
-68.06553156727006
 20
42.772792548055904
 30
0.0
 11
-68.21600849154129
 21
42.671890418795634
 31
0.0
  0
LINE
  5
459
330
17
100
AcDbEntity
  8
0
100
AcDbLine
 10
-68.21600849154129
 20
42.671890418795634
 30
0.0
 11
-68.36625975224557
 21
42.57056538726864
 31
0.0
  0
LINE
  5
45A
330
17
100
AcDbEntity
  8
0
100
AcDbLine
 10
-68.36625975224557
 20
42.57056538726864
 30
0.0
 11
-68.51628388892928
 21
42.46881788820901
 31
0.0
  0
LINE
  5
45B
330
17
100
AcDbEntity
  8
0
100
AcDbLine
 10
-68.51628388892928
 20
42.46881788820901
 30
0.0
 11
-68.66607945556858
 21
42.366648352228246
 31
0.0
  0
LINE
  5
45C
330
17
100
AcDbEntity
  8
0
100
AcDbLine
 10
-68.66607945556858
 20
42.366648352228246
 30
0.0
 11
-68.81564500625757
 21
42.264057215439294
 31
0.0
  0
LINE
  5
45D
330
17
100
AcDbEntity
  8
0
100
AcDbLine
 10
-68.81564500625757
 20
42.264057215439294
 30
0.0
 11
-68.96497909522965
 21
42.161044919460856
 31
0.0
  0
LINE
  5
45E
330
17
100
AcDbEntity
  8
0
100
AcDbLine
 10
-68.96497909522965
 20
42.161044919460856
 30
0.0
 11
-69.11408027687848
 21
42.05761191142155
 31
0.0
  0
LINE
  5
45F
330
17
100
AcDbEntity
  8
0
100
AcDbLine
 10
-69.11408027687848
 20
42.05761191142155
 30
0.0
 11
-69.26294710577923
 21
41.953758643964356
 31
0.0
  0
LINE
  5
460
330
17
100
AcDbEntity
  8
0
100
AcDbLine
 10
-69.26294710577923
 20
41.953758643964356
 30
0.0
 11
-69.41157823356289
 21
41.84948550821012
 31
0.0
  0
LINE
  5
461
330
17
100
AcDbEntity
  8
0
100
AcDbLine
 10
-69.41157823356289
 20
41.84948550821012
 30
0.0
 11
-69.55997235646127
 21
41.74479287376122
 31
0.0
  0
LINE
  5
462
330
17
100
AcDbEntity
  8
0
100
AcDbLine
 10
-69.55997235646127
 20
41.74479287376122
 30
0.0
 11
-69.70812803447079
 21
41.63968121260616
 31
0.0
  0
LINE
  5
463
330
17
100
AcDbEntity
  8
0
100
AcDbLine
 10
-69.70812803447079
 20
41.63968121260616
 30
0.0
 11
-69.85604382680953
 21
41.534151002983826
 31
0.0
  0
LINE
  5
464
330
17
100
AcDbEntity
  8
0
100
AcDbLine
 10
-69.85604382680953
 20
41.534151002983826
 30
0.0
 11
-70.00371829302236
 21
41.42820272862751
 31
0.0
  0
LINE
  5
465
330
17
100
AcDbEntity
  8
0
100
AcDbLine
 10
-70.00371829302236
 20
41.42820272862751
 30
0.0
 11
-70.1511499930018
 21
41.32183687876839
 31
0.0
  0
LINE
  5
466
330
17
100
AcDbEntity
  8
0
100
AcDbLine
 10
-70.1511499930018
 20
41.32183687876839
 30
0.0
 11
-70.2983374870094
 21
41.21505394813891
 31
0.0
  0
LINE
  5
467
330
17
100
AcDbEntity
  8
0
100
AcDbLine
 10
-70.2983374870094
 20
41.21505394813891
 30
0.0
 11
-70.44527933566553
 21
41.107854436999084
 31
0.0
  0
LINE
  5
468
330
17
100
AcDbEntity
  8
0
100
AcDbLine
 10
-70.44527933566553
 20
41.107854436999084
 30
0.0
 11
-70.59197392724413
 21
41.00023897593584
 31
0.0
  0
LINE
  5
469
330
17
100
AcDbEntity
  8
0
100
AcDbLine
 10
-70.59197392724413
 20
41.00023897593584
 30
0.0
 11
-70.73841965596982
 21
40.89220819104589
 31
0.0
  0
LINE
  5
46A
330
17
100
AcDbEntity
  8
0
100
AcDbLine
 10
-70.73841965596982
 20
40.89220819104589
 30
0.0
 11
-70.88461507841338
 21
40.78376259409709
 31
0.0
  0
LINE
  5
46B
330
17
100
AcDbEntity
  8
0
100
AcDbLine
 10
-70.88461507841338
 20
40.78376259409709
 30
0.0
 11
-71.03055875156548
 21
40.67490270243206
 31
0.0
  0
LINE
  5
46C
330
17
100
AcDbEntity
  8
0
100
AcDbLine
 10
-71.03055875156548
 20
40.67490270243206
 30
0.0
 11
-71.17624923285848
 21
40.565629038971565
 31
0.0
  0
LINE
  5
46D
330
17
100
AcDbEntity
  8
0
100
AcDbLine
 10
-71.17624923285848
 20
40.565629038971565
 30
0.0
 11
-71.32168508018819
 21
40.45594213221752
 31
0.0
  0
LINE
  5
46E
330
17
100
AcDbEntity
  8
0
100
AcDbLine
 10
-71.32168508018819
 20
40.45594213221752
 30
0.0
 11
-71.46686485193544
 21
40.3458425162562
 31
0.0
  0
LINE
  5
46F
330
17
100
AcDbEntity
  8
0
100
AcDbLine
 10
-71.46686485193544
 20
40.3458425162562
 30
0.0
 11
-71.61178710562801
 21
40.23533073179879
 31
0.0
  0
LINE
  5
470
330
17
100
AcDbEntity
  8
0
100
AcDbLine
 10
-71.61178710562801
 20
40.23533073179879
 30
0.0
 11
-71.75645029126655
 21
40.12440740655489
 31
0.0
  0
LINE
  5
471
330
17
100
AcDbEntity
  8
0
100
AcDbLine
 10
-71.75645029126655
 20
40.12440740655489
 30
0.0
 11
-71.9008528974883
 21
40.01307314150143
 31
0.0
  0
LINE
  5
472
330
17
100
AcDbEntity
  8
0
100
AcDbLine
 10
-71.9008528974883
 20
40.01307314150143
 30
0.0
 11
-72.04499348186039
 21
39.90132849042943
 31
0.0
  0
LINE
  5
473
330
17
100
AcDbEntity
  8
0
100
AcDbLine
 10
-72.04499348186039
 20
39.90132849042943
 30
0.0
 11
-72.18887060251467
 21
39.78917401276069
 31
0.0
  0
LINE
  5
474
330
17
100
AcDbEntity
  8
0
100
AcDbLine
 10
-72.18887060251467
 20
39.78917401276069
 30
0.0
 11
-72.33248281816984
 21
39.67661027355016
 31
0.0
  0
LINE
  5
475
330
17
100
AcDbEntity
  8
0
100
AcDbLine
 10
-72.33248281816984
 20
39.67661027355016
 30
0.0
 11
-72.47582868815346
 21
39.56363784348897
 31
0.0
  0
LINE
  5
476
330
17
100
AcDbEntity
  8
0
100
AcDbLine
 10
-72.47582868815346
 20
39.56363784348897
 30
0.0
 11
-72.61890677242398
 21
39.45025729890694
 31
0.0
  0
LINE
  5
477
330
17
100
AcDbEntity
  8
0
100
AcDbLine
 10
-72.61890677242398
 20
39.45025729890694
 30
0.0
 11
-72.76171563269205
 21
39.336469220900625
 31
0.0
  0
LINE
  5
478
330
17
100
AcDbEntity
  8
0
100
AcDbLine
 10
-72.76171563269205
 20
39.336469220900625
 30
0.0
 11
-72.90425385792318
 21
39.22227417535312
 31
0.0
  0
LINE
  5
479
330
17
100
AcDbEntity
  8
0
100
AcDbLine
 10
-72.90425385792318
 20
39.22227417535312
 30
0.0
 11
-73.0465200226488
 21
39.107672746583454
 31
0.0
  0
LINE
  5
47A
330
17
100
AcDbEntity
  8
0
100
AcDbLine
 10
-73.0465200226488
 20
39.107672746583454
 30
0.0
 11
-73.18851269026868
 21
38.992665534101086
 31
0.0
  0
LINE
  5
47B
330
17
100
AcDbEntity
  8
0
100
AcDbLine
 10
-73.18851269026868
 20
38.992665534101086
 30
0.0
 11
-73.33023042493102
 21
38.87725314305853
 31
0.0
  0
LINE
  5
47C
330
17
100
AcDbEntity
  8
0
100
AcDbLine
 10
-73.33023042493102
 20
38.87725314305853
 30
0.0
 11
-73.47167179155464
 21
38.76143618425356
 31
0.0
  0
LINE
  5
47D
330
17
100
AcDbEntity
  8
0
100
AcDbLine
 10
-73.47167179155464
 20
38.76143618425356
 30
0.0
 11
-73.61283535585136
 21
38.645215274131125
 31
0.0
  0
LINE
  5
47E
330
17
100
AcDbEntity
  8
0
100
AcDbLine
 10
-73.61283535585136
 20
38.645215274131125
 30
0.0
 11
-73.75371968434814
 21
38.52859103478532
 31
0.0
  0
LINE
  5
47F
330
17
100
AcDbEntity
  8
0
100
AcDbLine
 10
-73.75371968434814
 20
38.52859103478532
 30
0.0
 11
-73.8943233429196
 21
38.41156409519729
 31
0.0
  0
LINE
  5
480
330
17
100
AcDbEntity
  8
0
100
AcDbLine
 10
-73.8943233429196
 20
38.41156409519729
 30
0.0
 11
-74.03464488123262
 21
38.294135103935595
 31
0.0
  0
LINE
  5
481
330
17
100
AcDbEntity
  8
0
100
AcDbLine
 10
-74.03464488123262
 20
38.294135103935595
 30
0.0
 11
-74.17468286248665
 21
38.17630470425733
 31
0.0
  0
LINE
  5
482
330
17
100
AcDbEntity
  8
0
100
AcDbLine
 10
-74.17468286248665
 20
38.17630470425733
 30
0.0
 11
-74.31443585624166
 21
38.058073540496345
 31
0.0
  0
LINE
  5
483
330
17
100
AcDbEntity
  8
0
100
AcDbLine
 10
-74.31443585624166
 20
38.058073540496345
 30
0.0
 11
-74.45390243298004
 21
37.939442262648896
 31
0.0
  0
LINE
  5
484
330
17
100
AcDbEntity
  8
0
100
AcDbLine
 10
-74.45390243298004
 20
37.939442262648896
 30
0.0
 11
-74.59308116412936
 21
37.82041152637501
 31
0.0
  0
LINE
  5
485
330
17
100
AcDbEntity
  8
0
100
AcDbLine
 10
-74.59308116412936
 20
37.82041152637501
 30
0.0
 11
-74.73197062208462
 21
37.700981992999914
 31
0.0
  0
LINE
  5
486
330
17
100
AcDbEntity
  8
0
100
AcDbLine
 10
-74.73197062208462
 20
37.700981992999914
 30
0.0
 11
-74.87056938023068
 21
37.58115432951543
 31
0.0
  0
LINE
  5
487
330
17
100
AcDbEntity
  8
0
100
AcDbLine
 10
-74.87056938023068
 20
37.58115432951543
 30
0.0
 11
-75.00887603773941
 21
37.46092918715416
 31
0.0
  0
LINE
  5
488
330
17
100
AcDbEntity
  8
0
100
AcDbLine
 10
-75.00887603773941
 20
37.46092918715416
 30
0.0
 11
-75.14688935287904
 21
37.34030708872404
 31
0.0
  0
LINE
  5
489
330
17
100
AcDbEntity
  8
0
100
AcDbLine
 10
-75.14688935287904
 20
37.34030708872404
 30
0.0
 11
-75.28460794272655
 21
37.21928869016369
 31
0.0
  0
LINE
  5
48A
330
17
100
AcDbEntity
  8
0
100
AcDbLine
 10
-75.28460794272655
 20
37.21928869016369
 30
0.0
 11
-75.42203038929695
 21
37.09787468469839
 31
0.0
  0
LINE
  5
48B
330
17
100
AcDbEntity
  8
0
100
AcDbLine
 10
-75.42203038929695
 20
37.09787468469839
 30
0.0
 11
-75.5591552757467
 21
36.9760657711773
 31
0.0
  0
LINE
  5
48C
330
17
100
AcDbEntity
  8
0
100
AcDbLine
 10
-75.5591552757467
 20
36.9760657711773
 30
0.0
 11
-75.69598118639615
 21
36.85386265407394
 31
0.0
  0
LINE
  5
48D
330
17
100
AcDbEntity
  8
0
100
AcDbLine
 10
-75.69598118639615
 20
36.85386265407394
 30
0.0
 11
-75.83250670675153
 21
36.73126604348665
 31
0.0
  0
LINE
  5
48E
330
17
100
AcDbEntity
  8
0
100
AcDbLine
 10
-75.83250670675153
 20
36.73126604348665
 30
0.0
 11
-75.9687304235276
 21
36.60827665513891
 31
0.0
  0
LINE
  5
48F
330
17
100
AcDbEntity
  8
0
100
AcDbLine
 10
-75.9687304235276
 20
36.60827665513891
 30
0.0
 11
-76.10465093487065
 21
36.48489520118383
 31
0.0
  0
LINE
  5
490
330
17
100
AcDbEntity
  8
0
100
AcDbLine
 10
-76.10465093487065
 20
36.48489520118383
 30
0.0
 11
-76.24026687873236
 21
36.3611223654815
 31
0.0
  0
LINE
  5
491
330
17
100
AcDbEntity
  8
0
100
AcDbLine
 10
-76.24026687873236
 20
36.3611223654815
 30
0.0
 11
-76.37557685297726
 21
36.23695887595671
 31
0.0
  0
LINE
  5
492
330
17
100
AcDbEntity
  8
0
100
AcDbLine
 10
-76.37557685297726
 20
36.23695887595671
 30
0.0
 11
-76.51057945060262
 21
36.11240547177983
 31
0.0
  0
LINE
  5
493
330
17
100
AcDbEntity
  8
0
100
AcDbLine
 10
-76.51057945060262
 20
36.11240547177983
 30
0.0
 11
-76.64527326593607
 21
35.987462897733906
 31
0.0
  0
LINE
  5
494
330
17
100
AcDbEntity
  8
0
100
AcDbLine
 10
-76.64527326593607
 20
35.987462897733906
 30
0.0
 11
-76.77965689465815
 21
35.86213190421439
 31
0.0
  0
LINE
  5
495
330
17
100
AcDbEntity
  8
0
100
AcDbLine
 10
-76.77965689465815
 20
35.86213190421439
 30
0.0
 11
-76.9137289338244
 21
35.736413247228825
 31
0.0
  0
LINE
  5
496
330
17
100
AcDbEntity
  8
0
100
AcDbLine
 10
-76.9137289338244
 20
35.736413247228825
 30
0.0
 11
-77.0474879818879
 21
35.61030768839661
 31
0.0
  0
LINE
  5
497
330
17
100
AcDbEntity
  8
0
100
AcDbLine
 10
-77.0474879818879
 20
35.61030768839661
 30
0.0
 11
-77.18093265902993
 21
35.48381597586678
 31
0.0
  0
LINE
  5
498
330
17
100
AcDbEntity
  8
0
100
AcDbLine
 10
-77.18093265902993
 20
35.48381597586678
 30
0.0
 11
-77.31406163234584
 21
35.35693882206025
 31
0.0
  0
LINE
  5
499
330
17
100
AcDbEntity
  8
0
100
AcDbLine
 10
-77.31406163234584
 20
35.35693882206025
 30
0.0
 11
-77.44687351120784
 21
35.22967700215503
 31
0.0
  0
LINE
  5
49A
330
17
100
AcDbEntity
  8
0
100
AcDbLine
 10
-77.44687351120784
 20
35.22967700215503
 30
0.0
 11
-77.57936690164875
 21
35.102031301521805
 31
0.0
  0
LINE
  5
49B
330
17
100
AcDbEntity
  8
0
100
AcDbLine
 10
-77.57936690164875
 20
35.102031301521805
 30
0.0
 11
-77.71154041122522
 21
34.97400251112095
 31
0.0
  0
LINE
  5
49C
330
17
100
AcDbEntity
  8
0
100
AcDbLine
 10
-77.71154041122522
 20
34.97400251112095
 30
0.0
 11
-77.84339264903986
 21
34.84559142750158
 31
0.0
  0
LINE
  5
49D
330
17
100
AcDbEntity
  8
0
100
AcDbLine
 10
-77.84339264903986
 20
34.84559142750158
 30
0.0
 11
-77.97492222576362
 21
34.71679885280075
 31
0.0
  0
LINE
  5
49E
330
17
100
AcDbEntity
  8
0
100
AcDbLine
 10
-77.97492222576362
 20
34.71679885280075
 30
0.0
 11
-78.10612775365809
 21
34.58762559474193
 31
0.0
  0
LINE
  5
49F
330
17
100
AcDbEntity
  8
0
100
AcDbLine
 10
-78.10612775365809
 20
34.58762559474193
 30
0.0
 11
-78.2370079438281
 21
34.45807237141163
 31
0.0
  0
LINE
  5
4A0
330
17
100
AcDbEntity
  8
0
100
AcDbLine
 10
-78.2370079438281
 20
34.45807237141163
 30
0.0
 11
-78.36756162921726
 21
34.32813979455734
 31
0.0
  0
LINE
  5
4A1
330
17
100
AcDbEntity
  8
0
100
AcDbLine
 10
-78.36756162921726
 20
34.32813979455734
 30
0.0
 11
-78.49778744101552
 21
34.19782868579232
 31
0.0
  0
LINE
  5
4A2
330
17
100
AcDbEntity
  8
0
100
AcDbLine
 10
-78.49778744101552
 20
34.19782868579232
 30
0.0
 11
-78.62768400453348
 21
34.06713987978306
 31
0.0
  0
LINE
  5
4A3
330
17
100
AcDbEntity
  8
0
100
AcDbLine
 10
-78.62768400453348
 20
34.06713987978306
 30
0.0
 11
-78.75724994683499
 21
33.93607421670635
 31
0.0
  0
LINE
  5
4A4
330
17
100
AcDbEntity
  8
0
100
AcDbLine
 10
-78.75724994683499
 20
33.93607421670635
 30
0.0
 11
-78.88648389675879
 21
33.80463254224744
 31
0.0
  0
LINE
  5
4A5
330
17
100
AcDbEntity
  8
0
100
AcDbLine
 10
-78.88648389675879
 20
33.80463254224744
 30
0.0
 11
-79.01538448494068
 21
33.672815707597906
 31
0.0
  0
LINE
  5
4A6
330
17
100
AcDbEntity
  8
0
100
AcDbLine
 10
-79.01538448494068
 20
33.672815707597906
 30
0.0
 11
-79.14395034383548
 21
33.5406245694536
 31
0.0
  0
LINE
  5
4A7
330
17
100
AcDbEntity
  8
0
100
AcDbLine
 10
-79.14395034383548
 20
33.5406245694536
 30
0.0
 11
-79.2721800557844
 21
33.40806004305219
 31
0.0
  0
LINE
  5
4A8
330
17
100
AcDbEntity
  8
0
100
AcDbLine
 10
-79.2721800557844
 20
33.40806004305219
 30
0.0
 11
-79.40007217701205
 21
33.275123074894324
 31
0.0
  0
LINE
  5
4A9
330
17
100
AcDbEntity
  8
0
100
AcDbLine
 10
-79.40007217701205
 20
33.275123074894324
 30
0.0
 11
-79.52762534205398
 21
33.14181453706889
 31
0.0
  0
LINE
  5
4AA
330
17
100
AcDbEntity
  8
0
100
AcDbLine
 10
-79.52762534205398
 20
33.14181453706889
 30
0.0
 11
-79.65483818811329
 21
33.008135306381895
 31
0.0
  0
LINE
  5
4AB
330
17
100
AcDbEntity
  8
0
100
AcDbLine
 10
-79.65483818811329
 20
33.008135306381895
 30
0.0
 11
-79.78170935430128
 21
32.87408626516134
 31
0.0
  0
LINE
  5
4AC
330
17
100
AcDbEntity
  8
0
100
AcDbLine
 10
-79.78170935430128
 20
32.87408626516134
 30
0.0
 11
-79.90823748165975
 21
32.739668301254916
 31
0.0
  0
LINE
  5
4AD
330
17
100
AcDbEntity
  8
0
100
AcDbLine
 10
-79.90823748165975
 20
32.739668301254916
 30
0.0
 11
-80.0344212131829
 21
32.604882308027285
 31
0.0
  0
LINE
  5
4AE
330
17
100
AcDbEntity
  8
0
100
AcDbLine
 10
-80.0344212131829
 20
32.604882308027285
 30
0.0
 11
-80.16025919383969
 21
32.46972918435747
 31
0.0
  0
LINE
  5
4AF
330
17
100
AcDbEntity
  8
0
100
AcDbLine
 10
-80.16025919383969
 20
32.46972918435747
 30
0.0
 11
-80.28575015763089
 21
32.334209741999544
 31
0.0
  0
LINE
  5
4B0
330
17
100
AcDbEntity
  8
0
100
AcDbLine
 10
-80.28575015763089
 20
32.334209741999544
 30
0.0
 11
-80.4108928430611
 21
32.198324799923284
 31
0.0
  0
LINE
  5
4B1
330
17
100
AcDbEntity
  8
0
100
AcDbLine
 10
-80.4108928430611
 20
32.198324799923284
 30
0.0
 11
-80.53568590490497
 21
32.06207527606429
 31
0.0
  0
LINE
  5
4B2
330
17
100
AcDbEntity
  8
0
100
AcDbLine
 10
-80.53568590490497
 20
32.06207527606429
 30
0.0
 11
-80.66012800002838
 21
31.925462093820684
 31
0.0
  0
LINE
  5
4B3
330
17
100
AcDbEntity
  8
0
100
AcDbLine
 10
-80.66012800002838
 20
31.925462093820684
 30
0.0
 11
-80.78421778741046
 21
31.788486182049944
 31
0.0
  0
LINE
  5
4B4
330
17
100
AcDbEntity
  8
0
100
AcDbLine
 10
-80.78421778741046
 20
31.788486182049944
 30
0.0
 11
-80.90795392816536
 21
31.65114847506561
 31
0.0
  0
LINE
  5
4B5
330
17
100
AcDbEntity
  8
0
100
AcDbLine
 10
-80.90795392816536
 20
31.65114847506561
 30
0.0
 11
-81.03133508556444
 21
31.51344991263376
 31
0.0
  0
LINE
  5
4B6
330
17
100
AcDbEntity
  8
0
100
AcDbLine
 10
-81.03133508556444
 20
31.51344991263376
 30
0.0
 11
-81.15435992551632
 21
31.375391439455186
 31
0.0
  0
LINE
  5
4B7
330
17
100
AcDbEntity
  8
0
100
AcDbLine
 10
-81.15435992551632
 20
31.375391439455186
 30
0.0
 11
-81.2770271616055
 21
31.23697395522516
 31
0.0
  0
LINE
  5
4B8
330
17
100
AcDbEntity
  8
0
100
AcDbLine
 10
-81.2770271616055
 20
31.23697395522516
 30
0.0
 11
-81.39933549542393
 21
31.09819838306168
 31
0.0
  0
LINE
  5
4B9
330
17
100
AcDbEntity
  8
0
100
AcDbLine
 10
-81.39933549542393
 20
31.09819838306168
 30
0.0
 11
-81.52128360080485
 21
30.95906568561749
 31
0.0
  0
LINE
  5
4BA
330
17
100
AcDbEntity
  8
0
100
AcDbLine
 10
-81.52128360080485
 20
30.95906568561749
 30
0.0
 11
-81.64287015386076
 21
30.81957683096126
 31
0.0
  0
LINE
  5
4BB
330
17
100
AcDbEntity
  8
0
100
AcDbLine
 10
-81.64287015386076
 20
30.81957683096126
 30
0.0
 11
-81.76409383300508
 21
30.67973279257363
 31
0.0
  0
LINE
  5
4BC
330
17
100
AcDbEntity
  8
0
100
AcDbLine
 10
-81.76409383300508
 20
30.67973279257363
 30
0.0
 11
-81.88495331897433
 21
30.539534549343095
 31
0.0
  0
LINE
  5
4BD
330
17
100
AcDbEntity
  8
0
100
AcDbLine
 10
-81.88495331897433
 20
30.539534549343095
 30
0.0
 11
-82.00544729484974
 21
30.398983085561824
 31
0.0
  0
LINE
  5
4BE
330
17
100
AcDbEntity
  8
0
100
AcDbLine
 10
-82.00544729484974
 20
30.398983085561824
 30
0.0
 11
-82.125574448804
 21
30.25807938772897
 31
0.0
  0
LINE
  5
4BF
330
17
100
AcDbEntity
  8
0
100
AcDbLine
 10
-82.125574448804
 20
30.25807938772897
 30
0.0
 11
-82.24533354545567
 21
30.116824362141095
 31
0.0
  0
LINE
  5
4C0
330
17
100
AcDbEntity
  8
0
100
AcDbLine
 10
-82.24533354545567
 20
30.116824362141095
 30
0.0
 11
-82.36472331199053
 21
29.97521897025824
 31
0.0
  0
LINE
  5
4C1
330
17
100
AcDbEntity
  8
0
100
AcDbLine
 10
-82.36472331199053
 20
29.97521897025824
 30
0.0
 11
-82.48374244372846
 21
29.833264219590568
 31
0.0
  0
LINE
  5
4C2
330
17
100
AcDbEntity
  8
0
100
AcDbLine
 10
-82.48374244372846
 20
29.833264219590568
 30
0.0
 11
-82.60238963846153
 21
29.690961123001507
 31
0.0
  0
LINE
  5
4C3
330
17
100
AcDbEntity
  8
0
100
AcDbLine
 10
-82.60238963846153
 20
29.690961123001507
 30
0.0
 11
-82.72066359647563
 21
29.548310698703055
 31
0.0
  0
LINE
  5
4C4
330
17
100
AcDbEntity
  8
0
100
AcDbLine
 10
-82.72066359647563
 20
29.548310698703055
 30
0.0
 11
-82.83856302057208
 21
29.40531397025103
 31
0.0
  0
LINE
  5
4C5
330
17
100
AcDbEntity
  8
0
100
AcDbLine
 10
-82.83856302057208
 20
29.40531397025103
 30
0.0
 11
-82.95608661608944
 21
29.261971966540024
 31
0.0
  0
LINE
  5
4C6
330
17
100
AcDbEntity
  8
0
100
AcDbLine
 10
-82.95608661608944
 20
29.261971966540024
 30
0.0
 11
-83.07323311687585
 21
29.118285690063615
 31
0.0
  0
LINE
  5
4C7
330
17
100
AcDbEntity
  8
0
100
AcDbLine
 10
-83.07323311687585
 20
29.118285690063615
 30
0.0
 11
-83.19000158284203
 21
28.974255759286038
 31
0.0
  0
LINE
  5
4C8
330
17
100
AcDbEntity
  8
0
100
AcDbLine
 10
-83.19000158284203
 20
28.974255759286038
 30
0.0
 11
-83.30639084589542
 21
28.829883093326636
 31
0.0
  0
LINE
  5
4C9
330
17
100
AcDbEntity
  8
0
100
AcDbLine
 10
-83.30639084589542
 20
28.829883093326636
 30
0.0
 11
-83.42239963333034
 21
28.68516874932086
 31
0.0
  0
LINE
  5
4CA
330
17
100
AcDbEntity
  8
0
100
AcDbLine
 10
-83.42239963333034
 20
28.68516874932086
 30
0.0
 11
-83.5380266751622
 21
28.540113789592418
 31
0.0
  0
LINE
  5
4CB
330
17
100
AcDbEntity
  8
0
100
AcDbLine
 10
-83.5380266751622
 20
28.540113789592418
 30
0.0
 11
-83.65327070414845
 21
28.394719281647475
 31
0.0
  0
LINE
  5
4CC
330
17
100
AcDbEntity
  8
0
100
AcDbLine
 10
-83.65327070414845
 20
28.394719281647475
 30
0.0
 11
-83.76813045580957
 21
28.24898629816856
 31
0.0
  0
LINE
  5
4CD
330
17
100
AcDbEntity
  8
0
100
AcDbLine
 10
-83.76813045580957
 20
28.24898629816856
 30
0.0
 11
-83.88260466844991
 21
28.102915917008616
 31
0.0
  0
LINE
  5
4CE
330
17
100
AcDbEntity
  8
0
100
AcDbLine
 10
-83.88260466844991
 20
28.102915917008616
 30
0.0
 11
-83.99669209450403
 21
27.956509206723062
 31
0.0
  0
LINE
  5
4CF
330
17
100
AcDbEntity
  8
0
100
AcDbLine
 10
-83.99669209450403
 20
27.956509206723062
 30
0.0
 11
-84.11039156687656
 21
27.809767143768305
 31
0.0
  0
LINE
  5
4D0
330
17
100
AcDbEntity
  8
0
100
AcDbLine
 10
-84.11039156687656
 20
27.809767143768305
 30
0.0
 11
-84.22370185372112
 21
27.662690799365578
 31
0.0
  0
LINE
  5
4D1
330
17
100
AcDbEntity
  8
0
100
AcDbLine
 10
-84.22370185372112
 20
27.662690799365578
 30
0.0
 11
-84.3366217076384
 21
27.515281273683172
 31
0.0
  0
LINE
  5
4D2
330
17
100
AcDbEntity
  8
0
100
AcDbLine
 10
-84.3366217076384
 20
27.515281273683172
 30
0.0
 11
-84.44914988413571
 21
27.36753967199659
 31
0.0
  0
LINE
  5
4D3
330
17
100
AcDbEntity
  8
0
100
AcDbLine
 10
-84.44914988413571
 20
27.36753967199659
 30
0.0
 11
-84.5612851416476
 21
27.219467104682124
 31
0.0
  0
LINE
  5
4D4
330
17
100
AcDbEntity
  8
0
100
AcDbLine
 10
-84.5612851416476
 20
27.219467104682124
 30
0.0
 11
-84.67302624155653
 21
27.071064687210026
 31
0.0
  0
LINE
  5
4D5
330
17
100
AcDbEntity
  8
0
100
AcDbLine
 10
-84.67302624155653
 20
27.071064687210026
 30
0.0
 11
-84.78437194821333
 21
26.922333540137927
 31
0.0
  0
LINE
  5
4D6
330
17
100
AcDbEntity
  8
0
100
AcDbLine
 10
-84.78437194821333
 20
26.922333540137927
 30
0.0
 11
-84.8953210774568
 21
26.77327472440161
 31
0.0
  0
LINE
  5
4D7
330
17
100
AcDbEntity
  8
0
100
AcDbLine
 10
-84.8953210774568
 20
26.77327472440161
 30
0.0
 11
-85.00587264451526
 21
26.623889050357768
 31
0.0
  0
LINE
  5
4D8
330
17
100
AcDbEntity
  8
0
100
AcDbLine
 10
-85.00587264451526
 20
26.623889050357768
 30
0.0
 11
-85.11602546384665
 21
26.474177614299023
 31
0.0
  0
LINE
  5
4D9
330
17
100
AcDbEntity
  8
0
100
AcDbLine
 10
-85.11602546384665
 20
26.474177614299023
 30
0.0
 11
-85.22577832028388
 21
26.32414156168897
 31
0.0
  0
LINE
  5
4DA
330
17
100
AcDbEntity
  8
0
100
AcDbLine
 10
-85.22577832028388
 20
26.32414156168897
 30
0.0
 11
-85.33513000178175
 21
26.173782042953157
 31
0.0
  0
LINE
  5
4DB
330
17
100
AcDbEntity
  8
0
100
AcDbLine
 10
-85.33513000178175
 20
26.173782042953157
 30
0.0
 11
-85.44407929943682
 21
26.023100213471594
 31
0.0
  0
LINE
  5
4DC
330
17
100
AcDbEntity
  8
0
100
AcDbLine
 10
-85.44407929943682
 20
26.023100213471594
 30
0.0
 11
-85.55262500750754
 21
25.872097233570962
 31
0.0
  0
LINE
  5
4DD
330
17
100
AcDbEntity
  8
0
100
AcDbLine
 10
-85.55262500750754
 20
25.872097233570962
 30
0.0
 11
-85.66076592343404
 21
25.720774268517005
 31
0.0
  0
LINE
  5
4DE
330
17
100
AcDbEntity
  8
0
100
AcDbLine
 10
-85.66076592343404
 20
25.720774268517005
 30
0.0
 11
-85.76850091334543
 21
25.569132397168026
 31
0.0
  0
LINE
  5
4DF
330
17
100
AcDbEntity
  8
0
100
AcDbLine
 10
-85.76850091334543
 20
25.569132397168026
 30
0.0
 11
-85.87582900450333
 21
25.417172490280755
 31
0.0
  0
LINE
  5
4E0
330
17
100
AcDbEntity
  8
0
100
AcDbLine
 10
-85.87582900450333
 20
25.417172490280755
 30
0.0
 11
-85.98274902976006
 21
25.26489570743309
 31
0.0
  0
LINE
  5
4E1
330
17
100
AcDbEntity
  8
0
100
AcDbLine
 10
-85.98274902976006
 20
25.26489570743309
 30
0.0
 11
-86.08925980767076
 21
25.11230323788798
 31
0.0
  0
LINE
  5
4E2
330
17
100
AcDbEntity
  8
0
100
AcDbLine
 10
-86.08925980767076
 20
25.11230323788798
 30
0.0
 11
-86.19536016011905
 21
24.959396275720046
 31
0.0
  0
LINE
  5
4E3
330
17
100
AcDbEntity
  8
0
100
AcDbLine
 10
-86.19536016011905
 20
24.959396275720046
 30
0.0
 11
-86.30104891233633
 21
24.80617601980684
 31
0.0
  0
LINE
  5
4E4
330
17
100
AcDbEntity
  8
0
100
AcDbLine
 10
-86.30104891233633
 20
24.80617601980684
 30
0.0
 11
-86.40632489292139
 21
24.652643673820556
 31
0.0
  0
LINE
  5
4E5
330
17
100
AcDbEntity
  8
0
100
AcDbLine
 10
-86.40632489292139
 20
24.652643673820556
 30
0.0
 11
-86.51118693385921
 21
24.498800446219413
 31
0.0
  0
LINE
  5
4E6
330
17
100
AcDbEntity
  8
0
100
AcDbLine
 10
-86.51118693385921
 20
24.498800446219413
 30
0.0
 11
-86.61563395102733
 21
24.344647432786353
 31
0.0
  0
LINE
  5
4E7
330
17
100
AcDbEntity
  8
0
100
AcDbLine
 10
-86.61563395102733
 20
24.344647432786353
 30
0.0
 11
-86.7196649728463
 21
24.19018558271936
 31
0.0
  0
LINE
  5
4E8
330
17
100
AcDbEntity
  8
0
100
AcDbLine
 10
-86.7196649728463
 20
24.19018558271936
 30
0.0
 11
-86.82327885657389
 21
24.03541611188787
 31
0.0
  0
LINE
  5
4E9
330
17
100
AcDbEntity
  8
0
100
AcDbLine
 10
-86.82327885657389
 20
24.03541611188787
 30
0.0
 11
-86.92647445562572
 21
23.880340251690484
 31
0.0
  0
LINE
  5
4EA
330
17
100
AcDbEntity
  8
0
100
AcDbLine
 10
-86.92647445562572
 20
23.880340251690484
 30
0.0
 11
-87.02925062694256
 21
23.72495923818532
 31
0.0
  0
LINE
  5
4EB
330
17
100
AcDbEntity
  8
0
100
AcDbLine
 10
-87.02925062694256
 20
23.72495923818532
 30
0.0
 11
-87.13160623100896
 21
23.56927431208063
 31
0.0
  0
LINE
  5
4EC
330
17
100
AcDbEntity
  8
0
100
AcDbLine
 10
-87.13160623100896
 20
23.56927431208063
 30
0.0
 11
-87.23354013187189
 21
23.413286718725566
 31
0.0
  0
LINE
  5
4ED
330
17
100
AcDbEntity
  8
0
100
AcDbLine
 10
-87.23354013187189
 20
23.413286718725566
 30
0.0
 11
-87.33505119715934
 21
23.25699770810057
 31
0.0
  0
LINE
  5
4EE
330
17
100
AcDbEntity
  8
0
100
AcDbLine
 10
-87.33505119715934
 20
23.25699770810057
 30
0.0
 11
-87.43613837344789
 21
23.10040841966829
 31
0.0
  0
LINE
  5
4EF
330
17
100
AcDbEntity
  8
0
100
AcDbLine
 10
-87.43613837344789
 20
23.10040841966829
 30
0.0
 11
-87.53680065814592
 21
22.943519932148767
 31
0.0
  0
LINE
  5
4F0
330
17
100
AcDbEntity
  8
0
100
AcDbLine
 10
-87.53680065814592
 20
22.943519932148767
 30
0.0
 11
-87.63703693692287
 21
22.78633350990843
 31
0.0
  0
LINE
  5
4F1
330
17
100
AcDbEntity
  8
0
100
AcDbLine
 10
-87.63703693692287
 20
22.78633350990843
 30
0.0
 11
-87.73684609765868
 21
22.628850424129645
 31
0.0
  0
LINE
  5
4F2
330
17
100
AcDbEntity
  8
0
100
AcDbLine
 10
-87.73684609765868
 20
22.628850424129645
 30
0.0
 11
-87.83622703193737
 21
22.471071950516517
 31
0.0
  0
LINE
  5
4F3
330
17
100
AcDbEntity
  8
0
100
AcDbLine
 10
-87.83622703193737
 20
22.471071950516517
 30
0.0
 11
-87.93517863506547
 21
22.312999369284718
 31
0.0
  0
LINE
  5
4F4
330
17
100
AcDbEntity
  8
0
100
AcDbLine
 10
-87.93517863506547
 20
22.312999369284718
 30
0.0
 11
-88.03369980608991
 21
22.154633965151405
 31
0.0
  0
LINE
  5
4F5
330
17
100
AcDbEntity
  8
0
100
AcDbLine
 10
-88.03369980608991
 20
22.154633965151405
 30
0.0
 11
-88.13178944781615
 21
21.995977027325225
 31
0.0
  0
LINE
  5
4F6
330
17
100
AcDbEntity
  8
0
100
AcDbLine
 10
-88.13178944781615
 20
21.995977027325225
 30
0.0
 11
-88.2294465615401
 21
21.837029697792843
 31
0.0
  0
LINE
  5
4F7
330
17
100
AcDbEntity
  8
0
100
AcDbLine
 10
-88.2294465615401
 20
21.837029697792843
 30
0.0
 11
-88.32667016150714
 21
21.67779311643003
 31
0.0
  0
LINE
  5
4F8
330
17
100
AcDbEntity
  8
0
100
AcDbLine
 10
-88.32667016150714
 20
21.67779311643003
 30
0.0
 11
-88.42345916783972
 21
21.51826858863329
 31
0.0
  0
LINE
  5
4F9
330
17
100
AcDbEntity
  8
0
100
AcDbLine
 10
-88.42345916783972
 20
21.51826858863329
 30
0.0
 11
-88.5198125045032
 21
21.35845742421501
 31
0.0
  0
LINE
  5
4FA
330
17
100
AcDbEntity
  8
0
100
AcDbLine
 10
-88.5198125045032
 20
21.35845742421501
 30
0.0
 11
-88.61572909934148
 21
21.19836093736331
 31
0.0
  0
LINE
  5
4FB
330
17
100
AcDbEntity
  8
0
100
AcDbLine
 10
-88.61572909934148
 20
21.19836093736331
 30
0.0
 11
-88.71120788409456
 21
21.037980446631245
 31
0.0
  0
LINE
  5
4FC
330
17
100
AcDbEntity
  8
0
100
AcDbLine
 10
-88.71120788409456
 20
21.037980446631245
 30
0.0
 11
-88.80624779441594
 21
20.877317274926135
 31
0.0
  0
LINE
  5
4FD
330
17
100
AcDbEntity
  8
0
100
AcDbLine
 10
-88.80624779441594
 20
20.877317274926135
 30
0.0
 11
-88.90084777147466
 21
20.716372746799486
 31
0.0
  0
LINE
  5
4FE
330
17
100
AcDbEntity
  8
0
100
AcDbLine
 10
-88.90084777147466
 20
20.716372746799486
 30
0.0
 11
-88.99500696318671
 21
20.555147850439894
 31
0.0
  0
LINE
  5
4FF
330
17
100
AcDbEntity
  8
0
100
AcDbLine
 10
-88.99500696318671
 20
20.555147850439894
 30
0.0
 11
-89.08872446739967
 21
20.393643686224642
 31
0.0
  0
LINE
  5
500
330
17
100
AcDbEntity
  8
0
100
AcDbLine
 10
-89.08872446739967
 20
20.393643686224642
 30
0.0
 11
-89.18199924664303
 21
20.231861599369104
 31
0.0
  0
LINE
  5
501
330
17
100
AcDbEntity
  8
0
100
AcDbLine
 10
-89.18199924664303
 20
20.231861599369104
 30
0.0
 11
-89.27483026750127
 21
20.06980293926923
 31
0.0
  0
LINE
  5
502
330
17
100
AcDbEntity
  8
0
100
AcDbLine
 10
-89.27483026750127
 20
20.06980293926923
 30
0.0
 11
-89.36721650063056
 21
19.90746905948989
 31
0.0
  0
LINE
  5
503
330
17
100
AcDbEntity
  8
0
100
AcDbLine
 10
-89.36721650063056
 20
19.90746905948989
 30
0.0
 11
-89.45915692077517
 21
19.744861317753397
 31
0.0
  0
LINE
  5
504
330
17
100
AcDbEntity
  8
0
100
AcDbLine
 10
-89.45915692077517
 20
19.744861317753397
 30
0.0
 11
-89.55065050678422
 21
19.581981075927644
 31
0.0
  0
LINE
  5
505
330
17
100
AcDbEntity
  8
0
100
AcDbLine
 10
-89.55065050678422
 20
19.581981075927644
 30
0.0
 11
-89.64169624304883
 21
19.418829697470663
 31
0.0
  0
LINE
  5
506
330
17
100
AcDbEntity
  8
0
100
AcDbLine
 10
-89.64169624304883
 20
19.418829697470663
 30
0.0
 11
-89.73229316185905
 21
19.25540847283225
 31
0.0
  0
LINE
  5
507
330
17
100
AcDbEntity
  8
0
100
AcDbLine
 10
-89.73229316185905
 20
19.25540847283225
 30
0.0
 11
-89.82244027773086
 21
19.09171873910617
 31
0.0
  0
LINE
  5
508
330
17
100
AcDbEntity
  8
0
100
AcDbLine
 10
-89.82244027773086
 20
19.09171873910617
 30
0.0
 11
-89.91213658835446
 21
18.927761875599053
 31
0.0
  0
LINE
  5
509
330
17
100
AcDbEntity
  8
0
100
AcDbLine
 10
-89.91213658835446
 20
18.927761875599053
 30
0.0
 11
-90.00138109561745
 21
18.76353926567966
 31
0.0
  0
LINE
  5
50A
330
17
100
AcDbEntity
  8
0
100
AcDbLine
 10
-90.00138109561745
 20
18.76353926567966
 30
0.0
 11
-90.09017280562142
 21
18.599052296766637
 31
0.0
  0
LINE
  5
50B
330
17
100
AcDbEntity
  8
0
100
AcDbLine
 10
-90.09017280562142
 20
18.599052296766637
 30
0.0
 11
-90.17851072869792
 21
18.43430236031638
 31
0.0
  0
LINE
  5
50C
330
17
100
AcDbEntity
  8
0
100
AcDbLine
 10
-90.17851072869792
 20
18.43430236031638
 30
0.0
 11
-90.26639387942458
 21
18.269290851810894
 31
0.0
  0
LINE
  5
50D
330
17
100
AcDbEntity
  8
0
100
AcDbLine
 10
-90.26639387942458
 20
18.269290851810894
 30
0.0
 11
-90.35382129044389
 21
18.104019144738103
 31
0.0
  0
LINE
  5
50E
330
17
100
AcDbEntity
  8
0
100
AcDbLine
 10
-90.35382129044389
 20
18.104019144738103
 30
0.0
 11
-90.44079218672549
 21
17.9384882687295
 31
0.0
  0
LINE
  5
50F
330
17
100
AcDbEntity
  8
0
100
AcDbLine
 10
-90.44079218672549
 20
17.9384882687295
 30
0.0
 11
-90.52730566988194
 21
17.7726995121524
 31
0.0
  0
LINE
  5
510
330
17
100
AcDbEntity
  8
0
100
AcDbLine
 10
-90.52730566988194
 20
17.7726995121524
 30
0.0
 11
-90.61336078140901
 21
17.606654290482588
 31
0.0
  0
LINE
  5
511
330
17
100
AcDbEntity
  8
0
100
AcDbLine
 10
-90.61336078140901
 20
17.606654290482588
 30
0.0
 11
-90.69895656717262
 21
17.44035402305441
 31
0.0
  0
LINE
  5
512
330
17
100
AcDbEntity
  8
0
100
AcDbLine
 10
-90.69895656717262
 20
17.44035402305441
 30
0.0
 11
-90.7840920774241
 21
17.27380013304805
 31
0.0
  0
LINE
  5
513
330
17
100
AcDbEntity
  8
0
100
AcDbLine
 10
-90.7840920774241
 20
17.27380013304805
 30
0.0
 11
-90.86876636681541
 21
17.106994047476554
 31
0.0
  0
LINE
  5
514
330
17
100
AcDbEntity
  8
0
100
AcDbLine
 10
-90.86876636681541
 20
17.106994047476554
 30
0.0
 11
-90.95297849441448
 21
16.93993719717276
 31
0.0
  0
LINE
  5
515
330
17
100
AcDbEntity
  8
0
100
AcDbLine
 10
-90.95297849441448
 20
16.93993719717276
 30
0.0
 11
-91.03672753162395
 21
16.772631001077507
 31
0.0
  0
LINE
  5
516
330
17
100
AcDbEntity
  8
0
100
AcDbLine
 10
-91.03672753162395
 20
16.772631001077507
 30
0.0
 11
-91.12001261272015
 21
16.605076768476117
 31
0.0
  0
LINE
  5
517
330
17
100
AcDbEntity
  8
0
100
AcDbLine
 10
-91.12001261272015
 20
16.605076768476117
 30
0.0
 11
-91.20283282766049
 21
16.43727591398985
 31
0.0
  0
LINE
  5
518
330
17
100
AcDbEntity
  8
0
100
AcDbLine
 10
-91.20283282766049
 20
16.43727591398985
 30
0.0
 11
-91.28518725656188
 21
16.269229884862547
 31
0.0
  0
LINE
  5
519
330
17
100
AcDbEntity
  8
0
100
AcDbLine
 10
-91.28518725656188
 20
16.269229884862547
 30
0.0
 11
-91.3670749840466
 21
16.100940132057545
 31
0.0
  0
LINE
  5
51A
330
17
100
AcDbEntity
  8
0
100
AcDbLine
 10
-91.3670749840466
 20
16.100940132057545
 30
0.0
 11
-91.44849509925699
 21
15.932408110243983
 31
0.0
  0
LINE
  5
51B
330
17
100
AcDbEntity
  8
0
100
AcDbLine
 10
-91.44849509925699
 20
15.932408110243983
 30
0.0
 11
-91.52944669587035
 21
15.763635277783521
 31
0.0
  0
LINE
  5
51C
330
17
100
AcDbEntity
  8
0
100
AcDbLine
 10
-91.52944669587035
 20
15.763635277783521
 30
0.0
 11
-91.60992887211358
 21
15.59462309671671
 31
0.0
  0
LINE
  5
51D
330
17
100
AcDbEntity
  8
0
100
AcDbLine
 10
-91.60992887211358
 20
15.59462309671671
 30
0.0
 11
-91.68994078023972
 21
15.425372928999018
 31
0.0
  0
LINE
  5
51E
330
17
100
AcDbEntity
  8
0
100
AcDbLine
 10
-91.68994078023972
 20
15.425372928999018
 30
0.0
 11
-91.76948179239872
 21
15.255885701627818
 31
0.0
  0
LINE
  5
51F
330
17
100
AcDbEntity
  8
0
100
AcDbLine
 10
-91.76948179239872
 20
15.255885701627818
 30
0.0
 11
-91.84855107105798
 21
15.086162813680453
 31
0.0
  0
LINE
  5
520
330
17
100
AcDbEntity
  8
0
100
AcDbLine
 10
-91.84855107105798
 20
15.086162813680453
 30
0.0
 11
-91.92714774623815
 21
14.91620574675865
 31
0.0
  0
LINE
  5
521
330
17
100
AcDbEntity
  8
0
100
AcDbLine
 10
-91.92714774623815
 20
14.91620574675865
 30
0.0
 11
-92.00527095263692
 21
14.74601598593054
 31
0.0
  0
LINE
  5
522
330
17
100
AcDbEntity
  8
0
100
AcDbLine
 10
-92.00527095263692
 20
14.74601598593054
 30
0.0
 11
-92.08291982964266
 21
14.57559501971651
 31
0.0
  0
LINE
  5
523
330
17
100
AcDbEntity
  8
0
100
AcDbLine
 10
-92.08291982964266
 20
14.57559501971651
 30
0.0
 11
-92.16009352134795
 21
14.404944340075094
 31
0.0
  0
LINE
  5
524
330
17
100
AcDbEntity
  8
0
100
AcDbLine
 10
-92.16009352134795
 20
14.404944340075094
 30
0.0
 11
-92.23679117656317
 21
14.234065442388431
 31
0.0
  0
LINE
  5
525
330
17
100
AcDbEntity
  8
0
100
AcDbLine
 10
-92.23679117656317
 20
14.234065442388431
 30
0.0
 11
-92.31301193820171
 21
14.062959849038826
 31
0.0
  0
LINE
  5
526
330
17
100
AcDbEntity
  8
0
100
AcDbLine
 10
-92.31301193820171
 20
14.062959849038826
 30
0.0
 11
-92.3887549262126
 21
13.891629144876507
 31
0.0
  0
LINE
  5
527
330
17
100
AcDbEntity
  8
0
100
AcDbLine
 10
-92.3887549262126
 20
13.891629144876507
 30
0.0
 11
-92.46401929834236
 21
13.720074841946392
 31
0.0
  0
LINE
  5
528
330
17
100
AcDbEntity
  8
0
100
AcDbLine
 10
-92.46401929834236
 20
13.720074841946392
 30
0.0
 11
-92.5388042203096
 21
13.548298448445909
 31
0.0
  0
LINE
  5
529
330
17
100
AcDbEntity
  8
0
100
AcDbLine
 10
-92.5388042203096
 20
13.548298448445909
 30
0.0
 11
-92.61310886260969
 21
13.376301475946416
 31
0.0
  0
LINE
  5
52A
330
17
100
AcDbEntity
  8
0
100
AcDbLine
 10
-92.61310886260969
 20
13.376301475946416
 30
0.0
 11
-92.68693240052829
 21
13.204085439378716
 31
0.0
  0
LINE
  5
52B
330
17
100
AcDbEntity
  8
0
100
AcDbLine
 10
-92.68693240052829
 20
13.204085439378716
 30
0.0
 11
-92.7602740141548
 21
13.03165185701819
 31
0.0
  0
LINE
  5
52C
330
17
100
AcDbEntity
  8
0
100
AcDbLine
 10
-92.7602740141548
 20
13.03165185701819
 30
0.0
 11
-92.83313288839571
 21
12.859002250470361
 31
0.0
  0
LINE
  5
52D
330
17
100
AcDbEntity
  8
0
100
AcDbLine
 10
-92.83313288839571
 20
12.859002250470361
 30
0.0
 11
-92.90550828464639
 21
12.686137975961689
 31
0.0
  0
LINE
  5
52E
330
17
100
AcDbEntity
  8
0
100
AcDbLine
 10
-92.90550828464639
 20
12.686137975961689
 30
0.0
 11
-92.97739957618735
 21
12.51306015606334
 31
0.0
  0
LINE
  5
52F
330
17
100
AcDbEntity
  8
0
100
AcDbLine
 10
-92.97739957618735
 20
12.51306015606334
 30
0.0
 11
-93.04880598089441
 21
12.339770307905752
 31
0.0
  0
LINE
  5
530
330
17
100
AcDbEntity
  8
0
100
AcDbLine
 10
-93.04880598089441
 20
12.339770307905752
 30
0.0
 11
-93.11972671398806
 21
12.166269969881416
 31
0.0
  0
LINE
  5
531
330
17
100
AcDbEntity
  8
0
100
AcDbLine
 10
-93.11972671398806
 20
12.166269969881416
 30
0.0
 11
-93.19016099561142
 21
11.99256068352204
 31
0.0
  0
LINE
  5
532
330
17
100
AcDbEntity
  8
0
100
AcDbLine
 10
-93.19016099561142
 20
11.99256068352204
 30
0.0
 11
-93.26010805084249
 21
11.818643993483349
 31
0.0
  0
LINE
  5
533
330
17
100
AcDbEntity
  8
0
100
AcDbLine
 10
-93.26010805084249
 20
11.818643993483349
 30
0.0
 11
-93.3295671097065
 21
11.64452144752985
 31
0.0
  0
LINE
  5
534
330
17
100
AcDbEntity
  8
0
100
AcDbLine
 10
-93.3295671097065
 20
11.64452144752985
 30
0.0
 11
-93.39853740718837
 21
11.470194596519704
 31
0.0
  0
LINE
  5
535
330
17
100
AcDbEntity
  8
0
100
AcDbLine
 10
-93.39853740718837
 20
11.470194596519704
 30
0.0
 11
-93.46701823291923
 21
11.29566487003973
 31
0.0
  0
LINE
  5
536
330
17
100
AcDbEntity
  8
0
100
AcDbLine
 10
-93.46701823291923
 20
11.29566487003973
 30
0.0
 11
-93.53500891781901
 21
11.12093361982054
 31
0.0
  0
LINE
  5
537
330
17
100
AcDbEntity
  8
0
100
AcDbLine
 10
-93.53500891781901
 20
11.12093361982054
 30
0.0
 11
-93.60250871914599
 21
10.946002404740408
 31
0.0
  0
LINE
  5
538
330
17
100
AcDbEntity
  8
0
100
AcDbLine
 10
-93.60250871914599
 20
10.946002404740408
 30
0.0
 11
-93.66951689795532
 21
10.770872789783578
 31
0.0
  0
LINE
  5
539
330
17
100
AcDbEntity
  8
0
100
AcDbLine
 10
-93.66951689795532
 20
10.770872789783578
 30
0.0
 11
-93.7360327203434
 21
10.595546342885292
 31
0.0
  0
LINE
  5
53A
330
17
100
AcDbEntity
  8
0
100
AcDbLine
 10
-93.7360327203434
 20
10.595546342885292
 30
0.0
 11
-93.80205545745933
 21
10.42002463491622
 31
0.0
  0
LINE
  5
53B
330
17
100
AcDbEntity
  8
0
100
AcDbLine
 10
-93.80205545745933
 20
10.42002463491622
 30
0.0
 11
-93.86758438551658
 21
10.244309239666482
 31
0.0
  0
LINE
  5
53C
330
17
100
AcDbEntity
  8
0
100
AcDbLine
 10
-93.86758438551658
 20
10.244309239666482
 30
0.0
 11
-93.93261878580456
 21
10.068401733829987
 31
0.0
  0
LINE
  5
53D
330
17
100
AcDbEntity
  8
0
100
AcDbLine
 10
-93.93261878580456
 20
10.068401733829987
 30
0.0
 11
-93.99715799609378
 21
9.892303559782132
 31
0.0
  0
LINE
  5
53E
330
17
100
AcDbEntity
  8
0
100
AcDbLine
 10
-93.99715799609378
 20
9.892303559782132
 30
0.0
 11
-94.06120136849663
 21
9.71601614827021
 31
0.0
  0
LINE
  5
53F
330
17
100
AcDbEntity
  8
0
100
AcDbLine
 10
-94.06120136849663
 20
9.71601614827021
 30
0.0
 11
-94.1247482049125
 21
9.539541086101753
 31
0.0
  0
LINE
  5
540
330
17
100
AcDbEntity
  8
0
100
AcDbLine
 10
-94.1247482049125
 20
9.539541086101753
 30
0.0
 11
-94.18779781233957
 21
9.362879962977072
 31
0.0
  0
LINE
  5
541
330
17
100
AcDbEntity
  8
0
100
AcDbLine
 10
-94.18779781233957
 20
9.362879962977072
 30
0.0
 11
-94.25034950292557
 21
9.186034371364215
 31
0.0
  0
LINE
  5
542
330
17
100
AcDbEntity
  8
0
100
AcDbLine
 10
-94.25034950292557
 20
9.186034371364215
 30
0.0
 11
-94.31240259397903
 21
9.009005906482631
 31
0.0
  0
LINE
  5
543
330
17
100
AcDbEntity
  8
0
100
AcDbLine
 10
-94.31240259397903
 20
9.009005906482631
 30
0.0
 11
-94.37395640798
 21
8.831796166287084
 31
0.0
  0
LINE
  5
544
330
17
100
AcDbEntity
  8
0
100
AcDbLine
 10
-94.37395640798
 20
8.831796166287084
 30
0.0
 11
-94.43501027308741
 21
8.654406750005592
 31
0.0
  0
LINE
  5
545
330
17
100
AcDbEntity
  8
0
100
AcDbLine
 10
-94.43501027308741
 20
8.654406750005592
 30
0.0
 11
-94.49556360825349
 21
8.476839015134779
 31
0.0
  0
LINE
  5
546
330
17
100
AcDbEntity
  8
0
100
AcDbLine
 10
-94.49556360825349
 20
8.476839015134779
 30
0.0
 11
-94.55561582009315
 21
8.299094389400807
 31
0.0
  0
LINE
  5
547
330
17
100
AcDbEntity
  8
0
100
AcDbLine
 10
-94.55561582009315
 20
8.299094389400807
 30
0.0
 11
-94.61516625962551
 21
8.121174483750174
 31
0.0
  0
LINE
  5
548
330
17
100
AcDbEntity
  8
0
100
AcDbLine
 10
-94.61516625962551
 20
8.121174483750174
 30
0.0
 11
-94.67421428311854
 21
7.943080911700115
 31
0.0
  0
LINE
  5
549
330
17
100
AcDbEntity
  8
0
100
AcDbLine
 10
-94.67421428311854
 20
7.943080911700115
 30
0.0
 11
-94.73275925209916
 21
7.764815289322147
 31
0.0
  0
LINE
  5
54A
330
17
100
AcDbEntity
  8
0
100
AcDbLine
 10
-94.73275925209916
 20
7.764815289322147
 30
0.0
 11
-94.7908005333632
 21
7.586379235225554
 31
0.0
  0
LINE
  5
54B
330
17
100
AcDbEntity
  8
0
100
AcDbLine
 10
-94.7908005333632
 20
7.586379235225554
 30
0.0
 11
-94.84833749898542
 21
7.40777437054053
 31
0.0
  0
LINE
  5
54C
330
17
100
AcDbEntity
  8
0
100
AcDbLine
 10
-94.84833749898542
 20
7.40777437054053
 30
0.0
 11
-94.90536952991599
 21
7.22900230766912
 31
0.0
  0
LINE
  5
54D
330
17
100
AcDbEntity
  8
0
100
AcDbLine
 10
-94.90536952991599
 20
7.22900230766912
 30
0.0
 11
-94.96189613916357
 21
7.050064273395794
 31
0.0
  0
LINE
  5
54E
330
17
100
AcDbEntity
  8
0
100
AcDbLine
 10
-94.96189613916357
 20
7.050064273395794
 30
0.0
 11
-95.01791678819552
 21
6.870961699539297
 31
0.0
  0
LINE
  5
54F
330
17
100
AcDbEntity
  8
0
100
AcDbLine
 10
-95.01791678819552
 20
6.870961699539297
 30
0.0
 11
-95.0734308813234
 21
6.6916962200901935
 31
0.0
  0
LINE
  5
550
330
17
100
AcDbEntity
  8
0
100
AcDbLine
 10
-95.0734308813234
 20
6.6916962200901935
 30
0.0
 11
-95.12843782821854
 21
6.512269471358334
 31
0.0
  0
LINE
  5
551
330
17
100
AcDbEntity
  8
0
100
AcDbLine
 10
-95.12843782821854
 20
6.512269471358334
 30
0.0
 11
-95.18293704392077
 21
6.332683091955847
 31
0.0
  0
LINE
  5
552
330
17
100
AcDbEntity
  8
0
100
AcDbLine
 10
-95.18293704392077
 20
6.332683091955847
 30
0.0
 11
-95.23692794884741
 21
6.152938722779858
 31
0.0
  0
LINE
  5
553
330
17
100
AcDbEntity
  8
0
100
AcDbLine
 10
-95.23692794884741
 20
6.152938722779858
 30
0.0
 11
-95.29040996880202
 21
5.973038006995459
 31
0.0
  0
LINE
  5
554
330
17
100
AcDbEntity
  8
0
100
AcDbLine
 10
-95.29040996880202
 20
5.973038006995459
 30
0.0
 11
-95.34338253970603
 21
5.792982574037779
 31
0.0
  0
LINE
  5
555
330
17
100
AcDbEntity
  8
0
100
AcDbLine
 10
-95.34338253970603
 20
5.792982574037779
 30
0.0
 11
-95.39584517384014
 21
5.612773821979776
 31
0.0
  0
LINE
  5
556
330
17
100
AcDbEntity
  8
0
100
AcDbLine
 10
-95.39584517384014
 20
5.612773821979776
 30
0.0
 11
-95.44779734440529
 21
5.43241331631064
 31
0.0
  0
LINE
  5
557
330
17
100
AcDbEntity
  8
0
100
AcDbLine
 10
-95.44779734440529
 20
5.43241331631064
 30
0.0
 11
-95.49923850517305
 21
5.251902710670212
 31
0.0
  0
LINE
  5
558
330
17
100
AcDbEntity
  8
0
100
AcDbLine
 10
-95.49923850517305
 20
5.251902710670212
 30
0.0
 11
-95.55016811536166
 21
5.0712436608125095
 31
0.0
  0
LINE
  5
559
330
17
100
AcDbEntity
  8
0
100
AcDbLine
 10
-95.55016811536166
 20
5.0712436608125095
 30
0.0
 11
-95.60058563964412
 21
4.8904378245880835
 31
0.0
  0
LINE
  5
55A
330
17
100
AcDbEntity
  8
0
100
AcDbLine
 10
-95.60058563964412
 20
4.8904378245880835
 30
0.0
 11
-95.65049054815623
 21
4.70948686192666
 31
0.0
  0
LINE
  5
55B
330
17
100
AcDbEntity
  8
0
100
AcDbLine
 10
-95.65049054815623
 20
4.70948686192666
 30
0.0
 11
-95.69988231650447
 21
4.528392434819789
 31
0.0
  0
LINE
  5
55C
330
17
100
AcDbEntity
  8
0
100
AcDbLine
 10
-95.69988231650447
 20
4.528392434819789
 30
0.0
 11
-95.74876044910063
 21
4.347156121555134
 31
0.0
  0
LINE
  5
55D
330
17
100
AcDbEntity
  8
0
100
AcDbLine
 10
-95.74876044910063
 20
4.347156121555134
 30
0.0
 11
-95.79712464353547
 21
4.165778836148714
 31
0.0
  0
LINE
  5
55E
330
17
100
AcDbEntity
  8
0
100
AcDbLine
 10
-95.79712464353547
 20
4.165778836148714
 30
0.0
 11
-95.84497445694417
 21
3.984262074637737
 31
0.0
  0
LINE
  5
55F
330
17
100
AcDbEntity
  8
0
100
AcDbLine
 10
-95.84497445694417
 20
3.984262074637737
 30
0.0
 11
-95.89230940513748
 21
3.802607511285302
 31
0.0
  0
LINE
  5
560
330
17
100
AcDbEntity
  8
0
100
AcDbLine
 10
-95.89230940513748
 20
3.802607511285302
 30
0.0
 11
-95.93912900948162
 21
3.6208168221332393
 31
0.0
  0
LINE
  5
561
330
17
100
AcDbEntity
  8
0
100
AcDbLine
 10
-95.93912900948162
 20
3.6208168221332393
 30
0.0
 11
-95.98543279690476
 21
3.438891684984341
 31
0.0
  0
LINE
  5
562
330
17
100
AcDbEntity
  8
0
100
AcDbLine
 10
-95.98543279690476
 20
3.438891684984341
 30
0.0
 11
-96.0312202999036
 21
3.2568337793841557
 31
0.0
  0
LINE
  5
563
330
17
100
AcDbEntity
  8
0
100
AcDbLine
 10
-96.0312202999036
 20
3.2568337793841557
 30
0.0
 11
-96.07649105654956
 21
3.074644786603155
 31
0.0
  0
LINE
  5
564
330
17
100
AcDbEntity
  8
0
100
AcDbLine
 10
-96.07649105654956
 20
3.074644786603155
 30
0.0
 11
-96.12124462448367
 21
2.892326333396273
 31
0.0
  0
LINE
  5
565
330
17
100
AcDbEntity
  8
0
100
AcDbLine
 10
-96.12124462448367
 20
2.892326333396273
 30
0.0
 11
-96.16548063319438
 21
2.7098797940309964
 31
0.0
  0
LINE
  5
566
330
17
100
AcDbEntity
  8
0
100
AcDbLine
 10
-96.16548063319438
 20
2.7098797940309964
 30
0.0
 11
-96.20919865652142
 21
2.5273068087398336
 31
0.0
  0
LINE
  5
567
330
17
100
AcDbEntity
  8
0
100
AcDbLine
 10
-96.20919865652142
 20
2.5273068087398336
 30
0.0
 11
-96.25239826233877
 21
2.34460906709079
 31
0.0
  0
LINE
  5
568
330
17
100
AcDbEntity
  8
0
100
AcDbLine
 10
-96.25239826233877
 20
2.34460906709079
 30
0.0
 11
-96.29507902414318
 21
2.1617882602070715
 31
0.0
  0
LINE
  5
569
330
17
100
AcDbEntity
  8
0
100
AcDbLine
 10
-96.29507902414318
 20
2.1617882602070715
 30
0.0
 11
-96.33724052106021
 21
1.9788460807487134
 31
0.0
  0
LINE
  5
56A
330
17
100
AcDbEntity
  8
0
100
AcDbLine
 10
-96.33724052106021
 20
1.9788460807487134
 30
0.0
 11
-96.37888233784925
 21
1.7957842228943868
 31
0.0
  0
LINE
  5
56B
330
17
100
AcDbEntity
  8
0
100
AcDbLine
 10
-96.37888233784925
 20
1.7957842228943868
 30
0.0
 11
-96.42000406490922
 21
1.6126043823233047
 31
0.0
  0
LINE
  5
56C
330
17
100
AcDbEntity
  8
0
100
AcDbLine
 10
-96.42000406490922
 20
1.6126043823233047
 30
0.0
 11
-96.46060535013305
 21
1.4293080265898226
 31
0.0
  0
LINE
  5
56D
330
17
100
AcDbEntity
  8
0
100
AcDbLine
 10
-96.46060535013305
 20
1.4293080265898226
 30
0.0
 11
-96.50068599579636
 21
1.245896008464129
 31
0.0
  0
LINE
  5
56E
330
17
100
AcDbEntity
  8
0
100
AcDbLine
 10
-96.50068599579636
 20
1.245896008464129
 30
0.0
 11
-96.54024564729812
 21
1.0623699530504744
 31
0.0
  0
LINE
  5
56F
330
17
100
AcDbEntity
  8
0
100
AcDbLine
 10
-96.54024564729812
 20
1.0623699530504744
 30
0.0
 11
-96.57928393835056
 21
0.878731565864971
 31
0.0
  0
LINE
  5
570
330
17
100
AcDbEntity
  8
0
100
AcDbLine
 10
-96.57928393835056
 20
0.878731565864971
 30
0.0
 11
-96.61780050837594
 21
0.6949825536113714
 31
0.0
  0
LINE
  5
571
330
17
100
AcDbEntity
  8
0
100
AcDbLine
 10
-96.61780050837594
 20
0.6949825536113714
 30
0.0
 11
-96.65579500251039
 21
0.511124624162381
 31
0.0
  0
LINE
  5
572
330
17
100
AcDbEntity
  8
0
100
AcDbLine
 10
-96.65579500251039
 20
0.511124624162381
 30
0.0
 11
-96.69326707160756
 21
0.3271594865411487
 31
0.0
  0
LINE
  5
573
330
17
100
AcDbEntity
  8
0
100
AcDbLine
 10
-96.69326707160756
 20
0.3271594865411487
 30
0.0
 11
-96.73021637224228
 21
0.14308885090239443
 31
0.0
  0
LINE
  5
574
330
17
100
AcDbEntity
  8
0
100
AcDbLine
 10
-96.73021637224228
 20
0.14308885090239443
 30
0.0
 11
-96.76664259691114
 21
-0.041085720203156484
 31
0.0
  0
LINE
  5
575
330
17
100
AcDbEntity
  8
0
100
AcDbLine
 10
-96.76664259691114
 20
-0.041085720203156484
 30
0.0
 11
-96.80254549496232
 21
-0.2253628898984701
 31
0.0
  0
LINE
  5
576
330
17
100
AcDbEntity
  8
0
100
AcDbLine
 10
-96.80254549496232
 20
-0.2253628898984701
 30
0.0
 11
-96.8379247534814
 21
-0.409740961362818
 31
0.0
  0
LINE
  5
577
330
17
100
AcDbEntity
  8
0
100
AcDbLine
 10
-96.8379247534814
 20
-0.409740961362818
 30
0.0
 11
-96.8727800616796
 21
-0.5942182183893081
 31
0.0
  0
LINE
  5
578
330
17
100
AcDbEntity
  8
0
100
AcDbLine
 10
-96.8727800616796
 20
-0.5942182183893081
 30
0.0
 11
-96.9071111145255
 21
-0.7787929438365424
 31
0.0
  0
LINE
  5
579
330
17
100
AcDbEntity
  8
0
100
AcDbLine
 10
-96.9071111145255
 20
-0.7787929438365424
 30
0.0
 11
-96.94091761274781
 21
-0.9634634196476739
 31
0.0
  0
LINE
  5
57A
330
17
100
AcDbEntity
  8
0
100
AcDbLine
 10
-96.94091761274781
 20
-0.9634634196476739
 30
0.0
 11
-96.9741992628379
 21
-1.1482279268690831
 31
0.0
  0
LINE
  5
57B
330
17
100
AcDbEntity
  8
0
100
AcDbLine
 10
-96.9741992628379
 20
-1.1482279268690831
 30
0.0
 11
-97.00695577705217
 21
-1.333084745669355
 31
0.0
  0
LINE
  5
57C
330
17
100
AcDbEntity
  8
0
100
AcDbLine
 10
-97.00695577705217
 20
-1.333084745669355
 30
0.0
 11
-97.03918693027546
 21
-1.5180324703947061
 31
0.0
  0
LINE
  5
57D
330
17
100
AcDbEntity
  8
0
100
AcDbLine
 10
-97.03918693027546
 20
-1.5180324703947061
 30
0.0
 11
-97.07089255416712
 21
-1.7030699264751448
 31
0.0
  0
LINE
  5
57E
330
17
100
AcDbEntity
  8
0
100
AcDbLine
 10
-97.07089255416712
 20
-1.7030699264751448
 30
0.0
 11
-97.10207239559227
 21
-1.8881953988486337
 31
0.0
  0
LINE
  5
57F
330
17
100
AcDbEntity
  8
0
100
AcDbLine
 10
-97.10207239559227
 20
-1.8881953988486337
 30
0.0
 11
-97.1327262054885
 21
-2.0734071618898025
 31
0.0
  0
LINE
  5
580
330
17
100
AcDbEntity
  8
0
100
AcDbLine
 10
-97.1327262054885
 20
-2.0734071618898025
 30
0.0
 11
-97.16285374059814
 21
-2.258703489356501
 31
0.0
  0
LINE
  5
581
330
17
100
AcDbEntity
  8
0
100
AcDbLine
 10
-97.16285374059814
 20
-2.258703489356501
 30
0.0
 11
-97.19245476346947
 21
-2.444082654408799
 31
0.0
  0
LINE
  5
582
330
17
100
AcDbEntity
  8
0
100
AcDbLine
 10
-97.19245476346947
 20
-2.444082654408799
 30
0.0
 11
-97.2215290424578
 21
-2.629542929627906
 31
0.0
  0
LINE
  5
583
330
17
100
AcDbEntity
  8
0
100
AcDbLine
 10
-97.2215290424578
 20
-2.629542929627906
 30
0.0
 11
-97.25007635172626
 21
-2.8150825870354748
 31
0.0
  0
LINE
  5
584
330
17
100
AcDbEntity
  8
0
100
AcDbLine
 10
-97.25007635172626
 20
-2.8150825870354748
 30
0.0
 11
-97.27809650278
 21
-3.0007000975466536
 31
0.0
  0
LINE
  5
585
330
17
100
AcDbEntity
  8
0
100
AcDbLine
 10
-97.27809650278
 20
-3.0007000975466536
 30
0.0
 11
-97.30558932333211
 21
-3.186393965322045
 31
0.0
  0
LINE
  5
586
330
17
100
AcDbEntity
  8
0
100
AcDbLine
 10
-97.30558932333211
 20
-3.186393965322045
 30
0.0
 11
-97.33255461275662
 21
-3.3721624600135804
 31
0.0
  0
LINE
  5
587
330
17
100
AcDbEntity
  8
0
100
AcDbLine
 10
-97.33255461275662
 20
-3.3721624600135804
 30
0.0
 11
-97.35899217619617
 21
-3.558003850505708
 31
0.0
  0
LINE
  5
588
330
17
100
AcDbEntity
  8
0
100
AcDbLine
 10
-97.35899217619617
 20
-3.558003850505708
 30
0.0
 11
-97.38490182461798
 21
-3.7439164053012313
 31
0.0
  0
LINE
  5
589
330
17
100
AcDbEntity
  8
0
100
AcDbLine
 10
-97.38490182461798
 20
-3.7439164053012313
 30
0.0
 11
-97.41028337481416
 21
-3.929898392540327
 31
0.0
  0
LINE
  5
58A
330
17
100
AcDbEntity
  8
0
100
AcDbLine
 10
-97.41028337481416
 20
-3.929898392540327
 30
0.0
 11
-97.4351366494015
 21
-4.115948080019901
 31
0.0
  0
LINE
  5
58B
330
17
100
AcDbEntity
  8
0
100
AcDbLine
 10
-97.4351366494015
 20
-4.115948080019901
 30
0.0
 11
-97.45946147702675
 21
-4.302063736791309
 31
0.0
  0
LINE
  5
58C
330
17
100
AcDbEntity
  8
0
100
AcDbLine
 10
-97.45946147702675
 20
-4.302063736791309
 30
0.0
 11
-97.48325774350768
 21
-4.488244009141786
 31
0.0
  0
LINE
  5
58D
330
17
100
AcDbEntity
  8
0
100
AcDbLine
 10
-97.48325774350768
 20
-4.488244009141786
 30
0.0
 11
-97.50652533708038
 21
-4.674487454482323
 31
0.0
  0
LINE
  5
58E
330
17
100
AcDbEntity
  8
0
100
AcDbLine
 10
-97.50652533708038
 20
-4.674487454482323
 30
0.0
 11
-97.52926411563011
 21
-4.8607923378237015
 31
0.0
  0
LINE
  5
58F
330
17
100
AcDbEntity
  8
0
100
AcDbLine
 10
-97.52926411563011
 20
-4.8607923378237015
 30
0.0
 11
-97.55147394288461
 21
-5.0471569240568215
 31
0.0
  0
LINE
  5
590
330
17
100
AcDbEntity
  8
0
100
AcDbLine
 10
-97.55147394288461
 20
-5.0471569240568215
 30
0.0
 11
-97.57315468841279
 21
-5.233579477972185
 31
0.0
  0
LINE
  5
591
330
17
100
AcDbEntity
  8
0
100
AcDbLine
 10
-97.57315468841279
 20
-5.233579477972185
 30
0.0
 11
-97.59430622762369
 21
-5.420058264278975
 31
0.0
  0
LINE
  5
592
330
17
100
AcDbEntity
  8
0
100
AcDbLine
 10
-97.59430622762369
 20
-5.420058264278975
 30
0.0
 11
-97.61492844176536
 21
-5.606591547624172
 31
0.0
  0
LINE
  5
593
330
17
100
AcDbEntity
  8
0
100
AcDbLine
 10
-97.61492844176536
 20
-5.606591547624172
 30
0.0
 11
-97.635021218538
 21
-5.7931775983100255
 31
0.0
  0
LINE
  5
594
330
17
100
AcDbEntity
  8
0
100
AcDbLine
 10
-97.635021218538
 20
-5.7931775983100255
 30
0.0
 11
-97.65458447738521
 21
-5.979814912996435
 31
0.0
  0
LINE
  5
595
330
17
100
AcDbEntity
  8
0
100
AcDbLine
 10
-97.65458447738521
 20
-5.979814912996435
 30
0.0
 11
-97.6736181358157
 21
-6.16650187692448
 31
0.0
  0
LINE
  5
596
330
17
100
AcDbEntity
  8
0
100
AcDbLine
 10
-97.6736181358157
 20
-6.16650187692448
 30
0.0
 11
-97.6921221048097
 21
-6.353236753940955
 31
0.0
  0
LINE
  5
597
330
17
100
AcDbEntity
  8
0
100
AcDbLine
 10
-97.6921221048097
 20
-6.353236753940955
 30
0.0
 11
-97.71009630118796
 21
-6.540017807994927
 31
0.0
  0
LINE
  5
598
330
17
100
AcDbEntity
  8
0
100
AcDbLine
 10
-97.71009630118796
 20
-6.540017807994927
 30
0.0
 11
-97.7275406476098
 21
-6.726843303156805
 31
0.0
  0
LINE
  5
599
330
17
100
AcDbEntity
  8
0
100
AcDbLine
 10
-97.7275406476098
 20
-6.726843303156805
 30
0.0
 11
-97.74445507257117
 21
-6.913711503637414
 31
0.0
  0
LINE
  5
59A
330
17
100
AcDbEntity
  8
0
100
AcDbLine
 10
-97.74445507257117
 20
-6.913711503637414
 30
0.0
 11
-97.76083951040239
 21
-7.100620673807418
 31
0.0
  0
LINE
  5
59B
330
17
100
AcDbEntity
  8
0
100
AcDbLine
 10
-97.76083951040239
 20
-7.100620673807418
 30
0.0
 11
-97.77669390405195
 21
-7.287569110639586
 31
0.0
  0
LINE
  5
59C
330
17
100
AcDbEntity
  8
0
100
AcDbLine
 10
-97.77669390405195
 20
-7.287569110639586
 30
0.0
 11
-97.79201825081525
 21
-7.474555630814988
 31
0.0
  0
LINE
  5
59D
330
17
100
AcDbEntity
  8
0
100
AcDbLine
 10
-97.79201825081525
 20
-7.474555630814988
 30
0.0
 11
-97.80681253233362
 21
-7.661578696716571
 31
0.0
  0
LINE
  5
59E
330
17
100
AcDbEntity
  8
0
100
AcDbLine
 10
-97.80681253233362
 20
-7.661578696716571
 30
0.0
 11
-97.82107672018549
 21
-7.848636572168489
 31
0.0
  0
LINE
  5
59F
330
17
100
AcDbEntity
  8
0
100
AcDbLine
 10
-97.82107672018549
 20
-7.848636572168489
 30
0.0
 11
-97.83481079178806
 21
-8.035727521399464
 31
0.0
  0
LINE
  5
5A0
330
17
100
AcDbEntity
  8
0
100
AcDbLine
 10
-97.83481079178806
 20
-8.035727521399464
 30
0.0
 11
-97.84801473039435
 21
-8.222849809061792
 31
0.0
  0
LINE
  5
5A1
330
17
100
AcDbEntity
  8
0
100
AcDbLine
 10
-97.84801473039435
 20
-8.222849809061792
 30
0.0
 11
-97.86068852508951
 21
-8.410001700250799
 31
0.0
  0
LINE
  5
5A2
330
17
100
AcDbEntity
  8
0
100
AcDbLine
 10
-97.86068852508951
 20
-8.410001700250799
 30
0.0
 11
-97.87283217078758
 21
-8.597181460523856
 31
0.0
  0
LINE
  5
5A3
330
17
100
AcDbEntity
  8
0
100
AcDbLine
 10
-97.87283217078758
 20
-8.597181460523856
 30
0.0
 11
-97.88444566996547
 21
-8.784387383027639
 31
0.0
  0
LINE
  5
5A4
330
17
100
AcDbEntity
  8
0
100
AcDbLine
 10
-97.88444566996547
 20
-8.784387383027639
 30
0.0
 11
-97.89552904745454
 21
-8.971617988139155
 31
0.0
  0
LINE
  5
5A5
330
17
100
AcDbEntity
  8
0
100
AcDbLine
 10
-97.89552904745454
 20
-8.971617988139155
 30
0.0
 11
-97.90608232536789
 21
-9.1588716047962
 31
0.0
  0
LINE
  5
5A6
330
17
100
AcDbEntity
  8
0
100
AcDbLine
 10
-97.90608232536789
 20
-9.1588716047962
 30
0.0
 11
-97.91610552800756
 21
-9.346146500098953
 31
0.0
  0
LINE
  5
5A7
330
17
100
AcDbEntity
  8
0
100
AcDbLine
 10
-97.91610552800756
 20
-9.346146500098953
 30
0.0
 11
-97.9255986854919
 21
-9.533440941770724
 31
0.0
  0
LINE
  5
5A8
330
17
100
AcDbEntity
  8
0
100
AcDbLine
 10
-97.9255986854919
 20
-9.533440941770724
 30
0.0
 11
-97.93456183375135
 21
-9.720753198176935
 31
0.0
  0
LINE
  5
5A9
330
17
100
AcDbEntity
  8
0
100
AcDbLine
 10
-97.93456183375135
 20
-9.720753198176935
 30
0.0
 11
-97.94299501452402
 21
-9.908081538344074
 31
0.0
  0
LINE
  5
5AA
330
17
100
AcDbEntity
  8
0
100
AcDbLine
 10
-97.94299501452402
 20
-9.908081538344074
 30
0.0
 11
-97.95089827535139
 21
-10.095424231978978
 31
0.0
  0
LINE
  5
5AB
330
17
100
AcDbEntity
  8
0
100
AcDbLine
 10
-97.95089827535139
 20
-10.095424231978978
 30
0.0
 11
-97.95827167547509
 21
-10.282779688714626
 31
0.0
  0
LINE
  5
5AC
330
17
100
AcDbEntity
  8
0
100
AcDbLine
 10
-97.95827167547509
 20
-10.282779688714626
 30
0.0
 11
-97.96511531577151
 21
-10.470146991978435
 31
0.0
  0
LINE
  5
5AD
330
17
100
AcDbEntity
  8
0
100
AcDbLine
 10
-97.96511531577151
 20
-10.470146991978435
 30
0.0
 11
-97.97142928523743
 21
-10.657524544065039
 31
0.0
  0
LINE
  5
5AE
330
17
100
AcDbEntity
  8
0
100
AcDbLine
 10
-97.97142928523743
 20
-10.657524544065039
 30
0.0
 11
-97.9772136738651
 21
-10.844910616362348
 31
0.0
  0
LINE
  5
5AF
330
17
100
AcDbEntity
  8
0
100
AcDbLine
 10
-97.9772136738651
 20
-10.844910616362348
 30
0.0
 11
-97.98246857744253
 21
-11.032303481239962
 31
0.0
  0
LINE
  5
5B0
330
17
100
AcDbEntity
  8
0
100
AcDbLine
 10
-97.98246857744253
 20
-11.032303481239962
 30
0.0
 11
-97.9871940975477
 21
-11.219701412068051
 31
0.0
  0
LINE
  5
5B1
330
17
100
AcDbEntity
  8
0
100
AcDbLine
 10
-97.9871940975477
 20
-11.219701412068051
 30
0.0
 11
-97.99139034154238
 21
-11.407102683236593
 31
0.0
  0
LINE
  5
5B2
330
17
100
AcDbEntity
  8
0
100
AcDbLine
 10
-97.99139034154238
 20
-11.407102683236593
 30
0.0
 11
-97.99505742256599
 21
-11.594505570174222
 31
0.0
  0
LINE
  5
5B3
330
17
100
AcDbEntity
  8
0
100
AcDbLine
 10
-97.99505742256599
 20
-11.594505570174222
 30
0.0
 11
-97.99819546042744
 21
-11.781908392681991
 31
0.0
  0
LINE
  5
5B4
330
17
100
AcDbEntity
  8
0
100
AcDbLine
 10
-97.99819546042744
 20
-11.781908392681991
 30
0.0
 11
-98.00080458504873
 21
-11.96930959610226
 31
0.0
  0
LINE
  5
5B5
330
17
100
AcDbEntity
  8
0
100
AcDbLine
 10
-98.00080458504873
 20
-11.96930959610226
 30
0.0
 11
-98.00288493116871
 21
-12.156707475638502
 31
0.0
  0
LINE
  5
5B6
330
17
100
AcDbEntity
  8
0
100
AcDbLine
 10
-98.00288493116871
 20
-12.156707475638502
 30
0.0
 11
-98.00443663903337
 21
-12.344100310875127
 31
0.0
  0
LINE
  5
5B7
330
17
100
AcDbEntity
  8
0
100
AcDbLine
 10
-98.00443663903337
 20
-12.344100310875127
 30
0.0
 11
-98.00545985463744
 21
-12.53148638257316
 31
0.0
  0
LINE
  5
5B8
330
17
100
AcDbEntity
  8
0
100
AcDbLine
 10
-98.00545985463744
 20
-12.53148638257316
 30
0.0
 11
-98.00595472971767
 21
-12.718863972688897
 31
0.0
  0
LINE
  5
5B9
330
17
100
AcDbEntity
  8
0
100
AcDbLine
 10
-98.00595472971767
 20
-12.718863972688897
 30
0.0
 11
-98.00592142174595
 21
-12.906231364392761
 31
0.0
  0
LINE
  5
5BA
330
17
100
AcDbEntity
  8
0
100
AcDbLine
 10
-98.00592142174595
 20
-12.906231364392761
 30
0.0
 11
-98.00536009392265
 21
-13.093586842087856
 31
0.0
  0
LINE
  5
5BB
330
17
100
AcDbEntity
  8
0
100
AcDbLine
 10
-98.00536009392265
 20
-13.093586842087856
 30
0.0
 11
-98.00427091495453
 21
-13.280928937949454
 31
0.0
  0
LINE
  5
5BC
330
17
100
AcDbEntity
  8
0
100
AcDbLine
 10
-98.00427091495453
 20
-13.280928937949454
 30
0.0
 11
-98.00265406717435
 21
-13.468256592252974
 31
0.0
  0
LINE
  5
5BD
330
17
100
AcDbEntity
  8
0
100
AcDbLine
 10
-98.00265406717435
 20
-13.468256592252974
 30
0.0
 11
-98.00050974734093
 21
-13.655568127669572
 31
0.0
  0
LINE
  5
5BE
330
17
100
AcDbEntity
  8
0
100
AcDbLine
 10
-98.00050974734093
 20
-13.655568127669572
 30
0.0
 11
-97.99783815816055
 21
-13.842861833241496
 31
0.0
  0
LINE
  5
5BF
330
17
100
AcDbEntity
  8
0
100
AcDbLine
 10
-97.99783815816055
 20
-13.842861833241496
 30
0.0
 11
-97.99463950804005
 21
-14.03013599951569
 31
0.0
  0
LINE
  5
5C0
330
17
100
AcDbEntity
  8
0
100
AcDbLine
 10
-97.99463950804005
 20
-14.03013599951569
 30
0.0
 11
-97.99091401107844
 21
-14.217388918562277
 31
0.0
  0
LINE
  5
5C1
330
17
100
AcDbEntity
  8
0
100
AcDbLine
 10
-97.99091401107844
 20
-14.217388918562277
 30
0.0
 11
-97.98666188705859
 21
-14.404618883993367
 31
0.0
  0
LINE
  5
5C2
330
17
100
AcDbEntity
  8
0
100
AcDbLine
 10
-97.98666188705859
 20
-14.404618883993367
 30
0.0
 11
-97.98188336143873
 21
-14.591824190981406
 31
0.0
  0
LINE
  5
5C3
330
17
100
AcDbEntity
  8
0
100
AcDbLine
 10
-97.98188336143873
 20
-14.591824190981406
 30
0.0
 11
-97.97657866362816
 21
-14.77900321275741
 31
0.0
  0
LINE
  5
5C4
330
17
100
AcDbEntity
  8
0
100
AcDbLine
 10
-97.97657866362816
 20
-14.77900321275741
 30
0.0
 11
-97.9707480294701
 21
-14.966154387226226
 31
0.0
  0
LINE
  5
5C5
330
17
100
AcDbEntity
  8
0
100
AcDbLine
 10
-97.9707480294701
 20
-14.966154387226226
 30
0.0
 11
-97.96439170521907
 21
-15.153276017226931
 31
0.0
  0
LINE
  5
5C6
330
17
100
AcDbEntity
  8
0
100
AcDbLine
 10
-97.96439170521907
 20
-15.153276017226931
 30
0.0
 11
-97.95750994285581
 21
-15.340366404314288
 31
0.0
  0
LINE
  5
5C7
330
17
100
AcDbEntity
  8
0
100
AcDbLine
 10
-97.95750994285581
 20
-15.340366404314288
 30
0.0
 11
-97.95010299999474
 21
-15.527423851737266
 31
0.0
  0
LINE
  5
5C8
330
17
100
AcDbEntity
  8
0
100
AcDbLine
 10
-97.95010299999474
 20
-15.527423851737266
 30
0.0
 11
-97.94217113987469
 21
-15.714446664457567
 31
0.0
  0
LINE
  5
5C9
330
17
100
AcDbEntity
  8
0
100
AcDbLine
 10
-97.94217113987469
 20
-15.714446664457567
 30
0.0
 11
-97.93371463134991
 21
-15.901433149167763
 31
0.0
  0
LINE
  5
5CA
330
17
100
AcDbEntity
  8
0
100
AcDbLine
 10
-97.93371463134991
 20
-15.901433149167763
 30
0.0
 11
-97.924733748881
 21
-16.088381614309405
 31
0.0
  0
LINE
  5
5CB
330
17
100
AcDbEntity
  8
0
100
AcDbLine
 10
-97.924733748881
 20
-16.088381614309405
 30
0.0
 11
-97.91522875704342
 21
-16.275290722092677
 31
0.0
  0
LINE
  5
5CC
330
17
100
AcDbEntity
  8
0
100
AcDbLine
 10
-97.91522875704342
 20
-16.275290722092677
 30
0.0
 11
-97.90519993122683
 21
-16.462159219212303
 31
0.0
  0
LINE
  5
5CD
330
17
100
AcDbEntity
  8
0
100
AcDbLine
 10
-97.90519993122683
 20
-16.462159219212303
 30
0.0
 11
-97.89464757666082
 21
-16.64898542058802
 31
0.0
  0
LINE
  5
5CE
330
17
100
AcDbEntity
  8
0
100
AcDbLine
 10
-97.89464757666082
 20
-16.64898542058802
 30
0.0
 11
-97.88357200420529
 21
-16.83576764192916
 31
0.0
  0
LINE
  5
5CF
330
17
100
AcDbEntity
  8
0
100
AcDbLine
 10
-97.88357200420529
 20
-16.83576764192916
 30
0.0
 11
-97.87197353028102
 21
-17.02250420093562
 31
0.0
  0
LINE
  5
5D0
330
17
100
AcDbEntity
  8
0
100
AcDbLine
 10
-97.87197353028102
 20
-17.02250420093562
 30
0.0
 11
-97.85985247685933
 21
-17.20919341731592
 31
0.0
  0
LINE
  5
5D1
330
17
100
AcDbEntity
  8
0
100
AcDbLine
 10
-97.85985247685933
 20
-17.20919341731592
 30
0.0
 11
-97.84720917145154
 21
-17.395833612804957
 31
0.0
  0
LINE
  5
5D2
330
17
100
AcDbEntity
  8
0
100
AcDbLine
 10
-97.84720917145154
 20
-17.395833612804957
 30
0.0
 11
-97.83404394707573
 21
-17.58242311150053
 31
0.0
  0
LINE
  5
5D3
330
17
100
AcDbEntity
  8
0
100
AcDbLine
 10
-97.83404394707573
 20
-17.58242311150053
 30
0.0
 11
-97.82035713462942
 21
-17.768960356267566
 31
0.0
  0
LINE
  5
5D4
330
17
100
AcDbEntity
  8
0
100
AcDbLine
 10
-97.82035713462942
 20
-17.768960356267566
 30
0.0
 11
-97.80614907463504
 21
-17.955443769777755
 31
0.0
  0
LINE
  5
5D5
330
17
100
AcDbEntity
  8
0
100
AcDbLine
 10
-97.80614907463504
 20
-17.955443769777755
 30
0.0
 11
-97.7914201204495
 21
-18.141871682100998
 31
0.0
  0
LINE
  5
5D6
330
17
100
AcDbEntity
  8
0
100
AcDbLine
 10
-97.7914201204495
 20
-18.141871682100998
 30
0.0
 11
-97.77617063091668
 21
-18.32824242546341
 31
0.0
  0
LINE
  5
5D7
330
17
100
AcDbEntity
  8
0
100
AcDbLine
 10
-97.77617063091668
 20
-18.32824242546341
 30
0.0
 11
-97.76040097035612
 21
-18.514554334264854
 31
0.0
  0
LINE
  5
5D8
330
17
100
AcDbEntity
  8
0
100
AcDbLine
 10
-97.76040097035612
 20
-18.514554334264854
 30
0.0
 11
-97.74411150855231
 21
-18.700805745096773
 31
0.0
  0
LINE
  5
5D9
330
17
100
AcDbEntity
  8
0
100
AcDbLine
 10
-97.74411150855231
 20
-18.700805745096773
 30
0.0
 11
-97.7273026207432
 21
-18.886994996759622
 31
0.0
  0
LINE
  5
5DA
330
17
100
AcDbEntity
  8
0
100
AcDbLine
 10
-97.7273026207432
 20
-18.886994996759622
 30
0.0
 11
-97.7099746869424
 21
-19.073120437447066
 31
0.0
  0
LINE
  5
5DB
330
17
100
AcDbEntity
  8
0
100
AcDbLine
 10
-97.7099746869424
 20
-19.073120437447066
 30
0.0
 11
-97.69212806394546
 21
-19.259180748549152
 31
0.0
  0
LINE
  5
5DC
330
17
100
AcDbEntity
  8
0
100
AcDbLine
 10
-97.69212806394546
 20
-19.259180748549152
 30
0.0
 11
-97.67376313444329
 21
-19.445174460969756
 31
0.0
  0
LINE
  5
5DD
330
17
100
AcDbEntity
  8
0
100
AcDbLine
 10
-97.67376313444329
 20
-19.445174460969756
 30
0.0
 11
-97.6548803048738
 21
-19.631099922814336
 31
0.0
  0
LINE
  5
5DE
330
17
100
AcDbEntity
  8
0
100
AcDbLine
 10
-97.6548803048738
 20
-19.631099922814336
 30
0.0
 11
-97.63547998706983
 21
-19.816955484586412
 31
0.0
  0
LINE
  5
5DF
330
17
100
AcDbEntity
  8
0
100
AcDbLine
 10
-97.63547998706983
 20
-19.816955484586412
 30
0.0
 11
-97.61556259824724
 21
-20.002739499205042
 31
0.0
  0
LINE
  5
5E0
330
17
100
AcDbEntity
  8
0
100
AcDbLine
 10
-97.61556259824724
 20
-20.002739499205042
 30
0.0
 11
-97.59512856099262
 21
-20.188450322021897
 31
0.0
  0
LINE
  5
5E1
330
17
100
AcDbEntity
  8
0
100
AcDbLine
 10
-97.59512856099262
 20
-20.188450322021897
 30
0.0
 11
-97.57417830325132
 21
-20.374086310838308
 31
0.0
  0
LINE
  5
5E2
330
17
100
AcDbEntity
  8
0
100
AcDbLine
 10
-97.57417830325132
 20
-20.374086310838308
 30
0.0
 11
-97.5527122570519
 21
-20.559645836937005
 31
0.0
  0
LINE
  5
5E3
330
17
100
AcDbEntity
  8
0
100
AcDbLine
 10
-97.5527122570519
 20
-20.559645836937005
 30
0.0
 11
-97.53073083892272
 21
-20.74512746823497
 31
0.0
  0
LINE
  5
5E4
330
17
100
AcDbEntity
  8
0
100
AcDbLine
 10
-97.53073083892272
 20
-20.74512746823497
 30
0.0
 11
-97.50823448874478
 21
-20.93052964752099
 31
0.0
  0
LINE
  5
5E5
330
17
100
AcDbEntity
  8
0
100
AcDbLine
 10
-97.50823448874478
 20
-20.93052964752099
 30
0.0
 11
-97.48522366103956
 21
-21.115850742822605
 31
0.0
  0
LINE
  5
5E6
330
17
100
AcDbEntity
  8
0
100
AcDbLine
 10
-97.48522366103956
 20
-21.115850742822605
 30
0.0
 11
-97.46169881562332
 21
-21.30108912475862
 31
0.0
  0
LINE
  5
5E7
330
17
100
AcDbEntity
  8
0
100
AcDbLine
 10
-97.46169881562332
 20
-21.30108912475862
 30
0.0
 11
-97.43766041759429
 21
-21.486243166555994
 31
0.0
  0
LINE
  5
5E8
330
17
100
AcDbEntity
  8
0
100
AcDbLine
 10
-97.43766041759429
 20
-21.486243166555994
 30
0.0
 11
-97.41310893731968
 21
-21.671311244066466
 31
0.0
  0
LINE
  5
5E9
330
17
100
AcDbEntity
  8
0
100
AcDbLine
 10
-97.41310893731968
 20
-21.671311244066466
 30
0.0
 11
-97.38804485042294
 21
-21.856291735783444
 31
0.0
  0
LINE
  5
5EA
330
17
100
AcDbEntity
  8
0
100
AcDbLine
 10
-97.38804485042294
 20
-21.856291735783444
 30
0.0
 11
-97.3624686335089
 21
-22.041183054115187
 31
0.0
  0
LINE
  5
5EB
330
17
100
AcDbEntity
  8
0
100
AcDbLine
 10
-97.3624686335089
 20
-22.041183054115187
 30
0.0
 11
-97.33638073244641
 21
-22.225983895937674
 31
0.0
  0
LINE
  5
5EC
330
17
100
AcDbEntity
  8
0
100
AcDbLine
 10
-97.33638073244641
 20
-22.225983895937674
 30
0.0
 11
-97.30978163469842
 21
-22.410692728905993
 31
0.0
  0
LINE
  5
5ED
330
17
100
AcDbEntity
  8
0
100
AcDbLine
 10
-97.30978163469842
 20
-22.410692728905993
 30
0.0
 11
-97.28267184441951
 21
-22.595307942754367
 31
0.0
  0
LINE
  5
5EE
330
17
100
AcDbEntity
  8
0
100
AcDbLine
 10
-97.28267184441951
 20
-22.595307942754367
 30
0.0
 11
-97.25505187095025
 21
-22.779827930023338
 31
0.0
  0
LINE
  5
5EF
330
17
100
AcDbEntity
  8
0
100
AcDbLine
 10
-97.25505187095025
 20
-22.779827930023338
 30
0.0
 11
-97.22692222880362
 21
-22.96425108607635
 31
0.0
  0
LINE
  5
5F0
330
17
100
AcDbEntity
  8
0
100
AcDbLine
 10
-97.22692222880362
 20
-22.96425108607635
 30
0.0
 11
-97.19828343765114
 21
-23.14857580911589
 31
0.0
  0
LINE
  5
5F1
330
17
100
AcDbEntity
  8
0
100
AcDbLine
 10
-97.19828343765114
 20
-23.14857580911589
 30
0.0
 11
-97.16913602230908
 21
-23.33280050019961
 31
0.0
  0
LINE
  5
5F2
330
17
100
AcDbEntity
  8
0
100
AcDbLine
 10
-97.16913602230908
 20
-23.33280050019961
 30
0.0
 11
-97.13948051137076
 21
-23.51692357182016
 31
0.0
  0
LINE
  5
5F3
330
17
100
AcDbEntity
  8
0
100
AcDbLine
 10
-97.13948051137076
 20
-23.51692357182016
 30
0.0
 11
-97.10931743202275
 21
-23.700943483641165
 31
0.0
  0
LINE
  5
5F4
330
17
100
AcDbEntity
  8
0
100
AcDbLine
 10
-97.10931743202275
 20
-23.700943483641165
 30
0.0
 11
-97.07864732421682
 21
-23.88485865451883
 31
0.0
  0
LINE
  5
5F5
330
17
100
AcDbEntity
  8
0
100
AcDbLine
 10
-97.07864732421682
 20
-23.88485865451883
 30
0.0
 11
-97.04747073447727
 21
-24.068667497200035
 31
0.0
  0
LINE
  5
5F6
330
17
100
AcDbEntity
  8
0
100
AcDbLine
 10
-97.04747073447727
 20
-24.068667497200035
 30
0.0
 11
-97.01578821440226
 21
-24.25236842738086
 31
0.0
  0
LINE
  5
5F7
330
17
100
AcDbEntity
  8
0
100
AcDbLine
 10
-97.01578821440226
 20
-24.25236842738086
 30
0.0
 11
-96.98360032064954
 21
-24.435959863722324
 31
0.0
  0
LINE
  5
5F8
330
17
100
AcDbEntity
  8
0
100
AcDbLine
 10
-96.98360032064954
 20
-24.435959863722324
 30
0.0
 11
-96.95090761492234
 21
-24.619440227866072
 31
0.0
  0
LINE
  5
5F9
330
17
100
AcDbEntity
  8
0
100
AcDbLine
 10
-96.95090761492234
 20
-24.619440227866072
 30
0.0
 11
-96.917710663955
 21
-24.802807944450276
 31
0.0
  0
LINE
  5
5FA
330
17
100
AcDbEntity
  8
0
100
AcDbLine
 10
-96.917710663955
 20
-24.802807944450276
 30
0.0
 11
-96.88401002751992
 21
-24.986061507702786
 31
0.0
  0
LINE
  5
5FB
330
17
100
AcDbEntity
  8
0
100
AcDbLine
 10
-96.88401002751992
 20
-24.986061507702786
 30
0.0
 11
-96.84980623644424
 21
-25.169199619566186
 31
0.0
  0
LINE
  5
5FC
330
17
100
AcDbEntity
  8
0
100
AcDbLine
 10
-96.84980623644424
 20
-25.169199619566186
 30
0.0
 11
-96.8150998737125
 21
-25.352220743276348
 31
0.0
  0
LINE
  5
5FD
330
17
100
AcDbEntity
  8
0
100
AcDbLine
 10
-96.8150998737125
 20
-25.352220743276348
 30
0.0
 11
-96.77989153265452
 21
-25.535123316291894
 31
0.0
  0
LINE
  5
5FE
330
17
100
AcDbEntity
  8
0
100
AcDbLine
 10
-96.77989153265452
 20
-25.535123316291894
 30
0.0
 11
-96.74418181155244
 21
-25.717905779216814
 31
0.0
  0
LINE
  5
5FF
330
17
100
AcDbEntity
  8
0
100
AcDbLine
 10
-96.74418181155244
 20
-25.717905779216814
 30
0.0
 11
-96.70797131362585
 21
-25.900566575815976
 31
0.0
  0
LINE
  5
600
330
17
100
AcDbEntity
  8
0
100
AcDbLine
 10
-96.70797131362585
 20
-25.900566575815976
 30
0.0
 11
-96.6712606470164
 21
-26.08310415303025
 31
0.0
  0
LINE
  5
601
330
17
100
AcDbEntity
  8
0
100
AcDbLine
 10
-96.6712606470164
 20
-26.08310415303025
 30
0.0
 11
-96.6340504247733
 21
-26.265516960991786
 31
0.0
  0
LINE
  5
602
330
17
100
AcDbEntity
  8
0
100
AcDbLine
 10
-96.6340504247733
 20
-26.265516960991786
 30
0.0
 11
-96.59634126822519
 21
-26.44780343625731
 31
0.0
  0
LINE
  5
603
330
17
100
AcDbEntity
  8
0
100
AcDbLine
 10
-96.59634126822519
 20
-26.44780343625731
 30
0.0
 11
-96.55813380901687
 21
-26.629961988698863
 31
0.0
  0
LINE
  5
604
330
17
100
AcDbEntity
  8
0
100
AcDbLine
 10
-96.55813380901687
 20
-26.629961988698863
 30
0.0
 11
-96.5194286741993
 21
-26.811991075245857
 31
0.0
  0
LINE
  5
605
330
17
100
AcDbEntity
  8
0
100
AcDbLine
 10
-96.5194286741993
 20
-26.811991075245857
 30
0.0
 11
-96.4802264951023
 21
-26.993889158801366
 31
0.0
  0
LINE
  5
606
330
17
100
AcDbEntity
  8
0
100
AcDbLine
 10
-96.4802264951023
 20
-26.993889158801366
 30
0.0
 11
-96.44052790788814
 21
-27.175654705521858
 31
0.0
  0
LINE
  5
607
330
17
100
AcDbEntity
  8
0
100
AcDbLine
 10
-96.44052790788814
 20
-27.175654705521858
 30
0.0
 11
-96.40033355353644
 21
-27.357286184831906
 31
0.0
  0
LINE
  5
608
330
17
100
AcDbEntity
  8
0
100
AcDbLine
 10
-96.40033355353644
 20
-27.357286184831906
 30
0.0
 11
-96.35964407782883
 21
-27.538782069438817
 31
0.0
  0
LINE
  5
609
330
17
100
AcDbEntity
  8
0
100
AcDbLine
 10
-96.35964407782883
 20
-27.538782069438817
 30
0.0
 11
-96.31846013133354
 21
-27.720140835347543
 31
0.0
  0
LINE
  5
60A
330
17
100
AcDbEntity
  8
0
100
AcDbLine
 10
-96.31846013133354
 20
-27.720140835347543
 30
0.0
 11
-96.27678233906825
 21
-27.90136109727737
 31
0.0
  0
LINE
  5
60B
330
17
100
AcDbEntity
  8
0
100
AcDbLine
 10
-96.27678233906825
 20
-27.90136109727737
 30
0.0
 11
-96.23461130713311
 21
-28.0824415974661
 31
0.0
  0
LINE
  5
60C
330
17
100
AcDbEntity
  8
0
100
AcDbLine
 10
-96.23461130713311
 20
-28.0824415974661
 30
0.0
 11
-96.19194770617821
 21
-28.26338082918234
 31
0.0
  0
LINE
  5
60D
330
17
100
AcDbEntity
  8
0
100
AcDbLine
 10
-96.19194770617821
 20
-28.26338082918234
 30
0.0
 11
-96.14879221303065
 21
-28.444177282776955
 31
0.0
  0
LINE
  5
60E
330
17
100
AcDbEntity
  8
0
100
AcDbLine
 10
-96.14879221303065
 20
-28.444177282776955
 30
0.0
 11
-96.10514550921648
 21
-28.624829452049205
 31
0.0
  0
LINE
  5
60F
330
17
100
AcDbEntity
  8
0
100
AcDbLine
 10
-96.10514550921648
 20
-28.624829452049205
 30
0.0
 11
-96.06100828094486
 21
-28.80533583426084
 31
0.0
  0
LINE
  5
610
330
17
100
AcDbEntity
  8
0
100
AcDbLine
 10
-96.06100828094486
 20
-28.80533583426084
 30
0.0
 11
-96.01638121909158
 21
-28.98569493015053
 31
0.0
  0
LINE
  5
611
330
17
100
AcDbEntity
  8
0
100
AcDbLine
 10
-96.01638121909158
 20
-28.98569493015053
 30
0.0
 11
-95.97126501918315
 21
-29.16590524394779
 31
0.0
  0
LINE
  5
612
330
17
100
AcDbEntity
  8
0
100
AcDbLine
 10
-95.97126501918315
 20
-29.16590524394779
 30
0.0
 11
-95.92566042128587
 21
-29.3459651212781
 31
0.0
  0
LINE
  5
613
330
17
100
AcDbEntity
  8
0
100
AcDbLine
 10
-95.92566042128587
 20
-29.3459651212781
 30
0.0
 11
-95.87956817780423
 21
-29.525872862143924
 31
0.0
  0
LINE
  5
614
330
17
100
AcDbEntity
  8
0
100
AcDbLine
 10
-95.87956817780423
 20
-29.525872862143924
 30
0.0
 11
-95.83298899154093
 21
-29.705626979459957
 31
0.0
  0
LINE
  5
615
330
17
100
AcDbEntity
  8
0
100
AcDbLine
 10
-95.83298899154093
 20
-29.705626979459957
 30
0.0
 11
-95.7859235696737
 21
-29.88522599048971
 31
0.0
  0
LINE
  5
616
330
17
100
AcDbEntity
  8
0
100
AcDbLine
 10
-95.7859235696737
 20
-29.88522599048971
 30
0.0
 11
-95.73837262396043
 21
-30.06466841598384
 31
0.0
  0
LINE
  5
617
330
17
100
AcDbEntity
  8
0
100
AcDbLine
 10
-95.73837262396043
 20
-30.06466841598384
 30
0.0
 11
-95.69033687072329
 21
-30.243952780193716
 31
0.0
  0
LINE
  5
618
330
17
100
AcDbEntity
  8
0
100
AcDbLine
 10
-95.69033687072329
 20
-30.243952780193716
 30
0.0
 11
-95.64181703083261
 21
-30.423077610885194
 31
0.0
  0
LINE
  5
619
330
17
100
AcDbEntity
  8
0
100
AcDbLine
 10
-95.64181703083261
 20
-30.423077610885194
 30
0.0
 11
-95.59281382957634
 21
-30.602041439769934
 31
0.0
  0
LINE
  5
61A
330
17
100
AcDbEntity
  8
0
100
AcDbLine
 10
-95.59281382957634
 20
-30.602041439769934
 30
0.0
 11
-95.54332792513507
 21
-30.780843068834017
 31
0.0
  0
LINE
  5
61B
330
17
100
AcDbEntity
  8
0
100
AcDbLine
 10
-95.54332792513507
 20
-30.780843068834017
 30
0.0
 11
-95.49335999705121
 21
-30.959481265146586
 31
0.0
  0
LINE
  5
61C
330
17
100
AcDbEntity
  8
0
100
AcDbLine
 10
-95.49335999705121
 20
-30.959481265146586
 30
0.0
 11
-95.44291079326278
 21
-31.137954572156623
 31
0.0
  0
LINE
  5
61D
330
17
100
AcDbEntity
  8
0
100
AcDbLine
 10
-95.44291079326278
 20
-31.137954572156623
 30
0.0
 11
-95.39198106615986
 21
-31.316261536992556
 31
0.0
  0
LINE
  5
61E
330
17
100
AcDbEntity
  8
0
100
AcDbLine
 10
-95.39198106615986
 20
-31.316261536992556
 30
0.0
 11
-95.3405715725675
 21
-31.494400710475375
 31
0.0
  0
LINE
  5
61F
330
17
100
AcDbEntity
  8
0
100
AcDbLine
 10
-95.3405715725675
 20
-31.494400710475375
 30
0.0
 11
-95.28868307372917
 21
-31.672370647131636
 31
0.0
  0
LINE
  5
620
330
17
100
AcDbEntity
  8
0
100
AcDbLine
 10
-95.28868307372917
 20
-31.672370647131636
 30
0.0
 11
-95.23631633528977
 21
-31.850169905206716
 31
0.0
  0
LINE
  5
621
330
17
100
AcDbEntity
  8
0
100
AcDbLine
 10
-95.23631633528977
 20
-31.850169905206716
 30
0.0
 11
-95.18347212791785
 21
-32.02779704452931
 31
0.0
  0
LINE
  5
622
330
17
100
AcDbEntity
  8
0
100
AcDbLine
 10
-95.18347212791785
 20
-32.02779704452931
 30
0.0
 11
-95.13015126060596
 21
-32.20525051185598
 31
0.0
  0
LINE
  5
623
330
17
100
AcDbEntity
  8
0
100
AcDbLine
 10
-95.13015126060596
 20
-32.20525051185598
 30
0.0
 11
-95.0763545293578
 21
-32.3825288078845
 31
0.0
  0
LINE
  5
624
330
17
100
AcDbEntity
  8
0
100
AcDbLine
 10
-95.0763545293578
 20
-32.3825288078845
 30
0.0
 11
-95.0220827137895
 21
-32.55963050522817
 31
0.0
  0
LINE
  5
625
330
17
100
AcDbEntity
  8
0
100
AcDbLine
 10
-95.0220827137895
 20
-32.55963050522817
 30
0.0
 11
-94.9673365978405
 21
-32.736554180245825
 31
0.0
  0
LINE
  5
626
330
17
100
AcDbEntity
  8
0
100
AcDbLine
 10
-94.9673365978405
 20
-32.736554180245825
 30
0.0
 11
-94.91211696975658
 21
-32.91329841305436
 31
0.0
  0
LINE
  5
627
330
17
100
AcDbEntity
  8
0
100
AcDbLine
 10
-94.91211696975658
 20
-32.91329841305436
 30
0.0
 11
-94.85642462207313
 21
-33.08986178754158
 31
0.0
  0
LINE
  5
628
330
17
100
AcDbEntity
  8
0
100
AcDbLine
 10
-94.85642462207313
 20
-33.08986178754158
 30
0.0
 11
-94.80026035159801
 21
-33.26624289137854
 31
0.0
  0
LINE
  5
629
330
17
100
AcDbEntity
  8
0
100
AcDbLine
 10
-94.80026035159801
 20
-33.26624289137854
 30
0.0
 11
-94.74362495657968
 21
-33.442440324816374
 31
0.0
  0
LINE
  5
62A
330
17
100
AcDbEntity
  8
0
100
AcDbLine
 10
-94.74362495657968
 20
-33.442440324816374
 30
0.0
 11
-94.68651918602778
 21
-33.61845286297272
 31
0.0
  0
LINE
  5
62B
330
17
100
AcDbEntity
  8
0
100
AcDbLine
 10
-94.68651918602778
 20
-33.61845286297272
 30
0.0
 11
-94.62894383106261
 21
-33.79427917673284
 31
0.0
  0
LINE
  5
62C
330
17
100
AcDbEntity
  8
0
100
AcDbLine
 10
-94.62894383106261
 20
-33.79427917673284
 30
0.0
 11
-94.57089971017388
 21
-33.969917869988365
 31
0.0
  0
LINE
  5
62D
330
17
100
AcDbEntity
  8
0
100
AcDbLine
 10
-94.57089971017388
 20
-33.969917869988365
 30
0.0
 11
-94.51238764602833
 21
-34.145367550527325
 31
0.0
  0
LINE
  5
62E
330
17
100
AcDbEntity
  8
0
100
AcDbLine
 10
-94.51238764602833
 20
-34.145367550527325
 30
0.0
 11
-94.45340846545236
 21
-34.32062683004612
 31
0.0
  0
LINE
  5
62F
330
17
100
AcDbEntity
  8
0
100
AcDbLine
 10
-94.45340846545236
 20
-34.32062683004612
 30
0.0
 11
-94.39396299941461
 21
-34.49569432416138
 31
0.0
  0
LINE
  5
630
330
17
100
AcDbEntity
  8
0
100
AcDbLine
 10
-94.39396299941461
 20
-34.49569432416138
 30
0.0
 11
-94.3340520830083
 21
-34.67056865242206
 31
0.0
  0
LINE
  5
631
330
17
100
AcDbEntity
  8
0
100
AcDbLine
 10
-94.3340520830083
 20
-34.67056865242206
 30
0.0
 11
-94.27367654784315
 21
-34.845248460413245
 31
0.0
  0
LINE
  5
632
330
17
100
AcDbEntity
  8
0
100
AcDbLine
 10
-94.27367654784315
 20
-34.845248460413245
 30
0.0
 11
-94.21283715772238
 21
-35.019732612736206
 31
0.0
  0
LINE
  5
633
330
17
100
AcDbEntity
  8
0
100
AcDbLine
 10
-94.21283715772238
 20
-35.019732612736206
 30
0.0
 11
-94.15153474353994
 21
-35.19401980610497
 31
0.0
  0
LINE
  5
634
330
17
100
AcDbEntity
  8
0
100
AcDbLine
 10
-94.15153474353994
 20
-35.19401980610497
 30
0.0
 11
-94.08977016265848
 21
-35.36810867723153
 31
0.0
  0
LINE
  5
635
330
17
100
AcDbEntity
  8
0
100
AcDbLine
 10
-94.08977016265848
 20
-35.36810867723153
 30
0.0
 11
-94.0275442764631
 21
-35.5419978668829
 31
0.0
  0
LINE
  5
636
330
17
100
AcDbEntity
  8
0
100
AcDbLine
 10
-94.0275442764631
 20
-35.5419978668829
 30
0.0
 11
-93.96485795034347
 21
-35.715686019892324
 31
0.0
  0
LINE
  5
637
330
17
100
AcDbEntity
  8
0
100
AcDbLine
 10
-93.96485795034347
 20
-35.715686019892324
 30
0.0
 11
-93.9017120536756
 21
-35.88917178517087
 31
0.0
  0
LINE
  5
638
330
17
100
AcDbEntity
  8
0
100
AcDbLine
 10
-93.9017120536756
 20
-35.88917178517087
 30
0.0
 11
-93.83810745980365
 21
-36.06245381571853
 31
0.0
  0
LINE
  5
639
330
17
100
AcDbEntity
  8
0
100
AcDbLine
 10
-93.83810745980365
 20
-36.06245381571853
 30
0.0
 11
-93.7740450388164
 21
-36.2355307882692
 31
0.0
  0
LINE
  5
63A
330
17
100
AcDbEntity
  8
0
100
AcDbLine
 10
-93.7740450388164
 20
-36.2355307882692
 30
0.0
 11
-93.70952562610263
 21
-36.408401492337596
 31
0.0
  0
LINE
  5
63B
330
17
100
AcDbEntity
  8
0
100
AcDbLine
 10
-93.70952562610263
 20
-36.408401492337596
 30
0.0
 11
-93.64455010132711
 21
-36.58106461709469
 31
0.0
  0
LINE
  5
63C
330
17
100
AcDbEntity
  8
0
100
AcDbLine
 10
-93.64455010132711
 20
-36.58106461709469
 30
0.0
 11
-93.57911935667887
 21
-36.753518832766105
 31
0.0
  0
LINE
  5
63D
330
17
100
AcDbEntity
  8
0
100
AcDbLine
 10
-93.57911935667887
 20
-36.753518832766105
 30
0.0
 11
-93.51323428821593
 21
-36.925762813755526
 31
0.0
  0
LINE
  5
63E
330
17
100
AcDbEntity
  8
0
100
AcDbLine
 10
-93.51323428821593
 20
-36.925762813755526
 30
0.0
 11
-93.44689579584666
 21
-37.09779523865569
 31
0.0
  0
LINE
  5
63F
330
17
100
AcDbEntity
  8
0
100
AcDbLine
 10
-93.44689579584666
 20
-37.09779523865569
 30
0.0
 11
-93.38010478331134
 21
-37.26961479025895
 31
0.0
  0
LINE
  5
640
330
17
100
AcDbEntity
  8
0
100
AcDbLine
 10
-93.38010478331134
 20
-37.26961479025895
 30
0.0
 11
-93.31286215816357
 21
-37.441220155567756
 31
0.0
  0
LINE
  5
641
330
17
100
AcDbEntity
  8
0
100
AcDbLine
 10
-93.31286215816357
 20
-37.441220155567756
 30
0.0
 11
-93.24516879477673
 21
-37.61261012044528
 31
0.0
  0
LINE
  5
642
330
17
100
AcDbEntity
  8
0
100
AcDbLine
 10
-93.24516879477673
 20
-37.61261012044528
 30
0.0
 11
-93.17702545438574
 21
-37.783783786197205
 31
0.0
  0
LINE
  5
643
330
17
100
AcDbEntity
  8
0
100
AcDbLine
 10
-93.17702545438574
 20
-37.783783786197205
 30
0.0
 11
-93.10843304771787
 21
-37.95473990103521
 31
0.0
  0
LINE
  5
644
330
17
100
AcDbEntity
  8
0
100
AcDbLine
 10
-93.10843304771787
 20
-37.95473990103521
 30
0.0
 11
-93.03939250749521
 21
-38.1254771715343
 31
0.0
  0
LINE
  5
645
330
17
100
AcDbEntity
  8
0
100
AcDbLine
 10
-93.03939250749521
 20
-38.1254771715343
 30
0.0
 11
-92.9699047701316
 21
-38.29599430864095
 31
0.0
  0
LINE
  5
646
330
17
100
AcDbEntity
  8
0
100
AcDbLine
 10
-92.9699047701316
 20
-38.29599430864095
 30
0.0
 11
-92.89997077571356
 21
-38.46629002768306
 31
0.0
  0
LINE
  5
647
330
17
100
AcDbEntity
  8
0
100
AcDbLine
 10
-92.89997077571356
 20
-38.46629002768306
 30
0.0
 11
-92.82959146798059
 21
-38.63636304838001
 31
0.0
  0
LINE
  5
648
330
17
100
AcDbEntity
  8
0
100
AcDbLine
 10
-92.82959146798059
 20
-38.63636304838001
 30
0.0
 11
-92.75876779430578
 21
-38.8062120948524
 31
0.0
  0
LINE
  5
649
330
17
100
AcDbEntity
  8
0
100
AcDbLine
 10
-92.75876779430578
 20
-38.8062120948524
 30
0.0
 11
-92.68750070257609
 21
-38.97583590310822
 31
0.0
  0
LINE
  5
64A
330
17
100
AcDbEntity
  8
0
100
AcDbLine
 10
-92.68750070257609
 20
-38.97583590310822
 30
0.0
 11
-92.61579113862119
 21
-39.14523322793946
 31
0.0
  0
LINE
  5
64B
330
17
100
AcDbEntity
  8
0
100
AcDbLine
 10
-92.61579113862119
 20
-39.14523322793946
 30
0.0
 11
-92.54364006058327
 21
-39.31440280827067
 31
0.0
  0
LINE
  5
64C
330
17
100
AcDbEntity
  8
0
100
AcDbLine
 10
-92.54364006058327
 20
-39.31440280827067
 30
0.0
 11
-92.47104843074413
 21
-39.48334338608341
 31
0.0
  0
LINE
  5
64D
330
17
100
AcDbEntity
  8
0
100
AcDbLine
 10
-92.47104843074413
 20
-39.48334338608341
 30
0.0
 11
-92.39801721491992
 21
-39.65205370781449
 31
0.0
  0
LINE
  5
64E
330
17
100
AcDbEntity
  8
0
100
AcDbLine
 10
-92.39801721491992
 20
-39.65205370781449
 30
0.0
 11
-92.3245473824415
 21
-39.82053252436555
 31
0.0
  0
LINE
  5
64F
330
17
100
AcDbEntity
  8
0
100
AcDbLine
 10
-92.3245473824415
 20
-39.82053252436555
 30
0.0
 11
-92.25063990613482
 21
-39.98877859111225
 31
0.0
  0
LINE
  5
650
330
17
100
AcDbEntity
  8
0
100
AcDbLine
 10
-92.25063990613482
 20
-39.98877859111225
 30
0.0
 11
-92.17629576230136
 21
-40.15679066791331
 31
0.0
  0
LINE
  5
651
330
17
100
AcDbEntity
  8
0
100
AcDbLine
 10
-92.17629576230136
 20
-40.15679066791331
 30
0.0
 11
-92.1015158378231
 21
-40.32456773065731
 31
0.0
  0
LINE
  5
652
330
17
100
AcDbEntity
  8
0
100
AcDbLine
 10
-92.1015158378231
 20
-40.32456773065731
 30
0.0
 11
-92.02630093624508
 21
-40.49210897427871
 31
0.0
  0
LINE
  5
653
330
17
100
AcDbEntity
  8
0
100
AcDbLine
 10
-92.02630093624508
 20
-40.49210897427871
 30
0.0
 11
-91.95065205097652
 21
-40.659413187515995
 31
0.0
  0
LINE
  5
654
330
17
100
AcDbEntity
  8
0
100
AcDbLine
 10
-91.95065205097652
 20
-40.659413187515995
 30
0.0
 11
-91.87457018408931
 21
-40.82647915186781
 31
0.0
  0
LINE
  5
655
330
17
100
AcDbEntity
  8
0
100
AcDbLine
 10
-91.87457018408931
 20
-40.82647915186781
 30
0.0
 11
-91.79805634099336
 21
-40.993305653491575
 31
0.0
  0
LINE
  5
656
330
17
100
AcDbEntity
  8
0
100
AcDbLine
 10
-91.79805634099336
 20
-40.993305653491575
 30
0.0
 11
-91.72111153041618
 21
-41.159891483212206
 31
0.0
  0
LINE
  5
657
330
17
100
AcDbEntity
  8
0
100
AcDbLine
 10
-91.72111153041618
 20
-41.159891483212206
 30
0.0
 11
-91.6437367643823
 21
-41.32623543653028
 31
0.0
  0
LINE
  5
658
330
17
100
AcDbEntity
  8
0
100
AcDbLine
 10
-91.6437367643823
 20
-41.32623543653028
 30
0.0
 11
-91.56593305819257
 21
-41.492336313630624
 31
0.0
  0
LINE
  5
659
330
17
100
AcDbEntity
  8
0
100
AcDbLine
 10
-91.56593305819257
 20
-41.492336313630624
 30
0.0
 11
-91.4877014607018
 21
-41.65819285405844
 31
0.0
  0
LINE
  5
65A
330
17
100
AcDbEntity
  8
0
100
AcDbLine
 10
-91.4877014607018
 20
-41.65819285405844
 30
0.0
 11
-91.40904303330913
 21
-41.82380377759739
 31
0.0
  0
LINE
  5
65B
330
17
100
AcDbEntity
  8
0
100
AcDbLine
 10
-91.40904303330913
 20
-41.82380377759739
 30
0.0
 11
-91.3299587983584
 21
-41.989167897114655
 31
0.0
  0
LINE
  5
65C
330
17
100
AcDbEntity
  8
0
100
AcDbLine
 10
-91.3299587983584
 20
-41.989167897114655
 30
0.0
 11
-91.25044978115058
 21
-42.15428403068539
 31
0.0
  0
LINE
  5
65D
330
17
100
AcDbEntity
  8
0
100
AcDbLine
 10
-91.25044978115058
 20
-42.15428403068539
 30
0.0
 11
-91.17051701016959
 21
-42.319151001077685
 31
0.0
  0
LINE
  5
65E
330
17
100
AcDbEntity
  8
0
100
AcDbLine
 10
-91.17051701016959
 20
-42.319151001077685
 30
0.0
 11
-91.0901615170617
 21
-42.4837676357606
 31
0.0
  0
LINE
  5
65F
330
17
100
AcDbEntity
  8
0
100
AcDbLine
 10
-91.0901615170617
 20
-42.4837676357606
 30
0.0
 11
-91.00938433661506
 21
-42.64813276691186
 31
0.0
  0
LINE
  5
660
330
17
100
AcDbEntity
  8
0
100
AcDbLine
 10
-91.00938433661506
 20
-42.64813276691186
 30
0.0
 11
-90.92818650670696
 21
-42.812245231490294
 31
0.0
  0
LINE
  5
661
330
17
100
AcDbEntity
  8
0
100
AcDbLine
 10
-90.92818650670696
 20
-42.812245231490294
 30
0.0
 11
-90.84656902387385
 21
-42.97610396209048
 31
0.0
  0
LINE
  5
662
330
17
100
AcDbEntity
  8
0
100
AcDbLine
 10
-90.84656902387385
 20
-42.97610396209048
 30
0.0
 11
-90.76453289449427
 21
-43.139707887479744
 31
0.0
  0
LINE
  5
663
330
17
100
AcDbEntity
  8
0
100
AcDbLine
 10
-90.76453289449427
 20
-43.139707887479744
 30
0.0
 11
-90.68207916896765
 21
-43.303055859814506
 31
0.0
  0
LINE
  5
664
330
17
100
AcDbEntity
  8
0
100
AcDbLine
 10
-90.68207916896765
 20
-43.303055859814506
 30
0.0
 11
-90.59920890072075
 21
-43.46614673603277
 31
0.0
  0
LINE
  5
665
330
17
100
AcDbEntity
  8
0
100
AcDbLine
 10
-90.59920890072075
 20
-43.46614673603277
 30
0.0
 11
-90.51592314618674
 21
-43.62897937786151
 31
0.0
  0
LINE
  5
666
330
17
100
AcDbEntity
  8
0
100
AcDbLine
 10
-90.51592314618674
 20
-43.62897937786151
 30
0.0
 11
-90.43222296478437
 21
-43.79155265182386
 31
0.0
  0
LINE
  5
667
330
17
100
AcDbEntity
  8
0
100
AcDbLine
 10
-90.43222296478437
 20
-43.79155265182386
 30
0.0
 11
-90.34810941889717
 21
-43.95386542924591
 31
0.0
  0
LINE
  5
668
330
17
100
AcDbEntity
  8
0
100
AcDbLine
 10
-90.34810941889717
 20
-43.95386542924591
 30
0.0
 11
-90.26358357258461
 21
-44.115916588693544
 31
0.0
  0
LINE
  5
669
330
17
100
AcDbEntity
  8
0
100
AcDbLine
 10
-90.26358357258461
 20
-44.115916588693544
 30
0.0
 11
-90.17864641162512
 21
-44.2777051715552
 31
0.0
  0
LINE
  5
66A
330
17
100
AcDbEntity
  8
0
100
AcDbLine
 10
-90.17864641162512
 20
-44.2777051715552
 30
0.0
 11
-90.0932989611577
 21
-44.439230161492915
 31
0.0
  0
LINE
  5
66B
330
17
100
AcDbEntity
  8
0
100
AcDbLine
 10
-90.0932989611577
 20
-44.439230161492915
 30
0.0
 11
-90.00754230011351
 21
-44.600490450825106
 31
0.0
  0
LINE
  5
66C
330
17
100
AcDbEntity
  8
0
100
AcDbLine
 10
-90.00754230011351
 20
-44.600490450825106
 30
0.0
 11
-89.92137751026507
 21
-44.76148493676047
 31
0.0
  0
LINE
  5
66D
330
17
100
AcDbEntity
  8
0
100
AcDbLine
 10
-89.92137751026507
 20
-44.76148493676047
 30
0.0
 11
-89.8348056762054
 21
-44.922212521404695
 31
0.0
  0
LINE
  5
66E
330
17
100
AcDbEntity
  8
0
100
AcDbLine
 10
-89.8348056762054
 20
-44.922212521404695
 30
0.0
 11
-89.7478278853265
 21
-45.082672111766556
 31
0.0
  0
LINE
  5
66F
330
17
100
AcDbEntity
  8
0
100
AcDbLine
 10
-89.7478278853265
 20
-45.082672111766556
 30
0.0
 11
-89.66044522779806
 21
-45.24286261976451
 31
0.0
  0
LINE
  5
670
330
17
100
AcDbEntity
  8
0
100
AcDbLine
 10
-89.66044522779806
 20
-45.24286261976451
 30
0.0
 11
-89.57265880467985
 21
-45.4027829473887
 31
0.0
  0
LINE
  5
671
330
17
100
AcDbEntity
  8
0
100
AcDbLine
 10
-89.57265880467985
 20
-45.4027829473887
 30
0.0
 11
-89.48446989270356
 21
-45.562431680681726
 31
0.0
  0
LINE
  5
672
330
17
100
AcDbEntity
  8
0
100
AcDbLine
 10
-89.48446989270356
 20
-45.562431680681726
 30
0.0
 11
-89.39587965776171
 21
-45.72180760471325
 31
0.0
  0
LINE
  5
673
330
17
100
AcDbEntity
  8
0
100
AcDbLine
 10
-89.39587965776171
 20
-45.72180760471325
 30
0.0
 11
-89.30688919165372
 21
-45.88090964766891
 31
0.0
  0
LINE
  5
674
330
17
100
AcDbEntity
  8
0
100
AcDbLine
 10
-89.30688919165372
 20
-45.88090964766891
 30
0.0
 11
-89.21749958888778
 21
-46.03973674257337
 31
0.0
  0
LINE
  5
675
330
17
100
AcDbEntity
  8
0
100
AcDbLine
 10
-89.21749958888778
 20
-46.03973674257337
 30
0.0
 11
-89.1277119466595
 21
-46.19828782729637
 31
0.0
  0
LINE
  5
676
330
17
100
AcDbEntity
  8
0
100
AcDbLine
 10
-89.1277119466595
 20
-46.19828782729637
 30
0.0
 11
-89.0375273648318
 21
-46.356561844558684
 31
0.0
  0
LINE
  5
677
330
17
100
AcDbEntity
  8
0
100
AcDbLine
 10
-89.0375273648318
 20
-46.356561844558684
 30
0.0
 11
-88.94694694591382
 21
-46.514557741937786
 31
0.0
  0
LINE
  5
678
330
17
100
AcDbEntity
  8
0
100
AcDbLine
 10
-88.94694694591382
 20
-46.514557741937786
 30
0.0
 11
-88.85597179016328
 21
-46.672274480361914
 31
0.0
  0
LINE
  5
679
330
17
100
AcDbEntity
  8
0
100
AcDbLine
 10
-88.85597179016328
 20
-46.672274480361914
 30
0.0
 11
-88.7646029500272
 21
-46.8297111150339
 31
0.0
  0
LINE
  5
67A
330
17
100
AcDbEntity
  8
0
100
AcDbLine
 10
-88.7646029500272
 20
-46.8297111150339
 30
0.0
 11
-88.67284152227418
 21
-46.986866636778174
 31
0.0
  0
LINE
  5
67B
330
17
100
AcDbEntity
  8
0
100
AcDbLine
 10
-88.67284152227418
 20
-46.986866636778174
 30
0.0
 11
-88.58068862233974
 21
-47.14374001365434
 31
0.0
  0
LINE
  5
67C
330
17
100
AcDbEntity
  8
0
100
AcDbLine
 10
-88.58068862233974
 20
-47.14374001365434
 30
0.0
 11
-88.48814536819086
 21
-47.300330218634485
 31
0.0
  0
LINE
  5
67D
330
17
100
AcDbEntity
  8
0
100
AcDbLine
 10
-88.48814536819086
 20
-47.300330218634485
 30
0.0
 11
-88.39521288030508
 21
-47.456636229608364
 31
0.0
  0
LINE
  5
67E
330
17
100
AcDbEntity
  8
0
100
AcDbLine
 10
-88.39521288030508
 20
-47.456636229608364
 30
0.0
 11
-88.30189228164964
 21
-47.61265702938849
 31
0.0
  0
LINE
  5
67F
330
17
100
AcDbEntity
  8
0
100
AcDbLine
 10
-88.30189228164964
 20
-47.61265702938849
 30
0.0
 11
-88.20818469766034
 21
-47.76839160571542
 31
0.0
  0
LINE
  5
680
330
17
100
AcDbEntity
  8
0
100
AcDbLine
 10
-88.20818469766034
 20
-47.76839160571542
 30
0.0
 11
-88.11409125568356
 21
-47.92383895215535
 31
0.0
  0
LINE
  5
681
330
17
100
AcDbEntity
  8
0
100
AcDbLine
 10
-88.11409125568356
 20
-47.92383895215535
 30
0.0
 11
-88.01961308237796
 21
-48.07899807250459
 31
0.0
  0
LINE
  5
682
330
17
100
AcDbEntity
  8
0
100
AcDbLine
 10
-88.01961308237796
 20
-48.07899807250459
 30
0.0
 11
-87.92475130990309
 21
-48.23386797055224
 31
0.0
  0
LINE
  5
683
330
17
100
AcDbEntity
  8
0
100
AcDbLine
 10
-87.92475130990309
 20
-48.23386797055224
 30
0.0
 11
-87.8295070735167
 21
-48.38844765386515
 31
0.0
  0
LINE
  5
684
330
17
100
AcDbEntity
  8
0
100
AcDbLine
 10
-87.8295070735167
 20
-48.38844765386515
 30
0.0
 11
-87.73388151083957
 21
-48.54273613496417
 31
0.0
  0
LINE
  5
685
330
17
100
AcDbEntity
  8
0
100
AcDbLine
 10
-87.73388151083957
 20
-48.54273613496417
 30
0.0
 11
-87.63787576183442
 21
-48.696732431328655
 31
0.0
  0
LINE
  5
686
330
17
100
AcDbEntity
  8
0
100
AcDbLine
 10
-87.63787576183442
 20
-48.696732431328655
 30
0.0
 11
-87.54149096878493
 21
-48.850435565401156
 31
0.0
  0
LINE
  5
687
330
17
100
AcDbEntity
  8
0
100
AcDbLine
 10
-87.54149096878493
 20
-48.850435565401156
 30
0.0
 11
-87.44472827627462
 21
-49.00384456459177
 31
0.0
  0
LINE
  5
688
330
17
100
AcDbEntity
  8
0
100
AcDbLine
 10
-87.44472827627462
 20
-49.00384456459177
 30
0.0
 11
-87.34758885212764
 21
-49.15695842798198
 31
0.0
  0
LINE
  5
689
330
17
100
AcDbEntity
  8
0
100
AcDbLine
 10
-87.34758885212764
 20
-49.15695842798198
 30
0.0
 11
-87.25007393812513
 21
-49.30977604250408
 31
0.0
  0
LINE
  5
68A
330
17
100
AcDbEntity
  8
0
100
AcDbLine
 10
-87.25007393812513
 20
-49.30977604250408
 30
0.0
 11
-87.15218469328444
 21
-49.462296430764766
 31
0.0
  0
LINE
  5
68B
330
17
100
AcDbEntity
  8
0
100
AcDbLine
 10
-87.15218469328444
 20
-49.462296430764766
 30
0.0
 11
-87.05392226732029
 21
-49.614518638406736
 31
0.0
  0
LINE
  5
68C
330
17
100
AcDbEntity
  8
0
100
AcDbLine
 10
-87.05392226732029
 20
-49.614518638406736
 30
0.0
 11
-86.95528781216036
 21
-49.76644171601944
 31
0.0
  0
LINE
  5
68D
330
17
100
AcDbEntity
  8
0
100
AcDbLine
 10
-86.95528781216036
 20
-49.76644171601944
 30
0.0
 11
-86.85628248192486
 21
-49.918064719143025
 31
0.0
  0
LINE
  5
68E
330
17
100
AcDbEntity
  8
0
100
AcDbLine
 10
-86.85628248192486
 20
-49.918064719143025
 30
0.0
 11
-86.75690743290538
 21
-50.06938670827217
 31
0.0
  0
LINE
  5
68F
330
17
100
AcDbEntity
  8
0
100
AcDbLine
 10
-86.75690743290538
 20
-50.06938670827217
 30
0.0
 11
-86.65716382354441
 21
-50.22040674886026
 31
0.0
  0
LINE
  5
690
330
17
100
AcDbEntity
  8
0
100
AcDbLine
 10
-86.65716382354441
 20
-50.22040674886026
 30
0.0
 11
-86.55705279617278
 21
-50.371123939053014
 31
0.0
  0
LINE
  5
691
330
17
100
AcDbEntity
  8
0
100
AcDbLine
 10
-86.55705279617278
 20
-50.371123939053014
 30
0.0
 11
-86.45657545889095
 21
-50.52153743932751
 31
0.0
  0
LINE
  5
692
330
17
100
AcDbEntity
  8
0
100
AcDbLine
 10
-86.45657545889095
 20
-50.52153743932751
 30
0.0
 11
-86.35573297485696
 21
-50.671646336903585
 31
0.0
  0
LINE
  5
693
330
17
100
AcDbEntity
  8
0
100
AcDbLine
 10
-86.35573297485696
 20
-50.671646336903585
 30
0.0
 11
-86.25452651318314
 21
-50.82144971814797
 31
0.0
  0
LINE
  5
694
330
17
100
AcDbEntity
  8
0
100
AcDbLine
 10
-86.25452651318314
 20
-50.82144971814797
 30
0.0
 11
-86.15295724501709
 21
-50.97094667442887
 31
0.0
  0
LINE
  5
695
330
17
100
AcDbEntity
  8
0
100
AcDbLine
 10
-86.15295724501709
 20
-50.97094667442887
 30
0.0
 11
-86.05102634352119
 21
-51.120136302119306
 31
0.0
  0
LINE
  5
696
330
17
100
AcDbEntity
  8
0
100
AcDbLine
 10
-86.05102634352119
 20
-51.120136302119306
 30
0.0
 11
-85.94873498385101
 21
-51.26901770260043
 31
0.0
  0
LINE
  5
697
330
17
100
AcDbEntity
  8
0
100
AcDbLine
 10
-85.94873498385101
 20
-51.26901770260043
 30
0.0
 11
-85.84608434313489
 21
-51.417589982264744
 31
0.0
  0
LINE
  5
698
330
17
100
AcDbEntity
  8
0
100
AcDbLine
 10
-85.84608434313489
 20
-51.417589982264744
 30
0.0
 11
-85.74307564254124
 21
-51.56585219124079
 31
0.0
  0
LINE
  5
699
330
17
100
AcDbEntity
  8
0
100
AcDbLine
 10
-85.74307564254124
 20
-51.56585219124079
 30
0.0
 11
-85.63971014949495
 21
-51.71380331625335
 31
0.0
  0
LINE
  5
69A
330
17
100
AcDbEntity
  8
0
100
AcDbLine
 10
-85.63971014949495
 20
-51.71380331625335
 30
0.0
 11
-85.53598904599025
 21
-51.8614424728985
 31
0.0
  0
LINE
  5
69B
330
17
100
AcDbEntity
  8
0
100
AcDbLine
 10
-85.53598904599025
 20
-51.8614424728985
 30
0.0
 11
-85.43191351308795
 21
-52.008768785841056
 31
0.0
  0
LINE
  5
69C
330
17
100
AcDbEntity
  8
0
100
AcDbLine
 10
-85.43191351308795
 20
-52.008768785841056
 30
0.0
 11
-85.32748473373645
 21
-52.15578138473119
 31
0.0
  0
LINE
  5
69D
330
17
100
AcDbEntity
  8
0
100
AcDbLine
 10
-85.32748473373645
 20
-52.15578138473119
 30
0.0
 11
-85.2227038927512
 21
-52.302479404207084
 31
0.0
  0
LINE
  5
69E
330
17
100
AcDbEntity
  8
0
100
AcDbLine
 10
-85.2227038927512
 20
-52.302479404207084
 30
0.0
 11
-85.11757217679377
 21
-52.448861983897665
 31
0.0
  0
LINE
  5
69F
330
17
100
AcDbEntity
  8
0
100
AcDbLine
 10
-85.11757217679377
 20
-52.448861983897665
 30
0.0
 11
-85.01209077435149
 21
-52.59492826842523
 31
0.0
  0
LINE
  5
6A0
330
17
100
AcDbEntity
  8
0
100
AcDbLine
 10
-85.01209077435149
 20
-52.59492826842523
 30
0.0
 11
-84.9062609153668
 21
-52.740677352074364
 31
0.0
  0
LINE
  5
6A1
330
17
100
AcDbEntity
  8
0
100
AcDbLine
 10
-84.9062609153668
 20
-52.740677352074364
 30
0.0
 11
-84.80008384723422
 21
-52.88610830926085
 31
0.0
  0
LINE
  5
6A2
330
17
100
AcDbEntity
  8
0
100
AcDbLine
 10
-84.80008384723422
 20
-52.88610830926085
 30
0.0
 11
-84.6935607616067
 21
-53.0312202976875
 31
0.0
  0
LINE
  5
6A3
330
17
100
AcDbEntity
  8
0
100
AcDbLine
 10
-84.6935607616067
 20
-53.0312202976875
 30
0.0
 11
-84.58669285144425
 21
-53.17601248065231
 31
0.0
  0
LINE
  5
6A4
330
17
100
AcDbEntity
  8
0
100
AcDbLine
 10
-84.58669285144425
 20
-53.17601248065231
 30
0.0
 11
-84.47948131144376
 21
-53.32048402643032
 31
0.0
  0
LINE
  5
6A5
330
17
100
AcDbEntity
  8
0
100
AcDbLine
 10
-84.47948131144376
 20
-53.32048402643032
 30
0.0
 11
-84.3719273380183
 21
-53.46463410827556
 31
0.0
  0
LINE
  5
6A6
330
17
100
AcDbEntity
  8
0
100
AcDbLine
 10
-84.3719273380183
 20
-53.46463410827556
 30
0.0
 11
-84.26403212927667
 21
-53.60846190442357
 31
0.0
  0
LINE
  5
6A7
330
17
100
AcDbEntity
  8
0
100
AcDbLine
 10
-84.26403212927667
 20
-53.60846190442357
 30
0.0
 11
-84.15579688500154
 21
-53.751966598095535
 31
0.0
  0
LINE
  5
6A8
330
17
100
AcDbEntity
  8
0
100
AcDbLine
 10
-84.15579688500154
 20
-53.751966598095535
 30
0.0
 11
-84.04722279768347
 21
-53.895147389473976
 31
0.0
  0
LINE
  5
6A9
330
17
100
AcDbEntity
  8
0
100
AcDbLine
 10
-84.04722279768347
 20
-53.895147389473976
 30
0.0
 11
-83.93831106222972
 21
-54.038003483252275
 31
0.0
  0
LINE
  5
6AA
330
17
100
AcDbEntity
  8
0
100
AcDbLine
 10
-83.93831106222972
 20
-54.038003483252275
 30
0.0
 11
-83.8290628837835
 21
-54.18053407784612
 31
0.0
  0
LINE
  5
6AB
330
17
100
AcDbEntity
  8
0
100
AcDbLine
 10
-83.8290628837835
 20
-54.18053407784612
 30
0.0
 11
-83.71947946907895
 21
-54.322738376667154
 31
0.0
  0
LINE
  5
6AC
330
17
100
AcDbEntity
  8
0
100
AcDbLine
 10
-83.71947946907895
 20
-54.322738376667154
 30
0.0
 11
-83.60956202642062
 21
-54.464615588124616
 31
0.0
  0
LINE
  5
6AD
330
17
100
AcDbEntity
  8
0
100
AcDbLine
 10
-83.60956202642062
 20
-54.464615588124616
 30
0.0
 11
-83.49931176566297
 21
-54.60616492562709
 31
0.0
  0
LINE
  5
6AE
330
17
100
AcDbEntity
  8
0
100
AcDbLine
 10
-83.49931176566297
 20
-54.60616492562709
 30
0.0
 11
-83.38872989818974
 21
-54.74738560758393
 31
0.0
  0
LINE
  5
6AF
330
17
100
AcDbEntity
  8
0
100
AcDbLine
 10
-83.38872989818974
 20
-54.74738560758393
 30
0.0
 11
-83.27781763957276
 21
-54.888276854005596
 31
0.0
  0
LINE
  5
6B0
330
17
100
AcDbEntity
  8
0
100
AcDbLine
 10
-83.27781763957276
 20
-54.888276854005596
 30
0.0
 11
-83.16657641666721
 21
-55.02883762020748
 31
0.0
  0
LINE
  5
6B1
330
17
100
AcDbEntity
  8
0
100
AcDbLine
 10
-83.16657641666721
 20
-55.02883762020748
 30
0.0
 11
-83.0550075730644
 21
-55.16906696356107
 31
0.0
  0
LINE
  5
6B2
330
17
100
AcDbEntity
  8
0
100
AcDbLine
 10
-83.0550075730644
 20
-55.16906696356107
 30
0.0
 11
-82.94311231725064
 21
-55.30896411774812
 31
0.0
  0
LINE
  5
6B3
330
17
100
AcDbEntity
  8
0
100
AcDbLine
 10
-82.94311231725064
 20
-55.30896411774812
 30
0.0
 11
-82.83089185919206
 21
-55.44852832136241
 31
0.0
  0
LINE
  5
6B4
330
17
100
AcDbEntity
  8
0
100
AcDbLine
 10
-82.83089185919206
 20
-55.44852832136241
 30
0.0
 11
-82.71834741031468
 21
-55.58775881791093
 31
0.0
  0
LINE
  5
6B5
330
17
100
AcDbEntity
  8
0
100
AcDbLine
 10
-82.71834741031468
 20
-55.58775881791093
 30
0.0
 11
-82.60548018348459
 21
-55.72665485581525
 31
0.0
  0
LINE
  5
6B6
330
17
100
AcDbEntity
  8
0
100
AcDbLine
 10
-82.60548018348459
 20
-55.72665485581525
 30
0.0
 11
-82.49229139298826
 21
-55.865215688412604
 31
0.0
  0
LINE
  5
6B7
330
17
100
AcDbEntity
  8
0
100
AcDbLine
 10
-82.49229139298826
 20
-55.865215688412604
 30
0.0
 11
-82.37878224806711
 21
-56.0034405818165
 31
0.0
  0
LINE
  5
6B8
330
17
100
AcDbEntity
  8
0
100
AcDbLine
 10
-82.37878224806711
 20
-56.0034405818165
 30
0.0
 11
-82.26495380593785
 21
-56.14132899669334
 31
0.0
  0
LINE
  5
6B9
330
17
100
AcDbEntity
  8
0
100
AcDbLine
 10
-82.26495380593785
 20
-56.14132899669334
 30
0.0
 11
-82.1508072202833
 21
-56.27888028927462
 31
0.0
  0
LINE
  5
6BA
330
17
100
AcDbEntity
  8
0
100
AcDbLine
 10
-82.1508072202833
 20
-56.27888028927462
 30
0.0
 11
-82.03634371660071
 21
-56.41609373579656
 31
0.0
  0
LINE
  5
6BB
330
17
100
AcDbEntity
  8
0
100
AcDbLine
 10
-82.03634371660071
 20
-56.41609373579656
 30
0.0
 11
-81.92156452167278
 21
-56.552968617478
 31
0.0
  0
LINE
  5
6BC
330
17
100
AcDbEntity
  8
0
100
AcDbLine
 10
-81.92156452167278
 20
-56.552968617478
 30
0.0
 11
-81.80647086354763
 21
-56.68950422052102
 31
0.0
  0
LINE
  5
6BD
330
17
100
AcDbEntity
  8
0
100
AcDbLine
 10
-81.80647086354763
 20
-56.68950422052102
 30
0.0
 11
-81.69106397151849
 21
-56.82569983611144
 31
0.0
  0
LINE
  5
6BE
330
17
100
AcDbEntity
  8
0
100
AcDbLine
 10
-81.69106397151849
 20
-56.82569983611144
 30
0.0
 11
-81.57534507610356
 21
-56.96155476041919
 31
0.0
  0
LINE
  5
6BF
330
17
100
AcDbEntity
  8
0
100
AcDbLine
 10
-81.57534507610356
 20
-56.96155476041919
 30
0.0
 11
-81.45931543828189
 21
-57.09706826032218
 31
0.0
  0
LINE
  5
6C0
330
17
100
AcDbEntity
  8
0
100
AcDbLine
 10
-81.45931543828189
 20
-57.09706826032218
 30
0.0
 11
-81.34297664923635
 21
-57.23223921608877
 31
0.0
  0
LINE
  5
6C1
330
17
100
AcDbEntity
  8
0
100
AcDbLine
 10
-81.34297664923635
 20
-57.23223921608877
 30
0.0
 11
-81.22633004006363
 21
-57.36706680626495
 31
0.0
  0
LINE
  5
6C2
330
17
100
AcDbEntity
  8
0
100
AcDbLine
 10
-81.22633004006363
 20
-57.36706680626495
 30
0.0
 11
-81.10937683438529
 21
-57.501550340138316
 31
0.0
  0
LINE
  5
6C3
330
17
100
AcDbEntity
  8
0
100
AcDbLine
 10
-81.10937683438529
 20
-57.501550340138316
 30
0.0
 11
-80.99211825702288
 21
-57.635689131855834
 31
0.0
  0
LINE
  5
6C4
330
17
100
AcDbEntity
  8
0
100
AcDbLine
 10
-80.99211825702288
 20
-57.635689131855834
 30
0.0
 11
-80.8745555339789
 21
-57.76948250042457
 31
0.0
  0
LINE
  5
6C5
330
17
100
AcDbEntity
  8
0
100
AcDbLine
 10
-80.8745555339789
 20
-57.76948250042457
 30
0.0
 11
-80.75668989241726
 21
-57.9029297697118
 31
0.0
  0
LINE
  5
6C6
330
17
100
AcDbEntity
  8
0
100
AcDbLine
 10
-80.75668989241726
 20
-57.9029297697118
 30
0.0
 11
-80.63852256064412
 21
-58.036030268445174
 31
0.0
  0
LINE
  5
6C7
330
17
100
AcDbEntity
  8
0
100
AcDbLine
 10
-80.63852256064412
 20
-58.036030268445174
 30
0.0
 11
-80.52005477448701
 21
-58.16878332300764
 31
0.0
  0
LINE
  5
6C8
330
17
100
AcDbEntity
  8
0
100
AcDbLine
 10
-80.52005477448701
 20
-58.16878332300764
 30
0.0
 11
-80.40128781080179
 21
-58.30118821882528
 31
0.0
  0
LINE
  5
6C9
330
17
100
AcDbEntity
  8
0
100
AcDbLine
 10
-80.40128781080179
 20
-58.30118821882528
 30
0.0
 11
-80.28222290926388
 21
-58.43324428781605
 31
0.0
  0
LINE
  5
6CA
330
17
100
AcDbEntity
  8
0
100
AcDbLine
 10
-80.28222290926388
 20
-58.43324428781605
 30
0.0
 11
-80.16286130115128
 21
-58.56495087728844
 31
0.0
  0
LINE
  5
6CB
330
17
100
AcDbEntity
  8
0
100
AcDbLine
 10
-80.16286130115128
 20
-58.56495087728844
 30
0.0
 11
-80.04320421879747
 21
-58.69630733939633
 31
0.0
  0
LINE
  5
6CC
330
17
100
AcDbEntity
  8
0
100
AcDbLine
 10
-80.04320421879747
 20
-58.69630733939633
 30
0.0
 11
-79.9232528955723
 21
-58.82731303113895
 31
0.0
  0
LINE
  5
6CD
330
17
100
AcDbEntity
  8
0
100
AcDbLine
 10
-79.9232528955723
 20
-58.82731303113895
 30
0.0
 11
-79.80300856586285
 21
-58.957967314360516
 31
0.0
  0
LINE
  5
6CE
330
17
100
AcDbEntity
  8
0
100
AcDbLine
 10
-79.80300856586285
 20
-58.957967314360516
 30
0.0
 11
-79.68247246505429
 21
-59.08826955575021
 31
0.0
  0
LINE
  5
6CF
330
17
100
AcDbEntity
  8
0
100
AcDbLine
 10
-79.68247246505429
 20
-59.08826955575021
 30
0.0
 11
-79.561645849369
 21
-59.21821910533974
 31
0.0
  0
LINE
  5
6D0
330
17
100
AcDbEntity
  8
0
100
AcDbLine
 10
-79.561645849369
 20
-59.21821910533974
 30
0.0
 11
-79.44053004896276
 21
-59.34781523708811
 31
0.0
  0
LINE
  5
6D1
330
17
100
AcDbEntity
  8
0
100
AcDbLine
 10
-79.44053004896276
 20
-59.34781523708811
 30
0.0
 11
-79.3191263115415
 21
-59.47705731745691
 31
0.0
  0
LINE
  5
6D2
330
17
100
AcDbEntity
  8
0
100
AcDbLine
 10
-79.3191263115415
 20
-59.47705731745691
 30
0.0
 11
-79.19743587356689
 21
-59.60594473076538
 31
0.0
  0
LINE
  5
6D3
330
17
100
AcDbEntity
  8
0
100
AcDbLine
 10
-79.19743587356689
 20
-59.60594473076538
 30
0.0
 11
-79.07545997242265
 21
-59.73447686614551
 31
0.0
  0
LINE
  5
6D4
330
17
100
AcDbEntity
  8
0
100
AcDbLine
 10
-79.07545997242265
 20
-59.73447686614551
 30
0.0
 11
-78.95319984639579
 21
-59.862653117541825
 31
0.0
  0
LINE
  5
6D5
330
17
100
AcDbEntity
  8
0
100
AcDbLine
 10
-78.95319984639579
 20
-59.862653117541825
 30
0.0
 11
-78.83065673465764
 21
-59.99047288371036
 31
0.0
  0
LINE
  5
6D6
330
17
100
AcDbEntity
  8
0
100
AcDbLine
 10
-78.83065673465764
 20
-59.99047288371036
 30
0.0
 11
-78.70783187724527
 21
-60.11793556821815
 31
0.0
  0
LINE
  5
6D7
330
17
100
AcDbEntity
  8
0
100
AcDbLine
 10
-78.70783187724527
 20
-60.11793556821815
 30
0.0
 11
-78.58472657916292
 21
-60.245040512672965
 31
0.0
  0
LINE
  5
6D8
330
17
100
AcDbEntity
  8
0
100
AcDbLine
 10
-78.58472657916292
 20
-60.245040512672965
 30
0.0
 11
-78.46134228444843
 21
-60.3717869148604
 31
0.0
  0
LINE
  5
6D9
330
17
100
AcDbEntity
  8
0
100
AcDbLine
 10
-78.46134228444843
 20
-60.3717869148604
 30
0.0
 11
-78.3376802451228
 21
-60.49817417292179
 31
0.0
  0
LINE
  5
6DA
330
17
100
AcDbEntity
  8
0
100
AcDbLine
 10
-78.3376802451228
 20
-60.49817417292179
 30
0.0
 11
-78.21374169854975
 21
-60.624201705690105
 31
0.0
  0
LINE
  5
6DB
330
17
100
AcDbEntity
  8
0
100
AcDbLine
 10
-78.21374169854975
 20
-60.624201705690105
 30
0.0
 11
-78.08952788290877
 21
-60.74986893674046
 31
0.0
  0
LINE
  5
6DC
330
17
100
AcDbEntity
  8
0
100
AcDbLine
 10
-78.08952788290877
 20
-60.74986893674046
 30
0.0
 11
-77.96504003717666
 21
-60.87517529438921
 31
0.0
  0
LINE
  5
6DD
330
17
100
AcDbEntity
  8
0
100
AcDbLine
 10
-77.96504003717666
 20
-60.87517529438921
 30
0.0
 11
-77.8402794011093
 21
-61.00012021169277
 31
0.0
  0
LINE
  5
6DE
330
17
100
AcDbEntity
  8
0
100
AcDbLine
 10
-77.8402794011093
 20
-61.00012021169277
 30
0.0
 11
-77.71524721522316
 21
-61.12470312644682
 31
0.0
  0
LINE
  5
6DF
330
17
100
AcDbEntity
  8
0
100
AcDbLine
 10
-77.71524721522316
 20
-61.12470312644682
 30
0.0
 11
-77.5899448414647
 21
-61.24892336030397
 31
0.0
  0
LINE
  5
6E0
330
17
100
AcDbEntity
  8
0
100
AcDbLine
 10
-77.5899448414647
 20
-61.24892336030397
 30
0.0
 11
-77.46437378324765
 21
-61.37278009154331
 31
0.0
  0
LINE
  5
6E1
330
17
100
AcDbEntity
  8
0
100
AcDbLine
 10
-77.46437378324765
 20
-61.37278009154331
 30
0.0
 11
-77.338535284786
 21
-61.49627275722431
 31
0.0
  0
LINE
  5
6E2
330
17
100
AcDbEntity
  8
0
100
AcDbLine
 10
-77.338535284786
 20
-61.49627275722431
 30
0.0
 11
-77.21243058146796
 21
-61.619400808536106
 31
0.0
  0
LINE
  5
6E3
330
17
100
AcDbEntity
  8
0
100
AcDbLine
 10
-77.21243058146796
 20
-61.619400808536106
 30
0.0
 11
-77.08606090941282
 21
-61.74216370131485
 31
0.0
  0
LINE
  5
6E4
330
17
100
AcDbEntity
  8
0
100
AcDbLine
 10
-77.08606090941282
 20
-61.74216370131485
 30
0.0
 11
-76.95942750545308
 21
-61.86456089604274
 31
0.0
  0
LINE
  5
6E5
330
17
100
AcDbEntity
  8
0
100
AcDbLine
 10
-76.95942750545308
 20
-61.86456089604274
 30
0.0
 11
-76.83253160711674
 21
-61.98659185784677
 31
0.0
  0
LINE
  5
6E6
330
17
100
AcDbEntity
  8
0
100
AcDbLine
 10
-76.83253160711674
 20
-61.98659185784677
 30
0.0
 11
-76.70537445260963
 21
-62.10825605649761
 31
0.0
  0
LINE
  5
6E7
330
17
100
AcDbEntity
  8
0
100
AcDbLine
 10
-76.70537445260963
 20
-62.10825605649761
 30
0.0
 11
-76.57795725836048
 21
-62.22955298802696
 31
0.0
  0
LINE
  5
6E8
330
17
100
AcDbEntity
  8
0
100
AcDbLine
 10
-76.57795725836048
 20
-62.22955298802696
 30
0.0
 11
-76.45028123071998
 21
-62.35048216454117
 31
0.0
  0
LINE
  5
6E9
330
17
100
AcDbEntity
  8
0
100
AcDbLine
 10
-76.45028123071998
 20
-62.35048216454117
 30
0.0
 11
-76.32234761059111
 21
-62.47104307084591
 31
0.0
  0
LINE
  5
6EA
330
17
100
AcDbEntity
  8
0
100
AcDbLine
 10
-76.32234761059111
 20
-62.47104307084591
 30
0.0
 11
-76.19415763981726
 21
-62.5912351960708
 31
0.0
  0
LINE
  5
6EB
330
17
100
AcDbEntity
  8
0
100
AcDbLine
 10
-76.19415763981726
 20
-62.5912351960708
 30
0.0
 11
-76.06571256082259
 21
-62.71105803399412
 31
0.0
  0
LINE
  5
6EC
330
17
100
AcDbEntity
  8
0
100
AcDbLine
 10
-76.06571256082259
 20
-62.71105803399412
 30
0.0
 11
-75.9370136165942
 21
-62.830511083041074
 31
0.0
  0
LINE
  5
6ED
330
17
100
AcDbEntity
  8
0
100
AcDbLine
 10
-75.9370136165942
 20
-62.830511083041074
 30
0.0
 11
-75.80806205066463
 21
-62.94959384628191
 31
0.0
  0
LINE
  5
6EE
330
17
100
AcDbEntity
  8
0
100
AcDbLine
 10
-75.80806205066463
 20
-62.94959384628191
 30
0.0
 11
-75.67885910709411
 21
-63.068305831430465
 31
0.0
  0
LINE
  5
6EF
330
17
100
AcDbEntity
  8
0
100
AcDbLine
 10
-75.67885910709411
 20
-63.068305831430465
 30
0.0
 11
-75.54940641383442
 21
-63.186646195484954
 31
0.0
  0
LINE
  5
6F0
330
17
100
AcDbEntity
  8
0
100
AcDbLine
 10
-75.54940641383442
 20
-63.186646195484954
 30
0.0
 11
-75.41970558957011
 21
-63.30461409302514
 31
0.0
  0
LINE
  5
6F1
330
17
100
AcDbEntity
  8
0
100
AcDbLine
 10
-75.41970558957011
 20
-63.30461409302514
 30
0.0
 11
-75.28975786528892
 21
-63.42220903497954
 31
0.0
  0
LINE
  5
6F2
330
17
100
AcDbEntity
  8
0
100
AcDbLine
 10
-75.28975786528892
 20
-63.42220903497954
 30
0.0
 11
-75.15956447255581
 21
-63.53943053675684
 31
0.0
  0
LINE
  5
6F3
330
17
100
AcDbEntity
  8
0
100
AcDbLine
 10
-75.15956447255581
 20
-63.53943053675684
 30
0.0
 11
-75.0291266434963
 21
-63.65627811824456
 31
0.0
  0
LINE
  5
6F4
330
17
100
AcDbEntity
  8
0
100
AcDbLine
 10
-75.0291266434963
 20
-63.65627811824456
 30
0.0
 11
-74.89844561077997
 21
-63.77275130380743
 31
0.0
  0
LINE
  5
6F5
330
17
100
AcDbEntity
  8
0
100
AcDbLine
 10
-74.89844561077997
 20
-63.77275130380743
 30
0.0
 11
-74.76752260760371
 21
-63.88884962228608
 31
0.0
  0
LINE
  5
6F6
330
17
100
AcDbEntity
  8
0
100
AcDbLine
 10
-74.76752260760371
 20
-63.88884962228608
 30
0.0
 11
-74.6363588675466
 21
-64.00457260710886
 31
0.0
  0
LINE
  5
6F7
330
17
100
AcDbEntity
  8
0
100
AcDbLine
 10
-74.6363588675466
 20
-64.00457260710886
 30
0.0
 11
-74.50495561209063
 21
-64.11991980740922
 31
0.0
  0
LINE
  5
6F8
330
17
100
AcDbEntity
  8
0
100
AcDbLine
 10
-74.50495561209063
 20
-64.11991980740922
 30
0.0
 11
-74.37331406776484
 21
-64.23489077318831
 31
0.0
  0
LINE
  5
6F9
330
17
100
AcDbEntity
  8
0
100
AcDbLine
 10
-74.37331406776484
 20
-64.23489077318831
 30
0.0
 11
-74.24143547010038
 21
-64.34948505147267
 31
0.0
  0
LINE
  5
6FA
330
17
100
AcDbEntity
  8
0
100
AcDbLine
 10
-74.24143547010038
 20
-64.34948505147267
 30
0.0
 11
-74.1093210550697
 21
-64.4637021937603
 31
0.0
  0
LINE
  5
6FB
330
17
100
AcDbEntity
  8
0
100
AcDbLine
 10
-74.1093210550697
 20
-64.4637021937603
 30
0.0
 11
-73.97697205907001
 21
-64.57754175601909
 31
0.0
  0
LINE
  5
6FC
330
17
100
AcDbEntity
  8
0
100
AcDbLine
 10
-73.97697205907001
 20
-64.57754175601909
 30
0.0
 11
-73.84438971890667
 21
-64.69100329868465
 31
0.0
  0
LINE
  5
6FD
330
17
100
AcDbEntity
  8
0
100
AcDbLine
 10
-73.84438971890667
 20
-64.69100329868465
 30
0.0
 11
-73.71157527177675
 21
-64.80408638665853
 31
0.0
  0
LINE
  5
6FE
330
17
100
AcDbEntity
  8
0
100
AcDbLine
 10
-73.71157527177675
 20
-64.80408638665853
 30
0.0
 11
-73.5785299624905
 21
-64.91679058316825
 31
0.0
  0
LINE
  5
6FF
330
17
100
AcDbEntity
  8
0
100
AcDbLine
 10
-73.5785299624905
 20
-64.91679058316825
 30
0.0
 11
-73.44525522988224
 21
-65.02911528951927
 31
0.0
  0
LINE
  5
700
330
17
100
AcDbEntity
  8
0
100
AcDbLine
 10
-73.44525522988224
 20
-65.02911528951927
 30
0.0
 11
-73.31175239927767
 21
-65.14106000235641
 31
0.0
  0
LINE
  5
701
330
17
100
AcDbEntity
  8
0
100
AcDbLine
 10
-73.31175239927767
 20
-65.14106000235641
 30
0.0
 11
-73.17802270397002
 21
-65.25262430020243
 31
0.0
  0
LINE
  5
702
330
17
100
AcDbEntity
  8
0
100
AcDbLine
 10
-73.17802270397002
 20
-65.25262430020243
 30
0.0
 11
-73.04406737760911
 21
-65.36380776597852
 31
0.0
  0
LINE
  5
703
330
17
100
AcDbEntity
  8
0
100
AcDbLine
 10
-73.04406737760911
 20
-65.36380776597852
 30
0.0
 11
-72.9098876541855
 21
-65.47460998700235
 31
0.0
  0
LINE
  5
704
330
17
100
AcDbEntity
  8
0
100
AcDbLine
 10
-72.9098876541855
 20
-65.47460998700235
 30
0.0
 11
-72.77548476801451
 21
-65.58503055498574
 31
0.0
  0
LINE
  5
705
330
17
100
AcDbEntity
  8
0
100
AcDbLine
 10
-72.77548476801451
 20
-65.58503055498574
 30
0.0
 11
-72.64085995371991
 21
-65.69506906603254
 31
0.0
  0
LINE
  5
706
330
17
100
AcDbEntity
  8
0
100
AcDbLine
 10
-72.64085995371991
 20
-65.69506906603254
 30
0.0
 11
-72.5060144663959
 21
-65.80472510418117
 31
0.0
  0
LINE
  5
707
330
17
100
AcDbEntity
  8
0
100
AcDbLine
 10
-72.5060144663959
 20
-65.80472510418117
 30
0.0
 11
-72.37094980841184
 21
-65.91399805336033
 31
0.0
  0
LINE
  5
708
330
17
100
AcDbEntity
  8
0
100
AcDbLine
 10
-72.37094980841184
 20
-65.91399805336033
 30
0.0
 11
-72.23566729340351
 21
-66.02288744944357
 31
0.0
  0
LINE
  5
709
330
17
100
AcDbEntity
  8
0
100
AcDbLine
 10
-72.23566729340351
 20
-66.02288744944357
 30
0.0
 11
-72.10016815071573
 21
-66.13139290082782
 31
0.0
  0
LINE
  5
70A
330
17
100
AcDbEntity
  8
0
100
AcDbLine
 10
-72.10016815071573
 20
-66.13139290082782
 30
0.0
 11
-71.96445360998092
 21
-66.23951402022274
 31
0.0
  0
LINE
  5
70B
330
17
100
AcDbEntity
  8
0
100
AcDbLine
 10
-71.96445360998092
 20
-66.23951402022274
 30
0.0
 11
-71.82852490110375
 21
-66.34725042464866
 31
0.0
  0
LINE
  5
70C
330
17
100
AcDbEntity
  8
0
100
AcDbLine
 10
-71.82852490110375
 20
-66.34725042464866
 30
0.0
 11
-71.69238325424521
 21
-66.45460173543427
 31
0.0
  0
LINE
  5
70D
330
17
100
AcDbEntity
  8
0
100
AcDbLine
 10
-71.69238325424521
 20
-66.45460173543427
 30
0.0
 11
-71.55602989980763
 21
-66.56156757821455
 31
0.0
  0
LINE
  5
70E
330
17
100
AcDbEntity
  8
0
100
AcDbLine
 10
-71.55602989980763
 20
-66.56156757821455
 30
0.0
 11
-71.41946604681783
 21
-66.66814759986573
 31
0.0
  0
LINE
  5
70F
330
17
100
AcDbEntity
  8
0
100
AcDbLine
 10
-71.41946604681783
 20
-66.66814759986573
 30
0.0
 11
-71.28269275964001
 21
-66.77434156725133
 31
0.0
  0
LINE
  5
710
330
17
100
AcDbEntity
  8
0
100
AcDbLine
 10
-71.28269275964001
 20
-66.77434156725133
 30
0.0
 11
-71.14571123738106
 21
-66.8801491496884
 31
0.0
  0
LINE
  5
711
330
17
100
AcDbEntity
  8
0
100
AcDbLine
 10
-71.14571123738106
 20
-66.8801491496884
 30
0.0
 11
-71.00852271495023
 21
-66.98556999318788
 31
0.0
  0
LINE
  5
712
330
17
100
AcDbEntity
  8
0
100
AcDbLine
 10
-71.00852271495023
 20
-66.98556999318788
 30
0.0
 11
-70.87112842738486
 21
-67.09060374809384
 31
0.0
  0
LINE
  5
713
330
17
100
AcDbEntity
  8
0
100
AcDbLine
 10
-70.87112842738486
 20
-67.09060374809384
 30
0.0
 11
-70.73352960983513
 21
-67.19525006908086
 31
0.0
  0
LINE
  5
714
330
17
100
AcDbEntity
  8
0
100
AcDbLine
 10
-70.73352960983513
 20
-67.19525006908086
 30
0.0
 11
-70.59572749754815
 21
-67.29950861515096
 31
0.0
  0
LINE
  5
715
330
17
100
AcDbEntity
  8
0
100
AcDbLine
 10
-70.59572749754815
 20
-67.29950861515096
 30
0.0
 11
-70.45772332585273
 21
-67.4033790496308
 31
0.0
  0
LINE
  5
716
330
17
100
AcDbEntity
  8
0
100
AcDbLine
 10
-70.45772332585273
 20
-67.4033790496308
 30
0.0
 11
-70.31951837276245
 21
-67.50686100804711
 31
0.0
  0
LINE
  5
717
330
17
100
AcDbEntity
  8
0
100
AcDbLine
 10
-70.31951837276245
 20
-67.50686100804711
 30
0.0
 11
-70.18111408416323
 21
-67.60995400080358
 31
0.0
  0
LINE
  5
718
330
17
100
AcDbEntity
  8
0
100
AcDbLine
 10
-70.18111408416323
 20
-67.60995400080358
 30
0.0
 11
-70.04251172014358
 21
-67.71265767847696
 31
0.0
  0
LINE
  5
719
330
17
100
AcDbEntity
  8
0
100
AcDbLine
 10
-70.04251172014358
 20
-67.71265767847696
 30
0.0
 11
-69.90371251169157
 21
-67.8149717176372
 31
0.0
  0
LINE
  5
71A
330
17
100
AcDbEntity
  8
0
100
AcDbLine
 10
-69.90371251169157
 20
-67.8149717176372
 30
0.0
 11
-69.76471768984422
 21
-67.91689579911547
 31
0.0
  0
LINE
  5
71B
330
17
100
AcDbEntity
  8
0
100
AcDbLine
 10
-69.76471768984422
 20
-67.91689579911547
 30
0.0
 11
-69.62552848567233
 21
-68.01842960800113
 31
0.0
  0
LINE
  5
71C
330
17
100
AcDbEntity
  8
0
100
AcDbLine
 10
-69.62552848567233
 20
-68.01842960800113
 30
0.0
 11
-69.48614613026527
 21
-68.11957283363887
 31
0.0
  0
LINE
  5
71D
330
17
100
AcDbEntity
  8
0
100
AcDbLine
 10
-69.48614613026527
 20
-68.11957283363887
 30
0.0
 11
-69.34657185471566
 21
-68.22032516962543
 31
0.0
  0
LINE
  5
71E
330
17
100
AcDbEntity
  8
0
100
AcDbLine
 10
-69.34657185471566
 20
-68.22032516962543
 30
0.0
 11
-69.20680679159936
 21
-68.32068638514191
 31
0.0
  0
LINE
  5
71F
330
17
100
AcDbEntity
  8
0
100
AcDbLine
 10
-69.20680679159936
 20
-68.32068638514191
 30
0.0
 11
-69.06685184477995
 21
-68.42065642449589
 31
0.0
  0
LINE
  5
720
330
17
100
AcDbEntity
  8
0
100
AcDbLine
 10
-69.06685184477995
 20
-68.42065642449589
 30
0.0
 11
-68.92670822547582
 21
-68.52023501965623
 31
0.0
  0
LINE
  5
721
330
17
100
AcDbEntity
  8
0
100
AcDbLine
 10
-68.92670822547582
 20
-68.52023501965623
 30
0.0
 11
-68.78637717163714
 21
-68.61942188767853
 31
0.0
  0
LINE
  5
722
330
17
100
AcDbEntity
  8
0
100
AcDbLine
 10
-68.78637717163714
 20
-68.61942188767853
 30
0.0
 11
-68.64585992106957
 21
-68.71821674992863
 31
0.0
  0
LINE
  5
723
330
17
100
AcDbEntity
  8
0
100
AcDbLine
 10
-68.64585992106957
 20
-68.71821674992863
 30
0.0
 11
-68.50515771141855
 21
-68.81661933207872
 31
0.0
  0
LINE
  5
724
330
17
100
AcDbEntity
  8
0
100
AcDbLine
 10
-68.50515771141855
 20
-68.81661933207872
 30
0.0
 11
-68.36427178015394
 21
-68.9146293641036
 31
0.0
  0
LINE
  5
725
330
17
100
AcDbEntity
  8
0
100
AcDbLine
 10
-68.36427178015394
 20
-68.9146293641036
 30
0.0
 11
-68.22320336455473
 21
-69.01224658027647
 31
0.0
  0
LINE
  5
726
330
17
100
AcDbEntity
  8
0
100
AcDbLine
 10
-68.22320336455473
 20
-69.01224658027647
 30
0.0
 11
-68.0819538871665
 21
-69.1094705901632
 31
0.0
  0
LINE
  5
727
330
17
100
AcDbEntity
  8
0
100
AcDbLine
 10
-68.0819538871665
 20
-69.1094705901632
 30
0.0
 11
-67.94052500767303
 21
-69.20630083448884
 31
0.0
  0
LINE
  5
728
330
17
100
AcDbEntity
  8
0
100
AcDbLine
 10
-67.94052500767303
 20
-69.20630083448884
 30
0.0
 11
-67.79891797041954
 21
-69.30273703969206
 31
0.0
  0
LINE
  5
729
330
17
100
AcDbEntity
  8
0
100
AcDbLine
 10
-67.79891797041954
 20
-69.30273703969206
 30
0.0
 11
-67.65713400242002
 21
-69.39877894820262
 31
0.0
  0
LINE
  5
72A
330
17
100
AcDbEntity
  8
0
100
AcDbLine
 10
-67.65713400242002
 20
-69.39877894820262
 30
0.0
 11
-67.51517433052132
 21
-69.49442630662907
 31
0.0
  0
LINE
  5
72B
330
17
100
AcDbEntity
  8
0
100
AcDbLine
 10
-67.51517433052132
 20
-69.49442630662907
 30
0.0
 11
-67.37304018138862
 21
-69.58967886575488
 31
0.0
  0
LINE
  5
72C
330
17
100
AcDbEntity
  8
0
100
AcDbLine
 10
-67.37304018138862
 20
-69.58967886575488
 30
0.0
 11
-67.23073278149033
 21
-69.68453638053487
 31
0.0
  0
LINE
  5
72D
330
17
100
AcDbEntity
  8
0
100
AcDbLine
 10
-67.23073278149033
 20
-69.68453638053487
 30
0.0
 11
-67.0882533570839
 21
-69.77899861009138
 31
0.0
  0
LINE
  5
72E
330
17
100
AcDbEntity
  8
0
100
AcDbLine
 10
-67.0882533570839
 20
-69.77899861009138
 30
0.0
 11
-66.94560277517164
 21
-69.87306555742765
 31
0.0
  0
LINE
  5
72F
330
17
100
AcDbEntity
  8
0
100
AcDbLine
 10
-66.94560277517164
 20
-69.87306555742765
 30
0.0
 11
-66.80278170146194
 21
-69.9667373769964
 31
0.0
  0
LINE
  5
730
330
17
100
AcDbEntity
  8
0
100
AcDbLine
 10
-66.80278170146194
 20
-69.9667373769964
 30
0.0
 11
-66.6597913678831
 21
-70.06001385833719
 31
0.0
  0
LINE
  5
731
330
17
100
AcDbEntity
  8
0
100
AcDbLine
 10
-66.6597913678831
 20
-70.06001385833719
 30
0.0
 11
-66.51663301307968
 21
-70.15289479057722
 31
0.0
  0
LINE
  5
732
330
17
100
AcDbEntity
  8
0
100
AcDbLine
 10
-66.51663301307968
 20
-70.15289479057722
 30
0.0
 11
-66.37330787526265
 21
-70.24537996713403
 31
0.0
  0
LINE
  5
733
330
17
100
AcDbEntity
  8
0
100
AcDbLine
 10
-66.37330787526265
 20
-70.24537996713403
 30
0.0
 11
-66.22981719219375
 21
-70.33746918571038
 31
0.0
  0
LINE
  5
734
330
17
100
AcDbEntity
  8
0
100
AcDbLine
 10
-66.22981719219375
 20
-70.33746918571038
 30
0.0
 11
-66.08616220117023
 21
-70.42916224828926
 31
0.0
  0
LINE
  5
735
330
17
100
AcDbEntity
  8
0
100
AcDbLine
 10
-66.08616220117023
 20
-70.42916224828926
 30
0.0
 11
-65.94234413900969
 21
-70.52045896112887
 31
0.0
  0
LINE
  5
736
330
17
100
AcDbEntity
  8
0
100
AcDbLine
 10
-65.94234413900969
 20
-70.52045896112887
 30
0.0
 11
-65.79836472167251
 21
-70.61135882750759
 31
0.0
  0
LINE
  5
737
330
17
100
AcDbEntity
  8
0
100
AcDbLine
 10
-65.79836472167251
 20
-70.61135882750759
 30
0.0
 11
-65.65422568220234
 21
-70.70186132869728
 31
0.0
  0
LINE
  5
738
330
17
100
AcDbEntity
  8
0
100
AcDbLine
 10
-65.65422568220234
 20
-70.70186132869728
 30
0.0
 11
-65.5099282421869
 21
-70.7919662696788
 31
0.0
  0
LINE
  5
739
330
17
100
AcDbEntity
  8
0
100
AcDbLine
 10
-65.5099282421869
 20
-70.7919662696788
 30
0.0
 11
-65.36547362273743
 21
-70.8816734596002
 31
0.0
  0
LINE
  5
73A
330
17
100
AcDbEntity
  8
0
100
AcDbLine
 10
-65.36547362273743
 20
-70.8816734596002
 30
0.0
 11
-65.22086304456745
 21
-70.97098271171345
 31
0.0
  0
LINE
  5
73B
330
17
100
AcDbEntity
  8
0
100
AcDbLine
 10
-65.22086304456745
 20
-70.97098271171345
 30
0.0
 11
-65.07609772797836
 21
-71.05989384336993
 31
0.0
  0
LINE
  5
73C
330
17
100
AcDbEntity
  8
0
100
AcDbLine
 10
-65.07609772797836
 20
-71.05989384336993
 30
0.0
 11
-64.93117889284534
 21
-71.14840667601592
 31
0.0
  0
LINE
  5
73D
330
17
100
AcDbEntity
  8
0
100
AcDbLine
 10
-64.93117889284534
 20
-71.14840667601592
 30
0.0
 11
-64.78610775521109
 21
-71.23652103724615
 31
0.0
  0
LINE
  5
73E
330
17
100
AcDbEntity
  8
0
100
AcDbLine
 10
-64.78610775521109
 20
-71.23652103724615
 30
0.0
 11
-64.64088510323162
 21
-71.32423702136808
 31
0.0
  0
LINE
  5
73F
330
17
100
AcDbEntity
  8
0
100
AcDbLine
 10
-64.64088510323162
 20
-71.32423702136808
 30
0.0
 11
-64.49551186254588
 21
-71.41155465399191
 31
0.0
  0
LINE
  5
740
330
17
100
AcDbEntity
  8
0
100
AcDbLine
 10
-64.49551186254588
 20
-71.41155465399191
 30
0.0
 11
-64.34998926109917
 21
-71.49847378336365
 31
0.0
  0
LINE
  5
741
330
17
100
AcDbEntity
  8
0
100
AcDbLine
 10
-64.34998926109917
 20
-71.49847378336365
 30
0.0
 11
-64.20431852622187
 21
-71.58499426190585
 31
0.0
  0
LINE
  5
742
330
17
100
AcDbEntity
  8
0
100
AcDbLine
 10
-64.20431852622187
 20
-71.58499426190585
 30
0.0
 11
-64.05850088461483
 21
-71.67111594621218
 31
0.0
  0
LINE
  5
743
330
17
100
AcDbEntity
  8
0
100
AcDbLine
 10
-64.05850088461483
 20
-71.67111594621218
 30
0.0
 11
-63.912537562334364
 21
-71.75683869704177
 31
0.0
  0
LINE
  5
744
330
17
100
AcDbEntity
  8
0
100
AcDbLine
 10
-63.912537562334364
 20
-71.75683869704177
 30
0.0
 11
-63.76642978477774
 21
-71.84216237931385
 31
0.0
  0
LINE
  5
745
330
17
100
AcDbEntity
  8
0
100
AcDbLine
 10
-63.76642978477774
 20
-71.84216237931385
 30
0.0
 11
-63.62017879254739
 21
-71.92708685287309
 31
0.0
  0
LINE
  5
746
330
17
100
AcDbEntity
  8
0
100
AcDbLine
 10
-63.62017879254739
 20
-71.92708685287309
 30
0.0
 11
-63.47378630615775
 21
-72.01161169843746
 31
0.0
  0
LINE
  5
747
330
17
100
AcDbEntity
  8
0
100
AcDbLine
 10
-63.47378630615775
 20
-72.01161169843746
 30
0.0
 11
-63.32725377751813
 21
-72.09573664589905
 31
0.0
  0
LINE
  5
748
330
17
100
AcDbEntity
  8
0
100
AcDbLine
 10
-63.32725377751813
 20
-72.09573664589905
 30
0.0
 11
-63.180582419480736
 21
-72.17946156605686
 31
0.0
  0
LINE
  5
749
330
17
100
AcDbEntity
  8
0
100
AcDbLine
 10
-63.180582419480736
 20
-72.17946156605686
 30
0.0
 11
-63.03377344428581
 21
-72.2627863337377
 31
0.0
  0
LINE
  5
74A
330
17
100
AcDbEntity
  8
0
100
AcDbLine
 10
-63.03377344428581
 20
-72.2627863337377
 30
0.0
 11
-62.88682806354758
 21
-72.34571082779122
 31
0.0
  0
LINE
  5
74B
330
17
100
AcDbEntity
  8
0
100
AcDbLine
 10
-62.88682806354758
 20
-72.34571082779122
 30
0.0
 11
-62.739747488240326
 21
-72.42823493108449
 31
0.0
  0
LINE
  5
74C
330
17
100
AcDbEntity
  8
0
100
AcDbLine
 10
-62.739747488240326
 20
-72.42823493108449
 30
0.0
 11
-62.59253292868471
 21
-72.51035853049667
 31
0.0
  0
LINE
  5
74D
330
17
100
AcDbEntity
  8
0
100
AcDbLine
 10
-62.59253292868471
 20
-72.51035853049667
 30
0.0
 11
-62.445185591351105
 21
-72.5920815186843
 31
0.0
  0
LINE
  5
74E
330
17
100
AcDbEntity
  8
0
100
AcDbLine
 10
-62.445185591351105
 20
-72.5920815186843
 30
0.0
 11
-62.29770663954778
 21
-72.67340381632653
 31
0.0
  0
LINE
  5
74F
330
17
100
AcDbEntity
  8
0
100
AcDbLine
 10
-62.29770663954778
 20
-72.67340381632653
 30
0.0
 11
-62.15009726725937
 21
-72.75432533150948
 31
0.0
  0
LINE
  5
750
330
17
100
AcDbEntity
  8
0
100
AcDbLine
 10
-62.15009726725937
 20
-72.75432533150948
 30
0.0
 11
-62.00235868285654
 21
-72.83484596802208
 31
0.0
  0
LINE
  5
751
330
17
100
AcDbEntity
  8
0
100
AcDbLine
 10
-62.00235868285654
 20
-72.83484596802208
 30
0.0
 11
-61.854492093977015
 21
-72.91496563364677
 31
0.0
  0
LINE
  5
752
330
17
100
AcDbEntity
  8
0
100
AcDbLine
 10
-61.854492093977015
 20
-72.91496563364677
 30
0.0
 11
-61.70649870751184
 21
-72.9946842401539
 31
0.0
  0
LINE
  5
753
330
17
100
AcDbEntity
  8
0
100
AcDbLine
 10
-61.70649870751184
 20
-72.9946842401539
 30
0.0
 11
-61.558379729591735
 21
-73.07400170329595
 31
0.0
  0
LINE
  5
754
330
17
100
AcDbEntity
  8
0
100
AcDbLine
 10
-61.558379729591735
 20
-73.07400170329595
 30
0.0
 11
-61.410136365573265
 21
-73.15291794280195
 31
0.0
  0
LINE
  5
755
330
17
100
AcDbEntity
  8
0
100
AcDbLine
 10
-61.410136365573265
 20
-73.15291794280195
 30
0.0
 11
-61.26176982664506
 21
-73.23143287885065
 31
0.0
  0
LINE
  5
756
330
17
100
AcDbEntity
  8
0
100
AcDbLine
 10
-61.26176982664506
 20
-73.23143287885065
 30
0.0
 11
-61.11328137091595
 21
-73.30954640969051
 31
0.0
  0
LINE
  5
757
330
17
100
AcDbEntity
  8
0
100
AcDbLine
 10
-61.11328137091595
 20
-73.30954640969051
 30
0.0
 11
-60.96467221264118
 21
-73.3872584594985
 31
0.0
  0
LINE
  5
758
330
17
100
AcDbEntity
  8
0
100
AcDbLine
 10
-60.96467221264118
 20
-73.3872584594985
 30
0.0
 11
-60.81594355305733
 21
-73.46456896280142
 31
0.0
  0
LINE
  5
759
330
17
100
AcDbEntity
  8
0
100
AcDbLine
 10
-60.81594355305733
 20
-73.46456896280142
 30
0.0
 11
-60.66709659257059
 21
-73.54147785806396
 31
0.0
  0
LINE
  5
75A
330
17
100
AcDbEntity
  8
0
100
AcDbLine
 10
-60.66709659257059
 20
-73.54147785806396
 30
0.0
 11
-60.51813253074325
 21
-73.61798508768257
 31
0.0
  0
LINE
  5
75B
330
17
100
AcDbEntity
  8
0
100
AcDbLine
 10
-60.51813253074325
 20
-73.61798508768257
 30
0.0
 11
-60.3690525662803
 21
-73.6940905979796
 31
0.0
  0
LINE
  5
75C
330
17
100
AcDbEntity
  8
0
100
AcDbLine
 10
-60.3690525662803
 20
-73.6940905979796
 30
0.0
 11
-60.2198578970158
 21
-73.76979433919732
 31
0.0
  0
LINE
  5
75D
330
17
100
AcDbEntity
  8
0
100
AcDbLine
 10
-60.2198578970158
 20
-73.76979433919732
 30
0.0
 11
-60.07054980602413
 21
-73.84509622173815
 31
0.0
  0
LINE
  5
75E
330
17
100
AcDbEntity
  8
0
100
AcDbLine
 10
-60.07054980602413
 20
-73.84509622173815
 30
0.0
 11
-59.92112993845486
 21
-73.91999597073297
 31
0.0
  0
LINE
  5
75F
330
17
100
AcDbEntity
  8
0
100
AcDbLine
 10
-59.92112993845486
 20
-73.91999597073297
 30
0.0
 11
-59.771599548041294
 21
-73.99449350662604
 31
0.0
  0
LINE
  5
760
330
17
100
AcDbEntity
  8
0
100
AcDbLine
 10
-59.771599548041294
 20
-73.99449350662604
 30
0.0
 11
-59.621959821971316
 21
-74.068588786629
 31
0.0
  0
LINE
  5
761
330
17
100
AcDbEntity
  8
0
100
AcDbLine
 10
-59.621959821971316
 20
-74.068588786629
 30
0.0
 11
-59.472211946592424
 21
-74.14228177176848
 31
0.0
  0
LINE
  5
762
330
17
100
AcDbEntity
  8
0
100
AcDbLine
 10
-59.472211946592424
 20
-74.14228177176848
 30
0.0
 11
-59.32235710739866
 21
-74.21557242688064
 31
0.0
  0
LINE
  5
763
330
17
100
AcDbEntity
  8
0
100
AcDbLine
 10
-59.32235710739866
 20
-74.21557242688064
 30
0.0
 11
-59.172396489018325
 21
-74.28846072060512
 31
0.0
  0
LINE
  5
764
330
17
100
AcDbEntity
  8
0
100
AcDbLine
 10
-59.172396489018325
 20
-74.28846072060512
 30
0.0
 11
-59.022331275200706
 21
-74.36094662537947
 31
0.0
  0
LINE
  5
765
330
17
100
AcDbEntity
  8
0
100
AcDbLine
 10
-59.022331275200706
 20
-74.36094662537947
 30
0.0
 11
-58.872162610873616
 21
-74.4330301358167
 31
0.0
  0
LINE
  5
766
330
17
100
AcDbEntity
  8
0
100
AcDbLine
 10
-58.872162610873616
 20
-74.4330301358167
 30
0.0
 11
-58.721891545468544
 21
-74.50471129778828
 31
0.0
  0
LINE
  5
767
330
17
100
AcDbEntity
  8
0
100
AcDbLine
 10
-58.721891545468544
 20
-74.50471129778828
 30
0.0
 11
-58.57151925045356
 21
-74.57599010326686
 31
0.0
  0
LINE
  5
768
330
17
100
AcDbEntity
  8
0
100
AcDbLine
 10
-58.57151925045356
 20
-74.57599010326686
 30
0.0
 11
-58.42104690799021
 21
-74.64686654244966
 31
0.0
  0
LINE
  5
769
330
17
100
AcDbEntity
  8
0
100
AcDbLine
 10
-58.42104690799021
 20
-74.64686654244966
 30
0.0
 11
-58.27047569926841
 21
-74.71734060932363
 31
0.0
  0
LINE
  5
76A
330
17
100
AcDbEntity
  8
0
100
AcDbLine
 10
-58.27047569926841
 20
-74.71734060932363
 30
0.0
 11
-58.11980680449363
 21
-74.78741230165927
 31
0.0
  0
LINE
  5
76B
330
17
100
AcDbEntity
  8
0
100
AcDbLine
 10
-58.11980680449363
 20
-74.78741230165927
 30
0.0
 11
-57.96904140287453
 21
-74.85708162100417
 31
0.0
  0
LINE
  5
76C
330
17
100
AcDbEntity
  8
0
100
AcDbLine
 10
-57.96904140287453
 20
-74.85708162100417
 30
0.0
 11
-57.81818067261009
 21
-74.9263485726768
 31
0.0
  0
LINE
  5
76D
330
17
100
AcDbEntity
  8
0
100
AcDbLine
 10
-57.81818067261009
 20
-74.9263485726768
 30
0.0
 11
-57.66722590628163
 21
-74.99521311246954
 31
0.0
  0
LINE
  5
76E
330
17
100
AcDbEntity
  8
0
100
AcDbLine
 10
-57.66722590628163
 20
-74.99521311246954
 30
0.0
 11
-57.51617855656537
 21
-75.063675121505
 31
0.0
  0
LINE
  5
76F
330
17
100
AcDbEntity
  8
0
100
AcDbLine
 10
-57.51617855656537
 20
-75.063675121505
 30
0.0
 11
-57.36503980650192
 21
-75.13173460492499
 31
0.0
  0
LINE
  5
770
330
17
100
AcDbEntity
  8
0
100
AcDbLine
 10
-57.36503980650192
 20
-75.13173460492499
 30
0.0
 11
-57.21381082573028
 21
-75.19939157721953
 31
0.0
  0
LINE
  5
771
330
17
100
AcDbEntity
  8
0
100
AcDbLine
 10
-57.21381082573028
 20
-75.19939157721953
 30
0.0
 11
-57.06249278288276
 21
-75.26664605657115
 31
0.0
  0
LINE
  5
772
330
17
100
AcDbEntity
  8
0
100
AcDbLine
 10
-57.06249278288276
 20
-75.26664605657115
 30
0.0
 11
-56.91108684557249
 21
-75.33349806484861
 31
0.0
  0
LINE
  5
773
330
17
100
AcDbEntity
  8
0
100
AcDbLine
 10
-56.91108684557249
 20
-75.33349806484861
 30
0.0
 11
-56.7595941803811
 21
-75.39994762760097
 31
0.0
  0
LINE
  5
774
330
17
100
AcDbEntity
  8
0
100
AcDbLine
 10
-56.7595941803811
 20
-75.39994762760097
 30
0.0
 11
-56.60801595284694
 21
-75.465994774051
 31
0.0
  0
LINE
  5
775
330
17
100
AcDbEntity
  8
0
100
AcDbLine
 10
-56.60801595284694
 20
-75.465994774051
 30
0.0
 11
-56.45635339151451
 21
-75.53163950894654
 31
0.0
  0
LINE
  5
776
330
17
100
AcDbEntity
  8
0
100
AcDbLine
 10
-56.45635339151451
 20
-75.53163950894654
 30
0.0
 11
-56.304607765086516
 21
-75.59688182070477
 31
0.0
  0
LINE
  5
777
330
17
100
AcDbEntity
  8
0
100
AcDbLine
 10
-56.304607765086516
 20
-75.59688182070477
 30
0.0
 11
-56.15278023570085
 21
-75.66172174637188
 31
0.0
  0
LINE
  5
778
330
17
100
AcDbEntity
  8
0
100
AcDbLine
 10
-56.15278023570085
 20
-75.66172174637188
 30
0.0
 11
-56.00087196281137
 21
-75.72615932732491
 31
0.0
  0
LINE
  5
779
330
17
100
AcDbEntity
  8
0
100
AcDbLine
 10
-56.00087196281137
 20
-75.72615932732491
 30
0.0
 11
-55.84888410479574
 21
-75.79019460856424
 31
0.0
  0
LINE
  5
77A
330
17
100
AcDbEntity
  8
0
100
AcDbLine
 10
-55.84888410479574
 20
-75.79019460856424
 30
0.0
 11
-55.696817818944
 21
-75.85382763870695
 31
0.0
  0
LINE
  5
77B
330
17
100
AcDbEntity
  8
0
100
AcDbLine
 10
-55.696817818944
 20
-75.85382763870695
 30
0.0
 11
-55.544674261446126
 21
-75.91705846998069
 31
0.0
  0
LINE
  5
77C
330
17
100
AcDbEntity
  8
0
100
AcDbLine
 10
-55.544674261446126
 20
-75.91705846998069
 30
0.0
 11
-55.39245458738078
 21
-75.97988715821708
 31
0.0
  0
LINE
  5
77D
330
17
100
AcDbEntity
  8
0
100
AcDbLine
 10
-55.39245458738078
 20
-75.97988715821708
 30
0.0
 11
-55.24016005616335
 21
-76.04231371884421
 31
0.0
  0
LINE
  5
77E
330
17
100
AcDbEntity
  8
0
100
AcDbLine
 10
-55.24016005616335
 20
-76.04231371884421
 30
0.0
 11
-55.087791936553415
 21
-76.10433816383005
 31
0.0
  0
LINE
  5
77F
330
17
100
AcDbEntity
  8
0
100
AcDbLine
 10
-55.087791936553415
 20
-76.10433816383005
 30
0.0
 11
-54.93535137804165
 21
-76.16596055655337
 31
0.0
  0
LINE
  5
780
330
17
100
AcDbEntity
  8
0
100
AcDbLine
 10
-54.93535137804165
 20
-76.16596055655337
 30
0.0
 11
-54.78283952891211
 21
-76.2271809639818
 31
0.0
  0
LINE
  5
781
330
17
100
AcDbEntity
  8
0
100
AcDbLine
 10
-54.78283952891211
 20
-76.2271809639818
 30
0.0
 11
-54.63025753631459
 21
-76.28799945663127
 31
0.0
  0
LINE
  5
782
330
17
100
AcDbEntity
  8
0
100
AcDbLine
 10
-54.63025753631459
 20
-76.28799945663127
 30
0.0
 11
-54.47760654625333
 21
-76.34841610855918
 31
0.0
  0
LINE
  5
783
330
17
100
AcDbEntity
  8
0
100
AcDbLine
 10
-54.47760654625333
 20
-76.34841610855918
 30
0.0
 11
-54.32488770357552
 21
-76.40843099735815
 31
0.0
  0
LINE
  5
784
330
17
100
AcDbEntity
  8
0
100
AcDbLine
 10
-54.32488770357552
 20
-76.40843099735815
 30
0.0
 11
-54.17210215191188
 21
-76.46804420416808
 31
0.0
  0
LINE
  5
785
330
17
100
AcDbEntity
  8
0
100
AcDbLine
 10
-54.17210215191188
 20
-76.46804420416808
 30
0.0
 11
-54.01925102566566
 21
-76.5272558168351
 31
0.0
  0
LINE
  5
786
330
17
100
AcDbEntity
  8
0
100
AcDbLine
 10
-54.01925102566566
 20
-76.5272558168351
 30
0.0
 11
-53.866335460318616
 21
-76.58606592600609
 31
0.0
  0
LINE
  5
787
330
17
100
AcDbEntity
  8
0
100
AcDbLine
 10
-53.866335460318616
 20
-76.58606592600609
 30
0.0
 11
-53.71335659611265
 21
-76.64447462355056
 31
0.0
  0
LINE
  5
788
330
17
100
AcDbEntity
  8
0
100
AcDbLine
 10
-53.71335659611265
 20
-76.64447462355056
 30
0.0
 11
-53.56031557207342
 21
-76.70248200484156
 31
0.0
  0
LINE
  5
789
330
17
100
AcDbEntity
  8
0
100
AcDbLine
 10
-53.56031557207342
 20
-76.70248200484156
 30
0.0
 11
-53.407213525999055
 21
-76.7600881687491
 31
0.0
  0
LINE
  5
78A
330
17
100
AcDbEntity
  8
0
100
AcDbLine
 10
-53.407213525999055
 20
-76.7600881687491
 30
0.0
 11
-53.25405159444852
 21
-76.81729321763348
 31
0.0
  0
LINE
  5
78B
330
17
100
AcDbEntity
  8
0
100
AcDbLine
 10
-53.25405159444852
 20
-76.81729321763348
 30
0.0
 11
-53.100830912730785
 21
-76.87409725733824
 31
0.0
  0
LINE
  5
78C
330
17
100
AcDbEntity
  8
0
100
AcDbLine
 10
-53.100830912730785
 20
-76.87409725733824
 30
0.0
 11
-52.94755262681034
 21
-76.93050039279515
 31
0.0
  0
LINE
  5
78D
330
17
100
AcDbEntity
  8
0
100
AcDbLine
 10
-52.94755262681034
 20
-76.93050039279515
 30
0.0
 11
-52.79421829243873
 21
-76.98650257831366
 31
0.0
  0
LINE
  5
78E
330
17
100
AcDbEntity
  8
0
100
AcDbLine
 10
-52.79421829243873
 20
-76.98650257831366
 30
0.0
 11
-52.64082924726314
 21
-77.0421038439971
 31
0.0
  0
LINE
  5
78F
330
17
100
AcDbEntity
  8
0
100
AcDbLine
 10
-52.64082924726314
 20
-77.0421038439971
 30
0.0
 11
-52.487386615413
 21
-77.09730430028603
 31
0.0
  0
LINE
  5
790
330
17
100
AcDbEntity
  8
0
100
AcDbLine
 10
-52.487386615413
 20
-77.09730430028603
 30
0.0
 11
-52.33389151981574
 21
-77.15210406100738
 31
0.0
  0
LINE
  5
791
330
17
100
AcDbEntity
  8
0
100
AcDbLine
 10
-52.33389151981574
 20
-77.15210406100738
 30
0.0
 11
-52.18034508218651
 21
-77.20650324336803
 31
0.0
  0
LINE
  5
792
330
17
100
AcDbEntity
  8
0
100
AcDbLine
 10
-52.18034508218651
 20
-77.20650324336803
 30
0.0
 11
-52.02674842301734
 21
-77.26050196794847
 31
0.0
  0
LINE
  5
793
330
17
100
AcDbEntity
  8
0
100
AcDbLine
 10
-52.02674842301734
 20
-77.26050196794847
 30
0.0
 11
-51.87310266156627
 21
-77.31410035869638
 31
0.0
  0
LINE
  5
794
330
17
100
AcDbEntity
  8
0
100
AcDbLine
 10
-51.87310266156627
 20
-77.31410035869638
 30
0.0
 11
-51.71940891303583
 21
-77.36729854389642
 31
0.0
  0
LINE
  5
795
330
17
100
AcDbEntity
  8
0
100
AcDbLine
 10
-51.71940891303583
 20
-77.36729854389642
 30
0.0
 11
-51.56566825035723
 21
-77.42009666973784
 31
0.0
  0
LINE
  5
796
330
17
100
AcDbEntity
  8
0
100
AcDbLine
 10
-51.56566825035723
 20
-77.42009666973784
 30
0.0
 11
-51.411881774435244
 21
-77.47249487628744
 31
0.0
  0
LINE
  5
797
330
17
100
AcDbEntity
  8
0
100
AcDbLine
 10
-51.411881774435244
 20
-77.47249487628744
 30
0.0
 11
-51.25805060004353
 21
-77.52449330178237
 31
0.0
  0
LINE
  5
798
330
17
100
AcDbEntity
  8
0
100
AcDbLine
 10
-51.25805060004353
 20
-77.52449330178237
 30
0.0
 11
-51.10417584065908
 21
-77.5760920878001
 31
0.0
  0
LINE
  5
799
330
17
100
AcDbEntity
  8
0
100
AcDbLine
 10
-51.10417584065908
 20
-77.5760920878001
 30
0.0
 11
-50.950258608451925
 21
-77.62729137925129
 31
0.0
  0
LINE
  5
79A
330
17
100
AcDbEntity
  8
0
100
AcDbLine
 10
-50.950258608451925
 20
-77.62729137925129
 30
0.0
 11
-50.796300014274564
 21
-77.67809132437323
 31
0.0
  0
LINE
  5
79B
330
17
100
AcDbEntity
  8
0
100
AcDbLine
 10
-50.796300014274564
 20
-77.67809132437323
 30
0.0
 11
-50.6423011676513
 21
-77.72849207472316
 31
0.0
  0
LINE
  5
79C
330
17
100
AcDbEntity
  8
0
100
AcDbLine
 10
-50.6423011676513
 20
-77.72849207472316
 30
0.0
 11
-50.48826319169813
 21
-77.77849378029353
 31
0.0
  0
LINE
  5
79D
330
17
100
AcDbEntity
  8
0
100
AcDbLine
 10
-50.48826319169813
 20
-77.77849378029353
 30
0.0
 11
-50.33418732393424
 21
-77.8280965555638
 31
0.0
  0
LINE
  5
79E
330
17
100
AcDbEntity
  8
0
100
AcDbLine
 10
-50.33418732393424
 20
-77.8280965555638
 30
0.0
 11
-50.18007469904873
 21
-77.87730054961612
 31
0.0
  0
LINE
  5
79F
330
17
100
AcDbEntity
  8
0
100
AcDbLine
 10
-50.18007469904873
 20
-77.87730054961612
 30
0.0
 11
-50.02592641962565
 21
-77.92610592468557
 31
0.0
  0
LINE
  5
7A0
330
17
100
AcDbEntity
  8
0
100
AcDbLine
 10
-50.02592641962565
 20
-77.92610592468557
 30
0.0
 11
-49.871743586897544
 21
-77.9745128462769
 31
0.0
  0
LINE
  5
7A1
330
17
100
AcDbEntity
  8
0
100
AcDbLine
 10
-49.871743586897544
 20
-77.9745128462769
 30
0.0
 11
-49.71752730073522
 21
-78.02252148315802
 31
0.0
  0
LINE
  5
7A2
330
17
100
AcDbEntity
  8
0
100
AcDbLine
 10
-49.71752730073522
 20
-78.02252148315802
 30
0.0
 11
-49.56327865963795
 21
-78.0701320073529
 31
0.0
  0
LINE
  5
7A3
330
17
100
AcDbEntity
  8
0
100
AcDbLine
 10
-49.56327865963795
 20
-78.0701320073529
 30
0.0
 11
-49.408998760723115
 21
-78.11734459413486
 31
0.0
  0
LINE
  5
7A4
330
17
100
AcDbEntity
  8
0
100
AcDbLine
 10
-49.408998760723115
 20
-78.11734459413486
 30
0.0
 11
-49.254688739929314
 21
-78.16415940970037
 31
0.0
  0
LINE
  5
7A5
330
17
100
AcDbEntity
  8
0
100
AcDbLine
 10
-49.254688739929314
 20
-78.16415940970037
 30
0.0
 11
-49.10034991308977
 21
-78.21057656601916
 31
0.0
  0
LINE
  5
7A6
330
17
100
AcDbEntity
  8
0
100
AcDbLine
 10
-49.10034991308977
 20
-78.21057656601916
 30
0.0
 11
-48.94598340482802
 21
-78.25659623355146
 31
0.0
  0
LINE
  5
7A7
330
17
100
AcDbEntity
  8
0
100
AcDbLine
 10
-48.94598340482802
 20
-78.25659623355146
 30
0.0
 11
-48.79159030418083
 21
-78.30221859624362
 31
0.0
  0
LINE
  5
7A8
330
17
100
AcDbEntity
  8
0
100
AcDbLine
 10
-48.79159030418083
 20
-78.30221859624362
 30
0.0
 11
-48.63717169880079
 21
-78.34744384123113
 31
0.0
  0
LINE
  5
7A9
330
17
100
AcDbEntity
  8
0
100
AcDbLine
 10
-48.63717169880079
 20
-78.34744384123113
 30
0.0
 11
-48.48272867494646
 21
-78.3922721588323
 31
0.0
  0
LINE
  5
7AA
330
17
100
AcDbEntity
  8
0
100
AcDbLine
 10
-48.48272867494646
 20
-78.3922721588323
 30
0.0
 11
-48.328262317472216
 21
-78.43670374254114
 31
0.0
  0
LINE
  5
7AB
330
17
100
AcDbEntity
  8
0
100
AcDbLine
 10
-48.328262317472216
 20
-78.43670374254114
 30
0.0
 11
-48.17377370981915
 21
-78.48073878902068
 31
0.0
  0
LINE
  5
7AC
330
17
100
AcDbEntity
  8
0
100
AcDbLine
 10
-48.17377370981915
 20
-78.48073878902068
 30
0.0
 11
-48.01926402096853
 21
-78.52437747320356
 31
0.0
  0
LINE
  5
7AD
330
17
100
AcDbEntity
  8
0
100
AcDbLine
 10
-48.01926402096853
 20
-78.52437747320356
 30
0.0
 11
-47.864734651022665
 21
-78.56761990340154
 31
0.0
  0
LINE
  5
7AE
330
17
100
AcDbEntity
  8
0
100
AcDbLine
 10
-47.864734651022665
 20
-78.56761990340154
 30
0.0
 11
-47.71018670563222
 21
-78.61046627106307
 31
0.0
  0
LINE
  5
7AF
330
17
100
AcDbEntity
  8
0
100
AcDbLine
 10
-47.71018670563222
 20
-78.61046627106307
 30
0.0
 11
-47.555621259022686
 21
-78.65291677917662
 31
0.0
  0
LINE
  5
7B0
330
17
100
AcDbEntity
  8
0
100
AcDbLine
 10
-47.555621259022686
 20
-78.65291677917662
 30
0.0
 11
-47.4010393840284
 21
-78.69497163382982
 31
0.0
  0
LINE
  5
7B1
330
17
100
AcDbEntity
  8
0
100
AcDbLine
 10
-47.4010393840284
 20
-78.69497163382982
 30
0.0
 11
-47.24644215208285
 21
-78.73663104420285
 31
0.0
  0
LINE
  5
7B2
330
17
100
AcDbEntity
  8
0
100
AcDbLine
 10
-47.24644215208285
 20
-78.73663104420285
 30
0.0
 11
-47.09183063320919
 21
-78.77789522256177
 31
0.0
  0
LINE
  5
7B3
330
17
100
AcDbEntity
  8
0
100
AcDbLine
 10
-47.09183063320919
 20
-78.77789522256177
 30
0.0
 11
-46.9372058960113
 21
-78.81876438425184
 31
0.0
  0
LINE
  5
7B4
330
17
100
AcDbEntity
  8
0
100
AcDbLine
 10
-46.9372058960113
 20
-78.81876438425184
 30
0.0
 11
-46.7825689929132
 21
-78.85923875161996
 31
0.0
  0
LINE
  5
7B5
330
17
100
AcDbEntity
  8
0
100
AcDbLine
 10
-46.7825689929132
 20
-78.85923875161996
 30
0.0
 11
-46.62792095252642
 21
-78.89931855648186
 31
0.0
  0
LINE
  5
7B6
330
17
100
AcDbEntity
  8
0
100
AcDbLine
 10
-46.62792095252642
 20
-78.89931855648186
 30
0.0
 11
-46.473262837726026
 21
-78.93900402462714
 31
0.0
  0
LINE
  5
7B7
330
17
100
AcDbEntity
  8
0
100
AcDbLine
 10
-46.473262837726026
 20
-78.93900402462714
 30
0.0
 11
-46.31859571175283
 21
-78.97829538442399
 31
0.0
  0
LINE
  5
7B8
330
17
100
AcDbEntity
  8
0
100
AcDbLine
 10
-46.31859571175283
 20
-78.97829538442399
 30
0.0
 11
-46.16392063637318
 21
-79.01719286729039
 31
0.0
  0
LINE
  5
7B9
330
17
100
AcDbEntity
  8
0
100
AcDbLine
 10
-46.16392063637318
 20
-79.01719286729039
 30
0.0
 11
-46.00923867186998
 21
-79.05569670768688
 31
0.0
  0
LINE
  5
7BA
330
17
100
AcDbEntity
  8
0
100
AcDbLine
 10
-46.00923867186998
 20
-79.05569670768688
 30
0.0
 11
-45.85455087703351
 21
-79.0938071431099
 31
0.0
  0
LINE
  5
7BB
330
17
100
AcDbEntity
  8
0
100
AcDbLine
 10
-45.85455087703351
 20
-79.0938071431099
 30
0.0
 11
-45.69985830915197
 21
-79.13152441408477
 31
0.0
  0
LINE
  5
7BC
330
17
100
AcDbEntity
  8
0
100
AcDbLine
 10
-45.69985830915197
 20
-79.13152441408477
 30
0.0
 11
-45.54516227134455
 21
-79.16884870314018
 31
0.0
  0
LINE
  5
7BD
330
17
100
AcDbEntity
  8
0
100
AcDbLine
 10
-45.54516227134455
 20
-79.16884870314018
 30
0.0
 11
-45.390464245603006
 21
-79.20578014503779
 31
0.0
  0
LINE
  5
7BE
330
17
100
AcDbEntity
  8
0
100
AcDbLine
 10
-45.390464245603006
 20
-79.20578014503779
 30
0.0
 11
-45.235765287401804
 21
-79.24231897767902
 31
0.0
  0
LINE
  5
7BF
330
17
100
AcDbEntity
  8
0
100
AcDbLine
 10
-45.235765287401804
 20
-79.24231897767902
 30
0.0
 11
-45.08106644298235
 21
-79.27846544379959
 31
0.0
  0
LINE
  5
7C0
330
17
100
AcDbEntity
  8
0
100
AcDbLine
 10
-45.08106644298235
 20
-79.27846544379959
 30
0.0
 11
-44.92636875714941
 21
-79.3142197890792
 31
0.0
  0
LINE
  5
7C1
330
17
100
AcDbEntity
  8
0
100
AcDbLine
 10
-44.92636875714941
 20
-79.3142197890792
 30
0.0
 11
-44.77167327326236
 21
-79.34958226213524
 31
0.0
  0
LINE
  5
7C2
330
17
100
AcDbEntity
  8
0
100
AcDbLine
 10
-44.77167327326236
 20
-79.34958226213524
 30
0.0
 11
-44.616981033226864
 21
-79.38455311451611
 31
0.0
  0
LINE
  5
7C3
330
17
100
AcDbEntity
  8
0
100
AcDbLine
 10
-44.616981033226864
 20
-79.38455311451611
 30
0.0
 11
-44.462293077485874
 21
-79.41913260069484
 31
0.0
  0
LINE
  5
7C4
330
17
100
AcDbEntity
  8
0
100
AcDbLine
 10
-44.462293077485874
 20
-79.41913260069484
 30
0.0
 11
-44.30761032356486
 21
-79.4533210056583
 31
0.0
  0
LINE
  5
7C5
330
17
100
AcDbEntity
  8
0
100
AcDbLine
 10
-44.30761032356486
 20
-79.4533210056583
 30
0.0
 11
-44.152933667676315
 21
-79.48711862448793
 31
0.0
  0
LINE
  5
7C6
330
17
100
AcDbEntity
  8
0
100
AcDbLine
 10
-44.152933667676315
 20
-79.48711862448793
 30
0.0
 11
-43.99826414746033
 21
-79.52052572420982
 31
0.0
  0
LINE
  5
7C7
330
17
100
AcDbEntity
  8
0
100
AcDbLine
 10
-43.99826414746033
 20
-79.52052572420982
 30
0.0
 11
-43.8436027992417
 21
-79.55354257471706
 31
0.0
  0
LINE
  5
7C8
330
17
100
AcDbEntity
  8
0
100
AcDbLine
 10
-43.8436027992417
 20
-79.55354257471706
 30
0.0
 11
-43.688950657797456
 21
-79.58616944881271
 31
0.0
  0
LINE
  5
7C9
330
17
100
AcDbEntity
  8
0
100
AcDbLine
 10
-43.688950657797456
 20
-79.58616944881271
 30
0.0
 11
-43.534308756348196
 21
-79.61840662220283
 31
0.0
  0
LINE
  5
7CA
330
17
100
AcDbEntity
  8
0
100
AcDbLine
 10
-43.534308756348196
 20
-79.61840662220283
 30
0.0
 11
-43.379678126549855
 21
-79.65025437348939
 31
0.0
  0
LINE
  5
7CB
330
17
100
AcDbEntity
  8
0
100
AcDbLine
 10
-43.379678126549855
 20
-79.65025437348939
 30
0.0
 11
-43.225059801217
 21
-79.68171298360969
 31
0.0
  0
LINE
  5
7CC
330
17
100
AcDbEntity
  8
0
100
AcDbLine
 10
-43.225059801217
 20
-79.68171298360969
 30
0.0
 11
-43.07045546397388
 21
-79.7127826006745
 31
0.0
  0
LINE
  5
7CD
330
17
100
AcDbEntity
  8
0
100
AcDbLine
 10
-43.07045546397388
 20
-79.7127826006745
 30
0.0
 11
-42.91586664022742
 21
-79.74346339536746
 31
0.0
  0
LINE
  5
7CE
330
17
100
AcDbEntity
  8
0
100
AcDbLine
 10
-42.91586664022742
 20
-79.74346339536746
 30
0.0
 11
-42.761294347494385
 21
-79.77375564122829
 31
0.0
  0
LINE
  5
7CF
330
17
100
AcDbEntity
  8
0
100
AcDbLine
 10
-42.761294347494385
 20
-79.77375564122829
 30
0.0
 11
-42.60673960187081
 21
-79.80365961458148
 31
0.0
  0
LINE
  5
7D0
330
17
100
AcDbEntity
  8
0
100
AcDbLine
 10
-42.60673960187081
 20
-79.80365961458148
 30
0.0
 11
-42.452203418024254
 21
-79.8331755945299
 31
0.0
  0
LINE
  5
7D1
330
17
100
AcDbEntity
  8
0
100
AcDbLine
 10
-42.452203418024254
 20
-79.8331755945299
 30
0.0
 11
-42.29768680918586
 21
-79.862303862949
 31
0.0
  0
LINE
  5
7D2
330
17
100
AcDbEntity
  8
0
100
AcDbLine
 10
-42.29768680918586
 20
-79.862303862949
 30
0.0
 11
-42.143190787142245
 21
-79.89104470448079
 31
0.0
  0
LINE
  5
7D3
330
17
100
AcDbEntity
  8
0
100
AcDbLine
 10
-42.143190787142245
 20
-79.89104470448079
 30
0.0
 11
-41.988716357273425
 21
-79.91939840743757
 31
0.0
  0
LINE
  5
7D4
330
17
100
AcDbEntity
  8
0
100
AcDbLine
 10
-41.988716357273425
 20
-79.91939840743757
 30
0.0
 11
-41.83426432696658
 21
-79.94736530009132
 31
0.0
  0
LINE
  5
7D5
330
17
100
AcDbEntity
  8
0
100
AcDbLine
 10
-41.83426432696658
 20
-79.94736530009132
 30
0.0
 11
-41.679835599893266
 21
-79.97494569866012
 31
0.0
  0
LINE
  5
7D6
330
17
100
AcDbEntity
  8
0
100
AcDbLine
 10
-41.679835599893266
 20
-79.97494569866012
 30
0.0
 11
-41.52543118397435
 21
-80.0021399032365
 31
0.0
  0
LINE
  5
7D7
330
17
100
AcDbEntity
  8
0
100
AcDbLine
 10
-41.52543118397435
 20
-80.0021399032365
 30
0.0
 11
-41.371052085597384
 21
-80.02894821666852
 31
0.0
  0
LINE
  5
7D8
330
17
100
AcDbEntity
  8
0
100
AcDbLine
 10
-41.371052085597384
 20
-80.02894821666852
 30
0.0
 11
-41.21669930960848
 21
-80.05537094455315
 31
0.0
  0
LINE
  5
7D9
330
17
100
AcDbEntity
  8
0
100
AcDbLine
 10
-41.21669930960848
 20
-80.05537094455315
 30
0.0
 11
-41.06237385930489
 21
-80.08140839522986
 31
0.0
  0
LINE
  5
7DA
330
17
100
AcDbEntity
  8
0
100
AcDbLine
 10
-41.06237385930489
 20
-80.08140839522986
 30
0.0
 11
-40.908076736427006
 21
-80.10706087977411
 31
0.0
  0
LINE
  5
7DB
330
17
100
AcDbEntity
  8
0
100
AcDbLine
 10
-40.908076736427006
 20
-80.10706087977411
 30
0.0
 11
-40.75380896463045
 21
-80.13232870812314
 31
0.0
  0
LINE
  5
7DC
330
17
100
AcDbEntity
  8
0
100
AcDbLine
 10
-40.75380896463045
 20
-80.13232870812314
 30
0.0
 11
-40.59957194154848
 21
-80.15721212869681
 31
0.0
  0
LINE
  5
7DD
330
17
100
AcDbEntity
  8
0
100
AcDbLine
 10
-40.59957194154848
 20
-80.15721212869681
 30
0.0
 11
-40.44536680495483
 21
-80.18171142966582
 31
0.0
  0
LINE
  5
7DE
330
17
100
AcDbEntity
  8
0
100
AcDbLine
 10
-40.44536680495483
 20
-80.18171142966582
 30
0.0
 11
-40.29119454685289
 21
-80.20582692491486
 31
0.0
  0
LINE
  5
7DF
330
17
100
AcDbEntity
  8
0
100
AcDbLine
 10
-40.29119454685289
 20
-80.20582692491486
 30
0.0
 11
-40.13705615774128
 21
-80.22955893099865
 31
0.0
  0
LINE
  5
7E0
330
17
100
AcDbEntity
  8
0
100
AcDbLine
 10
-40.13705615774128
 20
-80.22955893099865
 30
0.0
 11
-39.982952626606114
 21
-80.25290776713582
 31
0.0
  0
LINE
  5
7E1
330
17
100
AcDbEntity
  8
0
100
AcDbLine
 10
-39.982952626606114
 20
-80.25290776713582
 30
0.0
 11
-39.828884940914065
 21
-80.27587375520301
 31
0.0
  0
LINE
  5
7E2
330
17
100
AcDbEntity
  8
0
100
AcDbLine
 10
-39.828884940914065
 20
-80.27587375520301
 30
0.0
 11
-39.674854086604675
 21
-80.2984572197285
 31
0.0
  0
LINE
  5
7E3
330
17
100
AcDbEntity
  8
0
100
AcDbLine
 10
-39.674854086604675
 20
-80.2984572197285
 30
0.0
 11
-39.52086106246093
 21
-80.32065848578833
 31
0.0
  0
LINE
  5
7E4
330
17
100
AcDbEntity
  8
0
100
AcDbLine
 10
-39.52086106246093
 20
-80.32065848578833
 30
0.0
 11
-39.36690698573001
 21
-80.34247786269952
 31
0.0
  0
LINE
  5
7E5
330
17
100
AcDbEntity
  8
0
100
AcDbLine
 10
-39.36690698573001
 20
-80.34247786269952
 30
0.0
 11
-39.212992869817704
 21
-80.36391567565585
 31
0.0
  0
LINE
  5
7E6
330
17
100
AcDbEntity
  8
0
100
AcDbLine
 10
-39.212992869817704
 20
-80.36391567565585
 30
0.0
 11
-39.05911969343658
 21
-80.38497225714156
 31
0.0
  0
LINE
  5
7E7
330
17
100
AcDbEntity
  8
0
100
AcDbLine
 10
-39.05911969343658
 20
-80.38497225714156
 30
0.0
 11
-38.90528843376461
 21
-80.40564794225168
 31
0.0
  0
LINE
  5
7E8
330
17
100
AcDbEntity
  8
0
100
AcDbLine
 10
-38.90528843376461
 20
-80.40564794225168
 30
0.0
 11
-38.75150006643785
 21
-80.42594306868597
 31
0.0
  0
LINE
  5
7E9
330
17
100
AcDbEntity
  8
0
100
AcDbLine
 10
-38.75150006643785
 20
-80.42594306868597
 30
0.0
 11
-38.597755565542926
 21
-80.44585797674279
 31
0.0
  0
LINE
  5
7EA
330
17
100
AcDbEntity
  8
0
100
AcDbLine
 10
-38.597755565542926
 20
-80.44585797674279
 30
0.0
 11
-38.44405590361033
 21
-80.46539300931296
 31
0.0
  0
LINE
  5
7EB
330
17
100
AcDbEntity
  8
0
100
AcDbLine
 10
-38.44405590361033
 20
-80.46539300931296
 30
0.0
 11
-38.29040205335303
 21
-80.48454851165164
 31
0.0
  0
LINE
  5
7EC
330
17
100
AcDbEntity
  8
0
100
AcDbLine
 10
-38.29040205335303
 20
-80.48454851165164
 30
0.0
 11
-38.13679499433218
 21
-80.50332483044696
 31
0.0
  0
LINE
  5
7ED
330
17
100
AcDbEntity
  8
0
100
AcDbLine
 10
-38.13679499433218
 20
-80.50332483044696
 30
0.0
 11
-37.983235695946554
 21
-80.52172231593556
 31
0.0
  0
LINE
  5
7EE
330
17
100
AcDbEntity
  8
0
100
AcDbLine
 10
-37.983235695946554
 20
-80.52172231593556
 30
0.0
 11
-37.829725124356166
 21
-80.53974132112353
 31
0.0
  0
LINE
  5
7EF
330
17
100
AcDbEntity
  8
0
100
AcDbLine
 10
-37.829725124356166
 20
-80.53974132112353
 30
0.0
 11
-37.67626424413117
 21
-80.5573822015779
 31
0.0
  0
LINE
  5
7F0
330
17
100
AcDbEntity
  8
0
100
AcDbLine
 10
-37.67626424413117
 20
-80.5573822015779
 30
0.0
 11
-37.52285401824505
 21
-80.57464531542018
 31
0.0
  0
LINE
  5
7F1
330
17
100
AcDbEntity
  8
0
100
AcDbLine
 10
-37.52285401824505
 20
-80.57464531542018
 30
0.0
 11
-37.36949540806758
 21
-80.59153102332041
 31
0.0
  0
LINE
  5
7F2
330
17
100
AcDbEntity
  8
0
100
AcDbLine
 10
-37.36949540806758
 20
-80.59153102332041
 30
0.0
 11
-37.21618937335752
 21
-80.60803968849063
 31
0.0
  0
LINE
  5
7F3
330
17
100
AcDbEntity
  8
0
100
AcDbLine
 10
-37.21618937335752
 20
-80.60803968849063
 30
0.0
 11
-37.06293680782155
 21
-80.62417168367361
 31
0.0
  0
LINE
  5
7F4
330
17
100
AcDbEntity
  8
0
100
AcDbLine
 10
-37.06293680782155
 20
-80.62417168367361
 30
0.0
 11
-36.90973841901648
 21
-80.63992740634282
 31
0.0
  0
LINE
  5
7F5
330
17
100
AcDbEntity
  8
0
100
AcDbLine
 10
-36.90973841901648
 20
-80.63992740634282
 30
0.0
 11
-36.756595138624256
 21
-80.65530723468352
 31
0.0
  0
LINE
  5
7F6
330
17
100
AcDbEntity
  8
0
100
AcDbLine
 10
-36.756595138624256
 20
-80.65530723468352
 30
0.0
 11
-36.60350792162612
 21
-80.67031154682351
 31
0.0
  0
LINE
  5
7F7
330
17
100
AcDbEntity
  8
0
100
AcDbLine
 10
-36.60350792162612
 20
-80.67031154682351
 30
0.0
 11
-36.45047772130355
 21
-80.68494072341721
 31
0.0
  0
LINE
  5
7F8
330
17
100
AcDbEntity
  8
0
100
AcDbLine
 10
-36.45047772130355
 20
-80.68494072341721
 30
0.0
 11
-36.2975054892318
 21
-80.69919514763907
 31
0.0
  0
LINE
  5
7F9
330
17
100
AcDbEntity
  8
0
100
AcDbLine
 10
-36.2975054892318
 20
-80.69919514763907
 30
0.0
 11
-36.14459217527275
 21
-80.71307520517689
 31
0.0
  0
LINE
  5
7FA
330
17
100
AcDbEntity
  8
0
100
AcDbLine
 10
-36.14459217527275
 20
-80.71307520517689
 30
0.0
 11
-35.991738727567736
 21
-80.72658128422484
 31
0.0
  0
LINE
  5
7FB
330
17
100
AcDbEntity
  8
0
100
AcDbLine
 10
-35.991738727567736
 20
-80.72658128422484
 30
0.0
 11
-35.8389460915932
 21
-80.73971377556136
 31
0.0
  0
LINE
  5
7FC
330
17
100
AcDbEntity
  8
0
100
AcDbLine
 10
-35.8389460915932
 20
-80.73971377556136
 30
0.0
 11
-35.686215209551165
 21
-80.75247307262215
 31
0.0
  0
LINE
  5
7FD
330
17
100
AcDbEntity
  8
0
100
AcDbLine
 10
-35.686215209551165
 20
-80.75247307262215
 30
0.0
 11
-35.53354702426485
 21
-80.76485957114194
 31
0.0
  0
LINE
  5
7FE
330
17
100
AcDbEntity
  8
0
100
AcDbLine
 10
-35.53354702426485
 20
-80.76485957114194
 30
0.0
 11
-35.38094247694325
 21
-80.77687366932355
 31
0.0
  0
LINE
  5
7FF
330
17
100
AcDbEntity
  8
0
100
AcDbLine
 10
-35.38094247694325
 20
-80.77687366932355
 30
0.0
 11
-35.22840250704031
 21
-80.78851576784231
 31
0.0
  0
LINE
  5
800
330
17
100
AcDbEntity
  8
0
100
AcDbLine
 10
-35.22840250704031
 20
-80.78851576784231
 30
0.0
 11
-35.075928052248074
 21
-80.79978626983936
 31
0.0
  0
LINE
  5
801
330
17
100
AcDbEntity
  8
0
100
AcDbLine
 10
-35.075928052248074
 20
-80.79978626983936
 30
0.0
 11
-34.92352004849026
 21
-80.81068558091454
 31
0.0
  0
LINE
  5
802
330
17
100
AcDbEntity
  8
0
100
AcDbLine
 10
-34.92352004849026
 20
-80.81068558091454
 30
0.0
 11
-34.771179429915406
 21
-80.82121410911985
 31
0.0
  0
LINE
  5
803
330
17
100
AcDbEntity
  8
0
100
AcDbLine
 10
-34.771179429915406
 20
-80.82121410911985
 30
0.0
 11
-34.618906993017234
 21
-80.8313722746702
 31
0.0
  0
LINE
  5
804
330
17
100
AcDbEntity
  8
0
100
AcDbLine
 10
-34.618906993017234
 20
-80.8313722746702
 30
0.0
 11
-34.466703421371
 21
-80.84116051132023
 31
0.0
  0
LINE
  5
805
330
17
100
AcDbEntity
  8
0
100
AcDbLine
 10
-34.466703421371
 20
-80.84116051132023
 30
0.0
 11
-34.314569640311134
 21
-80.85057924027976
 31
0.0
  0
LINE
  5
806
330
17
100
AcDbEntity
  8
0
100
AcDbLine
 10
-34.314569640311134
 20
-80.85057924027976
 30
0.0
 11
-34.162506578574856
 21
-80.85962888484798
 31
0.0
  0
LINE
  5
807
330
17
100
AcDbEntity
  8
0
100
AcDbLine
 10
-34.162506578574856
 20
-80.85962888484798
 30
0.0
 11
-34.010515163029154
 21
-80.86830987075734
 31
0.0
  0
LINE
  5
808
330
17
100
AcDbEntity
  8
0
100
AcDbLine
 10
-34.010515163029154
 20
-80.86830987075734
 30
0.0
 11
-33.85859631866399
 21
-80.87662262616635
 31
0.0
  0
LINE
  5
809
330
17
100
AcDbEntity
  8
0
100
AcDbLine
 10
-33.85859631866399
 20
-80.87662262616635
 30
0.0
 11
-33.706750968585474
 21
-80.88456758165196
 31
0.0
  0
LINE
  5
80A
330
17
100
AcDbEntity
  8
0
100
AcDbLine
 10
-33.706750968585474
 20
-80.88456758165196
 30
0.0
 11
-33.55498003400965
 21
-80.89214517020224
 31
0.0
  0
LINE
  5
80B
330
17
100
AcDbEntity
  8
0
100
AcDbLine
 10
-33.55498003400965
 20
-80.89214517020224
 30
0.0
 11
-33.40328441281766
 21
-80.89935582834714
 31
0.0
  0
LINE
  5
80C
330
17
100
AcDbEntity
  8
0
100
AcDbLine
 10
-33.40328441281766
 20
-80.89935582834714
 30
0.0
 11
-33.25166499608017
 21
-80.90619999570644
 31
0.0
  0
LINE
  5
80D
330
17
100
AcDbEntity
  8
0
100
AcDbLine
 10
-33.25166499608017
 20
-80.90619999570644
 30
0.0
 11
-33.10012269944087
 21
-80.9126781131368
 31
0.0
  0
LINE
  5
80E
330
17
100
AcDbEntity
  8
0
100
AcDbLine
 10
-33.10012269944087
 20
-80.9126781131368
 30
0.0
 11
-32.94865843669143
 21
-80.9187906238746
 31
0.0
  0
LINE
  5
80F
330
17
100
AcDbEntity
  8
0
100
AcDbLine
 10
-32.94865843669143
 20
-80.9187906238746
 30
0.0
 11
-32.79727311969318
 21
-80.92453797353147
 31
0.0
  0
LINE
  5
810
330
17
100
AcDbEntity
  8
0
100
AcDbLine
 10
-32.79727311969318
 20
-80.92453797353147
 30
0.0
 11
-32.64596765837056
 21
-80.92992061008712
 31
0.0
  0
LINE
  5
811
330
17
100
AcDbEntity
  8
0
100
AcDbLine
 10
-32.64596765837056
 20
-80.92992061008712
 30
0.0
 11
-32.49474296070446
 21
-80.93493898388147
 31
0.0
  0
LINE
  5
812
330
17
100
AcDbEntity
  8
0
100
AcDbLine
 10
-32.49474296070446
 20
-80.93493898388147
 30
0.0
 11
-32.343599932167955
 21
-80.93959354762373
 31
0.0
  0
LINE
  5
813
330
17
100
AcDbEntity
  8
0
100
AcDbLine
 10
-32.343599932167955
 20
-80.93959354762373
 30
0.0
 11
-32.19253927194382
 21
-80.94388476347186
 31
0.0
  0
LINE
  5
814
330
17
100
AcDbEntity
  8
0
100
AcDbLine
 10
-32.19253927194382
 20
-80.94388476347186
 30
0.0
 11
-32.041561717367074
 21
-80.94781309822436
 31
0.0
  0
LINE
  5
815
330
17
100
AcDbEntity
  8
0
100
AcDbLine
 10
-32.041561717367074
 20
-80.94781309822436
 30
0.0
 11
-31.890668170097257
 21
-80.95137901681689
 31
0.0
  0
LINE
  5
816
330
17
100
AcDbEntity
  8
0
100
AcDbLine
 10
-31.890668170097257
 20
-80.95137901681689
 30
0.0
 11
-31.739859529759812
 21
-80.95458298652079
 31
0.0
  0
LINE
  5
817
330
17
100
AcDbEntity
  8
0
100
AcDbLine
 10
-31.739859529759812
 20
-80.95458298652079
 30
0.0
 11
-31.589136693939523
 21
-80.95742547693473
 31
0.0
  0
LINE
  5
818
330
17
100
AcDbEntity
  8
0
100
AcDbLine
 10
-31.589136693939523
 20
-80.95742547693473
 30
0.0
 11
-31.43850055817466
 21
-80.95990695997693
 31
0.0
  0
LINE
  5
819
330
17
100
AcDbEntity
  8
0
100
AcDbLine
 10
-31.43850055817466
 20
-80.95990695997693
 30
0.0
 11
-31.287952015950452
 21
-80.9620279098769
 31
0.0
  0
LINE
  5
81A
330
17
100
AcDbEntity
  8
0
100
AcDbLine
 10
-31.287952015950452
 20
-80.9620279098769
 30
0.0
 11
-31.13749196032431
 21
-80.96378880314819
 31
0.0
  0
LINE
  5
81B
330
17
100
AcDbEntity
  8
0
100
AcDbLine
 10
-31.13749196032431
 20
-80.96378880314819
 30
0.0
 11
-30.98712135751564
 21
-80.96519011733795
 31
0.0
  0
LINE
  5
81C
330
17
100
AcDbEntity
  8
0
100
AcDbLine
 10
-30.98712135751564
 20
-80.96519011733795
 30
0.0
 11
-30.83684113655508
 21
-80.966232331572
 31
0.0
  0
LINE
  5
81D
330
17
100
AcDbEntity
  8
0
100
AcDbLine
 10
-30.83684113655508
 20
-80.966232331572
 30
0.0
 11
-30.686652182196553
 21
-80.96691592754632
 31
0.0
  0
LINE
  5
81E
330
17
100
AcDbEntity
  8
0
100
AcDbLine
 10
-30.686652182196553
 20
-80.96691592754632
 30
0.0
 11
-30.53655537712946
 21
-80.96724138922323
 31
0.0
  0
LINE
  5
81F
330
17
100
AcDbEntity
  8
0
100
AcDbLine
 10
-30.53655537712946
 20
-80.96724138922323
 30
0.0
 11
-30.386551601972457
 21
-80.96720920282345
 31
0.0
  0
LINE
  5
820
330
17
100
AcDbEntity
  8
0
100
AcDbLine
 10
-30.386551601972457
 20
-80.96720920282345
 30
0.0
 11
-30.236641735267185
 21
-80.96681985681775
 31
0.0
  0
LINE
  5
821
330
17
100
AcDbEntity
  8
0
100
AcDbLine
 10
-30.236641735267185
 20
-80.96681985681775
 30
0.0
 11
-30.086826653472706
 21
-80.96607384191915
 31
0.0
  0
LINE
  5
822
330
17
100
AcDbEntity
  8
0
100
AcDbLine
 10
-30.086826653472706
 20
-80.96607384191915
 30
0.0
 11
-29.93710723042924
 21
-80.96497165107091
 31
0.0
  0
LINE
  5
823
330
17
100
AcDbEntity
  8
0
100
AcDbLine
 10
-29.93710723042924
 20
-80.96497165107091
 30
0.0
 11
-29.787484328555806
 21
-80.96351377943373
 31
0.0
  0
LINE
  5
824
330
17
100
AcDbEntity
  8
0
100
AcDbLine
 10
-29.787484328555806
 20
-80.96351377943373
 30
0.0
 11
-29.63795881435211
 21
-80.96170072455365
 31
0.0
  0
LINE
  5
825
330
17
100
AcDbEntity
  8
0
100
AcDbLine
 10
-29.63795881435211
 20
-80.96170072455365
 30
0.0
 11
-29.48853155593578
 21
-80.95953298622847
 31
0.0
  0
LINE
  5
826
330
17
100
AcDbEntity
  8
0
100
AcDbLine
 10
-29.48853155593578
 20
-80.95953298622847
 30
0.0
 11
-29.339203419309996
 21
-80.95701106645751
 31
0.0
  0
LINE
  5
827
330
17
100
AcDbEntity
  8
0
100
AcDbLine
 10
-29.339203419309996
 20
-80.95701106645751
 30
0.0
 11
-29.189975268357514
 21
-80.95413546943357
 31
0.0
  0
LINE
  5
828
330
17
100
AcDbEntity
  8
0
100
AcDbLine
 10
-29.189975268357514
 20
-80.95413546943357
 30
0.0
 11
-29.040847964834654
 21
-80.95090670153445
 31
0.0
  0
LINE
  5
829
330
17
100
AcDbEntity
  8
0
100
AcDbLine
 10
-29.040847964834654
 20
-80.95090670153445
 30
0.0
 11
-28.89182236836593
 21
-80.94732527131472
 31
0.0
  0
LINE
  5
82A
330
17
100
AcDbEntity
  8
0
100
AcDbLine
 10
-28.89182236836593
 20
-80.94732527131472
 30
0.0
 11
-28.742899323399364
 21
-80.94339168917253
 31
0.0
  0
LINE
  5
82B
330
17
100
AcDbEntity
  8
0
100
AcDbLine
 10
-28.742899323399364
 20
-80.94339168917253
 30
0.0
 11
-28.594079554935703
 21
-80.93910646552953
 31
0.0
  0
LINE
  5
82C
330
17
100
AcDbEntity
  8
0
100
AcDbLine
 10
-28.594079554935703
 20
-80.93910646552953
 30
0.0
 11
-28.445363883049282
 21
-80.93447011690597
 31
0.0
  0
LINE
  5
82D
330
17
100
AcDbEntity
  8
0
100
AcDbLine
 10
-28.445363883049282
 20
-80.93447011690597
 30
0.0
 11
-28.29675315934889
 21
-80.92948316296649
 31
0.0
  0
LINE
  5
82E
330
17
100
AcDbEntity
  8
0
100
AcDbLine
 10
-28.29675315934889
 20
-80.92948316296649
 30
0.0
 11
-28.148248233254634
 21
-80.9241461255159
 31
0.0
  0
LINE
  5
82F
330
17
100
AcDbEntity
  8
0
100
AcDbLine
 10
-28.148248233254634
 20
-80.9241461255159
 30
0.0
 11
-27.999849951992637
 21
-80.91845952849046
 31
0.0
  0
LINE
  5
830
330
17
100
AcDbEntity
  8
0
100
AcDbLine
 10
-27.999849951992637
 20
-80.91845952849046
 30
0.0
 11
-27.851559160589304
 21
-80.91242389794928
 31
0.0
  0
LINE
  5
831
330
17
100
AcDbEntity
  8
0
100
AcDbLine
 10
-27.851559160589304
 20
-80.91242389794928
 30
0.0
 11
-27.703376701865587
 21
-80.90603976206606
 31
0.0
  0
LINE
  5
832
330
17
100
AcDbEntity
  8
0
100
AcDbLine
 10
-27.703376701865587
 20
-80.90603976206606
 30
0.0
 11
-27.555303422742234
 21
-80.89930765139268
 31
0.0
  0
LINE
  5
833
330
17
100
AcDbEntity
  8
0
100
AcDbLine
 10
-27.555303422742234
 20
-80.89930765139268
 30
0.0
 11
-27.40734020047136
 21
-80.89222809971801
 31
0.0
  0
LINE
  5
834
330
17
100
AcDbEntity
  8
0
100
AcDbLine
 10
-27.40734020047136
 20
-80.89222809971801
 30
0.0
 11
-27.259487877737925
 21
-80.88480164110044
 31
0.0
  0
LINE
  5
835
330
17
100
AcDbEntity
  8
0
100
AcDbLine
 10
-27.259487877737925
 20
-80.88480164110044
 30
0.0
 11
-27.111747288335046
 21
-80.87702881135795
 31
0.0
  0
LINE
  5
836
330
17
100
AcDbEntity
  8
0
100
AcDbLine
 10
-27.111747288335046
 20
-80.87702881135795
 30
0.0
 11
-26.96411926383152
 21
-80.86891014837852
 31
0.0
  0
LINE
  5
837
330
17
100
AcDbEntity
  8
0
100
AcDbLine
 10
-26.96411926383152
 20
-80.86891014837852
 30
0.0
 11
-26.816604633566293
 21
-80.86044619211154
 31
0.0
  0
LINE
  5
838
330
17
100
AcDbEntity
  8
0
100
AcDbLine
 10
-26.816604633566293
 20
-80.86044619211154
 30
0.0
 11
-26.669204224643458
 21
-80.85163748455909
 31
0.0
  0
LINE
  5
839
330
17
100
AcDbEntity
  8
0
100
AcDbLine
 10
-26.669204224643458
 20
-80.85163748455909
 30
0.0
 11
-26.521918861926856
 21
-80.84248456976746
 31
0.0
  0
LINE
  5
83A
330
17
100
AcDbEntity
  8
0
100
AcDbLine
 10
-26.521918861926856
 20
-80.84248456976746
 30
0.0
 11
-26.374749383060447
 21
-80.83298799474275
 31
0.0
  0
LINE
  5
83B
330
17
100
AcDbEntity
  8
0
100
AcDbLine
 10
-26.374749383060447
 20
-80.83298799474275
 30
0.0
 11
-26.22769666947618
 21
-80.82314831086217
 31
0.0
  0
LINE
  5
83C
330
17
100
AcDbEntity
  8
0
100
AcDbLine
 10
-26.22769666947618
 20
-80.82314831086217
 30
0.0
 11
-26.080761545586874
 21
-80.81296606752869
 31
0.0
  0
LINE
  5
83D
330
17
100
AcDbEntity
  8
0
100
AcDbLine
 10
-26.080761545586874
 20
-80.81296606752869
 30
0.0
 11
-25.933944827023772
 21
-80.80244181572104
 31
0.0
  0
LINE
  5
83E
330
17
100
AcDbEntity
  8
0
100
AcDbLine
 10
-25.933944827023772
 20
-80.80244181572104
 30
0.0
 11
-25.787247327164945
 21
-80.79157610841686
 31
0.0
  0
LINE
  5
83F
330
17
100
AcDbEntity
  8
0
100
AcDbLine
 10
-25.787247327164945
 20
-80.79157610841686
 30
0.0
 11
-25.640669857130014
 21
-80.78036950058396
 31
0.0
  0
LINE
  5
840
330
17
100
AcDbEntity
  8
0
100
AcDbLine
 10
-25.640669857130014
 20
-80.78036950058396
 30
0.0
 11
-25.49421322577549
 21
-80.7688225491719
 31
0.0
  0
LINE
  5
841
330
17
100
AcDbEntity
  8
0
100
AcDbLine
 10
-25.49421322577549
 20
-80.7688225491719
 30
0.0
 11
-25.3478782396895
 21
-80.75693581310311
 31
0.0
  0
LINE
  5
842
330
17
100
AcDbEntity
  8
0
100
AcDbLine
 10
-25.3478782396895
 20
-80.75693581310311
 30
0.0
 11
-25.201665676133544
 21
-80.74470985110409
 31
0.0
  0
LINE
  5
843
330
17
100
AcDbEntity
  8
0
100
AcDbLine
 10
-25.201665676133544
 20
-80.74470985110409
 30
0.0
 11
-25.05557626211431
 21
-80.73214522074092
 31
0.0
  0
LINE
  5
844
330
17
100
AcDbEntity
  8
0
100
AcDbLine
 10
-25.05557626211431
 20
-80.73214522074092
 30
0.0
 11
-24.9096107932386
 21
-80.71924248791774
 31
0.0
  0
LINE
  5
845
330
17
100
AcDbEntity
  8
0
100
AcDbLine
 10
-24.9096107932386
 20
-80.71924248791774
 30
0.0
 11
-24.763770067224108
 21
-80.70600222085164
 31
0.0
  0
LINE
  5
846
330
17
100
AcDbEntity
  8
0
100
AcDbLine
 10
-24.763770067224108
 20
-80.70600222085164
 30
0.0
 11
-24.61805487947879
 21
-80.69242498969109
 31
0.0
  0
LINE
  5
847
330
17
100
AcDbEntity
  8
0
100
AcDbLine
 10
-24.61805487947879
 20
-80.69242498969109
 30
0.0
 11
-24.47246602309584
 21
-80.678511366507
 31
0.0
  0
LINE
  5
848
330
17
100
AcDbEntity
  8
0
100
AcDbLine
 10
-24.47246602309584
 20
-80.678511366507
 30
0.0
 11
-24.327004288848673
 21
-80.66426192528394
 31
0.0
  0
LINE
  5
849
330
17
100
AcDbEntity
  8
0
100
AcDbLine
 10
-24.327004288848673
 20
-80.66426192528394
 30
0.0
 11
-24.1816704651865
 21
-80.64967724191122
 31
0.0
  0
LINE
  5
84A
330
17
100
AcDbEntity
  8
0
100
AcDbLine
 10
-24.1816704651865
 20
-80.64967724191122
 30
0.0
 11
-24.03646537559201
 21
-80.63475789784415
 31
0.0
  0
LINE
  5
84B
330
17
100
AcDbEntity
  8
0
100
AcDbLine
 10
-24.03646537559201
 20
-80.63475789784415
 30
0.0
 11
-23.89138987520451
 21
-80.61950447892605
 31
0.0
  0
LINE
  5
84C
330
17
100
AcDbEntity
  8
0
100
AcDbLine
 10
-23.89138987520451
 20
-80.61950447892605
 30
0.0
 11
-23.74644474697792
 21
-80.60391756534604
 31
0.0
  0
LINE
  5
84D
330
17
100
AcDbEntity
  8
0
100
AcDbLine
 10
-23.74644474697792
 20
-80.60391756534604
 30
0.0
 11
-23.601630769785054
 21
-80.58799773898016
 31
0.0
  0
LINE
  5
84E
330
17
100
AcDbEntity
  8
0
100
AcDbLine
 10
-23.601630769785054
 20
-80.58799773898016
 30
0.0
 11
-23.456948720168235
 21
-80.57174558356286
 31
0.0
  0
LINE
  5
84F
330
17
100
AcDbEntity
  8
0
100
AcDbLine
 10
-23.456948720168235
 20
-80.57174558356286
 30
0.0
 11
-23.312399372335026
 21
-80.55516168467815
 31
0.0
  0
LINE
  5
850
330
17
100
AcDbEntity
  8
0
100
AcDbLine
 10
-23.312399372335026
 20
-80.55516168467815
 30
0.0
 11
-23.167983498153575
 21
-80.53824662975087
 31
0.0
  0
LINE
  5
851
330
17
100
AcDbEntity
  8
0
100
AcDbLine
 10
-23.167983498153575
 20
-80.53824662975087
 30
0.0
 11
-23.023701867147835
 21
-80.52100100803767
 31
0.0
  0
LINE
  5
852
330
17
100
AcDbEntity
  8
0
100
AcDbLine
 10
-23.023701867147835
 20
-80.52100100803767
 30
0.0
 11
-22.879555344601002
 21
-80.50342542206329
 31
0.0
  0
LINE
  5
853
330
17
100
AcDbEntity
  8
0
100
AcDbLine
 10
-22.879555344601002
 20
-80.50342542206329
 30
0.0
 11
-22.735544822534894
 21
-80.48552047763934
 31
0.0
  0
LINE
  5
854
330
17
100
AcDbEntity
  8
0
100
AcDbLine
 10
-22.735544822534894
 20
-80.48552047763934
 30
0.0
 11
-22.591671063498264
 21
-80.4672867663823
 31
0.0
  0
LINE
  5
855
330
17
100
AcDbEntity
  8
0
100
AcDbLine
 10
-22.591671063498264
 20
-80.4672867663823
 30
0.0
 11
-22.447934827183285
 21
-80.44872488163756
 31
0.0
  0
LINE
  5
856
330
17
100
AcDbEntity
  8
0
100
AcDbLine
 10
-22.447934827183285
 20
-80.44872488163756
 30
0.0
 11
-22.304336870951552
 21
-80.4298354185351
 31
0.0
  0
LINE
  5
857
330
17
100
AcDbEntity
  8
0
100
AcDbLine
 10
-22.304336870951552
 20
-80.4298354185351
 30
0.0
 11
-22.160877949830173
 21
-80.4106189739808
 31
0.0
  0
LINE
  5
858
330
17
100
AcDbEntity
  8
0
100
AcDbLine
 10
-22.160877949830173
 20
-80.4106189739808
 30
0.0
 11
-22.017558816507318
 21
-80.39107614664753
 31
0.0
  0
LINE
  5
859
330
17
100
AcDbEntity
  8
0
100
AcDbLine
 10
-22.017558816507318
 20
-80.39107614664753
 30
0.0
 11
-21.874380220849453
 21
-80.37120753689979
 31
0.0
  0
LINE
  5
85A
330
17
100
AcDbEntity
  8
0
100
AcDbLine
 10
-21.874380220849453
 20
-80.37120753689979
 30
0.0
 11
-21.73134260549133
 21
-80.3510137056553
 31
0.0
  0
LINE
  5
85B
330
17
100
AcDbEntity
  8
0
100
AcDbLine
 10
-21.73134260549133
 20
-80.3510137056553
 30
0.0
 11
-21.58844645652799
 21
-80.3304952271125
 31
0.0
  0
LINE
  5
85C
330
17
100
AcDbEntity
  8
0
100
AcDbLine
 10
-21.58844645652799
 20
-80.3304952271125
 30
0.0
 11
-21.445692518215004
 21
-80.30965271479145
 31
0.0
  0
LINE
  5
85D
330
17
100
AcDbEntity
  8
0
100
AcDbLine
 10
-21.445692518215004
 20
-80.30965271479145
 30
0.0
 11
-21.303081532358796
 21
-80.2884867839414
 31
0.0
  0
LINE
  5
85E
330
17
100
AcDbEntity
  8
0
100
AcDbLine
 10
-21.303081532358796
 20
-80.2884867839414
 30
0.0
 11
-21.160614238312334
 21
-80.26699805153129
 31
0.0
  0
LINE
  5
85F
330
17
100
AcDbEntity
  8
0
100
AcDbLine
 10
-21.160614238312334
 20
-80.26699805153129
 30
0.0
 11
-21.01829137297088
 21
-80.24518713624067
 31
0.0
  0
LINE
  5
860
330
17
100
AcDbEntity
  8
0
100
AcDbLine
 10
-21.01829137297088
 20
-80.24518713624067
 30
0.0
 11
-20.87611367076825
 21
-80.22305465845008
 31
0.0
  0
LINE
  5
861
330
17
100
AcDbEntity
  8
0
100
AcDbLine
 10
-20.87611367076825
 20
-80.22305465845008
 30
0.0
 11
-20.734081871573327
 21
-80.20060124148208
 31
0.0
  0
LINE
  5
862
330
17
100
AcDbEntity
  8
0
100
AcDbLine
 10
-20.734081871573327
 20
-80.20060124148208
 30
0.0
 11
-20.59219714165063
 21
-80.17782757612187
 31
0.0
  0
LINE
  5
863
330
17
100
AcDbEntity
  8
0
100
AcDbLine
 10
-20.59219714165063
 20
-80.17782757612187
 30
0.0
 11
-20.450460458055588
 21
-80.15473431903116
 31
0.0
  0
LINE
  5
864
330
17
100
AcDbEntity
  8
0
100
AcDbLine
 10
-20.450460458055588
 20
-80.15473431903116
 30
0.0
 11
-20.308872544338662
 21
-80.13132208765093
 31
0.0
  0
LINE
  5
865
330
17
100
AcDbEntity
  8
0
100
AcDbLine
 10
-20.308872544338662
 20
-80.13132208765093
 30
0.0
 11
-20.167434121678493
 21
-80.10759150107108
 31
0.0
  0
LINE
  5
866
330
17
100
AcDbEntity
  8
0
100
AcDbLine
 10
-20.167434121678493
 20
-80.10759150107108
 30
0.0
 11
-20.026145908878462
 21
-80.0835431800219
 31
0.0
  0
LINE
  5
867
330
17
100
AcDbEntity
  8
0
100
AcDbLine
 10
-20.026145908878462
 20
-80.0835431800219
 30
0.0
 11
-19.88500862236271
 21
-80.05917774686517
 31
0.0
  0
LINE
  5
868
330
17
100
AcDbEntity
  8
0
100
AcDbLine
 10
-19.88500862236271
 20
-80.05917774686517
 30
0.0
 11
-19.74402297617221
 21
-80.03449582558542
 31
0.0
  0
LINE
  5
869
330
17
100
AcDbEntity
  8
0
100
AcDbLine
 10
-19.74402297617221
 20
-80.03449582558542
 30
0.0
 11
-19.603189664830797
 21
-80.0094980387507
 31
0.0
  0
LINE
  5
86A
330
17
100
AcDbEntity
  8
0
100
AcDbLine
 10
-19.603189664830797
 20
-80.0094980387507
 30
0.0
 11
-19.462509047536287
 21
-79.98418495345632
 31
0.0
  0
LINE
  5
86B
330
17
100
AcDbEntity
  8
0
100
AcDbLine
 10
-19.462509047536287
 20
-79.98418495345632
 30
0.0
 11
-19.321981693386235
 21
-79.95855718038476
 31
0.0
  0
LINE
  5
86C
330
17
100
AcDbEntity
  8
0
100
AcDbLine
 10
-19.321981693386235
 20
-79.95855718038476
 30
0.0
 11
-19.181608307441493
 21
-79.93261535692572
 31
0.0
  0
LINE
  5
86D
330
17
100
AcDbEntity
  8
0
100
AcDbLine
 10
-19.181608307441493
 20
-79.93261535692572
 30
0.0
 11
-19.04138959228164
 21
-79.90636012204976
 31
0.0
  0
LINE
  5
86E
330
17
100
AcDbEntity
  8
0
100
AcDbLine
 10
-19.04138959228164
 20
-79.90636012204976
 30
0.0
 11
-18.90132624800178
 21
-79.8797921162991
 31
0.0
  0
LINE
  5
86F
330
17
100
AcDbEntity
  8
0
100
AcDbLine
 10
-18.90132624800178
 20
-79.8797921162991
 30
0.0
 11
-18.76141897220883
 21
-79.85291198177833
 31
0.0
  0
LINE
  5
870
330
17
100
AcDbEntity
  8
0
100
AcDbLine
 10
-18.76141897220883
 20
-79.85291198177833
 30
0.0
 11
-18.621668460017823
 21
-79.82572036214503
 31
0.0
  0
LINE
  5
871
330
17
100
AcDbEntity
  8
0
100
AcDbLine
 10
-18.621668460017823
 20
-79.82572036214503
 30
0.0
 11
-18.48207541524856
 21
-79.79821790479184
 31
0.0
  0
LINE
  5
872
330
17
100
AcDbEntity
  8
0
100
AcDbLine
 10
-18.48207541524856
 20
-79.79821790479184
 30
0.0
 11
-18.342640647998138
 21
-79.7704052792326
 31
0.0
  0
LINE
  5
873
330
17
100
AcDbEntity
  8
0
100
AcDbLine
 10
-18.342640647998138
 20
-79.7704052792326
 30
0.0
 11
-18.203364878234936
 21
-79.74228313797536
 31
0.0
  0
LINE
  5
874
330
17
100
AcDbEntity
  8
0
100
AcDbLine
 10
-18.203364878234936
 20
-79.74228313797536
 30
0.0
 11
-18.064248790926158
 21
-79.71385212853303
 31
0.0
  0
LINE
  5
875
330
17
100
AcDbEntity
  8
0
100
AcDbLine
 10
-18.064248790926158
 20
-79.71385212853303
 30
0.0
 11
-17.925293068555938
 21
-79.68511289992449
 31
0.0
  0
LINE
  5
876
330
17
100
AcDbEntity
  8
0
100
AcDbLine
 10
-17.925293068555938
 20
-79.68511289992449
 30
0.0
 11
-17.786498391121896
 21
-79.65606610266538
 31
0.0
  0
LINE
  5
877
330
17
100
AcDbEntity
  8
0
100
AcDbLine
 10
-17.786498391121896
 20
-79.65606610266538
 30
0.0
 11
-17.647865436132147
 21
-79.62671238875896
 31
0.0
  0
LINE
  5
878
330
17
100
AcDbEntity
  8
0
100
AcDbLine
 10
-17.647865436132147
 20
-79.62671238875896
 30
0.0
 11
-17.509394878601903
 21
-79.59705241168692
 31
0.0
  0
LINE
  5
879
330
17
100
AcDbEntity
  8
0
100
AcDbLine
 10
-17.509394878601903
 20
-79.59705241168692
 30
0.0
 11
-17.371087398318508
 21
-79.56708682795927
 31
0.0
  0
LINE
  5
87A
330
17
100
AcDbEntity
  8
0
100
AcDbLine
 10
-17.371087398318508
 20
-79.56708682795927
 30
0.0
 11
-17.232943712683976
 21
-79.5368163038379
 31
0.0
  0
LINE
  5
87B
330
17
100
AcDbEntity
  8
0
100
AcDbLine
 10
-17.232943712683976
 20
-79.5368163038379
 30
0.0
 11
-17.094964497736463
 21
-79.50624149818886
 31
0.0
  0
LINE
  5
87C
330
17
100
AcDbEntity
  8
0
100
AcDbLine
 10
-17.094964497736463
 20
-79.50624149818886
 30
0.0
 11
-16.957150418447746
 21
-79.47536306944218
 31
0.0
  0
LINE
  5
87D
330
17
100
AcDbEntity
  8
0
100
AcDbLine
 10
-16.957150418447746
 20
-79.47536306944218
 30
0.0
 11
-16.819502137291018
 21
-79.4441816774601
 31
0.0
  0
LINE
  5
87E
330
17
100
AcDbEntity
  8
0
100
AcDbLine
 10
-16.819502137291018
 20
-79.4441816774601
 30
0.0
 11
-16.682020314237654
 21
-79.41269798352775
 31
0.0
  0
LINE
  5
87F
330
17
100
AcDbEntity
  8
0
100
AcDbLine
 10
-16.682020314237654
 20
-79.41269798352775
 30
0.0
 11
-16.544705606754018
 21
-79.38091265034416
 31
0.0
  0
LINE
  5
880
330
17
100
AcDbEntity
  8
0
100
AcDbLine
 10
-16.544705606754018
 20
-79.38091265034416
 30
0.0
 11
-16.407558669798803
 21
-79.34882634201281
 31
0.0
  0
LINE
  5
881
330
17
100
AcDbEntity
  8
0
100
AcDbLine
 10
-16.407558669798803
 20
-79.34882634201281
 30
0.0
 11
-16.270580115021808
 21
-79.31643971450447
 31
0.0
  0
LINE
  5
882
330
17
100
AcDbEntity
  8
0
100
AcDbLine
 10
-16.270580115021808
 20
-79.31643971450447
 30
0.0
 11
-16.133770417905076
 21
-79.2837533953122
 31
0.0
  0
LINE
  5
883
330
17
100
AcDbEntity
  8
0
100
AcDbLine
 10
-16.133770417905076
 20
-79.2837533953122
 30
0.0
 11
-15.997130206125195
 21
-79.2507680512087
 31
0.0
  0
LINE
  5
884
330
17
100
AcDbEntity
  8
0
100
AcDbLine
 10
-15.997130206125195
 20
-79.2507680512087
 30
0.0
 11
-15.860660124665047
 21
-79.21748435506234
 31
0.0
  0
LINE
  5
885
330
17
100
AcDbEntity
  8
0
100
AcDbLine
 10
-15.860660124665047
 20
-79.21748435506234
 30
0.0
 11
-15.72436081594839
 21
-79.1839029810989
 31
0.0
  0
LINE
  5
886
330
17
100
AcDbEntity
  8
0
100
AcDbLine
 10
-15.72436081594839
 20
-79.1839029810989
 30
0.0
 11
-15.588232919836884
 21
-79.15002460489183
 31
0.0
  0
LINE
  5
887
330
17
100
AcDbEntity
  8
0
100
AcDbLine
 10
-15.588232919836884
 20
-79.15002460489183
 30
0.0
 11
-15.452277073627185
 21
-79.11584990335297
 31
0.0
  0
LINE
  5
888
330
17
100
AcDbEntity
  8
0
100
AcDbLine
 10
-15.452277073627185
 20
-79.11584990335297
 30
0.0
 11
-15.31649391204854
 21
-79.0813795547229
 31
0.0
  0
LINE
  5
889
330
17
100
AcDbEntity
  8
0
100
AcDbLine
 10
-15.31649391204854
 20
-79.0813795547229
 30
0.0
 11
-15.180884189281523
 21
-79.04661426939488
 31
0.0
  0
LINE
  5
88A
330
17
100
AcDbEntity
  8
0
100
AcDbLine
 10
-15.180884189281523
 20
-79.04661426939488
 30
0.0
 11
-15.045448890103376
 21
-79.01155481470366
 31
0.0
  0
LINE
  5
88B
330
17
100
AcDbEntity
  8
0
100
AcDbLine
 10
-15.045448890103376
 20
-79.01155481470366
 30
0.0
 11
-14.910188664107645
 21
-78.97620187178373
 31
0.0
  0
LINE
  5
88C
330
17
100
AcDbEntity
  8
0
100
AcDbLine
 10
-14.910188664107645
 20
-78.97620187178373
 30
0.0
 11
-14.775104135678983
 21
-78.940556117222
 31
0.0
  0
LINE
  5
88D
330
17
100
AcDbEntity
  8
0
100
AcDbLine
 10
-14.775104135678983
 20
-78.940556117222
 30
0.0
 11
-14.640195926699693
 21
-78.90461822889031
 31
0.0
  0
LINE
  5
88E
330
17
100
AcDbEntity
  8
0
100
AcDbLine
 10
-14.640195926699693
 20
-78.90461822889031
 30
0.0
 11
-14.505464656547504
 21
-78.86838888593645
 31
0.0
  0
LINE
  5
88F
330
17
100
AcDbEntity
  8
0
100
AcDbLine
 10
-14.505464656547504
 20
-78.86838888593645
 30
0.0
 11
-14.370910942092905
 21
-78.83186876877502
 31
0.0
  0
LINE
  5
890
330
17
100
AcDbEntity
  8
0
100
AcDbLine
 10
-14.370910942092905
 20
-78.83186876877502
 30
0.0
 11
-14.236535397696493
 21
-78.79505855907846
 31
0.0
  0
LINE
  5
891
330
17
100
AcDbEntity
  8
0
100
AcDbLine
 10
-14.236535397696493
 20
-78.79505855907846
 30
0.0
 11
-14.102338364616312
 21
-78.75795886616987
 31
0.0
  0
LINE
  5
892
330
17
100
AcDbEntity
  8
0
100
AcDbLine
 10
-14.102338364616312
 20
-78.75795886616987
 30
0.0
 11
-13.968319909569328
 21
-78.72057023281343
 31
0.0
  0
LINE
  5
893
330
17
100
AcDbEntity
  8
0
100
AcDbLine
 10
-13.968319909569328
 20
-78.72057023281343
 30
0.0
 11
-13.83448062412591
 21
-78.68289335156129
 31
0.0
  0
LINE
  5
894
330
17
100
AcDbEntity
  8
0
100
AcDbLine
 10
-13.83448062412591
 20
-78.68289335156129
 30
0.0
 11
-13.700821112443835
 21
-78.64492892039311
 31
0.0
  0
LINE
  5
895
330
17
100
AcDbEntity
  8
0
100
AcDbLine
 10
-13.700821112443835
 20
-78.64492892039311
 30
0.0
 11
-13.5673419760292
 21
-78.6066776384925
 31
0.0
  0
LINE
  5
896
330
17
100
AcDbEntity
  8
0
100
AcDbLine
 10
-13.5673419760292
 20
-78.6066776384925
 30
0.0
 11
-13.434043813734018
 21
-78.5681402062371
 31
0.0
  0
LINE
  5
897
330
17
100
AcDbEntity
  8
0
100
AcDbLine
 10
-13.434043813734018
 20
-78.5681402062371
 30
0.0
 11
-13.300927221754343
 21
-78.52931732518866
 31
0.0
  0
LINE
  5
898
330
17
100
AcDbEntity
  8
0
100
AcDbLine
 10
-13.300927221754343
 20
-78.52931732518866
 30
0.0
 11
-13.167992793627938
 21
-78.49020969808319
 31
0.0
  0
LINE
  5
899
330
17
100
AcDbEntity
  8
0
100
AcDbLine
 10
-13.167992793627938
 20
-78.49020969808319
 30
0.0
 11
-13.035241564989295
 21
-78.45081815845163
 31
0.0
  0
LINE
  5
89A
330
17
100
AcDbEntity
  8
0
100
AcDbLine
 10
-13.035241564989295
 20
-78.45081815845163
 30
0.0
 11
-12.902674731801278
 21
-78.41114357957699
 31
0.0
  0
LINE
  5
89B
330
17
100
AcDbEntity
  8
0
100
AcDbLine
 10
-12.902674731801278
 20
-78.41114357957699
 30
0.0
 11
-12.770292883474175
 21
-78.37118665424268
 31
0.0
  0
LINE
  5
89C
330
17
100
AcDbEntity
  8
0
100
AcDbLine
 10
-12.770292883474175
 20
-78.37118665424268
 30
0.0
 11
-12.638096603350386
 21
-78.33094807532382
 31
0.0
  0
LINE
  5
89D
330
17
100
AcDbEntity
  8
0
100
AcDbLine
 10
-12.638096603350386
 20
-78.33094807532382
 30
0.0
 11
-12.506086472269393
 21
-78.29042853683454
 31
0.0
  0
LINE
  5
89E
330
17
100
AcDbEntity
  8
0
100
AcDbLine
 10
-12.506086472269393
 20
-78.29042853683454
 30
0.0
 11
-12.374263068565288
 21
-78.24962873391874
 31
0.0
  0
LINE
  5
89F
330
17
100
AcDbEntity
  8
0
100
AcDbLine
 10
-12.374263068565288
 20
-78.24962873391874
 30
0.0
 11
-12.242626968065155
 21
-78.2085493628415
 31
0.0
  0
LINE
  5
8A0
330
17
100
AcDbEntity
  8
0
100
AcDbLine
 10
-12.242626968065155
 20
-78.2085493628415
 30
0.0
 11
-12.111178743755346
 21
-78.16719112087529
 31
0.0
  0
LINE
  5
8A1
330
17
100
AcDbEntity
  8
0
100
AcDbLine
 10
-12.111178743755346
 20
-78.16719112087529
 30
0.0
 11
-11.979918501112047
 21
-78.12555456173001
 31
0.0
  0
LINE
  5
8A2
330
17
100
AcDbEntity
  8
0
100
AcDbLine
 10
-11.979918501112047
 20
-78.12555456173001
 30
0.0
 11
-11.848846390264164
 21
-78.0836402632398
 31
0.0
  0
LINE
  5
8A3
330
17
100
AcDbEntity
  8
0
100
AcDbLine
 10
-11.848846390264164
 20
-78.0836402632398
 30
0.0
 11
-11.71796297651305
 21
-78.04144893814941
 31
0.0
  0
LINE
  5
8A4
330
17
100
AcDbEntity
  8
0
100
AcDbLine
 10
-11.71796297651305
 20
-78.04144893814941
 30
0.0
 11
-11.587268822504807
 21
-77.9989813002665
 31
0.0
  0
LINE
  5
8A5
330
17
100
AcDbEntity
  8
0
100
AcDbLine
 10
-11.587268822504807
 20
-77.9989813002665
 30
0.0
 11
-11.456764488228869
 21
-77.95623806445187
 31
0.0
  0
LINE
  5
8A6
330
17
100
AcDbEntity
  8
0
100
AcDbLine
 10
-11.456764488228869
 20
-77.95623806445187
 30
0.0
 11
-11.326450531016132
 21
-77.91321994660976
 31
0.0
  0
LINE
  5
8A7
330
17
100
AcDbEntity
  8
0
100
AcDbLine
 10
-11.326450531016132
 20
-77.91321994660976
 30
0.0
 11
-11.196327505537115
 21
-77.86992766367791
 31
0.0
  0
LINE
  5
8A8
330
17
100
AcDbEntity
  8
0
100
AcDbLine
 10
-11.196327505537115
 20
-77.86992766367791
 30
0.0
 11
-11.066395973290893
 21
-77.8263619368031
 31
0.0
  0
LINE
  5
8A9
330
17
100
AcDbEntity
  8
0
100
AcDbLine
 10
-11.066395973290893
 20
-77.8263619368031
 30
0.0
 11
-10.936657109065818
 21
-77.78252369184024
 31
0.0
  0
LINE
  5
8AA
330
17
100
AcDbEntity
  8
0
100
AcDbLine
 10
-10.936657109065818
 20
-77.78252369184024
 30
0.0
 11
-10.80711183680116
 21
-77.73841376307293
 31
0.0
  0
LINE
  5
8AB
330
17
100
AcDbEntity
  8
0
100
AcDbLine
 10
-10.80711183680116
 20
-77.73841376307293
 30
0.0
 11
-10.677760701325578
 21
-77.69403285766634
 31
0.0
  0
LINE
  5
8AC
330
17
100
AcDbEntity
  8
0
100
AcDbLine
 10
-10.677760701325578
 20
-77.69403285766634
 30
0.0
 11
-10.548604244957847
 21
-77.64938168378887
 31
0.0
  0
LINE
  5
8AD
330
17
100
AcDbEntity
  8
0
100
AcDbLine
 10
-10.548604244957847
 20
-77.64938168378887
 30
0.0
 11
-10.419643007505123
 21
-77.60446095060354
 31
0.0
  0
LINE
  5
8AE
330
17
100
AcDbEntity
  8
0
100
AcDbLine
 10
-10.419643007505123
 20
-77.60446095060354
 30
0.0
 11
-10.290877526261713
 21
-77.55927136825906
 31
0.0
  0
LINE
  5
8AF
330
17
100
AcDbEntity
  8
0
100
AcDbLine
 10
-10.290877526261713
 20
-77.55927136825906
 30
0.0
 11
-10.162308336007419
 21
-77.513813647881
 31
0.0
  0
LINE
  5
8B0
330
17
100
AcDbEntity
  8
0
100
AcDbLine
 10
-10.162308336007419
 20
-77.513813647881
 30
0.0
 11
-10.033935953700507
 21
-77.46808849611867
 31
0.0
  0
LINE
  5
8B1
330
17
100
AcDbEntity
  8
0
100
AcDbLine
 10
-10.033935953700507
 20
-77.46808849611867
 30
0.0
 11
-9.905760563708077
 21
-77.42209650498926
 31
0.0
  0
LINE
  5
8B2
330
17
100
AcDbEntity
  8
0
100
AcDbLine
 10
-9.905760563708077
 20
-77.42209650498926
 30
0.0
 11
-9.777782549938486
 21
-77.37583834388451
 31
0.0
  0
LINE
  5
8B3
330
17
100
AcDbEntity
  8
0
100
AcDbLine
 10
-9.777782549938486
 20
-77.37583834388451
 30
0.0
 11
-9.650002436561367
 21
-77.32931473460832
 31
0.0
  0
LINE
  5
8B4
330
17
100
AcDbEntity
  8
0
100
AcDbLine
 10
-9.650002436561367
 20
-77.32931473460832
 30
0.0
 11
-9.522420745146364
 21
-77.2825263998867
 31
0.0
  0
LINE
  5
8B5
330
17
100
AcDbEntity
  8
0
100
AcDbLine
 10
-9.522420745146364
 20
-77.2825263998867
 30
0.0
 11
-9.39503799466146
 21
-77.23547406335814
 31
0.0
  0
LINE
  5
8B6
330
17
100
AcDbEntity
  8
0
100
AcDbLine
 10
-9.39503799466146
 20
-77.23547406335814
 30
0.0
 11
-9.267854701472091
 21
-77.18815844956464
 31
0.0
  0
LINE
  5
8B7
330
17
100
AcDbEntity
  8
0
100
AcDbLine
 10
-9.267854701472091
 20
-77.18815844956464
 30
0.0
 11
-9.1408713793398
 21
-77.14058028394217
 31
0.0
  0
LINE
  5
8B8
330
17
100
AcDbEntity
  8
0
100
AcDbLine
 10
-9.1408713793398
 20
-77.14058028394217
 30
0.0
 11
-9.01408857454411
 21
-77.09274030601983
 31
0.0
  0
LINE
  5
8B9
330
17
100
AcDbEntity
  8
0
100
AcDbLine
 10
-9.01408857454411
 20
-77.09274030601983
 30
0.0
 11
-8.887507199688486
 21
-77.04463939255587
 31
0.0
  0
LINE
  5
8BA
330
17
100
AcDbEntity
  8
0
100
AcDbLine
 10
-8.887507199688486
 20
-77.04463939255587
 30
0.0
 11
-8.761127876101092
 21
-76.99627830775472
 31
0.0
  0
LINE
  5
8BB
330
17
100
AcDbEntity
  8
0
100
AcDbLine
 10
-8.761127876101092
 20
-76.99627830775472
 30
0.0
 11
-8.634951107853375
 21
-76.94765777300742
 31
0.0
  0
LINE
  5
8BC
330
17
100
AcDbEntity
  8
0
100
AcDbLine
 10
-8.634951107853375
 20
-76.94765777300742
 30
0.0
 11
-8.50897739649379
 21
-76.89877851056617
 31
0.0
  0
LINE
  5
8BD
330
17
100
AcDbEntity
  8
0
100
AcDbLine
 10
-8.50897739649379
 20
-76.89877851056617
 30
0.0
 11
-8.383207241046565
 21
-76.84964124353547
 31
0.0
  0
LINE
  5
8BE
330
17
100
AcDbEntity
  8
0
100
AcDbLine
 10
-8.383207241046565
 20
-76.84964124353547
 30
0.0
 11
-8.257641138010477
 21
-76.80024669586322
 31
0.0
  0
LINE
  5
8BF
330
17
100
AcDbEntity
  8
0
100
AcDbLine
 10
-8.257641138010477
 20
-76.80024669586322
 30
0.0
 11
-8.132279581358134
 21
-76.75059559233213
 31
0.0
  0
LINE
  5
8C0
330
17
100
AcDbEntity
  8
0
100
AcDbLine
 10
-8.132279581358134
 20
-76.75059559233213
 30
0.0
 11
-8.00712304190475
 21
-76.70068865036788
 31
0.0
  0
LINE
  5
8C1
330
17
100
AcDbEntity
  8
0
100
AcDbLine
 10
-8.00712304190475
 20
-76.70068865036788
 30
0.0
 11
-7.882171866044857
 21
-76.65052654082727
 31
0.0
  0
LINE
  5
8C2
330
17
100
AcDbEntity
  8
0
100
AcDbLine
 10
-7.882171866044857
 20
-76.65052654082727
 30
0.0
 11
-7.757426512760594
 21
-76.60010998263937
 31
0.0
  0
LINE
  5
8C3
330
17
100
AcDbEntity
  8
0
100
AcDbLine
 10
-7.757426512760594
 20
-76.60010998263937
 30
0.0
 11
-7.632887465606604
 21
-76.54943970641776
 31
0.0
  0
LINE
  5
8C4
330
17
100
AcDbEntity
  8
0
100
AcDbLine
 10
-7.632887465606604
 20
-76.54943970641776
 30
0.0
 11
-7.508555205576789
 21
-76.49851644356147
 31
0.0
  0
LINE
  5
8C5
330
17
100
AcDbEntity
  8
0
100
AcDbLine
 10
-7.508555205576789
 20
-76.49851644356147
 30
0.0
 11
-7.384430211103771
 21
-76.44734092624634
 31
0.0
  0
LINE
  5
8C6
330
17
100
AcDbEntity
  8
0
100
AcDbLine
 10
-7.384430211103771
 20
-76.44734092624634
 30
0.0
 11
-7.26051295805797
 21
-76.39591388741584
 31
0.0
  0
LINE
  5
8C7
330
17
100
AcDbEntity
  8
0
100
AcDbLine
 10
-7.26051295805797
 20
-76.39591388741584
 30
0.0
 11
-7.136803919746684
 21
-76.34423606077209
 31
0.0
  0
LINE
  5
8C8
330
17
100
AcDbEntity
  8
0
100
AcDbLine
 10
-7.136803919746684
 20
-76.34423606077209
 30
0.0
 11
-7.013303526922368
 21
-76.29230816406948
 31
0.0
  0
LINE
  5
8C9
330
17
100
AcDbEntity
  8
0
100
AcDbLine
 10
-7.013303526922368
 20
-76.29230816406948
 30
0.0
 11
-6.890012067755313
 21
-76.24013085876575
 31
0.0
  0
LINE
  5
8CA
330
17
100
AcDbEntity
  8
0
100
AcDbLine
 10
-6.890012067755313
 20
-76.24013085876575
 30
0.0
 11
-6.766929985673293
 21
-76.18770487486694
 31
0.0
  0
LINE
  5
8CB
330
17
100
AcDbEntity
  8
0
100
AcDbLine
 10
-6.766929985673293
 20
-76.18770487486694
 30
0.0
 11
-6.644057743276442
 21
-76.13503095229021
 31
0.0
  0
LINE
  5
8CC
330
17
100
AcDbEntity
  8
0
100
AcDbLine
 10
-6.644057743276442
 20
-76.13503095229021
 30
0.0
 11
-6.521395800560832
 21
-76.08210983165921
 31
0.0
  0
LINE
  5
8CD
330
17
100
AcDbEntity
  8
0
100
AcDbLine
 10
-6.521395800560832
 20
-76.08210983165921
 30
0.0
 11
-6.398944614918268
 21
-76.02894225429522
 31
0.0
  0
LINE
  5
8CE
330
17
100
AcDbEntity
  8
0
100
AcDbLine
 10
-6.398944614918268
 20
-76.02894225429522
 30
0.0
 11
-6.276704641135663
 21
-75.97552896220773
 31
0.0
  0
LINE
  5
8CF
330
17
100
AcDbEntity
  8
0
100
AcDbLine
 10
-6.276704641135663
 20
-75.97552896220773
 30
0.0
 11
-6.154676331394416
 21
-75.92187069808529
 31
0.0
  0
LINE
  5
8D0
330
17
100
AcDbEntity
  8
0
100
AcDbLine
 10
-6.154676331394416
 20
-75.92187069808529
 30
0.0
 11
-6.032860105073722
 21
-75.86796819203934
 31
0.0
  0
LINE
  5
8D1
330
17
100
AcDbEntity
  8
0
100
AcDbLine
 10
-6.032860105073722
 20
-75.86796819203934
 30
0.0
 11
-5.911256316881273
 21
-75.81382214848944
 31
0.0
  0
LINE
  5
8D2
330
17
100
AcDbEntity
  8
0
100
AcDbLine
 10
-5.911256316881273
 20
-75.81382214848944
 30
0.0
 11
-5.789865404541072
 21
-75.75943331101666
 31
0.0
  0
LINE
  5
8D3
330
17
100
AcDbEntity
  8
0
100
AcDbLine
 10
-5.789865404541072
 20
-75.75943331101666
 30
0.0
 11
-5.6686878095361
 21
-75.70480242667219
 31
0.0
  0
LINE
  5
8D4
330
17
100
AcDbEntity
  8
0
100
AcDbLine
 10
-5.6686878095361
 20
-75.70480242667219
 30
0.0
 11
-5.547723970722064
 21
-75.64993024313638
 31
0.0
  0
LINE
  5
8D5
330
17
100
AcDbEntity
  8
0
100
AcDbLine
 10
-5.547723970722064
 20
-75.64993024313638
 30
0.0
 11
-5.426974324327038
 21
-75.59481750870926
 31
0.0
  0
LINE
  5
8D6
330
17
100
AcDbEntity
  8
0
100
AcDbLine
 10
-5.426974324327038
 20
-75.59481750870926
 30
0.0
 11
-5.306439303951524
 21
-75.5394649723012
 31
0.0
  0
LINE
  5
8D7
330
17
100
AcDbEntity
  8
0
100
AcDbLine
 10
-5.306439303951524
 20
-75.5394649723012
 30
0.0
 11
-5.186119340568103
 21
-75.48387338342407
 31
0.0
  0
LINE
  5
8D8
330
17
100
AcDbEntity
  8
0
100
AcDbLine
 10
-5.186119340568103
 20
-75.48387338342407
 30
0.0
 11
-5.066014544543773
 21
-75.42804334585571
 31
0.0
  0
LINE
  5
8D9
330
17
100
AcDbEntity
  8
0
100
AcDbLine
 10
-5.066014544543773
 20
-75.42804334585571
 30
0.0
 11
-4.946124672255374
 21
-75.3719753101114
 31
0.0
  0
LINE
  5
8DA
330
17
100
AcDbEntity
  8
0
100
AcDbLine
 10
-4.946124672255374
 20
-75.3719753101114
 30
0.0
 11
-4.826450123289089
 21
-75.31567003117081
 31
0.0
  0
LINE
  5
8DB
330
17
100
AcDbEntity
  8
0
100
AcDbLine
 10
-4.826450123289089
 20
-75.31567003117081
 30
0.0
 11
-4.70699131569865
 21
-75.25912827442542
 31
0.0
  0
LINE
  5
8DC
330
17
100
AcDbEntity
  8
0
100
AcDbLine
 10
-4.70699131569865
 20
-75.25912827442542
 30
0.0
 11
-4.587748664752551
 21
-75.20235080578543
 31
0.0
  0
LINE
  5
8DD
330
17
100
AcDbEntity
  8
0
100
AcDbLine
 10
-4.587748664752551
 20
-75.20235080578543
 30
0.0
 11
-4.468722582934105
 21
-75.14533839166964
 31
0.0
  0
LINE
  5
8DE
330
17
100
AcDbEntity
  8
0
100
AcDbLine
 10
-4.468722582934105
 20
-75.14533839166964
 30
0.0
 11
-4.349913479941564
 21
-75.08809179899498
 31
0.0
  0
LINE
  5
8DF
330
17
100
AcDbEntity
  8
0
100
AcDbLine
 10
-4.349913479941564
 20
-75.08809179899498
 30
0.0
 11
-4.231321762688682
 21
-75.03061179516666
 31
0.0
  0
LINE
  5
8E0
330
17
100
AcDbEntity
  8
0
100
AcDbLine
 10
-4.231321762688682
 20
-75.03061179516666
 30
0.0
 11
-4.112947940743636
 21
-74.97289919888684
 31
0.0
  0
LINE
  5
8E1
330
17
100
AcDbEntity
  8
0
100
AcDbLine
 10
-4.112947940743636
 20
-74.97289919888684
 30
0.0
 11
-3.994792567181255
 21
-74.9149548493519
 31
0.0
  0
LINE
  5
8E2
330
17
100
AcDbEntity
  8
0
100
AcDbLine
 10
-3.994792567181255
 20
-74.9149548493519
 30
0.0
 11
-3.876856042394367
 21
-74.85677951247126
 31
0.0
  0
LINE
  5
8E3
330
17
100
AcDbEntity
  8
0
100
AcDbLine
 10
-3.876856042394367
 20
-74.85677951247126
 30
0.0
 11
-3.7591387628478383
 21
-74.79837395403447
 31
0.0
  0
LINE
  5
8E4
330
17
100
AcDbEntity
  8
0
100
AcDbLine
 10
-3.7591387628478383
 20
-74.79837395403447
 30
0.0
 11
-3.641641122263975
 21
-74.73973894027827
 31
0.0
  0
LINE
  5
8E5
330
17
100
AcDbEntity
  8
0
100
AcDbLine
 10
-3.641641122263975
 20
-74.73973894027827
 30
0.0
 11
-3.524363511623303
 21
-74.68087523787688
 31
0.0
  0
LINE
  5
8E6
330
17
100
AcDbEntity
  8
0
100
AcDbLine
 10
-3.524363511623303
 20
-74.68087523787688
 30
0.0
 11
-3.4073063191647064
 21
-74.62178361393174
 31
0.0
  0
LINE
  5
8E7
330
17
100
AcDbEntity
  8
0
100
AcDbLine
 10
-3.4073063191647064
 20
-74.62178361393174
 30
0.0
 11
-3.2904699302718186
 21
-74.56246483590388
 31
0.0
  0
LINE
  5
8E8
330
17
100
AcDbEntity
  8
0
100
AcDbLine
 10
-3.2904699302718186
 20
-74.56246483590388
 30
0.0
 11
-3.1738541011749835
 21
-74.50291935587876
 31
0.0
  0
LINE
  5
8E9
330
17
100
AcDbEntity
  8
0
100
AcDbLine
 10
-3.1738541011749835
 20
-74.50291935587876
 30
0.0
 11
-3.057458616258388
 21
-74.44314765412523
 31
0.0
  0
LINE
  5
8EA
330
17
100
AcDbEntity
  8
0
100
AcDbLine
 10
-3.057458616258388
 20
-74.44314765412523
 30
0.0
 11
-2.9412838494148508
 21
-74.3831505157589
 31
0.0
  0
LINE
  5
8EB
330
17
100
AcDbEntity
  8
0
100
AcDbLine
 10
-2.9412838494148508
 20
-74.3831505157589
 30
0.0
 11
-2.825330171607492
 21
-74.32292872622375
 31
0.0
  0
LINE
  5
8EC
330
17
100
AcDbEntity
  8
0
100
AcDbLine
 10
-2.825330171607492
 20
-74.32292872622375
 30
0.0
 11
-2.7095979508705756
 21
-74.2624830712812
 31
0.0
  0
LINE
  5
8ED
330
17
100
AcDbEntity
  8
0
100
AcDbLine
 10
-2.7095979508705756
 20
-74.2624830712812
 30
0.0
 11
-2.594087552310751
 21
-74.20181433699915
 31
0.0
  0
LINE
  5
8EE
330
17
100
AcDbEntity
  8
0
100
AcDbLine
 10
-2.594087552310751
 20
-74.20181433699915
 30
0.0
 11
-2.4787993381080335
 21
-74.14092330974076
 31
0.0
  0
LINE
  5
8EF
330
17
100
AcDbEntity
  8
0
100
AcDbLine
 10
-2.4787993381080335
 20
-74.14092330974076
 30
0.0
 11
-2.3637336681774572
 21
-74.07981077650496
 31
0.0
  0
LINE
  5
8F0
330
17
100
AcDbEntity
  8
0
100
AcDbLine
 10
-2.3637336681774572
 20
-74.07981077650496
 30
0.0
 11
-2.248890951771412
 21
-74.0184775520723
 31
0.0
  0
LINE
  5
8F1
330
17
100
AcDbEntity
  8
0
100
AcDbLine
 10
-2.248890951771412
 20
-74.0184775520723
 30
0.0
 11
-2.1342715759318454
 21
-73.95692444036862
 31
0.0
  0
LINE
  5
8F2
330
17
100
AcDbEntity
  8
0
100
AcDbLine
 10
-2.1342715759318454
 20
-73.95692444036862
 30
0.0
 11
-2.0198758914089296
 21
-73.89515222766123
 31
0.0
  0
LINE
  5
8F3
330
17
100
AcDbEntity
  8
0
100
AcDbLine
 10
-2.0198758914089296
 20
-73.89515222766123
 30
0.0
 11
-1.9057042460458504
 21
-73.83316170046163
 31
0.0
  0
LINE
  5
8F4
330
17
100
AcDbEntity
  8
0
100
AcDbLine
 10
-1.9057042460458504
 20
-73.83316170046163
 30
0.0
 11
-1.791756984779873
 21
-73.77095364551494
 31
0.0
  0
LINE
  5
8F5
330
17
100
AcDbEntity
  8
0
100
AcDbLine
 10
-1.791756984779873
 20
-73.77095364551494
 30
0.0
 11
-1.678034449643567
 21
-73.70852884978851
 31
0.0
  0
LINE
  5
8F6
330
17
100
AcDbEntity
  8
0
100
AcDbLine
 10
-1.678034449643567
 20
-73.70852884978851
 30
0.0
 11
-1.5645369797663768
 21
-73.64588810046158
 31
0.0
  0
LINE
  5
8F7
330
17
100
AcDbEntity
  8
0
100
AcDbLine
 10
-1.5645369797663768
 20
-73.64588810046158
 30
0.0
 11
-1.4512648949862434
 21
-73.58303217582562
 31
0.0
  0
LINE
  5
8F8
330
17
100
AcDbEntity
  8
0
100
AcDbLine
 10
-1.4512648949862434
 20
-73.58303217582562
 30
0.0
 11
-1.338218117957192
 21
-73.5199616380443
 31
0.0
  0
LINE
  5
8F9
330
17
100
AcDbEntity
  8
0
100
AcDbLine
 10
-1.338218117957192
 20
-73.5199616380443
 30
0.0
 11
-1.2253967995187836
 21
-73.45667718357151
 31
0.0
  0
LINE
  5
8FA
330
17
100
AcDbEntity
  8
0
100
AcDbLine
 10
-1.2253967995187836
 20
-73.45667718357151
 30
0.0
 11
-1.1128012651850643
 21
-73.39317960842381
 31
0.0
  0
LINE
  5
8FB
330
17
100
AcDbEntity
  8
0
100
AcDbLine
 10
-1.1128012651850643
 20
-73.39317960842381
 30
0.0
 11
-1.000431837478784
 21
-73.32946970874721
 31
0.0
  0
LINE
  5
8FC
330
17
100
AcDbEntity
  8
0
100
AcDbLine
 10
-1.000431837478784
 20
-73.32946970874721
 30
0.0
 11
-0.8882888359334604
 21
-73.26554828080592
 31
0.0
  0
LINE
  5
8FD
330
17
100
AcDbEntity
  8
0
100
AcDbLine
 10
-0.8882888359334604
 20
-73.26554828080592
 30
0.0
 11
-0.7763725770948238
 21
-73.20141612097063
 31
0.0
  0
LINE
  5
8FE
330
17
100
AcDbEntity
  8
0
100
AcDbLine
 10
-0.7763725770948238
 20
-73.20141612097063
 30
0.0
 11
-0.6646833745228946
 21
-73.13707402570765
 31
0.0
  0
LINE
  5
8FF
330
17
100
AcDbEntity
  8
0
100
AcDbLine
 10
-0.6646833745228946
 20
-73.13707402570765
 30
0.0
 11
-0.5532215382503036
 21
-73.07252279125314
 31
0.0
  0
LINE
  5
900
330
17
100
AcDbEntity
  8
0
100
AcDbLine
 10
-0.5532215382503036
 20
-73.07252279125314
 30
0.0
 11
-0.4419873691410139
 21
-73.00776321038394
 31
0.0
  0
LINE
  5
901
330
17
100
AcDbEntity
  8
0
100
AcDbLine
 10
-0.4419873691410139
 20
-73.00776321038394
 30
0.0
 11
-0.3309811697756899
 21
-72.94279607874213
 31
0.0
  0
LINE
  5
902
330
17
100
AcDbEntity
  8
0
100
AcDbLine
 10
-0.3309811697756899
 20
-72.94279607874213
 30
0.0
 11
-0.2202032417565185
 21
-72.87762219318611
 31
0.0
  0
LINE
  5
903
330
17
100
AcDbEntity
  8
0
100
AcDbLine
 10
-0.2202032417565185
 20
-72.87762219318611
 30
0.0
 11
-0.1096538837079919
 21
-72.8122423506124
 31
0.0
  0
LINE
  5
904
330
17
100
AcDbEntity
  8
0
100
AcDbLine
 10
-0.1096538837079919
 20
-72.8122423506124
 30
0.0
 11
0.0006666087207793936
 21
-72.7466573479447
 31
0.0
  0
LINE
  5
905
330
17
100
AcDbEntity
  8
0
100
AcDbLine
 10
0.0006666087207793936
 20
-72.7466573479447
 30
0.0
 11
0.11075794285408769
 21
-72.68086798212258
 31
0.0
  0
LINE
  5
906
330
17
100
AcDbEntity
  8
0
100
AcDbLine
 10
0.11075794285408769
 20
-72.68086798212258
 30
0.0
 11
0.220619828987612
 21
-72.61487505008995
 31
0.0
  0
LINE
  5
907
330
17
100
AcDbEntity
  8
0
100
AcDbLine
 10
0.220619828987612
 20
-72.61487505008995
 30
0.0
 11
0.33025204113823925
 21
-72.54867931223586
 31
0.0
  0
LINE
  5
908
330
17
100
AcDbEntity
  8
0
100
AcDbLine
 10
0.33025204113823925
 20
-72.54867931223586
 30
0.0
 11
0.43965474087373657
 21
-72.48228130083282
 31
0.0
  0
LINE
  5
909
330
17
100
AcDbEntity
  8
0
100
AcDbLine
 10
0.43965474087373657
 20
-72.48228130083282
 30
0.0
 11
0.5488277387730154
 21
-72.41568176663498
 31
0.0
  0
LINE
  5
90A
330
17
100
AcDbEntity
  8
0
100
AcDbLine
 10
0.5488277387730154
 20
-72.41568176663498
 30
0.0
 11
0.6577707593187494
 21
-72.34888151442334
 31
0.0
  0
LINE
  5
90B
330
17
100
AcDbEntity
  8
0
100
AcDbLine
 10
0.6577707593187494
 20
-72.34888151442334
 30
0.0
 11
0.7664835300474966
 21
-72.28188134889601
 31
0.0
  0
LINE
  5
90C
330
17
100
AcDbEntity
  8
0
100
AcDbLine
 10
0.7664835300474966
 20
-72.28188134889601
 30
0.0
 11
0.874965781547365
 21
-72.21468207465648
 31
0.0
  0
LINE
  5
90D
330
17
100
AcDbEntity
  8
0
100
AcDbLine
 10
0.874965781547365
 20
-72.21468207465648
 30
0.0
 11
0.9832172474550251
 21
-72.14728449620185
 31
0.0
  0
LINE
  5
90E
330
17
100
AcDbEntity
  8
0
100
AcDbLine
 10
0.9832172474550251
 20
-72.14728449620185
 30
0.0
 11
1.0912376644532689
 21
-72.0796894179112
 31
0.0
  0
LINE
  5
90F
330
17
100
AcDbEntity
  8
0
100
AcDbLine
 10
1.0912376644532689
 20
-72.0796894179112
 30
0.0
 11
1.1990267858277672
 21
-72.01189763554879
 31
0.0
  0
LINE
  5
910
330
17
100
AcDbEntity
  8
0
100
AcDbLine
 10
1.1990267858277672
 20
-72.01189763554879
 30
0.0
 11
1.3065844186343245
 21
-71.94390991354717
 31
0.0
  0
LINE
  5
911
330
17
100
AcDbEntity
  8
0
100
AcDbLine
 10
1.3065844186343245
 20
-71.94390991354717
 30
0.0
 11
1.4139103172744871
 21
-71.87572705180413
 31
0.0
  0
LINE
  5
912
330
17
100
AcDbEntity
  8
0
100
AcDbLine
 10
1.4139103172744871
 20
-71.87572705180413
 30
0.0
 11
1.5210042309495133
 21
-71.80734985525345
 31
0.0
  0
LINE
  5
913
330
17
100
AcDbEntity
  8
0
100
AcDbLine
 10
1.5210042309495133
 20
-71.80734985525345
 30
0.0
 11
1.6278659119063459
 21
-71.73877912864785
 31
0.0
  0
LINE
  5
914
330
17
100
AcDbEntity
  8
0
100
AcDbLine
 10
1.6278659119063459
 20
-71.73877912864785
 30
0.0
 11
1.7344951154349886
 21
-71.67001567654691
 31
0.0
  0
LINE
  5
915
330
17
100
AcDbEntity
  8
0
100
AcDbLine
 10
1.7344951154349886
 20
-71.67001567654691
 30
0.0
 11
1.8408915998652073
 21
-71.60106030330559
 31
0.0
  0
LINE
  5
916
330
17
100
AcDbEntity
  8
0
100
AcDbLine
 10
1.8408915998652073
 20
-71.60106030330559
 30
0.0
 11
1.9470551265637237
 21
-71.53191381306253
 31
0.0
  0
LINE
  5
917
330
17
100
AcDbEntity
  8
0
100
AcDbLine
 10
1.9470551265637237
 20
-71.53191381306253
 30
0.0
 11
2.052985542552511
 21
-71.4625769559922
 31
0.0
  0
LINE
  5
918
330
17
100
AcDbEntity
  8
0
100
AcDbLine
 10
2.052985542552511
 20
-71.4625769559922
 30
0.0
 11
2.158682880300434
 21
-71.39305036614138
 31
0.0
  0
LINE
  5
919
330
17
100
AcDbEntity
  8
0
100
AcDbLine
 10
2.158682880300434
 20
-71.39305036614138
 30
0.0
 11
2.264146931651494
 21
-71.3233348388398
 31
0.0
  0
LINE
  5
91A
330
17
100
AcDbEntity
  8
0
100
AcDbLine
 10
2.264146931651494
 20
-71.3233348388398
 30
0.0
 11
2.369377471739261
 21
-71.25343118211279
 31
0.0
  0
LINE
  5
91B
330
17
100
AcDbEntity
  8
0
100
AcDbLine
 10
2.369377471739261
 20
-71.25343118211279
 30
0.0
 11
2.4743742787765957
 21
-71.18334020368955
 31
0.0
  0
LINE
  5
91C
330
17
100
AcDbEntity
  8
0
100
AcDbLine
 10
2.4743742787765957
 20
-71.18334020368955
 30
0.0
 11
2.579137134052381
 21
-71.11306271099137
 31
0.0
  0
LINE
  5
91D
330
17
100
AcDbEntity
  8
0
100
AcDbLine
 10
2.579137134052381
 20
-71.11306271099137
 30
0.0
 11
2.683665821928221
 21
-71.04259951111939
 31
0.0
  0
LINE
  5
91E
330
17
100
AcDbEntity
  8
0
100
AcDbLine
 10
2.683665821928221
 20
-71.04259951111939
 30
0.0
 11
2.787960129834703
 21
-70.97195141084305
 31
0.0
  0
LINE
  5
91F
330
17
100
AcDbEntity
  8
0
100
AcDbLine
 10
2.787960129834703
 20
-70.97195141084305
 30
0.0
 11
2.892019902409734
 21
-70.90111918001563
 31
0.0
  0
LINE
  5
920
330
17
100
AcDbEntity
  8
0
100
AcDbLine
 10
2.892019902409734
 20
-70.90111918001563
 30
0.0
 11
2.9958450528362963
 21
-70.83010354544186
 31
0.0
  0
LINE
  5
921
330
17
100
AcDbEntity
  8
0
100
AcDbLine
 10
2.9958450528362963
 20
-70.83010354544186
 30
0.0
 11
3.099435382815104
 21
-70.75890531228615
 31
0.0
  0
LINE
  5
922
330
17
100
AcDbEntity
  8
0
100
AcDbLine
 10
3.099435382815104
 20
-70.75890531228615
 30
0.0
 11
3.2027906928702574
 21
-70.68752528822347
 31
0.0
  0
LINE
  5
923
330
17
100
AcDbEntity
  8
0
100
AcDbLine
 10
3.2027906928702574
 20
-70.68752528822347
 30
0.0
 11
3.305910786605361
 21
-70.61596428052667
 31
0.0
  0
LINE
  5
924
330
17
100
AcDbEntity
  8
0
100
AcDbLine
 10
3.305910786605361
 20
-70.61596428052667
 30
0.0
 11
3.408795470699392
 21
-70.54422309605451
 31
0.0
  0
LINE
  5
925
330
17
100
AcDbEntity
  8
0
100
AcDbLine
 10
3.408795470699392
 20
-70.54422309605451
 30
0.0
 11
3.5114445549030098
 21
-70.4723025412398
 31
0.0
  0
LINE
  5
926
330
17
100
AcDbEntity
  8
0
100
AcDbLine
 10
3.5114445549030098
 20
-70.4723025412398
 30
0.0
 11
3.6138578520348457
 21
-70.40020342207742
 31
0.0
  0
LINE
  5
927
330
17
100
AcDbEntity
  8
0
100
AcDbLine
 10
3.6138578520348457
 20
-70.40020342207742
 30
0.0
 11
3.716035296382744
 21
-70.32792646109903
 31
0.0
  0
LINE
  5
928
330
17
100
AcDbEntity
  8
0
100
AcDbLine
 10
3.716035296382744
 20
-70.32792646109903
 30
0.0
 11
3.8179768862404355
 21
-70.25547234061739
 31
0.0
  0
LINE
  5
929
330
17
100
AcDbEntity
  8
0
100
AcDbLine
 10
3.8179768862404355
 20
-70.25547234061739
 30
0.0
 11
3.919682446874914
 21
-70.18284186794021
 31
0.0
  0
LINE
  5
92A
330
17
100
AcDbEntity
  8
0
100
AcDbLine
 10
3.919682446874914
 20
-70.18284186794021
 30
0.0
 11
4.021151804861818
 21
-70.11003585113599
 31
0.0
  0
LINE
  5
92B
330
17
100
AcDbEntity
  8
0
100
AcDbLine
 10
4.021151804861818
 20
-70.11003585113599
 30
0.0
 11
4.122384789872163
 21
-70.03705509775659
 31
0.0
  0
LINE
  5
92C
330
17
100
AcDbEntity
  8
0
100
AcDbLine
 10
4.122384789872163
 20
-70.03705509775659
 30
0.0
 11
4.223381234668215
 21
-69.96390041482499
 31
0.0
  0
LINE
  5
92D
330
17
100
AcDbEntity
  8
0
100
AcDbLine
 10
4.223381234668215
 20
-69.96390041482499
 30
0.0
 11
4.324140975098846
 21
-69.89057260882328
 31
0.0
  0
LINE
  5
92E
330
17
100
AcDbEntity
  8
0
100
AcDbLine
 10
4.324140975098846
 20
-69.89057260882328
 30
0.0
 11
4.424663850095582
 21
-69.81707248568063
 31
0.0
  0
LINE
  5
92F
330
17
100
AcDbEntity
  8
0
100
AcDbLine
 10
4.424663850095582
 20
-69.81707248568063
 30
0.0
 11
4.52494982725109
 21
-69.74340075943459
 31
0.0
  0
LINE
  5
930
330
17
100
AcDbEntity
  8
0
100
AcDbLine
 10
4.52494982725109
 20
-69.74340075943459
 30
0.0
 11
4.624998878092269
 21
-69.66955814577034
 31
0.0
  0
LINE
  5
931
330
17
100
AcDbEntity
  8
0
100
AcDbLine
 10
4.624998878092269
 20
-69.66955814577034
 30
0.0
 11
4.724810852092686
 21
-69.5955454522103
 31
0.0
  0
LINE
  5
932
330
17
100
AcDbEntity
  8
0
100
AcDbLine
 10
4.724810852092686
 20
-69.5955454522103
 30
0.0
 11
4.824385601830713
 21
-69.52136348565924
 31
0.0
  0
LINE
  5
933
330
17
100
AcDbEntity
  8
0
100
AcDbLine
 10
4.824385601830713
 20
-69.52136348565924
 30
0.0
 11
4.923722982985003
 21
-69.4470130523918
 31
0.0
  0
LINE
  5
934
330
17
100
AcDbEntity
  8
0
100
AcDbLine
 10
4.923722982985003
 20
-69.4470130523918
 30
0.0
 11
5.022822854329878
 21
-69.37249495804039
 31
0.0
  0
LINE
  5
935
330
17
100
AcDbEntity
  8
0
100
AcDbLine
 10
5.022822854329878
 20
-69.37249495804039
 30
0.0
 11
5.121685077730394
 21
-69.29781000758325
 31
0.0
  0
LINE
  5
936
330
17
100
AcDbEntity
  8
0
100
AcDbLine
 10
5.121685077730394
 20
-69.29781000758325
 30
0.0
 11
5.220309518745196
 21
-69.2229590048706
 31
0.0
  0
LINE
  5
937
330
17
100
AcDbEntity
  8
0
100
AcDbLine
 10
5.220309518745196
 20
-69.2229590048706
 30
0.0
 11
5.31869610597956
 21
-69.1479427078805
 31
0.0
  0
LINE
  5
938
330
17
100
AcDbEntity
  8
0
100
AcDbLine
 10
5.31869610597956
 20
-69.1479427078805
 30
0.0
 11
5.416844751128471
 21
-69.07276189025262
 31
0.0
  0
LINE
  5
939
330
17
100
AcDbEntity
  8
0
100
AcDbLine
 10
5.416844751128471
 20
-69.07276189025262
 30
0.0
 11
5.514755328937257
 21
-68.99741735556485
 31
0.0
  0
LINE
  5
93A
330
17
100
AcDbEntity
  8
0
100
AcDbLine
 10
5.514755328937257
 20
-68.99741735556485
 30
0.0
 11
5.612427717234171
 21
-68.92190990667336
 31
0.0
  0
LINE
  5
93B
330
17
100
AcDbEntity
  8
0
100
AcDbLine
 10
5.612427717234171
 20
-68.92190990667336
 30
0.0
 11
5.709861796924979
 21
-68.84624034570052
 31
0.0
  0
LINE
  5
93C
330
17
100
AcDbEntity
  8
0
100
AcDbLine
 10
5.709861796924979
 20
-68.84624034570052
 30
0.0
 11
5.807057451988053
 21
-68.7704094740227
 31
0.0
  0
LINE
  5
93D
330
17
100
AcDbEntity
  8
0
100
AcDbLine
 10
5.807057451988053
 20
-68.7704094740227
 30
0.0
 11
5.904014569469341
 21
-68.69441809225832
 31
0.0
  0
LINE
  5
93E
330
17
100
AcDbEntity
  8
0
100
AcDbLine
 10
5.904014569469341
 20
-68.69441809225832
 30
0.0
 11
6.00073305258322
 21
-68.61826698994054
 31
0.0
  0
LINE
  5
93F
330
17
100
AcDbEntity
  8
0
100
AcDbLine
 10
6.00073305258322
 20
-68.61826698994054
 30
0.0
 11
6.097213161471364
 21
-68.54195667970475
 31
0.0
  0
LINE
  5
940
330
17
100
AcDbEntity
  8
0
100
AcDbLine
 10
6.097213161471364
 20
-68.54195667970475
 30
0.0
 11
6.193454961513927
 21
-68.4654878354026
 31
0.0
  0
LINE
  5
941
330
17
100
AcDbEntity
  8
0
100
AcDbLine
 10
6.193454961513927
 20
-68.4654878354026
 30
0.0
 11
6.289458355199946
 21
-68.38886126169527
 31
0.0
  0
LINE
  5
942
330
17
100
AcDbEntity
  8
0
100
AcDbLine
 10
6.289458355199946
 20
-68.38886126169527
 30
0.0
 11
6.3852232481477085
 21
-68.31207776238554
 31
0.0
  0
LINE
  5
943
330
17
100
AcDbEntity
  8
0
100
AcDbLine
 10
6.3852232481477085
 20
-68.31207776238554
 30
0.0
 11
6.48074954909926
 21
-68.2351381404053
 31
0.0
  0
LINE
  5
944
330
17
100
AcDbEntity
  8
0
100
AcDbLine
 10
6.48074954909926
 20
-68.2351381404053
 30
0.0
 11
6.5760371699143985
 21
-68.15804319780322
 31
0.0
  0
LINE
  5
945
330
17
100
AcDbEntity
  8
0
100
AcDbLine
 10
6.5760371699143985
 20
-68.15804319780322
 30
0.0
 11
6.671086025565364
 21
-68.08079373573244
 31
0.0
  0
LINE
  5
946
330
17
100
AcDbEntity
  8
0
100
AcDbLine
 10
6.671086025565364
 20
-68.08079373573244
 30
0.0
 11
6.765896020605338
 21
-68.00339056546204
 31
0.0
  0
LINE
  5
947
330
17
100
AcDbEntity
  8
0
100
AcDbLine
 10
6.765896020605338
 20
-68.00339056546204
 30
0.0
 11
6.86046689540815
 21
-67.92583463234439
 31
0.0
  0
LINE
  5
948
330
17
100
AcDbEntity
  8
0
100
AcDbLine
 10
6.86046689540815
 20
-67.92583463234439
 30
0.0
 11
6.954798516458206
 21
-67.8481267776643
 31
0.0
  0
LINE
  5
949
330
17
100
AcDbEntity
  8
0
100
AcDbLine
 10
6.954798516458206
 20
-67.8481267776643
 30
0.0
 11
7.048890809556115
 21
-67.77026779557985
 31
0.0
  0
LINE
  5
94A
330
17
100
AcDbEntity
  8
0
100
AcDbLine
 10
7.048890809556115
 20
-67.77026779557985
 30
0.0
 11
7.142743703545042
 21
-67.69225847931189
 31
0.0
  0
LINE
  5
94B
330
17
100
AcDbEntity
  8
0
100
AcDbLine
 10
7.142743703545042
 20
-67.69225847931189
 30
0.0
 11
7.236357130304961
 21
-67.61409962113194
 31
0.0
  0
LINE
  5
94C
330
17
100
AcDbEntity
  8
0
100
AcDbLine
 10
7.236357130304961
 20
-67.61409962113194
 30
0.0
 11
7.3297310247464456
 21
-67.53579201235044
 31
0.0
  0
LINE
  5
94D
330
17
100
AcDbEntity
  8
0
100
AcDbLine
 10
7.3297310247464456
 20
-67.53579201235044
 30
0.0
 11
7.422865324804901
 21
-67.45733644330491
 31
0.0
  0
LINE
  5
94E
330
17
100
AcDbEntity
  8
0
100
AcDbLine
 10
7.422865324804901
 20
-67.45733644330491
 30
0.0
 11
7.515760065911612
 21
-67.37873362364058
 31
0.0
  0
LINE
  5
94F
330
17
100
AcDbEntity
  8
0
100
AcDbLine
 10
7.515760065911612
 20
-67.37873362364058
 30
0.0
 11
7.608415927948672
 21
-67.29998372714192
 31
0.0
  0
LINE
  5
950
330
17
100
AcDbEntity
  8
0
100
AcDbLine
 10
7.608415927948672
 20
-67.29998372714192
 30
0.0
 11
7.700833018969979
 21
-67.22108742258806
 31
0.0
  0
LINE
  5
951
330
17
100
AcDbEntity
  8
0
100
AcDbLine
 10
7.700833018969979
 20
-67.22108742258806
 30
0.0
 11
7.793011295420241
 21
-67.14204550919158
 31
0.0
  0
LINE
  5
952
330
17
100
AcDbEntity
  8
0
100
AcDbLine
 10
7.793011295420241
 20
-67.14204550919158
 30
0.0
 11
7.8849507168982225
 21
-67.06285878505281
 31
0.0
  0
LINE
  5
953
330
17
100
AcDbEntity
  8
0
100
AcDbLine
 10
7.8849507168982225
 20
-67.06285878505281
 30
0.0
 11
7.976651246150174
 21
-66.98352804714709
 31
0.0
  0
LINE
  5
954
330
17
100
AcDbEntity
  8
0
100
AcDbLine
 10
7.976651246150174
 20
-66.98352804714709
 30
0.0
 11
8.068112849063295
 21
-66.90405409131205
 31
0.0
  0
LINE
  5
955
330
17
100
AcDbEntity
  8
0
100
AcDbLine
 10
8.068112849063295
 20
-66.90405409131205
 30
0.0
 11
8.159335494658778
 21
-66.82443771223528
 31
0.0
  0
LINE
  5
956
330
17
100
AcDbEntity
  8
0
100
AcDbLine
 10
8.159335494658778
 20
-66.82443771223528
 30
0.0
 11
8.250319069862941
 21
-66.74467977783729
 31
0.0
  0
LINE
  5
957
330
17
100
AcDbEntity
  8
0
100
AcDbLine
 10
8.250319069862941
 20
-66.74467977783729
 30
0.0
 11
8.341063123970995
 21
-66.66478144801437
 31
0.0
  0
LINE
  5
958
330
17
100
AcDbEntity
  8
0
100
AcDbLine
 10
8.341063123970995
 20
-66.66478144801437
 30
0.0
 11
8.431567573648538
 21
-66.58474355735771
 31
0.0
  0
LINE
  5
959
330
17
100
AcDbEntity
  8
0
100
AcDbLine
 10
8.431567573648538
 20
-66.58474355735771
 30
0.0
 11
8.521832396451869
 21
-66.50456688841498
 31
0.0
  0
LINE
  5
95A
330
17
100
AcDbEntity
  8
0
100
AcDbLine
 10
8.521832396451869
 20
-66.50456688841498
 30
0.0
 11
8.611857572944631
 21
-66.42425222256975
 31
0.0
  0
LINE
  5
95B
330
17
100
AcDbEntity
  8
0
100
AcDbLine
 10
8.611857572944631
 20
-66.42425222256975
 30
0.0
 11
8.701643086690785
 21
-66.34380034002966
 31
0.0
  0
LINE
  5
95C
330
17
100
AcDbEntity
  8
0
100
AcDbLine
 10
8.701643086690785
 20
-66.34380034002966
 30
0.0
 11
8.791188924247892
 21
-66.26321201981463
 31
0.0
  0
LINE
  5
95D
330
17
100
AcDbEntity
  8
0
100
AcDbLine
 10
8.791188924247892
 20
-66.26321201981463
 30
0.0
 11
8.880495075160516
 21
-66.1824880397451
 31
0.0
  0
LINE
  5
95E
330
17
100
AcDbEntity
  8
0
100
AcDbLine
 10
8.880495075160516
 20
-66.1824880397451
 30
0.0
 11
8.969561772586205
 21
-66.10162895914955
 31
0.0
  0
LINE
  5
95F
330
17
100
AcDbEntity
  8
0
100
AcDbLine
 10
8.969561772586205
 20
-66.10162895914955
 30
0.0
 11
9.058389822829158
 21
-66.02063483122754
 31
0.0
  0
LINE
  5
960
330
17
100
AcDbEntity
  8
0
100
AcDbLine
 10
9.058389822829158
 20
-66.02063483122754
 30
0.0
 11
9.146979297397861
 21
-65.93950638548546
 31
0.0
  0
LINE
  5
961
330
17
100
AcDbEntity
  8
0
100
AcDbLine
 10
9.146979297397861
 20
-65.93950638548546
 30
0.0
 11
9.23533020581741
 21
-65.8582444093135
 31
0.0
  0
LINE
  5
962
330
17
100
AcDbEntity
  8
0
100
AcDbLine
 10
9.23533020581741
 20
-65.8582444093135
 30
0.0
 11
9.323442560747162
 21
-65.77684968874487
 31
0.0
  0
LINE
  5
963
330
17
100
AcDbEntity
  8
0
100
AcDbLine
 10
9.323442560747162
 20
-65.77684968874487
 30
0.0
 11
9.411316377972783
 21
-65.69532300844307
 31
0.0
  0
LINE
  5
964
330
17
100
AcDbEntity
  8
0
100
AcDbLine
 10
9.411316377972783
 20
-65.69532300844307
 30
0.0
 11
9.498951676398823
 21
-65.61366515168942
 31
0.0
  0
LINE
  5
965
330
17
100
AcDbEntity
  8
0
100
AcDbLine
 10
9.498951676398823
 20
-65.61366515168942
 30
0.0
 11
9.58634847804103
 21
-65.53187690037025
 31
0.0
  0
LINE
  5
966
330
17
100
AcDbEntity
  8
0
100
AcDbLine
 10
9.58634847804103
 20
-65.53187690037025
 30
0.0
 11
9.67350663030105
 21
-65.44995920089514
 31
0.0
  0
LINE
  5
967
330
17
100
AcDbEntity
  8
0
100
AcDbLine
 10
9.67350663030105
 20
-65.44995920089514
 30
0.0
 11
9.760425749180536
 21
-65.36791321091007
 31
0.0
  0
LINE
  5
968
330
17
100
AcDbEntity
  8
0
100
AcDbLine
 10
9.760425749180536
 20
-65.36791321091007
 30
0.0
 11
9.847105845126668
 21
-65.28573971551998
 31
0.0
  0
LINE
  5
969
330
17
100
AcDbEntity
  8
0
100
AcDbLine
 10
9.847105845126668
 20
-65.28573971551998
 30
0.0
 11
9.933546947904725
 21
-65.2034394830774
 31
0.0
  0
LINE
  5
96A
330
17
100
AcDbEntity
  8
0
100
AcDbLine
 10
9.933546947904725
 20
-65.2034394830774
 30
0.0
 11
10.0197490902527
 21
-65.121013280534
 31
0.0
  0
LINE
  5
96B
330
17
100
AcDbEntity
  8
0
100
AcDbLine
 10
10.0197490902527
 20
-65.121013280534
 30
0.0
 11
10.1057123078737
 21
-65.0384618734285
 31
0.0
  0
LINE
  5
96C
330
17
100
AcDbEntity
  8
0
100
AcDbLine
 10
10.1057123078737
 20
-65.0384618734285
 30
0.0
 11
10.191436639428021
 21
-64.95578602587543
 31
0.0
  0
LINE
  5
96D
330
17
100
AcDbEntity
  8
0
100
AcDbLine
 10
10.191436639428021
 20
-64.95578602587543
 30
0.0
 11
10.276922126525482
 21
-64.87298650055311
 31
0.0
  0
LINE
  5
96E
330
17
100
AcDbEntity
  8
0
100
AcDbLine
 10
10.276922126525482
 20
-64.87298650055311
 30
0.0
 11
10.36216910852623
 21
-64.79006377415348
 31
0.0
  0
LINE
  5
96F
330
17
100
AcDbEntity
  8
0
100
AcDbLine
 10
10.36216910852623
 20
-64.79006377415348
 30
0.0
 11
10.44717810286589
 21
-64.70701816211547
 31
0.0
  0
LINE
  5
970
330
17
100
AcDbEntity
  8
0
100
AcDbLine
 10
10.44717810286589
 20
-64.70701816211547
 30
0.0
 11
10.531949171789845
 21
-64.62385042706339
 31
0.0
  0
LINE
  5
971
330
17
100
AcDbEntity
  8
0
100
AcDbLine
 10
10.531949171789845
 20
-64.62385042706339
 30
0.0
 11
10.616482374773122
 21
-64.54056133571785
 31
0.0
  0
LINE
  5
972
330
17
100
AcDbEntity
  8
0
100
AcDbLine
 10
10.616482374773122
 20
-64.54056133571785
 30
0.0
 11
10.70077777432695
 21
-64.45715165323136
 31
0.0
  0
LINE
  5
973
330
17
100
AcDbEntity
  8
0
100
AcDbLine
 10
10.70077777432695
 20
-64.45715165323136
 30
0.0
 11
10.784835435990471
 21
-64.37362214317614
 31
0.0
  0
LINE
  5
974
330
17
100
AcDbEntity
  8
0
100
AcDbLine
 10
10.784835435990471
 20
-64.37362214317614
 30
0.0
 11
10.86865542832234
 21
-64.28997356753165
 31
0.0
  0
LINE
  5
975
330
17
100
AcDbEntity
  8
0
100
AcDbLine
 10
10.86865542832234
 20
-64.28997356753165
 30
0.0
 11
10.952237822892029
 21
-64.20620668667297
 31
0.0
  0
LINE
  5
976
330
17
100
AcDbEntity
  8
0
100
AcDbLine
 10
10.952237822892029
 20
-64.20620668667297
 30
0.0
 11
11.035582736447184
 21
-64.12232221729018
 31
0.0
  0
LINE
  5
977
330
17
100
AcDbEntity
  8
0
100
AcDbLine
 10
11.035582736447184
 20
-64.12232221729018
 30
0.0
 11
11.118690291542459
 21
-64.03832087284232
 31
0.0
  0
LINE
  5
978
330
17
100
AcDbEntity
  8
0
100
AcDbLine
 10
11.118690291542459
 20
-64.03832087284232
 30
0.0
 11
11.201560569450264
 21
-63.95420340993339
 31
0.0
  0
LINE
  5
979
330
17
100
AcDbEntity
  8
0
100
AcDbLine
 10
11.201560569450264
 20
-63.95420340993339
 30
0.0
 11
11.284193654425932
 21
-63.86997058351421
 31
0.0
  0
LINE
  5
97A
330
17
100
AcDbEntity
  8
0
100
AcDbLine
 10
11.284193654425932
 20
-63.86997058351421
 30
0.0
 11
11.366589633706882
 21
-63.78562314686248
 31
0.0
  0
LINE
  5
97B
330
17
100
AcDbEntity
  8
0
100
AcDbLine
 10
11.366589633706882
 20
-63.78562314686248
 30
0.0
 11
11.448748597503874
 21
-63.70116185157073
 31
0.0
  0
LINE
  5
97C
330
17
100
AcDbEntity
  8
0
100
AcDbLine
 10
11.448748597503874
 20
-63.70116185157073
 30
0.0
 11
11.530670638992346
 21
-63.61658744753442
 31
0.0
  0
LINE
  5
97D
330
17
100
AcDbEntity
  8
0
100
AcDbLine
 10
11.530670638992346
 20
-63.61658744753442
 30
0.0
 11
11.612355853635128
 21
-63.53190068363368
 31
0.0
  0
LINE
  5
97E
330
17
100
AcDbEntity
  8
0
100
AcDbLine
 10
11.612355853635128
 20
-63.53190068363368
 30
0.0
 11
11.693804255001991
 21
-63.44710239444181
 31
0.0
  0
LINE
  5
97F
330
17
100
AcDbEntity
  8
0
100
AcDbLine
 10
11.693804255001991
 20
-63.44710239444181
 30
0.0
 11
11.775015884646097
 21
-63.36219338470032
 31
0.0
  0
LINE
  5
980
330
17
100
AcDbEntity
  8
0
100
AcDbLine
 10
11.775015884646097
 20
-63.36219338470032
 30
0.0
 11
11.855990846256018
 21
-63.27717439551916
 31
0.0
  0
LINE
  5
981
330
17
100
AcDbEntity
  8
0
100
AcDbLine
 10
11.855990846256018
 20
-63.27717439551916
 30
0.0
 11
11.936729246415853
 21
-63.19204616626773
 31
0.0
  0
LINE
  5
982
330
17
100
AcDbEntity
  8
0
100
AcDbLine
 10
11.936729246415853
 20
-63.19204616626773
 30
0.0
 11
12.01723119459617
 21
-63.106809434563125
 31
0.0
  0
LINE
  5
983
330
17
100
AcDbEntity
  8
0
100
AcDbLine
 10
12.01723119459617
 20
-63.106809434563125
 30
0.0
 11
12.097496803144766
 21
-63.02146493625893
 31
0.0
  0
LINE
  5
984
330
17
100
AcDbEntity
  8
0
100
AcDbLine
 10
12.097496803144766
 20
-63.02146493625893
 30
0.0
 11
12.177526187277698
 21
-62.93601340543376
 31
0.0
  0
LINE
  5
985
330
17
100
AcDbEntity
  8
0
100
AcDbLine
 10
12.177526187277698
 20
-62.93601340543376
 30
0.0
 11
12.257319478466814
 21
-62.85045556001822
 31
0.0
  0
LINE
  5
986
330
17
100
AcDbEntity
  8
0
100
AcDbLine
 10
12.257319478466814
 20
-62.85045556001822
 30
0.0
 11
12.336877219882437
 21
-62.7647916812988
 31
0.0
  0
LINE
  5
987
330
17
100
AcDbEntity
  8
0
100
AcDbLine
 10
12.336877219882437
 20
-62.7647916812988
 30
0.0
 11
12.416199740630292
 21
-62.679022290604244
 31
0.0
  0
LINE
  5
988
330
17
100
AcDbEntity
  8
0
100
AcDbLine
 10
12.416199740630292
 20
-62.679022290604244
 30
0.0
 11
12.495287173042874
 21
-62.59314812296912
 31
0.0
  0
LINE
  5
989
330
17
100
AcDbEntity
  8
0
100
AcDbLine
 10
12.495287173042874
 20
-62.59314812296912
 30
0.0
 11
12.57413965238108
 21
-62.50716991152831
 31
0.0
  0
LINE
  5
98A
330
17
100
AcDbEntity
  8
0
100
AcDbLine
 10
12.57413965238108
 20
-62.50716991152831
 30
0.0
 11
12.652757316824554
 21
-62.421088387505016
 31
0.0
  0
LINE
  5
98B
330
17
100
AcDbEntity
  8
0
100
AcDbLine
 10
12.652757316824554
 20
-62.421088387505016
 30
0.0
 11
12.731140307462104
 21
-62.33490428019908
 31
0.0
  0
LINE
  5
98C
330
17
100
AcDbEntity
  8
0
100
AcDbLine
 10
12.731140307462104
 20
-62.33490428019908
 30
0.0
 11
12.809288768281624
 21
-62.248618316975545
 31
0.0
  0
LINE
  5
98D
330
17
100
AcDbEntity
  8
0
100
AcDbLine
 10
12.809288768281624
 20
-62.248618316975545
 30
0.0
 11
12.887202815363002
 21
-62.162231257351046
 31
0.0
  0
LINE
  5
98E
330
17
100
AcDbEntity
  8
0
100
AcDbLine
 10
12.887202815363002
 20
-62.162231257351046
 30
0.0
 11
12.964882152666442
 21
-62.07574431421644
 31
0.0
  0
LINE
  5
98F
330
17
100
AcDbEntity
  8
0
100
AcDbLine
 10
12.964882152666442
 20
-62.07574431421644
 30
0.0
 11
13.042326781956218
 21
-61.98915836282139
 31
0.0
  0
LINE
  5
990
330
17
100
AcDbEntity
  8
0
100
AcDbLine
 10
13.042326781956218
 20
-61.98915836282139
 30
0.0
 11
13.119536852855353
 21
-61.90247411472702
 31
0.0
  0
LINE
  5
991
330
17
100
AcDbEntity
  8
0
100
AcDbLine
 10
13.119536852855353
 20
-61.90247411472702
 30
0.0
 11
13.196512517732303
 21
-61.81569227957195
 31
0.0
  0
LINE
  5
992
330
17
100
AcDbEntity
  8
0
100
AcDbLine
 10
13.196512517732303
 20
-61.81569227957195
 30
0.0
 11
13.273253931691391
 21
-61.728813565061444
 31
0.0
  0
LINE
  5
993
330
17
100
AcDbEntity
  8
0
100
AcDbLine
 10
13.273253931691391
 20
-61.728813565061444
 30
0.0
 11
13.34976125256311
 21
-61.641838676956525
 31
0.0
  0
LINE
  5
994
330
17
100
AcDbEntity
  8
0
100
AcDbLine
 10
13.34976125256311
 20
-61.641838676956525
 30
0.0
 11
13.426034640894317
 21
-61.55476831906366
 31
0.0
  0
LINE
  5
995
330
17
100
AcDbEntity
  8
0
100
AcDbLine
 10
13.426034640894317
 20
-61.55476831906366
 30
0.0
 11
13.502074304697006
 21
-61.46760314205212
 31
0.0
  0
LINE
  5
996
330
17
100
AcDbEntity
  8
0
100
AcDbLine
 10
13.502074304697006
 20
-61.46760314205212
 30
0.0
 11
13.577880781016015
 21
-61.38034342553426
 31
0.0
  0
LINE
  5
997
330
17
100
AcDbEntity
  8
0
100
AcDbLine
 10
13.577880781016015
 20
-61.38034342553426
 30
0.0
 11
13.653454325199204
 21
-61.29298977948596
 31
0.0
  0
LINE
  5
998
330
17
100
AcDbEntity
  8
0
100
AcDbLine
 10
13.653454325199204
 20
-61.29298977948596
 30
0.0
 11
13.728795113458029
 21
-61.205542906114424
 31
0.0
  0
LINE
  5
999
330
17
100
AcDbEntity
  8
0
100
AcDbLine
 10
13.728795113458029
 20
-61.205542906114424
 30
0.0
 11
13.803903324754591
 21
-61.118003505561575
 31
0.0
  0
LINE
  5
99A
330
17
100
AcDbEntity
  8
0
100
AcDbLine
 10
13.803903324754591
 20
-61.118003505561575
 30
0.0
 11
13.878779140791165
 21
-61.03037227589351
 31
0.0
  0
LINE
  5
99B
330
17
100
AcDbEntity
  8
0
100
AcDbLine
 10
13.878779140791165
 20
-61.03037227589351
 30
0.0
 11
13.953422745999978
 21
-60.94264991308947
 31
0.0
  0
LINE
  5
99C
330
17
100
AcDbEntity
  8
0
100
AcDbLine
 10
13.953422745999978
 20
-60.94264991308947
 30
0.0
 11
14.027834327532998
 21
-60.85483711103118
 31
0.0
  0
LINE
  5
99D
330
17
100
AcDbEntity
  8
0
100
AcDbLine
 10
14.027834327532998
 20
-60.85483711103118
 30
0.0
 11
14.102014039002919
 21
-60.76693460428082
 31
0.0
  0
LINE
  5
99E
330
17
100
AcDbEntity
  8
0
100
AcDbLine
 10
14.102014039002919
 20
-60.76693460428082
 30
0.0
 11
14.175961881766364
 21
-60.678943305732844
 31
0.0
  0
LINE
  5
99F
330
17
100
AcDbEntity
  8
0
100
AcDbLine
 10
14.175961881766364
 20
-60.678943305732844
 30
0.0
 11
14.249678021041047
 21
-60.590863932303
 31
0.0
  0
LINE
  5
9A0
330
17
100
AcDbEntity
  8
0
100
AcDbLine
 10
14.249678021041047
 20
-60.590863932303
 30
0.0
 11
14.323162652137755
 21
-60.50269716615871
 31
0.0
  0
LINE
  5
9A1
330
17
100
AcDbEntity
  8
0
100
AcDbLine
 10
14.323162652137755
 20
-60.50269716615871
 30
0.0
 11
14.396415972991802
 21
-60.414443687347934
 31
0.0
  0
LINE
  5
9A2
330
17
100
AcDbEntity
  8
0
100
AcDbLine
 10
14.396415972991802
 20
-60.414443687347934
 30
0.0
 11
14.469438184152638
 21
-60.3261041737887
 31
0.0
  0
LINE
  5
9A3
330
17
100
AcDbEntity
  8
0
100
AcDbLine
 10
14.469438184152638
 20
-60.3261041737887
 30
0.0
 11
14.542229488773243
 21
-60.23767930125933
 31
0.0
  0
LINE
  5
9A4
330
17
100
AcDbEntity
  8
0
100
AcDbLine
 10
14.542229488773243
 20
-60.23767930125933
 30
0.0
 11
14.61479009259975
 21
-60.149169743388214
 31
0.0
  0
LINE
  5
9A5
330
17
100
AcDbEntity
  8
0
100
AcDbLine
 10
14.61479009259975
 20
-60.149169743388214
 30
0.0
 11
14.687120306425518
 21
-60.06057604677657
 31
0.0
  0
LINE
  5
9A6
330
17
100
AcDbEntity
  8
0
100
AcDbLine
 10
14.687120306425518
 20
-60.06057604677657
 30
0.0
 11
14.759220704033106
 21
-59.9718984441898
 31
0.0
  0
LINE
  5
9A7
330
17
100
AcDbEntity
  8
0
100
AcDbLine
 10
14.759220704033106
 20
-59.9718984441898
 30
0.0
 11
14.831091535356231
 21
-59.883137570687396
 31
0.0
  0
LINE
  5
9A8
330
17
100
AcDbEntity
  8
0
100
AcDbLine
 10
14.831091535356231
 20
-59.883137570687396
 30
0.0
 11
14.902733021715685
 21
-59.794294097424086
 31
0.0
  0
LINE
  5
9A9
330
17
100
AcDbEntity
  8
0
100
AcDbLine
 10
14.902733021715685
 20
-59.794294097424086
 30
0.0
 11
14.974145387056177
 21
-59.70536869329315
 31
0.0
  0
LINE
  5
9AA
330
17
100
AcDbEntity
  8
0
100
AcDbLine
 10
14.974145387056177
 20
-59.70536869329315
 30
0.0
 11
15.045328857935397
 21
-59.61636202491611
 31
0.0
  0
LINE
  5
9AB
330
17
100
AcDbEntity
  8
0
100
AcDbLine
 10
15.045328857935397
 20
-59.61636202491611
 30
0.0
 11
15.116283663512894
 21
-59.527274756632885
 31
0.0
  0
LINE
  5
9AC
330
17
100
AcDbEntity
  8
0
100
AcDbLine
 10
15.116283663512894
 20
-59.527274756632885
 30
0.0
 11
15.187010035538966
 21
-59.43810755049148
 31
0.0
  0
LINE
  5
9AD
330
17
100
AcDbEntity
  8
0
100
AcDbLine
 10
15.187010035538966
 20
-59.43810755049148
 30
0.0
 11
15.25750828984811
 21
-59.34886096370809
 31
0.0
  0
LINE
  5
9AE
330
17
100
AcDbEntity
  8
0
100
AcDbLine
 10
15.25750828984811
 20
-59.34886096370809
 30
0.0
 11
15.327778861875489
 21
-59.25953540785623
 31
0.0
  0
LINE
  5
9AF
330
17
100
AcDbEntity
  8
0
100
AcDbLine
 10
15.327778861875489
 20
-59.25953540785623
 30
0.0
 11
15.397822002940286
 21
-59.17013153065946
 31
0.0
  0
LINE
  5
9B0
330
17
100
AcDbEntity
  8
0
100
AcDbLine
 10
15.397822002940286
 20
-59.17013153065946
 30
0.0
 11
15.467637958258868
 21
-59.08064998849145
 31
0.0
  0
LINE
  5
9B1
330
17
100
AcDbEntity
  8
0
100
AcDbLine
 10
15.467637958258868
 20
-59.08064998849145
 30
0.0
 11
15.537226975631514
 21
-58.99109143534744
 31
0.0
  0
LINE
  5
9B2
330
17
100
AcDbEntity
  8
0
100
AcDbLine
 10
15.537226975631514
 20
-58.99109143534744
 30
0.0
 11
15.606589305431006
 21
-58.90145652283399
 31
0.0
  0
LINE
  5
9B3
330
17
100
AcDbEntity
  8
0
100
AcDbLine
 10
15.606589305431006
 20
-58.90145652283399
 30
0.0
 11
15.675725200591147
 21
-58.81174590015892
 31
0.0
  0
LINE
  5
9B4
330
17
100
AcDbEntity
  8
0
100
AcDbLine
 10
15.675725200591147
 20
-58.81174590015892
 30
0.0
 11
15.744634916595198
 21
-58.721960214121786
 31
0.0
  0
LINE
  5
9B5
330
17
100
AcDbEntity
  8
0
100
AcDbLine
 10
15.744634916595198
 20
-58.721960214121786
 30
0.0
 11
15.813318869444908
 21
-58.63209990397143
 31
0.0
  0
LINE
  5
9B6
330
17
100
AcDbEntity
  8
0
100
AcDbLine
 10
15.813318869444908
 20
-58.63209990397143
 30
0.0
 11
15.881777584744972
 21
-58.54216527422144
 31
0.0
  0
LINE
  5
9B7
330
17
100
AcDbEntity
  8
0
100
AcDbLine
 10
15.881777584744972
 20
-58.54216527422144
 30
0.0
 11
15.950011334397667
 21
-58.452156964529514
 31
0.0
  0
LINE
  5
9B8
330
17
100
AcDbEntity
  8
0
100
AcDbLine
 10
15.950011334397667
 20
-58.452156964529514
 30
0.0
 11
16.018020388916106
 21
-58.362075617234716
 31
0.0
  0
LINE
  5
9B9
330
17
100
AcDbEntity
  8
0
100
AcDbLine
 10
16.018020388916106
 20
-58.362075617234716
 30
0.0
 11
16.085805021377787
 21
-58.27192187216219
 31
0.0
  0
LINE
  5
9BA
330
17
100
AcDbEntity
  8
0
100
AcDbLine
 10
16.085805021377787
 20
-58.27192187216219
 30
0.0
 11
16.153365507412268
 21
-58.181696366613316
 31
0.0
  0
LINE
  5
9BB
330
17
100
AcDbEntity
  8
0
100
AcDbLine
 10
16.153365507412268
 20
-58.181696366613316
 30
0.0
 11
16.22070212518942
 21
-58.091399735356
 31
0.0
  0
LINE
  5
9BC
330
17
100
AcDbEntity
  8
0
100
AcDbLine
 10
16.22070212518942
 20
-58.091399735356
 30
0.0
 11
16.28781515540723
 21
-58.00103261061468
 31
0.0
  0
LINE
  5
9BD
330
17
100
AcDbEntity
  8
0
100
AcDbLine
 10
16.28781515540723
 20
-58.00103261061468
 30
0.0
 11
16.354705237810947
 21
-57.91059514424933
 31
0.0
  0
LINE
  5
9BE
330
17
100
AcDbEntity
  8
0
100
AcDbLine
 10
16.354705237810947
 20
-57.91059514424933
 30
0.0
 11
16.42137306089797
 21
-57.820087437485846
 31
0.0
  0
LINE
  5
9BF
330
17
100
AcDbEntity
  8
0
100
AcDbLine
 10
16.42137306089797
 20
-57.820087437485846
 30
0.0
 11
16.487818922188943
 21
-57.729510123880914
 31
0.0
  0
LINE
  5
9C0
330
17
100
AcDbEntity
  8
0
100
AcDbLine
 10
16.487818922188943
 20
-57.729510123880914
 30
0.0
 11
16.554043121533823
 21
-57.63886383468597
 31
0.0
  0
LINE
  5
9C1
330
17
100
AcDbEntity
  8
0
100
AcDbLine
 10
16.554043121533823
 20
-57.63886383468597
 30
0.0
 11
16.620045961380974
 21
-57.54814919845652
 31
0.0
  0
LINE
  5
9C2
330
17
100
AcDbEntity
  8
0
100
AcDbLine
 10
16.620045961380974
 20
-57.54814919845652
 30
0.0
 11
16.685827746764296
 21
-57.457366841042585
 31
0.0
  0
LINE
  5
9C3
330
17
100
AcDbEntity
  8
0
100
AcDbLine
 10
16.685827746764296
 20
-57.457366841042585
 30
0.0
 11
16.751388785290416
 21
-57.366517385578376
 31
0.0
  0
LINE
  5
9C4
330
17
100
AcDbEntity
  8
0
100
AcDbLine
 10
16.751388785290416
 20
-57.366517385578376
 30
0.0
 11
16.81672938780835
 21
-57.275601451521915
 31
0.0
  0
LINE
  5
9C5
330
17
100
AcDbEntity
  8
0
100
AcDbLine
 10
16.81672938780835
 20
-57.275601451521915
 30
0.0
 11
16.88184998376743
 21
-57.184619495108656
 31
0.0
  0
LINE
  5
9C6
330
17
100
AcDbEntity
  8
0
100
AcDbLine
 10
16.88184998376743
 20
-57.184619495108656
 30
0.0
 11
16.946750975654332
 21
-57.09357201491941
 31
0.0
  0
LINE
  5
9C7
330
17
100
AcDbEntity
  8
0
100
AcDbLine
 10
16.946750975654332
 20
-57.09357201491941
 30
0.0
 11
17.011432683770977
 21
-57.002459625638245
 31
0.0
  0
LINE
  5
9C8
330
17
100
AcDbEntity
  8
0
100
AcDbLine
 10
17.011432683770977
 20
-57.002459625638245
 30
0.0
 11
17.075895430963207
 21
-56.91128293915602
 31
0.0
  0
LINE
  5
9C9
330
17
100
AcDbEntity
  8
0
100
AcDbLine
 10
17.075895430963207
 20
-56.91128293915602
 30
0.0
 11
17.14013954260774
 21
-56.820042564560666
 31
0.0
  0
LINE
  5
9CA
330
17
100
AcDbEntity
  8
0
100
AcDbLine
 10
17.14013954260774
 20
-56.820042564560666
 30
0.0
 11
17.20416534659907
 21
-56.72873910812739
 31
0.0
  0
LINE
  5
9CB
330
17
100
AcDbEntity
  8
0
100
AcDbLine
 10
17.20416534659907
 20
-56.72873910812739
 30
0.0
 11
17.267973173336053
 21
-56.63737317330936
 31
0.0
  0
LINE
  5
9CC
330
17
100
AcDbEntity
  8
0
100
AcDbLine
 10
17.267973173336053
 20
-56.63737317330936
 30
0.0
 11
17.331563362482704
 21
-56.54594535099001
 31
0.0
  0
LINE
  5
9CD
330
17
100
AcDbEntity
  8
0
100
AcDbLine
 10
17.331563362482704
 20
-56.54594535099001
 30
0.0
 11
17.394936491792855
 21
-56.45445589319548
 31
0.0
  0
LINE
  5
9CE
330
17
100
AcDbEntity
  8
0
100
AcDbLine
 10
17.394936491792855
 20
-56.45445589319548
 30
0.0
 11
17.458093023640657
 21
-56.36290522599536
 31
0.0
  0
LINE
  5
9CF
330
17
100
AcDbEntity
  8
0
100
AcDbLine
 10
17.458093023640657
 20
-56.36290522599536
 30
0.0
 11
17.521033303122927
 21
-56.27129394600228
 31
0.0
  0
LINE
  5
9D0
330
17
100
AcDbEntity
  8
0
100
AcDbLine
 10
17.521033303122927
 20
-56.27129394600228
 30
0.0
 11
17.583757677840353
 21
-56.17962264690562
 31
0.0
  0
LINE
  5
9D1
330
17
100
AcDbEntity
  8
0
100
AcDbLine
 10
17.583757677840353
 20
-56.17962264690562
 30
0.0
 11
17.64626649788353
 21
-56.08789191946221
 31
0.0
  0
LINE
  5
9D2
330
17
100
AcDbEntity
  8
0
100
AcDbLine
 10
17.64626649788353
 20
-56.08789191946221
 30
0.0
 11
17.70856011581948
 21
-55.99610235148702
 31
0.0
  0
LINE
  5
9D3
330
17
100
AcDbEntity
  8
0
100
AcDbLine
 10
17.70856011581948
 20
-55.99610235148702
 30
0.0
 11
17.770638886677943
 21
-55.904254527843726
 31
0.0
  0
LINE
  5
9D4
330
17
100
AcDbEntity
  8
0
100
AcDbLine
 10
17.770638886677943
 20
-55.904254527843726
 30
0.0
 11
17.8325031931694
 21
-55.81234899300257
 31
0.0
  0
LINE
  5
9D5
330
17
100
AcDbEntity
  8
0
100
AcDbLine
 10
17.8325031931694
 20
-55.81234899300257
 30
0.0
 11
17.89415379209961
 21
-55.72038574214196
 31
0.0
  0
LINE
  5
9D6
330
17
100
AcDbEntity
  8
0
100
AcDbLine
 10
17.89415379209961
 20
-55.72038574214196
 30
0.0
 11
17.955591188263206
 21
-55.62836515636457
 31
0.0
  0
LINE
  5
9D7
330
17
100
AcDbEntity
  8
0
100
AcDbLine
 10
17.955591188263206
 20
-55.62836515636457
 30
0.0
 11
18.016815753967187
 21
-55.5362878154322
 31
0.0
  0
LINE
  5
9D8
330
17
100
AcDbEntity
  8
0
100
AcDbLine
 10
18.016815753967187
 20
-55.5362878154322
 30
0.0
 11
18.07782786401257
 21
-55.44415429602547
 31
0.0
  0
LINE
  5
9D9
330
17
100
AcDbEntity
  8
0
100
AcDbLine
 10
18.07782786401257
 20
-55.44415429602547
 30
0.0
 11
18.138627895679953
 21
-55.351965171734975
 31
0.0
  0
LINE
  5
9DA
330
17
100
AcDbEntity
  8
0
100
AcDbLine
 10
18.138627895679953
 20
-55.351965171734975
 30
0.0
 11
18.199216228715265
 21
-55.259721013051994
 31
0.0
  0
LINE
  5
9DB
330
17
100
AcDbEntity
  8
0
100
AcDbLine
 10
18.199216228715265
 20
-55.259721013051994
 30
0.0
 11
18.259593245315564
 21
-55.16742238735941
 31
0.0
  0
LINE
  5
9DC
330
17
100
AcDbEntity
  8
0
100
AcDbLine
 10
18.259593245315564
 20
-55.16742238735941
 30
0.0
 11
18.319759314601725
 21
-55.07506988267117
 31
0.0
  0
LINE
  5
9DD
330
17
100
AcDbEntity
  8
0
100
AcDbLine
 10
18.319759314601725
 20
-55.07506988267117
 30
0.0
 11
18.379714686459806
 21
-54.98266426806979
 31
0.0
  0
LINE
  5
9DE
330
17
100
AcDbEntity
  8
0
100
AcDbLine
 10
18.379714686459806
 20
-54.98266426806979
 30
0.0
 11
18.43945971605836
 21
-54.8902061482269
 31
0.0
  0
LINE
  5
9DF
330
17
100
AcDbEntity
  8
0
100
AcDbLine
 10
18.43945971605836
 20
-54.8902061482269
 30
0.0
 11
18.49899479264859
 21
-54.797696075777864
 31
0.0
  0
LINE
  5
9E0
330
17
100
AcDbEntity
  8
0
100
AcDbLine
 10
18.49899479264859
 20
-54.797696075777864
 30
0.0
 11
18.55832030782704
 21
-54.70513460023474
 31
0.0
  0
LINE
  5
9E1
330
17
100
AcDbEntity
  8
0
100
AcDbLine
 10
18.55832030782704
 20
-54.70513460023474
 30
0.0
 11
18.61743665552133
 21
-54.612522267977894
 31
0.0
  0
LINE
  5
9E2
330
17
100
AcDbEntity
  8
0
100
AcDbLine
 10
18.61743665552133
 20
-54.612522267977894
 30
0.0
 11
18.676344231975577
 21
-54.51985962224791
 31
0.0
  0
LINE
  5
9E3
330
17
100
AcDbEntity
  8
0
100
AcDbLine
 10
18.676344231975577
 20
-54.51985962224791
 30
0.0
 11
18.735043435735996
 21
-54.42714720313739
 31
0.0
  0
LINE
  5
9E4
330
17
100
AcDbEntity
  8
0
100
AcDbLine
 10
18.735043435735996
 20
-54.42714720313739
 30
0.0
 11
18.79353474323743
 21
-54.33438542815782
 31
0.0
  0
LINE
  5
9E5
330
17
100
AcDbEntity
  8
0
100
AcDbLine
 10
18.79353474323743
 20
-54.33438542815782
 30
0.0
 11
18.85181897896843
 21
-54.241574172990475
 31
0.0
  0
LINE
  5
9E6
330
17
100
AcDbEntity
  8
0
100
AcDbLine
 10
18.85181897896843
 20
-54.241574172990475
 30
0.0
 11
18.909896620259822
 21
-54.1487138734443
 31
0.0
  0
LINE
  5
9E7
330
17
100
AcDbEntity
  8
0
100
AcDbLine
 10
18.909896620259822
 20
-54.1487138734443
 30
0.0
 11
18.967768082961825
 21
-54.055805063634004
 31
0.0
  0
LINE
  5
9E8
330
17
100
AcDbEntity
  8
0
100
AcDbLine
 10
18.967768082961825
 20
-54.055805063634004
 30
0.0
 11
19.025433785256368
 21
-53.962848274396194
 31
0.0
  0
LINE
  5
9E9
330
17
100
AcDbEntity
  8
0
100
AcDbLine
 10
19.025433785256368
 20
-53.962848274396194
 30
0.0
 11
19.082894147642058
 21
-53.869844033281154
 31
0.0
  0
LINE
  5
9EA
330
17
100
AcDbEntity
  8
0
100
AcDbLine
 10
19.082894147642058
 20
-53.869844033281154
 30
0.0
 11
19.140149592919265
 21
-53.7767928645448
 31
0.0
  0
LINE
  5
9EB
330
17
100
AcDbEntity
  8
0
100
AcDbLine
 10
19.140149592919265
 20
-53.7767928645448
 30
0.0
 11
19.197200546174876
 21
-53.68369528914104
 31
0.0
  0
LINE
  5
9EC
330
17
100
AcDbEntity
  8
0
100
AcDbLine
 10
19.197200546174876
 20
-53.68369528914104
 30
0.0
 11
19.25404739882545
 21
-53.59055188329541
 31
0.0
  0
LINE
  5
9ED
330
17
100
AcDbEntity
  8
0
100
AcDbLine
 10
19.25404739882545
 20
-53.59055188329541
 30
0.0
 11
19.310690446566838
 21
-53.497363376665
 31
0.0
  0
LINE
  5
9EE
330
17
100
AcDbEntity
  8
0
100
AcDbLine
 10
19.310690446566838
 20
-53.497363376665
 30
0.0
 11
19.367130106184177
 21
-53.40413029830452
 31
0.0
  0
LINE
  5
9EF
330
17
100
AcDbEntity
  8
0
100
AcDbLine
 10
19.367130106184177
 20
-53.40413029830452
 30
0.0
 11
19.423366808975807
 21
-53.31085315373315
 31
0.0
  0
LINE
  5
9F0
330
17
100
AcDbEntity
  8
0
100
AcDbLine
 10
19.423366808975807
 20
-53.31085315373315
 30
0.0
 11
19.479400988417538
 21
-53.217532445160565
 31
0.0
  0
LINE
  5
9F1
330
17
100
AcDbEntity
  8
0
100
AcDbLine
 10
19.479400988417538
 20
-53.217532445160565
 30
0.0
 11
19.535233080147343
 21
-53.12416867147939
 31
0.0
  0
LINE
  5
9F2
330
17
100
AcDbEntity
  8
0
100
AcDbLine
 10
19.535233080147343
 20
-53.12416867147939
 30
0.0
 11
19.59086352195058
 21
-53.03076232825836
 31
0.0
  0
LINE
  5
9F3
330
17
100
AcDbEntity
  8
0
100
AcDbLine
 10
19.59086352195058
 20
-53.03076232825836
 30
0.0
 11
19.646292753744554
 21
-52.93731390773534
 31
0.0
  0
LINE
  5
9F4
330
17
100
AcDbEntity
  8
0
100
AcDbLine
 10
19.646292753744554
 20
-52.93731390773534
 30
0.0
 11
19.701521377355526
 21
-52.8438236300974
 31
0.0
  0
LINE
  5
9F5
330
17
100
AcDbEntity
  8
0
100
AcDbLine
 10
19.701521377355526
 20
-52.8438236300974
 30
0.0
 11
19.756550246011244
 21
-52.75029130427194
 31
0.0
  0
LINE
  5
9F6
330
17
100
AcDbEntity
  8
0
100
AcDbLine
 10
19.756550246011244
 20
-52.75029130427194
 30
0.0
 11
19.811379834849703
 21
-52.65671738607317
 31
0.0
  0
LINE
  5
9F7
330
17
100
AcDbEntity
  8
0
100
AcDbLine
 10
19.811379834849703
 20
-52.65671738607317
 30
0.0
 11
19.866010601510155
 21
-52.563102361203875
 31
0.0
  0
LINE
  5
9F8
330
17
100
AcDbEntity
  8
0
100
AcDbLine
 10
19.866010601510155
 20
-52.563102361203875
 30
0.0
 11
19.920443005796812
 21
-52.46944671190204
 31
0.0
  0
LINE
  5
9F9
330
17
100
AcDbEntity
  8
0
100
AcDbLine
 10
19.920443005796812
 20
-52.46944671190204
 30
0.0
 11
19.974677509662932
 21
-52.375750916934216
 31
0.0
  0
LINE
  5
9FA
330
17
100
AcDbEntity
  8
0
100
AcDbLine
 10
19.974677509662932
 20
-52.375750916934216
 30
0.0
 11
20.02871457719514
 21
-52.28201545158878
 31
0.0
  0
LINE
  5
9FB
330
17
100
AcDbEntity
  8
0
100
AcDbLine
 10
20.02871457719514
 20
-52.28201545158878
 30
0.0
 11
20.082554674597766
 21
-52.18824078766932
 31
0.0
  0
LINE
  5
9FC
330
17
100
AcDbEntity
  8
0
100
AcDbLine
 10
20.082554674597766
 20
-52.18824078766932
 30
0.0
 11
20.13619816972563
 21
-52.09442756776342
 31
0.0
  0
LINE
  5
9FD
330
17
100
AcDbEntity
  8
0
100
AcDbLine
 10
20.13619816972563
 20
-52.09442756776342
 30
0.0
 11
20.18964535547616
 21
-52.00057655823788
 31
0.0
  0
LINE
  5
9FE
330
17
100
AcDbEntity
  8
0
100
AcDbLine
 10
20.18964535547616
 20
-52.00057655823788
 30
0.0
 11
20.24289669658136
 21
-51.906688222622925
 31
0.0
  0
LINE
  5
9FF
330
17
100
AcDbEntity
  8
0
100
AcDbLine
 10
20.24289669658136
 20
-51.906688222622925
 30
0.0
 11
20.29595266291993
 21
-51.81276301548988
 31
0.0
  0
LINE
  5
A00
330
17
100
AcDbEntity
  8
0
100
AcDbLine
 10
20.29595266291993
 20
-51.81276301548988
 30
0.0
 11
20.348813726356703
 21
-51.718801387943564
 31
0.0
  0
LINE
  5
A01
330
17
100
AcDbEntity
  8
0
100
AcDbLine
 10
20.348813726356703
 20
-51.718801387943564
 30
0.0
 11
20.40148036072707
 21
-51.624803787616514
 31
0.0
  0
LINE
  5
A02
330
17
100
AcDbEntity
  8
0
100
AcDbLine
 10
20.40148036072707
 20
-51.624803787616514
 30
0.0
 11
20.4539530418213
 21
-51.53077065866373
 31
0.0
  0
LINE
  5
A03
330
17
100
AcDbEntity
  8
0
100
AcDbLine
 10
20.4539530418213
 20
-51.53077065866373
 30
0.0
 11
20.506232247368708
 21
-51.43670244175689
 31
0.0
  0
LINE
  5
A04
330
17
100
AcDbEntity
  8
0
100
AcDbLine
 10
20.506232247368708
 20
-51.43670244175689
 30
0.0
 11
20.558318606110376
 21
-51.342599307243766
 31
0.0
  0
LINE
  5
A05
330
17
100
AcDbEntity
  8
0
100
AcDbLine
 10
20.558318606110376
 20
-51.342599307243766
 30
0.0
 11
20.61021277805058
 21
-51.24846137818484
 31
0.0
  0
LINE
  5
A06
330
17
100
AcDbEntity
  8
0
100
AcDbLine
 10
20.61021277805058
 20
-51.24846137818484
 30
0.0
 11
20.661915252468646
 21
-51.15428908805104
 31
0.0
  0
LINE
  5
A07
330
17
100
AcDbEntity
  8
0
100
AcDbLine
 10
20.661915252468646
 20
-51.15428908805104
 30
0.0
 11
20.713426520309177
 21
-51.06008286724172
 31
0.0
  0
LINE
  5
A08
330
17
100
AcDbEntity
  8
0
100
AcDbLine
 10
20.713426520309177
 20
-51.06008286724172
 30
0.0
 11
20.764747074438276
 21
-50.9658431425883
 31
0.0
  0
LINE
  5
A09
330
17
100
AcDbEntity
  8
0
100
AcDbLine
 10
20.764747074438276
 20
-50.9658431425883
 30
0.0
 11
20.81587740962749
 21
-50.87157033734899
 31
0.0
  0
LINE
  5
A0A
330
17
100
AcDbEntity
  8
0
100
AcDbLine
 10
20.81587740962749
 20
-50.87157033734899
 30
0.0
 11
20.866818022537693
 21
-50.777264871204224
 31
0.0
  0
LINE
  5
A0B
330
17
100
AcDbEntity
  8
0
100
AcDbLine
 10
20.866818022537693
 20
-50.777264871204224
 30
0.0
 11
20.917569411975037
 21
-50.682927159745255
 31
0.0
  0
LINE
  5
A0C
330
17
100
AcDbEntity
  8
0
100
AcDbLine
 10
20.917569411975037
 20
-50.682927159745255
 30
0.0
 11
20.96813214412476
 21
-50.58855749402168
 31
0.0
  0
LINE
  5
A0D
330
17
100
AcDbEntity
  8
0
100
AcDbLine
 10
20.96813214412476
 20
-50.58855749402168
 30
0.0
 11
21.018506773310094
 21
-50.49415619044829
 31
0.0
  0
LINE
  5
A0E
330
17
100
AcDbEntity
  8
0
100
AcDbLine
 10
21.018506773310094
 20
-50.49415619044829
 30
0.0
 11
21.06869380566733
 21
-50.39972365568667
 31
0.0
  0
LINE
  5
A0F
330
17
100
AcDbEntity
  8
0
100
AcDbLine
 10
21.06869380566733
 20
-50.39972365568667
 30
0.0
 11
21.118693749163747
 21
-50.30526029277594
 31
0.0
  0
LINE
  5
A10
330
17
100
AcDbEntity
  8
0
100
AcDbLine
 10
21.118693749163747
 20
-50.30526029277594
 30
0.0
 11
21.168507113581107
 21
-50.21076650112849
 31
0.0
  0
LINE
  5
A11
330
17
100
AcDbEntity
  8
0
100
AcDbLine
 10
21.168507113581107
 20
-50.21076650112849
 30
0.0
 11
21.21813441049946
 21
-50.11624267652582
 31
0.0
  0
LINE
  5
A12
330
17
100
AcDbEntity
  8
0
100
AcDbLine
 10
21.21813441049946
 20
-50.11624267652582
 30
0.0
 11
21.26757615328094
 21
-50.02168921111445
 31
0.0
  0
LINE
  5
A13
330
17
100
AcDbEntity
  8
0
100
AcDbLine
 10
21.26757615328094
 20
-50.02168921111445
 30
0.0
 11
21.3168328547429
 21
-49.92710649783759
 31
0.0
  0
LINE
  5
A14
330
17
100
AcDbEntity
  8
0
100
AcDbLine
 10
21.3168328547429
 20
-49.92710649783759
 30
0.0
 11
21.365904936968583
 21
-49.832495101974686
 31
0.0
  0
LINE
  5
A15
330
17
100
AcDbEntity
  8
0
100
AcDbLine
 10
21.365904936968583
 20
-49.832495101974686
 30
0.0
 11
21.414792866966614
 21
-49.737855497733875
 31
0.0
  0
LINE
  5
A16
330
17
100
AcDbEntity
  8
0
100
AcDbLine
 10
21.414792866966614
 20
-49.737855497733875
 30
0.0
 11
21.46349716234642
 21
-49.64318806102405
 31
0.0
  0
LINE
  5
A17
330
17
100
AcDbEntity
  8
0
100
AcDbLine
 10
21.46349716234642
 20
-49.64318806102405
 30
0.0
 11
21.512018342389275
 21
-49.54849316412876
 31
0.0
  0
LINE
  5
A18
330
17
100
AcDbEntity
  8
0
100
AcDbLine
 10
21.512018342389275
 20
-49.54849316412876
 30
0.0
 11
21.56035692803217
 21
-49.453771175702876
 31
0.0
  0
LINE
  5
A19
330
17
100
AcDbEntity
  8
0
100
AcDbLine
 10
21.56035692803217
 20
-49.453771175702876
 30
0.0
 11
21.608513441851287
 21
-49.35902246076973
 31
0.0
  0
LINE
  5
A1A
330
17
100
AcDbEntity
  8
0
100
AcDbLine
 10
21.608513441851287
 20
-49.35902246076973
 30
0.0
 11
21.65648840804583
 21
-49.264247380718
 31
0.0
  0
LINE
  5
A1B
330
17
100
AcDbEntity
  8
0
100
AcDbLine
 10
21.65648840804583
 20
-49.264247380718
 30
0.0
 11
21.70428236387673
 21
-49.1694462706118
 31
0.0
  0
LINE
  5
A1C
330
17
100
AcDbEntity
  8
0
100
AcDbLine
 10
21.70428236387673
 20
-49.1694462706118
 30
0.0
 11
21.75189603335442
 21
-49.07461909894197
 31
0.0
  0
LINE
  5
A1D
330
17
100
AcDbEntity
  8
0
100
AcDbLine
 10
21.75189603335442
 20
-49.07461909894197
 30
0.0
 11
21.799330020554393
 21
-48.9797660799631
 31
0.0
  0
LINE
  5
A1E
330
17
100
AcDbEntity
  8
0
100
AcDbLine
 10
21.799330020554393
 20
-48.9797660799631
 30
0.0
 11
21.846584861372136
 21
-48.88488756360701
 31
0.0
  0
LINE
  5
A1F
330
17
100
AcDbEntity
  8
0
100
AcDbLine
 10
21.846584861372136
 20
-48.88488756360701
 30
0.0
 11
21.893661093298235
 21
-48.78998389610331
 31
0.0
  0
LINE
  5
A20
330
17
100
AcDbEntity
  8
0
100
AcDbLine
 10
21.893661093298235
 20
-48.78998389610331
 30
0.0
 11
21.940559255401816
 21
-48.695055419976924
 31
0.0
  0
LINE
  5
A21
330
17
100
AcDbEntity
  8
0
100
AcDbLine
 10
21.940559255401816
 20
-48.695055419976924
 30
0.0
 11
21.987279888313758
 21
-48.60010247404606
 31
0.0
  0
LINE
  5
A22
330
17
100
AcDbEntity
  8
0
100
AcDbLine
 10
21.987279888313758
 20
-48.60010247404606
 30
0.0
 11
22.03382353421015
 21
-48.50512539342002
 31
0.0
  0
LINE
  5
A23
330
17
100
AcDbEntity
  8
0
100
AcDbLine
 10
22.03382353421015
 20
-48.50512539342002
 30
0.0
 11
22.08019072526841
 21
-48.410124533045035
 31
0.0
  0
LINE
  5
A24
330
17
100
AcDbEntity
  8
0
100
AcDbLine
 10
22.08019072526841
 20
-48.410124533045035
 30
0.0
 11
22.126381897740032
 21
-48.31510044073574
 31
0.0
  0
LINE
  5
A25
330
17
100
AcDbEntity
  8
0
100
AcDbLine
 10
22.126381897740032
 20
-48.31510044073574
 30
0.0
 11
22.17239756905954
 21
-48.22005349312737
 31
0.0
  0
LINE
  5
A26
330
17
100
AcDbEntity
  8
0
100
AcDbLine
 10
22.17239756905954
 20
-48.22005349312737
 30
0.0
 11
22.218238284471866
 21
-48.12498400885869
 31
0.0
  0
LINE
  5
A27
330
17
100
AcDbEntity
  8
0
100
AcDbLine
 10
22.218238284471866
 20
-48.12498400885869
 30
0.0
 11
22.263904590654803
 21
-48.02989230288034
 31
0.0
  0
LINE
  5
A28
330
17
100
AcDbEntity
  8
0
100
AcDbLine
 10
22.263904590654803
 20
-48.02989230288034
 30
0.0
 11
22.309397035702638
 21
-47.93477868645341
 31
0.0
  0
LINE
  5
A29
330
17
100
AcDbEntity
  8
0
100
AcDbLine
 10
22.309397035702638
 20
-47.93477868645341
 30
0.0
 11
22.354716169109416
 21
-47.8396434671482
 31
0.0
  0
LINE
  5
A2A
330
17
100
AcDbEntity
  8
0
100
AcDbLine
 10
22.354716169109416
 20
-47.8396434671482
 30
0.0
 11
22.399862541752384
 21
-47.7444869488434
 31
0.0
  0
LINE
  5
A2B
330
17
100
AcDbEntity
  8
0
100
AcDbLine
 10
22.399862541752384
 20
-47.7444869488434
 30
0.0
 11
22.444836727599593
 21
-47.64930938595282
 31
0.0
  0
LINE
  5
A2C
330
17
100
AcDbEntity
  8
0
100
AcDbLine
 10
22.444836727599593
 20
-47.64930938595282
 30
0.0
 11
22.489639408405793
 21
-47.55411080844138
 31
0.0
  0
LINE
  5
A2D
330
17
100
AcDbEntity
  8
0
100
AcDbLine
 10
22.489639408405793
 20
-47.55411080844138
 30
0.0
 11
22.534271163032635
 21
-47.45889146757463
 31
0.0
  0
LINE
  5
A2E
330
17
100
AcDbEntity
  8
0
100
AcDbLine
 10
22.534271163032635
 20
-47.45889146757463
 30
0.0
 11
22.578732551266917
 21
-47.36365165429791
 31
0.0
  0
LINE
  5
A2F
330
17
100
AcDbEntity
  8
0
100
AcDbLine
 10
22.578732551266917
 20
-47.36365165429791
 30
0.0
 11
22.623024134228643
 21
-47.268391655826626
 31
0.0
  0
LINE
  5
A30
330
17
100
AcDbEntity
  8
0
100
AcDbLine
 10
22.623024134228643
 20
-47.268391655826626
 30
0.0
 11
22.66714647435432
 21
-47.17311175564645
 31
0.0
  0
LINE
  5
A31
330
17
100
AcDbEntity
  8
0
100
AcDbLine
 10
22.66714647435432
 20
-47.17311175564645
 30
0.0
 11
22.711100135379958
 21
-47.0778122335128
 31
0.0
  0
LINE
  5
A32
330
17
100
AcDbEntity
  8
0
100
AcDbLine
 10
22.711100135379958
 20
-47.0778122335128
 30
0.0
 11
22.754885682324456
 21
-46.98249336545086
 31
0.0
  0
LINE
  5
A33
330
17
100
AcDbEntity
  8
0
100
AcDbLine
 10
22.754885682324456
 20
-46.98249336545086
 30
0.0
 11
22.798503637869786
 21
-46.88715551849754
 31
0.0
  0
LINE
  5
A34
330
17
100
AcDbEntity
  8
0
100
AcDbLine
 10
22.798503637869786
 20
-46.88715551849754
 30
0.0
 11
22.841954398399004
 21
-46.79179932733944
 31
0.0
  0
LINE
  5
A35
330
17
100
AcDbEntity
  8
0
100
AcDbLine
 10
22.841954398399004
 20
-46.79179932733944
 30
0.0
 11
22.885238510967085
 21
-46.69642509105026
 31
0.0
  0
LINE
  5
A36
330
17
100
AcDbEntity
  8
0
100
AcDbLine
 10
22.885238510967085
 20
-46.69642509105026
 30
0.0
 11
22.92835654055952
 21
-46.60103306827999
 31
0.0
  0
LINE
  5
A37
330
17
100
AcDbEntity
  8
0
100
AcDbLine
 10
22.92835654055952
 20
-46.60103306827999
 30
0.0
 11
22.97130905331469
 21
-46.505623513998145
 31
0.0
  0
LINE
  5
A38
330
17
100
AcDbEntity
  8
0
100
AcDbLine
 10
22.97130905331469
 20
-46.505623513998145
 30
0.0
 11
23.014096616507103
 21
-46.41019667949497
 31
0.0
  0
LINE
  5
A39
330
17
100
AcDbEntity
  8
0
100
AcDbLine
 10
23.014096616507103
 20
-46.41019667949497
 30
0.0
 11
23.056719798530708
 21
-46.31475281238223
 31
0.0
  0
LINE
  5
A3A
330
17
100
AcDbEntity
  8
0
100
AcDbLine
 10
23.056719798530708
 20
-46.31475281238223
 30
0.0
 11
23.099179168882294
 21
-46.21929215659417
 31
0.0
  0
LINE
  5
A3B
330
17
100
AcDbEntity
  8
0
100
AcDbLine
 10
23.099179168882294
 20
-46.21929215659417
 30
0.0
 11
23.141475365639067
 21
-46.12381480116544
 31
0.0
  0
LINE
  5
A3C
330
17
100
AcDbEntity
  8
0
100
AcDbLine
 10
23.141475365639067
 20
-46.12381480116544
 30
0.0
 11
23.183609142270633
 21
-46.02832058304118
 31
0.0
  0
LINE
  5
A3D
330
17
100
AcDbEntity
  8
0
100
AcDbLine
 10
23.183609142270633
 20
-46.02832058304118
 30
0.0
 11
23.22558108675983
 21
-45.932809716311006
 31
0.0
  0
LINE
  5
A3E
330
17
100
AcDbEntity
  8
0
100
AcDbLine
 10
23.22558108675983
 20
-45.932809716311006
 30
0.0
 11
23.267391778636444
 21
-45.83728243290763
 31
0.0
  0
LINE
  5
A3F
330
17
100
AcDbEntity
  8
0
100
AcDbLine
 10
23.267391778636444
 20
-45.83728243290763
 30
0.0
 11
23.309041798500466
 21
-45.741738961039204
 31
0.0
  0
LINE
  5
A40
330
17
100
AcDbEntity
  8
0
100
AcDbLine
 10
23.309041798500466
 20
-45.741738961039204
 30
0.0
 11
23.350531728005052
 21
-45.64617952519103
 31
0.0
  0
LINE
  5
A41
330
17
100
AcDbEntity
  8
0
100
AcDbLine
 10
23.350531728005052
 20
-45.64617952519103
 30
0.0
 11
23.39186214983941
 21
-45.5506043461277
 31
0.0
  0
LINE
  5
A42
330
17
100
AcDbEntity
  8
0
100
AcDbLine
 10
23.39186214983941
 20
-45.5506043461277
 30
0.0
 11
23.43303364771193
 21
-45.45501364089524
 31
0.0
  0
LINE
  5
A43
330
17
100
AcDbEntity
  8
0
100
AcDbLine
 10
23.43303364771193
 20
-45.45501364089524
 30
0.0
 11
23.474046711125
 21
-45.359407842755644
 31
0.0
  0
LINE
  5
A44
330
17
100
AcDbEntity
  8
0
100
AcDbLine
 10
23.474046711125
 20
-45.359407842755644
 30
0.0
 11
23.514901748420108
 21
-45.26378756119233
 31
0.0
  0
LINE
  5
A45
330
17
100
AcDbEntity
  8
0
100
AcDbLine
 10
23.514901748420108
 20
-45.26378756119233
 30
0.0
 11
23.555599336257764
 21
-45.16815300775727
 31
0.0
  0
LINE
  5
A46
330
17
100
AcDbEntity
  8
0
100
AcDbLine
 10
23.555599336257764
 20
-45.16815300775727
 30
0.0
 11
23.596140055850718
 21
-45.07250438182816
 31
0.0
  0
LINE
  5
A47
330
17
100
AcDbEntity
  8
0
100
AcDbLine
 10
23.596140055850718
 20
-45.07250438182816
 30
0.0
 11
23.636524489291062
 21
-44.976841879136074
 31
0.0
  0
LINE
  5
A48
330
17
100
AcDbEntity
  8
0
100
AcDbLine
 10
23.636524489291062
 20
-44.976841879136074
 30
0.0
 11
23.676753219533452
 21
-44.881165691768274
 31
0.0
  0
LINE
  5
A49
330
17
100
AcDbEntity
  8
0
100
AcDbLine
 10
23.676753219533452
 20
-44.881165691768274
 30
0.0
 11
23.716826830378317
 21
-44.785476008171244
 31
0.0
  0
LINE
  5
A4A
330
17
100
AcDbEntity
  8
0
100
AcDbLine
 10
23.716826830378317
 20
-44.785476008171244
 30
0.0
 11
23.756745906454938
 21
-44.68977301315405
 31
0.0
  0
LINE
  5
A4B
330
17
100
AcDbEntity
  8
0
100
AcDbLine
 10
23.756745906454938
 20
-44.68977301315405
 30
0.0
 11
23.796511049967172
 21
-44.594056847975466
 31
0.0
  0
LINE
  5
A4C
330
17
100
AcDbEntity
  8
0
100
AcDbLine
 10
23.796511049967172
 20
-44.594056847975466
 30
0.0
 11
23.83612286842581
 21
-44.49832764112243
 31
0.0
  0
LINE
  5
A4D
330
17
100
AcDbEntity
  8
0
100
AcDbLine
 10
23.83612286842581
 20
-44.49832764112243
 30
0.0
 11
23.875581949808627
 21
-44.402585566766916
 31
0.0
  0
LINE
  5
A4E
330
17
100
AcDbEntity
  8
0
100
AcDbLine
 10
23.875581949808627
 20
-44.402585566766916
 30
0.0
 11
23.91488888280685
 21
-44.30683079558372
 31
0.0
  0
LINE
  5
A4F
330
17
100
AcDbEntity
  8
0
100
AcDbLine
 10
23.91488888280685
 20
-44.30683079558372
 30
0.0
 11
23.95404425686401
 21
-44.211063494620156
 31
0.0
  0
LINE
  5
A50
330
17
100
AcDbEntity
  8
0
100
AcDbLine
 10
23.95404425686401
 20
-44.211063494620156
 30
0.0
 11
23.99304866215917
 21
-44.1152838273001
 31
0.0
  0
LINE
  5
A51
330
17
100
AcDbEntity
  8
0
100
AcDbLine
 10
23.99304866215917
 20
-44.1152838273001
 30
0.0
 11
24.031902689590012
 21
-44.019491953427945
 31
0.0
  0
LINE
  5
A52
330
17
100
AcDbEntity
  8
0
100
AcDbLine
 10
24.031902689590012
 20
-44.019491953427945
 30
0.0
 11
24.070606930436384
 21
-43.92368802998523
 31
0.0
  0
LINE
  5
A53
330
17
100
AcDbEntity
  8
0
100
AcDbLine
 10
24.070606930436384
 20
-43.92368802998523
 30
0.0
 11
24.109161858535593
 21
-43.82787250024033
 31
0.0
  0
LINE
  5
A54
330
17
100
AcDbEntity
  8
0
100
AcDbLine
 10
24.109161858535593
 20
-43.82787250024033
 30
0.0
 11
24.147567967201347
 21
-43.732045746939114
 31
0.0
  0
LINE
  5
A55
330
17
100
AcDbEntity
  8
0
100
AcDbLine
 10
24.147567967201347
 20
-43.732045746939114
 30
0.0
 11
24.185825844654772
 21
-43.636207913269985
 31
0.0
  0
LINE
  5
A56
330
17
100
AcDbEntity
  8
0
100
AcDbLine
 10
24.185825844654772
 20
-43.636207913269985
 30
0.0
 11
24.223936079707627
 21
-43.540359138872795
 31
0.0
  0
LINE
  5
A57
330
17
100
AcDbEntity
  8
0
100
AcDbLine
 10
24.223936079707627
 20
-43.540359138872795
 30
0.0
 11
24.26189926174591
 21
-43.44449955984383
 31
0.0
  0
LINE
  5
A58
330
17
100
AcDbEntity
  8
0
100
AcDbLine
 10
24.26189926174591
 20
-43.44449955984383
 30
0.0
 11
24.299715980712868
 21
-43.34862930874094
 31
0.0
  0
LINE
  5
A59
330
17
100
AcDbEntity
  8
0
100
AcDbLine
 10
24.299715980712868
 20
-43.34862930874094
 30
0.0
 11
24.337386827092473
 21
-43.25274851458876
 31
0.0
  0
LINE
  5
A5A
330
17
100
AcDbEntity
  8
0
100
AcDbLine
 10
24.337386827092473
 20
-43.25274851458876
 30
0.0
 11
24.37491238966261
 21
-43.156857308580854
 31
0.0
  0
LINE
  5
A5B
330
17
100
AcDbEntity
  8
0
100
AcDbLine
 10
24.37491238966261
 20
-43.156857308580854
 30
0.0
 11
24.41229315376863
 21
-43.060956081048545
 31
0.0
  0
LINE
  5
A5C
330
17
100
AcDbEntity
  8
0
100
AcDbLine
 10
24.41229315376863
 20
-43.060956081048545
 30
0.0
 11
24.449529649990467
 21
-42.965045096161035
 31
0.0
  0
LINE
  5
A5D
330
17
100
AcDbEntity
  8
0
100
AcDbLine
 10
24.449529649990467
 20
-42.965045096161035
 30
0.0
 11
24.486622466477698
 21
-42.86912446720271
 31
0.0
  0
LINE
  5
A5E
330
17
100
AcDbEntity
  8
0
100
AcDbLine
 10
24.486622466477698
 20
-42.86912446720271
 30
0.0
 11
24.52357219180334
 21
-42.77319430399041
 31
0.0
  0
LINE
  5
A5F
330
17
100
AcDbEntity
  8
0
100
AcDbLine
 10
24.52357219180334
 20
-42.77319430399041
 30
0.0
 11
24.56037941494739
 21
-42.67725471287932
 31
0.0
  0
LINE
  5
A60
330
17
100
AcDbEntity
  8
0
100
AcDbLine
 10
24.56037941494739
 20
-42.67725471287932
 30
0.0
 11
24.597044725280384
 21
-42.581305796768916
 31
0.0
  0
LINE
  5
A61
330
17
100
AcDbEntity
  8
0
100
AcDbLine
 10
24.597044725280384
 20
-42.581305796768916
 30
0.0
 11
24.633568712546584
 21
-42.48534765510938
 31
0.0
  0
LINE
  5
A62
330
17
100
AcDbEntity
  8
0
100
AcDbLine
 10
24.633568712546584
 20
-42.48534765510938
 30
0.0
 11
24.669951964773475
 21
-42.38938038936796
 31
0.0
  0
LINE
  5
A63
330
17
100
AcDbEntity
  8
0
100
AcDbLine
 10
24.669951964773475
 20
-42.38938038936796
 30
0.0
 11
24.706195033376837
 21
-42.29340419364501
 31
0.0
  0
LINE
  5
A64
330
17
100
AcDbEntity
  8
0
100
AcDbLine
 10
24.706195033376837
 20
-42.29340419364501
 30
0.0
 11
24.742298493195953
 21
-42.19741919491635
 31
0.0
  0
LINE
  5
A65
330
17
100
AcDbEntity
  8
0
100
AcDbLine
 10
24.742298493195953
 20
-42.19741919491635
 30
0.0
 11
24.77826293380115
 21
-42.1014254783527
 31
0.0
  0
LINE
  5
A66
330
17
100
AcDbEntity
  8
0
100
AcDbLine
 10
24.77826293380115
 20
-42.1014254783527
 30
0.0
 11
24.814088945042506
 21
-42.00542312572078
 31
0.0
  0
LINE
  5
A67
330
17
100
AcDbEntity
  8
0
100
AcDbLine
 10
24.814088945042506
 20
-42.00542312572078
 30
0.0
 11
24.849777117033156
 21
-41.90941221539044
 31
0.0
  0
LINE
  5
A68
330
17
100
AcDbEntity
  8
0
100
AcDbLine
 10
24.849777117033156
 20
-41.90941221539044
 30
0.0
 11
24.885328040132862
 21
-41.81339282234133
 31
0.0
  0
LINE
  5
A69
330
17
100
AcDbEntity
  8
0
100
AcDbLine
 10
24.885328040132862
 20
-41.81339282234133
 30
0.0
 11
24.920742304931395
 21
-41.71736501817037
 31
0.0
  0
LINE
  5
A6A
330
17
100
AcDbEntity
  8
0
100
AcDbLine
 10
24.920742304931395
 20
-41.71736501817037
 30
0.0
 11
24.95602047032626
 21
-41.621328957643634
 31
0.0
  0
LINE
  5
A6B
330
17
100
AcDbEntity
  8
0
100
AcDbLine
 10
24.95602047032626
 20
-41.621328957643634
 30
0.0
 11
24.99116280403163
 21
-41.52528557066678
 31
0.0
  0
LINE
  5
A6C
330
17
100
AcDbEntity
  8
0
100
AcDbLine
 10
24.99116280403163
 20
-41.52528557066678
 30
0.0
 11
25.0261698034373
 21
-41.429235138241005
 31
0.0
  0
LINE
  5
A6D
330
17
100
AcDbEntity
  8
0
100
AcDbLine
 10
25.0261698034373
 20
-41.429235138241005
 30
0.0
 11
25.06104204765436
 21
-41.33317771429938
 31
0.0
  0
LINE
  5
A6E
330
17
100
AcDbEntity
  8
0
100
AcDbLine
 10
25.06104204765436
 20
-41.33317771429938
 30
0.0
 11
25.0957801158535
 21
-41.237113349530304
 31
0.0
  0
LINE
  5
A6F
330
17
100
AcDbEntity
  8
0
100
AcDbLine
 10
25.0957801158535
 20
-41.237113349530304
 30
0.0
 11
25.13038458724897
 21
-41.14104209138545
 31
0.0
  0
LINE
  5
A70
330
17
100
AcDbEntity
  8
0
100
AcDbLine
 10
25.13038458724897
 20
-41.14104209138545
 30
0.0
 11
25.164856041082466
 21
-41.0449639840874
 31
0.0
  0
LINE
  5
A71
330
17
100
AcDbEntity
  8
0
100
AcDbLine
 10
25.164856041082466
 20
-41.0449639840874
 30
0.0
 11
25.199195056607124
 21
-40.948879068637396
 31
0.0
  0
LINE
  5
A72
330
17
100
AcDbEntity
  8
0
100
AcDbLine
 10
25.199195056607124
 20
-40.948879068637396
 30
0.0
 11
25.233402188246018
 21
-40.85278745219131
 31
0.0
  0
LINE
  5
A73
330
17
100
AcDbEntity
  8
0
100
AcDbLine
 10
25.233402188246018
 20
-40.85278745219131
 30
0.0
 11
25.26747785992471
 21
-40.75668959640494
 31
0.0
  0
LINE
  5
A74
330
17
100
AcDbEntity
  8
0
100
AcDbLine
 10
25.26747785992471
 20
-40.75668959640494
 30
0.0
 11
25.301422618938737
 21
-40.660585604035404
 31
0.0
  0
LINE
  5
A75
330
17
100
AcDbEntity
  8
0
100
AcDbLine
 10
25.301422618938737
 20
-40.660585604035404
 30
0.0
 11
25.335237038461457
 21
-40.56447550133683
 31
0.0
  0
LINE
  5
A76
330
17
100
AcDbEntity
  8
0
100
AcDbLine
 10
25.335237038461457
 20
-40.56447550133683
 30
0.0
 11
25.36892169155646
 21
-40.46835931143094
 31
0.0
  0
LINE
  5
A77
330
17
100
AcDbEntity
  8
0
100
AcDbLine
 10
25.36892169155646
 20
-40.46835931143094
 30
0.0
 11
25.402477151161555
 21
-40.37223705431519
 31
0.0
  0
LINE
  5
A78
330
17
100
AcDbEntity
  8
0
100
AcDbLine
 10
25.402477151161555
 20
-40.37223705431519
 30
0.0
 11
25.435903990073093
 21
-40.27610874687164
 31
0.0
  0
LINE
  5
A79
330
17
100
AcDbEntity
  8
0
100
AcDbLine
 10
25.435903990073093
 20
-40.27610874687164
 30
0.0
 11
25.469202780929947
 21
-40.179974402875246
 31
0.0
  0
LINE
  5
A7A
330
17
100
AcDbEntity
  8
0
100
AcDbLine
 10
25.469202780929947
 20
-40.179974402875246
 30
0.0
 11
25.50237401394981
 21
-40.08383426969503
 31
0.0
  0
LINE
  5
A7B
330
17
100
AcDbEntity
  8
0
100
AcDbLine
 10
25.50237401394981
 20
-40.08383426969503
 30
0.0
 11
25.535417920793343
 21
-39.987689316554814
 31
0.0
  0
LINE
  5
A7C
330
17
100
AcDbEntity
  8
0
100
AcDbLine
 10
25.535417920793343
 20
-39.987689316554814
 30
0.0
 11
25.56833502455322
 21
-39.89153964655912
 31
0.0
  0
LINE
  5
A7D
330
17
100
AcDbEntity
  8
0
100
AcDbLine
 10
25.56833502455322
 20
-39.89153964655912
 30
0.0
 11
25.601125883384583
 21
-39.79538525691105
 31
0.0
  0
LINE
  5
A7E
330
17
100
AcDbEntity
  8
0
100
AcDbLine
 10
25.601125883384583
 20
-39.79538525691105
 30
0.0
 11
25.633791055116404
 21
-39.699226141857864
 31
0.0
  0
LINE
  5
A7F
330
17
100
AcDbEntity
  8
0
100
AcDbLine
 10
25.633791055116404
 20
-39.699226141857864
 30
0.0
 11
25.666331097236345
 21
-39.60306229269952
 31
0.0
  0
LINE
  5
A80
330
17
100
AcDbEntity
  8
0
100
AcDbLine
 10
25.666331097236345
 20
-39.60306229269952
 30
0.0
 11
25.698746566875386
 21
-39.50689369779789
 31
0.0
  0
LINE
  5
A81
330
17
100
AcDbEntity
  8
0
100
AcDbLine
 10
25.698746566875386
 20
-39.50689369779789
 30
0.0
 11
25.73103802079261
 21
-39.41072034258571
 31
0.0
  0
LINE
  5
A82
330
17
100
AcDbEntity
  8
0
100
AcDbLine
 10
25.73103802079261
 20
-39.41072034258571
 30
0.0
 11
25.76320602588003
 21
-39.31454217840236
 31
0.0
  0
LINE
  5
A83
330
17
100
AcDbEntity
  8
0
100
AcDbLine
 10
25.76320602588003
 20
-39.31454217840236
 30
0.0
 11
25.795251167964558
 21
-39.21835909842948
 31
0.0
  0
LINE
  5
A84
330
17
100
AcDbEntity
  8
0
100
AcDbLine
 10
25.795251167964558
 20
-39.21835909842948
 30
0.0
 11
25.827174005585277
 21
-39.12217107466801
 31
0.0
  0
LINE
  5
A85
330
17
100
AcDbEntity
  8
0
100
AcDbLine
 10
25.827174005585277
 20
-39.12217107466801
 30
0.0
 11
25.858975095158407
 21
-39.02597808130622
 31
0.0
  0
LINE
  5
A86
330
17
100
AcDbEntity
  8
0
100
AcDbLine
 10
25.858975095158407
 20
-39.02597808130622
 30
0.0
 11
25.890654992659734
 21
-38.929780089639664
 31
0.0
  0
LINE
  5
A87
330
17
100
AcDbEntity
  8
0
100
AcDbLine
 10
25.890654992659734
 20
-38.929780089639664
 30
0.0
 11
25.922214253609425
 21
-38.83357706808059
 31
0.0
  0
LINE
  5
A88
330
17
100
AcDbEntity
  8
0
100
AcDbLine
 10
25.922214253609425
 20
-38.83357706808059
 30
0.0
 11
25.953653433056566
 21
-38.73736898216731
 31
0.0
  0
LINE
  5
A89
330
17
100
AcDbEntity
  8
0
100
AcDbLine
 10
25.953653433056566
 20
-38.73736898216731
 30
0.0
 11
25.984973085563766
 21
-38.641155794574075
 31
0.0
  0
LINE
  5
A8A
330
17
100
AcDbEntity
  8
0
100
AcDbLine
 10
25.984973085563766
 20
-38.641155794574075
 30
0.0
 11
26.01617362191049
 21
-38.54493790219323
 31
0.0
  0
LINE
  5
A8B
330
17
100
AcDbEntity
  8
0
100
AcDbLine
 10
26.01617362191049
 20
-38.54493790219323
 30
0.0
 11
26.04725531393516
 21
-38.44871609617574
 31
0.0
  0
LINE
  5
A8C
330
17
100
AcDbEntity
  8
0
100
AcDbLine
 10
26.04725531393516
 20
-38.44871609617574
 30
0.0
 11
26.07821869434553
 21
-38.35249034727184
 31
0.0
  0
LINE
  5
A8D
330
17
100
AcDbEntity
  8
0
100
AcDbLine
 10
26.07821869434553
 20
-38.35249034727184
 30
0.0
 11
26.109064301873254
 21
-38.25626060296826
 31
0.0
  0
LINE
  5
A8E
330
17
100
AcDbEntity
  8
0
100
AcDbLine
 10
26.109064301873254
 20
-38.25626060296826
 30
0.0
 11
26.139792674604607
 21
-38.1600268080374
 31
0.0
  0
LINE
  5
A8F
330
17
100
AcDbEntity
  8
0
100
AcDbLine
 10
26.139792674604607
 20
-38.1600268080374
 30
0.0
 11
26.1704043499655
 21
-38.06378890454709
 31
0.0
  0
LINE
  5
A90
330
17
100
AcDbEntity
  8
0
100
AcDbLine
 10
26.1704043499655
 20
-38.06378890454709
 30
0.0
 11
26.200899864706898
 21
-37.967546831870365
 31
0.0
  0
LINE
  5
A91
330
17
100
AcDbEntity
  8
0
100
AcDbLine
 10
26.200899864706898
 20
-37.967546831870365
 30
0.0
 11
26.23127975488992
 21
-37.87130052669512
 31
0.0
  0
LINE
  5
A92
330
17
100
AcDbEntity
  8
0
100
AcDbLine
 10
26.23127975488992
 20
-37.87130052669512
 30
0.0
 11
26.261544639211593
 21
-37.77504966138372
 31
0.0
  0
LINE
  5
A93
330
17
100
AcDbEntity
  8
0
100
AcDbLine
 10
26.261544639211593
 20
-37.77504966138372
 30
0.0
 11
26.29169516456885
 21
-37.6787938283724
 31
0.0
  0
LINE
  5
A94
330
17
100
AcDbEntity
  8
0
100
AcDbLine
 10
26.29169516456885
 20
-37.6787938283724
 30
0.0
 11
26.321731871700507
 21
-37.582532956688965
 31
0.0
  0
LINE
  5
A95
330
17
100
AcDbEntity
  8
0
100
AcDbLine
 10
26.321731871700507
 20
-37.582532956688965
 30
0.0
 11
26.351655300187687
 21
-37.48626697408609
 31
0.0
  0
LINE
  5
A96
330
17
100
AcDbEntity
  8
0
100
AcDbLine
 10
26.351655300187687
 20
-37.48626697408609
 30
0.0
 11
26.38146598888443
 21
-37.389995805635174
 31
0.0
  0
LINE
  5
A97
330
17
100
AcDbEntity
  8
0
100
AcDbLine
 10
26.38146598888443
 20
-37.389995805635174
 30
0.0
 11
26.411164475902396
 21
-37.29371937373674
 31
0.0
  0
LINE
  5
A98
330
17
100
AcDbEntity
  8
0
100
AcDbLine
 10
26.411164475902396
 20
-37.29371937373674
 30
0.0
 11
26.440751298595856
 21
-37.19743759813066
 31
0.0
  0
LINE
  5
A99
330
17
100
AcDbEntity
  8
0
100
AcDbLine
 10
26.440751298595856
 20
-37.19743759813066
 30
0.0
 11
26.47022699337129
 21
-37.101150396479284
 31
0.0
  0
LINE
  5
A9A
330
17
100
AcDbEntity
  8
0
100
AcDbLine
 10
26.47022699337129
 20
-37.101150396479284
 30
0.0
 11
26.49959198281838
 21
-37.004858048904794
 31
0.0
  0
LINE
  5
A9B
330
17
100
AcDbEntity
  8
0
100
AcDbLine
 10
26.49959198281838
 20
-37.004858048904794
 30
0.0
 11
26.528846700462843
 21
-36.90856077756412
 31
0.0
  0
LINE
  5
A9C
330
17
100
AcDbEntity
  8
0
100
AcDbLine
 10
26.528846700462843
 20
-36.90856077756412
 30
0.0
 11
26.557991673259856
 21
-36.81225848977117
 31
0.0
  0
LINE
  5
A9D
330
17
100
AcDbEntity
  8
0
100
AcDbLine
 10
26.557991673259856
 20
-36.81225848977117
 30
0.0
 11
26.587027427290977
 21
-36.715951090281344
 31
0.0
  0
LINE
  5
A9E
330
17
100
AcDbEntity
  8
0
100
AcDbLine
 10
26.587027427290977
 20
-36.715951090281344
 30
0.0
 11
26.615954487749384
 21
-36.61963848130175
 31
0.0
  0
LINE
  5
A9F
330
17
100
AcDbEntity
  8
0
100
AcDbLine
 10
26.615954487749384
 20
-36.61963848130175
 30
0.0
 11
26.644773378925066
 21
-36.523320562501446
 31
0.0
  0
LINE
  5
AA0
330
17
100
AcDbEntity
  8
0
100
AcDbLine
 10
26.644773378925066
 20
-36.523320562501446
 30
0.0
 11
26.673484624189847
 21
-36.42699723102203
 31
0.0
  0
LINE
  5
AA1
330
17
100
AcDbEntity
  8
0
100
AcDbLine
 10
26.673484624189847
 20
-36.42699723102203
 30
0.0
 11
26.702088745802726
 21
-36.33066838209341
 31
0.0
  0
LINE
  5
AA2
330
17
100
AcDbEntity
  8
0
100
AcDbLine
 10
26.702088745802726
 20
-36.33066838209341
 30
0.0
 11
26.730586255178416
 21
-36.23433394129314
 31
0.0
  0
LINE
  5
AA3
330
17
100
AcDbEntity
  8
0
100
AcDbLine
 10
26.730586255178416
 20
-36.23433394129314
 30
0.0
 11
26.758977666630912
 21
-36.137993817350235
 31
0.0
  0
LINE
  5
AA4
330
17
100
AcDbEntity
  8
0
100
AcDbLine
 10
26.758977666630912
 20
-36.137993817350235
 30
0.0
 11
26.787263499140977
 21
-36.041647897257846
 31
0.0
  0
LINE
  5
AA5
330
17
100
AcDbEntity
  8
0
100
AcDbLine
 10
26.787263499140977
 20
-36.041647897257846
 30
0.0
 11
26.81544427069388
 21
-35.945296065537484
 31
0.0
  0
LINE
  5
AA6
330
17
100
AcDbEntity
  8
0
100
AcDbLine
 10
26.81544427069388
 20
-35.945296065537484
 30
0.0
 11
26.84352049826441
 21
-35.848938204249734
 31
0.0
  0
LINE
  5
AA7
330
17
100
AcDbEntity
  8
0
100
AcDbLine
 10
26.84352049826441
 20
-35.848938204249734
 30
0.0
 11
26.871492697802047
 21
-35.75257419300464
 31
0.0
  0
LINE
  5
AA8
330
17
100
AcDbEntity
  8
0
100
AcDbLine
 10
26.871492697802047
 20
-35.75257419300464
 30
0.0
 11
26.89936138421602
 21
-35.6562039089721
 31
0.0
  0
LINE
  5
AA9
330
17
100
AcDbEntity
  8
0
100
AcDbLine
 10
26.89936138421602
 20
-35.6562039089721
 30
0.0
 11
26.92712706417526
 21
-35.55982725177
 31
0.0
  0
LINE
  5
AAA
330
17
100
AcDbEntity
  8
0
100
AcDbLine
 10
26.92712706417526
 20
-35.55982725177
 30
0.0
 11
26.954790101483432
 21
-35.46344460184364
 31
0.0
  0
LINE
  5
AAB
330
17
100
AcDbEntity
  8
0
100
AcDbLine
 10
26.954790101483432
 20
-35.46344460184364
 30
0.0
 11
26.982350942670443
 21
-35.367056028299125
 31
0.0
  0
LINE
  5
AAC
330
17
100
AcDbEntity
  8
0
100
AcDbLine
 10
26.982350942670443
 20
-35.367056028299125
 30
0.0
 11
27.009810090452845
 21
-35.270661396767515
 31
0.0
  0
LINE
  5
AAD
330
17
100
AcDbEntity
  8
0
100
AcDbLine
 10
27.009810090452845
 20
-35.270661396767515
 30
0.0
 11
27.03716804639233
 21
-35.1742605705439
 31
0.0
  0
LINE
  5
AAE
330
17
100
AcDbEntity
  8
0
100
AcDbLine
 10
27.03716804639233
 20
-35.1742605705439
 30
0.0
 11
27.06442531088124
 21
-35.07785341059761
 31
0.0
  0
LINE
  5
AAF
330
17
100
AcDbEntity
  8
0
100
AcDbLine
 10
27.06442531088124
 20
-35.07785341059761
 30
0.0
 11
27.09158238312792
 21
-34.9814397755829
 31
0.0
  0
LINE
  5
AB0
330
17
100
AcDbEntity
  8
0
100
AcDbLine
 10
27.09158238312792
 20
-34.9814397755829
 30
0.0
 11
27.118639761142276
 21
-34.88501952184899
 31
0.0
  0
LINE
  5
AB1
330
17
100
AcDbEntity
  8
0
100
AcDbLine
 10
27.118639761142276
 20
-34.88501952184899
 30
0.0
 11
27.14559791922769
 21
-34.78859258354353
 31
0.0
  0
LINE
  5
AB2
330
17
100
AcDbEntity
  8
0
100
AcDbLine
 10
27.14559791922769
 20
-34.78859258354353
 30
0.0
 11
27.17245710796334
 21
-34.69215966988455
 31
0.0
  0
LINE
  5
AB3
330
17
100
AcDbEntity
  8
0
100
AcDbLine
 10
27.17245710796334
 20
-34.69215966988455
 30
0.0
 11
27.19921774465604
 21
-34.59572086007337
 31
0.0
  0
LINE
  5
AB4
330
17
100
AcDbEntity
  8
0
100
AcDbLine
 10
27.19921774465604
 20
-34.59572086007337
 30
0.0
 11
27.22588030975691
 21
-34.49927599844782
 31
0.0
  0
LINE
  5
AB5
330
17
100
AcDbEntity
  8
0
100
AcDbLine
 10
27.22588030975691
 20
-34.49927599844782
 30
0.0
 11
27.252445282385246
 21
-34.40282492717188
 31
0.0
  0
LINE
  5
AB6
330
17
100
AcDbEntity
  8
0
100
AcDbLine
 10
27.252445282385246
 20
-34.40282492717188
 30
0.0
 11
27.27891314031467
 21
-34.30636748624556
 31
0.0
  0
LINE
  5
AB7
330
17
100
AcDbEntity
  8
0
100
AcDbLine
 10
27.27891314031467
 20
-34.30636748624556
 30
0.0
 11
27.305284359959145
 21
-34.209903513515115
 31
0.0
  0
LINE
  5
AB8
330
17
100
AcDbEntity
  8
0
100
AcDbLine
 10
27.305284359959145
 20
-34.209903513515115
 30
0.0
 11
27.3315594163589
 21
-34.11343284468286
 31
0.0
  0
LINE
  5
AB9
330
17
100
AcDbEntity
  8
0
100
AcDbLine
 10
27.3315594163589
 20
-34.11343284468286
 30
0.0
 11
27.35773875703822
 21
-34.01695540897177
 31
0.0
  0
LINE
  5
ABA
330
17
100
AcDbEntity
  8
0
100
AcDbLine
 10
27.35773875703822
 20
-34.01695540897177
 30
0.0
 11
27.383822680586384
 21
-33.920471660895714
 31
0.0
  0
LINE
  5
ABB
330
17
100
AcDbEntity
  8
0
100
AcDbLine
 10
27.383822680586384
 20
-33.920471660895714
 30
0.0
 11
27.40981161848118
 21
-33.82398154059156
 31
0.0
  0
LINE
  5
ABC
330
17
100
AcDbEntity
  8
0
100
AcDbLine
 10
27.40981161848118
 20
-33.82398154059156
 30
0.0
 11
27.435706031126898
 21
-33.727484873296504
 31
0.0
  0
LINE
  5
ABD
330
17
100
AcDbEntity
  8
0
100
AcDbLine
 10
27.435706031126898
 20
-33.727484873296504
 30
0.0
 11
27.461506377443797
 21
-33.630981482208
 31
0.0
  0
LINE
  5
ABE
330
17
100
AcDbEntity
  8
0
100
AcDbLine
 10
27.461506377443797
 20
-33.630981482208
 30
0.0
 11
27.487213114854825
 21
-33.534471188493356
 31
0.0
  0
LINE
  5
ABF
330
17
100
AcDbEntity
  8
0
100
AcDbLine
 10
27.487213114854825
 20
-33.534471188493356
 30
0.0
 11
27.512826699271983
 21
-33.43795381129907
 31
0.0
  0
LINE
  5
AC0
330
17
100
AcDbEntity
  8
0
100
AcDbLine
 10
27.512826699271983
 20
-33.43795381129907
 30
0.0
 11
27.53834758508288
 21
-33.34142916776061
 31
0.0
  0
LINE
  5
AC1
330
17
100
AcDbEntity
  8
0
100
AcDbLine
 10
27.53834758508288
 20
-33.34142916776061
 30
0.0
 11
27.563776160886555
 21
-33.24489731478505
 31
0.0
  0
LINE
  5
AC2
330
17
100
AcDbEntity
  8
0
100
AcDbLine
 10
27.563776160886555
 20
-33.24489731478505
 30
0.0
 11
27.58911259682884
 21
-33.14835909827026
 31
0.0
  0
LINE
  5
AC3
330
17
100
AcDbEntity
  8
0
100
AcDbLine
 10
27.58911259682884
 20
-33.14835909827026
 30
0.0
 11
27.614357296729914
 21
-33.051814443838694
 31
0.0
  0
LINE
  5
AC4
330
17
100
AcDbEntity
  8
0
100
AcDbLine
 10
27.614357296729914
 20
-33.051814443838694
 30
0.0
 11
27.639510693619314
 21
-32.95526315744961
 31
0.0
  0
LINE
  5
AC5
330
17
100
AcDbEntity
  8
0
100
AcDbLine
 10
27.639510693619314
 20
-32.95526315744961
 30
0.0
 11
27.664573218871297
 21
-32.85870504318691
 31
0.0
  0
LINE
  5
AC6
330
17
100
AcDbEntity
  8
0
100
AcDbLine
 10
27.664573218871297
 20
-32.85870504318691
 30
0.0
 11
27.68954530219208
 21
-32.76213990326828
 31
0.0
  0
LINE
  5
AC7
330
17
100
AcDbEntity
  8
0
100
AcDbLine
 10
27.68954530219208
 20
-32.76213990326828
 30
0.0
 11
27.71442737160728
 21
-32.66556753805379
 31
0.0
  0
LINE
  5
AC8
330
17
100
AcDbEntity
  8
0
100
AcDbLine
 10
27.71442737160728
 20
-32.66556753805379
 30
0.0
 11
27.739219853449036
 21
-32.568987746054965
 31
0.0
  0
LINE
  5
AC9
330
17
100
AcDbEntity
  8
0
100
AcDbLine
 10
27.739219853449036
 20
-32.568987746054965
 30
0.0
 11
27.763923088083338
 21
-32.47240064976998
 31
0.0
  0
LINE
  5
ACA
330
17
100
AcDbEntity
  8
0
100
AcDbLine
 10
27.763923088083338
 20
-32.47240064976998
 30
0.0
 11
27.788537246143704
 21
-32.37580699119906
 31
0.0
  0
LINE
  5
ACB
330
17
100
AcDbEntity
  8
0
100
AcDbLine
 10
27.788537246143704
 20
-32.37580699119906
 30
0.0
 11
27.813062718869517
 21
-32.27920662095322
 31
0.0
  0
LINE
  5
ACC
330
17
100
AcDbEntity
  8
0
100
AcDbLine
 10
27.813062718869517
 20
-32.27920662095322
 30
0.0
 11
27.837499911160236
 21
-32.182599327234044
 31
0.0
  0
LINE
  5
ACD
330
17
100
AcDbEntity
  8
0
100
AcDbLine
 10
27.837499911160236
 20
-32.182599327234044
 30
0.0
 11
27.86184922610235
 21
-32.085984896520415
 31
0.0
  0
LINE
  5
ACE
330
17
100
AcDbEntity
  8
0
100
AcDbLine
 10
27.86184922610235
 20
-32.085984896520415
 30
0.0
 11
27.886111064957383
 21
-31.989363113576864
 31
0.0
  0
LINE
  5
ACF
330
17
100
AcDbEntity
  8
0
100
AcDbLine
 10
27.886111064957383
 20
-31.989363113576864
 30
0.0
 11
27.91028582715016
 21
-31.892733761461646
 31
0.0
  0
LINE
  5
AD0
330
17
100
AcDbEntity
  8
0
100
AcDbLine
 10
27.91028582715016
 20
-31.892733761461646
 30
0.0
 11
27.934373910256966
 21
-31.796096621534662
 31
0.0
  0
LINE
  5
AD1
330
17
100
AcDbEntity
  8
0
100
AcDbLine
 10
27.934373910256966
 20
-31.796096621534662
 30
0.0
 11
27.958375619419648
 21
-31.699451833310334
 31
0.0
  0
LINE
  5
AD2
330
17
100
AcDbEntity
  8
0
100
AcDbLine
 10
27.958375619419648
 20
-31.699451833310334
 30
0.0
 11
27.98229116032732
 21
-31.60279989505408
 31
0.0
  0
LINE
  5
AD3
330
17
100
AcDbEntity
  8
0
100
AcDbLine
 10
27.98229116032732
 20
-31.60279989505408
 30
0.0
 11
28.006120907934225
 21
-31.50614060087556
 31
0.0
  0
LINE
  5
AD4
330
17
100
AcDbEntity
  8
0
100
AcDbLine
 10
28.006120907934225
 20
-31.50614060087556
 30
0.0
 11
28.029865240281758
 21
-31.409473723007654
 31
0.0
  0
LINE
  5
AD5
330
17
100
AcDbEntity
  8
0
100
AcDbLine
 10
28.029865240281758
 20
-31.409473723007654
 30
0.0
 11
28.053524533460845
 21
-31.312799032090883
 31
0.0
  0
LINE
  5
AD6
330
17
100
AcDbEntity
  8
0
100
AcDbLine
 10
28.053524533460845
 20
-31.312799032090883
 30
0.0
 11
28.077099161600728
 21
-31.216116297180687
 31
0.0
  0
LINE
  5
AD7
330
17
100
AcDbEntity
  8
0
100
AcDbLine
 10
28.077099161600728
 20
-31.216116297180687
 30
0.0
 11
28.100589496857857
 21
-31.119425285755057
 31
0.0
  0
LINE
  5
AD8
330
17
100
AcDbEntity
  8
0
100
AcDbLine
 10
28.100589496857857
 20
-31.119425285755057
 30
0.0
 11
28.123995909404904
 21
-31.022725763721745
 31
0.0
  0
LINE
  5
AD9
330
17
100
AcDbEntity
  8
0
100
AcDbLine
 10
28.123995909404904
 20
-31.022725763721745
 30
0.0
 11
28.1473185853786
 21
-30.926018238373175
 31
0.0
  0
LINE
  5
ADA
330
17
100
AcDbEntity
  8
0
100
AcDbLine
 10
28.1473185853786
 20
-30.926018238373175
 30
0.0
 11
28.170557630484282
 21
-30.829303485111808
 31
0.0
  0
LINE
  5
ADB
330
17
100
AcDbEntity
  8
0
100
AcDbLine
 10
28.170557630484282
 20
-30.829303485111808
 30
0.0
 11
28.193713388213546
 21
-30.73258126726202
 31
0.0
  0
LINE
  5
ADC
330
17
100
AcDbEntity
  8
0
100
AcDbLine
 10
28.193713388213546
 20
-30.73258126726202
 30
0.0
 11
28.216786201404396
 21
-30.63585134074785
 31
0.0
  0
LINE
  5
ADD
330
17
100
AcDbEntity
  8
0
100
AcDbLine
 10
28.216786201404396
 20
-30.63585134074785
 30
0.0
 11
28.23977641079304
 21
-30.539113460062545
 31
0.0
  0
LINE
  5
ADE
330
17
100
AcDbEntity
  8
0
100
AcDbLine
 10
28.23977641079304
 20
-30.539113460062545
 30
0.0
 11
28.26268435500392
 21
-30.442367378274803
 31
0.0
  0
LINE
  5
ADF
330
17
100
AcDbEntity
  8
0
100
AcDbLine
 10
28.26268435500392
 20
-30.442367378274803
 30
0.0
 11
28.285510370539917
 21
-30.345612847035525
 31
0.0
  0
LINE
  5
AE0
330
17
100
AcDbEntity
  8
0
100
AcDbLine
 10
28.285510370539917
 20
-30.345612847035525
 30
0.0
 11
28.30825479168727
 21
-30.248849616946735
 31
0.0
  0
LINE
  5
AE1
330
17
100
AcDbEntity
  8
0
100
AcDbLine
 10
28.30825479168727
 20
-30.248849616946735
 30
0.0
 11
28.33091782937617
 21
-30.152077945316577
 31
0.0
  0
LINE
  5
AE2
330
17
100
AcDbEntity
  8
0
100
AcDbLine
 10
28.33091782937617
 20
-30.152077945316577
 30
0.0
 11
28.353499697548827
 21
-30.05529803478607
 31
0.0
  0
LINE
  5
AE3
330
17
100
AcDbEntity
  8
0
100
AcDbLine
 10
28.353499697548827
 20
-30.05529803478607
 30
0.0
 11
28.37600071358048
 21
-29.958509629319245
 31
0.0
  0
LINE
  5
AE4
330
17
100
AcDbEntity
  8
0
100
AcDbLine
 10
28.37600071358048
 20
-29.958509629319245
 30
0.0
 11
28.398421192643838
 21
-29.861712471549165
 31
0.0
  0
LINE
  5
AE5
330
17
100
AcDbEntity
  8
0
100
AcDbLine
 10
28.398421192643838
 20
-29.861712471549165
 30
0.0
 11
28.420761447700038
 21
-29.76490630278412
 31
0.0
  0
LINE
  5
AE6
330
17
100
AcDbEntity
  8
0
100
AcDbLine
 10
28.420761447700038
 20
-29.76490630278412
 30
0.0
 11
28.443021789489308
 21
-29.66809086301326
 31
0.0
  0
LINE
  5
AE7
330
17
100
AcDbEntity
  8
0
100
AcDbLine
 10
28.443021789489308
 20
-29.66809086301326
 30
0.0
 11
28.46520252652217
 21
-29.571265890912287
 31
0.0
  0
LINE
  5
AE8
330
17
100
AcDbEntity
  8
0
100
AcDbLine
 10
28.46520252652217
 20
-29.571265890912287
 30
0.0
 11
28.487303961485466
 21
-29.474431139539906
 31
0.0
  0
LINE
  5
AE9
330
17
100
AcDbEntity
  8
0
100
AcDbLine
 10
28.487303961485466
 20
-29.474431139539906
 30
0.0
 11
28.5093261582928
 21
-29.377587378024018
 31
0.0
  0
LINE
  5
AEA
330
17
100
AcDbEntity
  8
0
100
AcDbLine
 10
28.5093261582928
 20
-29.377587378024018
 30
0.0
 11
28.53126926047053
 21
-29.280734960725418
 31
0.0
  0
LINE
  5
AEB
330
17
100
AcDbEntity
  8
0
100
AcDbLine
 10
28.53126926047053
 20
-29.280734960725418
 30
0.0
 11
28.553133549241977
 21
-29.18387361759168
 31
0.0
  0
LINE
  5
AEC
330
17
100
AcDbEntity
  8
0
100
AcDbLine
 10
28.553133549241977
 20
-29.18387361759168
 30
0.0
 11
28.57491930350598
 21
-29.087003077379375
 31
0.0
  0
LINE
  5
AED
330
17
100
AcDbEntity
  8
0
100
AcDbLine
 10
28.57491930350598
 20
-29.087003077379375
 30
0.0
 11
28.596626799828826
 21
-28.990123067659006
 31
0.0
  0
LINE
  5
AEE
330
17
100
AcDbEntity
  8
0
100
AcDbLine
 10
28.596626799828826
 20
-28.990123067659006
 30
0.0
 11
28.618256312436422
 21
-28.893233314820336
 31
0.0
  0
LINE
  5
AEF
330
17
100
AcDbEntity
  8
0
100
AcDbLine
 10
28.618256312436422
 20
-28.893233314820336
 30
0.0
 11
28.639808113206428
 21
-28.79633354407719
 31
0.0
  0
LINE
  5
AF0
330
17
100
AcDbEntity
  8
0
100
AcDbLine
 10
28.639808113206428
 20
-28.79633354407719
 30
0.0
 11
28.66128245974962
 21
-28.69942353304813
 31
0.0
  0
LINE
  5
AF1
330
17
100
AcDbEntity
  8
0
100
AcDbLine
 10
28.66128245974962
 20
-28.69942353304813
 30
0.0
 11
28.682679345554043
 21
-28.60250421222559
 31
0.0
  0
LINE
  5
AF2
330
17
100
AcDbEntity
  8
0
100
AcDbLine
 10
28.682679345554043
 20
-28.60250421222559
 30
0.0
 11
28.70399890678162
 21
-28.50557580013708
 31
0.0
  0
LINE
  5
AF3
330
17
100
AcDbEntity
  8
0
100
AcDbLine
 10
28.70399890678162
 20
-28.50557580013708
 30
0.0
 11
28.725241386556718
 21
-28.408638013681312
 31
0.0
  0
LINE
  5
AF4
330
17
100
AcDbEntity
  8
0
100
AcDbLine
 10
28.725241386556718
 20
-28.408638013681312
 30
0.0
 11
28.746407025570782
 21
-28.311690568703263
 31
0.0
  0
LINE
  5
AF5
330
17
100
AcDbEntity
  8
0
100
AcDbLine
 10
28.746407025570782
 20
-28.311690568703263
 30
0.0
 11
28.767496062075608
 21
-28.214733179998426
 31
0.0
  0
LINE
  5
AF6
330
17
100
AcDbEntity
  8
0
100
AcDbLine
 10
28.767496062075608
 20
-28.214733179998426
 30
0.0
 11
28.788508731877073
 21
-28.11776556131708
 31
0.0
  0
LINE
  5
AF7
330
17
100
AcDbEntity
  8
0
100
AcDbLine
 10
28.788508731877073
 20
-28.11776556131708
 30
0.0
 11
28.809445268328318
 21
-28.020787425368773
 31
0.0
  0
LINE
  5
AF8
330
17
100
AcDbEntity
  8
0
100
AcDbLine
 10
28.809445268328318
 20
-28.020787425368773
 30
0.0
 11
28.830305884209565
 21
-27.923798567564987
 31
0.0
  0
LINE
  5
AF9
330
17
100
AcDbEntity
  8
0
100
AcDbLine
 10
28.830305884209565
 20
-27.923798567564987
 30
0.0
 11
28.851090595248046
 21
-27.826799660557253
 31
0.0
  0
LINE
  5
AFA
330
17
100
AcDbEntity
  8
0
100
AcDbLine
 10
28.851090595248046
 20
-27.826799660557253
 30
0.0
 11
28.87179955477989
 21
-27.729790685017637
 31
0.0
  0
LINE
  5
AFB
330
17
100
AcDbEntity
  8
0
100
AcDbLine
 10
28.87179955477989
 20
-27.729790685017637
 30
0.0
 11
28.89243297183006
 21
-27.632771346833245
 31
0.0
  0
LINE
  5
AFC
330
17
100
AcDbEntity
  8
0
100
AcDbLine
 10
28.89243297183006
 20
-27.632771346833245
 30
0.0
 11
28.912991052909007
 21
-27.535741350943812
 31
0.0
  0
LINE
  5
AFD
330
17
100
AcDbEntity
  8
0
100
AcDbLine
 10
28.912991052909007
 20
-27.535741350943812
 30
0.0
 11
28.933474002007237
 21
-27.438700401345407
 31
0.0
  0
LINE
  5
AFE
330
17
100
AcDbEntity
  8
0
100
AcDbLine
 10
28.933474002007237
 20
-27.438700401345407
 30
0.0
 11
28.953882020590015
 21
-27.341648201094237
 31
0.0
  0
LINE
  5
AFF
330
17
100
AcDbEntity
  8
0
100
AcDbLine
 10
28.953882020590015
 20
-27.341648201094237
 30
0.0
 11
28.974215307591727
 21
-27.24458445231055
 31
0.0
  0
LINE
  5
B00
330
17
100
AcDbEntity
  8
0
100
AcDbLine
 10
28.974215307591727
 20
-27.24458445231055
 30
0.0
 11
28.994474031039665
 21
-27.14750899100911
 31
0.0
  0
LINE
  5
B01
330
17
100
AcDbEntity
  8
0
100
AcDbLine
 10
28.994474031039665
 20
-27.14750899100911
 30
0.0
 11
29.014658184056373
 21
-27.050422447356432
 31
0.0
  0
LINE
  5
B02
330
17
100
AcDbEntity
  8
0
100
AcDbLine
 10
29.014658184056373
 20
-27.050422447356432
 30
0.0
 11
29.03476790768061
 21
-26.953324695633878
 31
0.0
  0
LINE
  5
B03
330
17
100
AcDbEntity
  8
0
100
AcDbLine
 10
29.03476790768061
 20
-26.953324695633878
 30
0.0
 11
29.05480337705808
 21
-26.8562154317462
 31
0.0
  0
LINE
  5
B04
330
17
100
AcDbEntity
  8
0
100
AcDbLine
 10
29.05480337705808
 20
-26.8562154317462
 30
0.0
 11
29.074764764753183
 21
-26.759094350748228
 31
0.0
  0
LINE
  5
B05
330
17
100
AcDbEntity
  8
0
100
AcDbLine
 10
29.074764764753183
 20
-26.759094350748228
 30
0.0
 11
29.094652240744495
 21
-26.66196114684854
 31
0.0
  0
LINE
  5
B06
330
17
100
AcDbEntity
  8
0
100
AcDbLine
 10
29.094652240744495
 20
-26.66196114684854
 30
0.0
 11
29.114465972420454
 21
-26.56481551341281
 31
0.0
  0
LINE
  5
B07
330
17
100
AcDbEntity
  8
0
100
AcDbLine
 10
29.114465972420454
 20
-26.56481551341281
 30
0.0
 11
29.134206124575066
 21
-26.467657142967102
 31
0.0
  0
LINE
  5
B08
330
17
100
AcDbEntity
  8
0
100
AcDbLine
 10
29.134206124575066
 20
-26.467657142967102
 30
0.0
 11
29.153872776790536
 21
-26.37048613092834
 31
0.0
  0
LINE
  5
B09
330
17
100
AcDbEntity
  8
0
100
AcDbLine
 10
29.153872776790536
 20
-26.37048613092834
 30
0.0
 11
29.173465706113078
 21
-26.273303981685814
 31
0.0
  0
LINE
  5
B0A
330
17
100
AcDbEntity
  8
0
100
AcDbLine
 10
29.173465706113078
 20
-26.273303981685814
 30
0.0
 11
29.192984998653472
 21
-26.176110600373182
 31
0.0
  0
LINE
  5
B0B
330
17
100
AcDbEntity
  8
0
100
AcDbLine
 10
29.192984998653472
 20
-26.176110600373182
 30
0.0
 11
29.212430782076815
 21
-26.078905671332933
 31
0.0
  0
LINE
  5
B0C
330
17
100
AcDbEntity
  8
0
100
AcDbLine
 10
29.212430782076815
 20
-26.078905671332933
 30
0.0
 11
29.2318031813939
 21
-25.981688878217955
 31
0.0
  0
LINE
  5
B0D
330
17
100
AcDbEntity
  8
0
100
AcDbLine
 10
29.2318031813939
 20
-25.981688878217955
 30
0.0
 11
29.25110231895868
 21
-25.8844599039947
 31
0.0
  0
LINE
  5
B0E
330
17
100
AcDbEntity
  8
0
100
AcDbLine
 10
29.25110231895868
 20
-25.8844599039947
 30
0.0
 11
29.27032831446565
 21
-25.787218430946673
 31
0.0
  0
LINE
  5
B0F
330
17
100
AcDbEntity
  8
0
100
AcDbLine
 10
29.27032831446565
 20
-25.787218430946673
 30
0.0
 11
29.289481284947335
 21
-25.689964140677375
 31
0.0
  0
LINE
  5
B10
330
17
100
AcDbEntity
  8
0
100
AcDbLine
 10
29.289481284947335
 20
-25.689964140677375
 30
0.0
 11
29.308561325299983
 21
-25.59269681201704
 31
0.0
  0
LINE
  5
B11
330
17
100
AcDbEntity
  8
0
100
AcDbLine
 10
29.308561325299983
 20
-25.59269681201704
 30
0.0
 11
29.327568485647852
 21
-25.495416423575186
 31
0.0
  0
LINE
  5
B12
330
17
100
AcDbEntity
  8
0
100
AcDbLine
 10
29.327568485647852
 20
-25.495416423575186
 30
0.0
 11
29.346502866416955
 21
-25.398122674821906
 31
0.0
  0
LINE
  5
B13
330
17
100
AcDbEntity
  8
0
100
AcDbLine
 10
29.346502866416955
 20
-25.398122674821906
 30
0.0
 11
29.365364569401088
 21
-25.300815243852497
 31
0.0
  0
LINE
  5
B14
330
17
100
AcDbEntity
  8
0
100
AcDbLine
 10
29.365364569401088
 20
-25.300815243852497
 30
0.0
 11
29.38415369371471
 21
-25.203493808121227
 31
0.0
  0
LINE
  5
B15
330
17
100
AcDbEntity
  8
0
100
AcDbLine
 10
29.38415369371471
 20
-25.203493808121227
 30
0.0
 11
29.40287033579113
 21
-25.106158044444395
 31
0.0
  0
LINE
  5
B16
330
17
100
AcDbEntity
  8
0
100
AcDbLine
 10
29.40287033579113
 20
-25.106158044444395
 30
0.0
 11
29.421514589380394
 21
-25.008807629003776
 31
0.0
  0
LINE
  5
B17
330
17
100
AcDbEntity
  8
0
100
AcDbLine
 10
29.421514589380394
 20
-25.008807629003776
 30
0.0
 11
29.440086545547302
 21
-24.911442237349615
 31
0.0
  0
LINE
  5
B18
330
17
100
AcDbEntity
  8
0
100
AcDbLine
 10
29.440086545547302
 20
-24.911442237349615
 30
0.0
 11
29.458586155431078
 21
-24.814062254770406
 31
0.0
  0
LINE
  5
B19
330
17
100
AcDbEntity
  8
0
100
AcDbLine
 10
29.458586155431078
 20
-24.814062254770406
 30
0.0
 11
29.477013203146583
 21
-24.71666884584861
 31
0.0
  0
LINE
  5
B1A
330
17
100
AcDbEntity
  8
0
100
AcDbLine
 10
29.477013203146583
 20
-24.71666884584861
 30
0.0
 11
29.49536773810287
 21
-24.619261727308874
 31
0.0
  0
LINE
  5
B1B
330
17
100
AcDbEntity
  8
0
100
AcDbLine
 10
29.49536773810287
 20
-24.619261727308874
 30
0.0
 11
29.513649815999756
 21
-24.52184056783581
 31
0.0
  0
LINE
  5
B1C
330
17
100
AcDbEntity
  8
0
100
AcDbLine
 10
29.513649815999756
 20
-24.52184056783581
 30
0.0
 11
29.531859489820896
 21
-24.4244050356229
 31
0.0
  0
LINE
  5
B1D
330
17
100
AcDbEntity
  8
0
100
AcDbLine
 10
29.531859489820896
 20
-24.4244050356229
 30
0.0
 11
29.549996809833473
 21
-24.32695479837577
 31
0.0
  0
LINE
  5
B1E
330
17
100
AcDbEntity
  8
0
100
AcDbLine
 10
29.549996809833473
 20
-24.32695479837577
 30
0.0
 11
29.568061823587776
 21
-24.229489523315465
 31
0.0
  0
LINE
  5
B1F
330
17
100
AcDbEntity
  8
0
100
AcDbLine
 10
29.568061823587776
 20
-24.229489523315465
 30
0.0
 11
29.58605457591706
 21
-24.132008877182148
 31
0.0
  0
LINE
  5
B20
330
17
100
AcDbEntity
  8
0
100
AcDbLine
 10
29.58605457591706
 20
-24.132008877182148
 30
0.0
 11
29.60397499690273
 21
-24.034513123700414
 31
0.0
  0
LINE
  5
B21
330
17
100
AcDbEntity
  8
0
100
AcDbLine
 10
29.60397499690273
 20
-24.034513123700414
 30
0.0
 11
29.621822955485783
 21
-23.937002784533725
 31
0.0
  0
LINE
  5
B22
330
17
100
AcDbEntity
  8
0
100
AcDbLine
 10
29.621822955485783
 20
-23.937002784533725
 30
0.0
 11
29.63959847116172
 21
-23.83947752884283
 31
0.0
  0
LINE
  5
B23
330
17
100
AcDbEntity
  8
0
100
AcDbLine
 10
29.63959847116172
 20
-23.83947752884283
 30
0.0
 11
29.65730156193387
 21
-23.74193701867781
 31
0.0
  0
LINE
  5
B24
330
17
100
AcDbEntity
  8
0
100
AcDbLine
 10
29.65730156193387
 20
-23.74193701867781
 30
0.0
 11
29.67493224307829
 21
-23.644380915707014
 31
0.0
  0
LINE
  5
B25
330
17
100
AcDbEntity
  8
0
100
AcDbLine
 10
29.67493224307829
 20
-23.644380915707014
 30
0.0
 11
29.69249052714443
 21
-23.54680888122111
 31
0.0
  0
LINE
  5
B26
330
17
100
AcDbEntity
  8
0
100
AcDbLine
 10
29.69249052714443
 20
-23.54680888122111
 30
0.0
 11
29.70997642395607
 21
-23.449220576136554
 31
0.0
  0
LINE
  5
B27
330
17
100
AcDbEntity
  8
0
100
AcDbLine
 10
29.70997642395607
 20
-23.449220576136554
 30
0.0
 11
29.727389940580444
 21
-23.35161566117632
 31
0.0
  0
LINE
  5
B28
330
17
100
AcDbEntity
  8
0
100
AcDbLine
 10
29.727389940580444
 20
-23.35161566117632
 30
0.0
 11
29.74473090570796
 21
-23.25399476269268
 31
0.0
  0
LINE
  5
B29
330
17
100
AcDbEntity
  8
0
100
AcDbLine
 10
29.74473090570796
 20
-23.25399476269268
 30
0.0
 11
29.761999140737323
 21
-23.1563584531305
 31
0.0
  0
LINE
  5
B2A
330
17
100
AcDbEntity
  8
0
100
AcDbLine
 10
29.761999140737323
 20
-23.1563584531305
 30
0.0
 11
29.779194624099915
 21
-23.058706388290386
 31
0.0
  0
LINE
  5
B2B
330
17
100
AcDbEntity
  8
0
100
AcDbLine
 10
29.779194624099915
 20
-23.058706388290386
 30
0.0
 11
29.79631733149887
 21
-22.961038223725474
 31
0.0
  0
LINE
  5
B2C
330
17
100
AcDbEntity
  8
0
100
AcDbLine
 10
29.79631733149887
 20
-22.961038223725474
 30
0.0
 11
29.813367235911137
 21
-22.863353614745687
 31
0.0
  0
LINE
  5
B2D
330
17
100
AcDbEntity
  8
0
100
AcDbLine
 10
29.813367235911137
 20
-22.863353614745687
 30
0.0
 11
29.830344307589527
 21
-22.765652216422367
 31
0.0
  0
LINE
  5
B2E
330
17
100
AcDbEntity
  8
0
100
AcDbLine
 10
29.830344307589527
 20
-22.765652216422367
 30
0.0
 11
29.847248514064944
 21
-22.6679336835926
 31
0.0
  0
LINE
  5
B2F
330
17
100
AcDbEntity
  8
0
100
AcDbLine
 10
29.847248514064944
 20
-22.6679336835926
 30
0.0
 11
29.86407982296781
 21
-22.570197654507453
 31
0.0
  0
LINE
  5
B30
330
17
100
AcDbEntity
  8
0
100
AcDbLine
 10
29.86407982296781
 20
-22.570197654507453
 30
0.0
 11
29.880838426900915
 21
-22.47244247575723
 31
0.0
  0
LINE
  5
B31
330
17
100
AcDbEntity
  8
0
100
AcDbLine
 10
29.880838426900915
 20
-22.47244247575723
 30
0.0
 11
29.897524448207065
 21
-22.37466697809326
 31
0.0
  0
LINE
  5
B32
330
17
100
AcDbEntity
  8
0
100
AcDbLine
 10
29.897524448207065
 20
-22.37466697809326
 30
0.0
 11
29.914137866941502
 21
-22.276870819577464
 31
0.0
  0
LINE
  5
B33
330
17
100
AcDbEntity
  8
0
100
AcDbLine
 10
29.914137866941502
 20
-22.276870819577464
 30
0.0
 11
29.9306786604524
 21
-22.179053657935945
 31
0.0
  0
LINE
  5
B34
330
17
100
AcDbEntity
  8
0
100
AcDbLine
 10
29.9306786604524
 20
-22.179053657935945
 30
0.0
 11
29.94714680338165
 21
-22.08121515056299
 31
0.0
  0
LINE
  5
B35
330
17
100
AcDbEntity
  8
0
100
AcDbLine
 10
29.94714680338165
 20
-22.08121515056299
 30
0.0
 11
29.963542267666078
 21
-21.983354954525282
 31
0.0
  0
LINE
  5
B36
330
17
100
AcDbEntity
  8
0
100
AcDbLine
 10
29.963542267666078
 20
-21.983354954525282
 30
0.0
 11
29.979865022538277
 21
-21.885472726566338
 31
0.0
  0
LINE
  5
B37
330
17
100
AcDbEntity
  8
0
100
AcDbLine
 10
29.979865022538277
 20
-21.885472726566338
 30
0.0
 11
29.996114952236184
 21
-21.787568616947908
 31
0.0
  0
LINE
  5
B38
330
17
100
AcDbEntity
  8
0
100
AcDbLine
 10
29.996114952236184
 20
-21.787568616947908
 30
0.0
 11
30.012289910934264
 21
-21.689654632327894
 31
0.0
  0
LINE
  5
B39
330
17
100
AcDbEntity
  8
0
100
AcDbLine
 10
30.012289910934264
 20
-21.689654632327894
 30
0.0
 11
30.028388788534087
 21
-21.59173575547007
 31
0.0
  0
LINE
  5
B3A
330
17
100
AcDbEntity
  8
0
100
AcDbLine
 10
30.028388788534087
 20
-21.59173575547007
 30
0.0
 11
30.0444113459085
 21
-21.493811607642094
 31
0.0
  0
LINE
  5
B3B
330
17
100
AcDbEntity
  8
0
100
AcDbLine
 10
30.0444113459085
 20
-21.493811607642094
 30
0.0
 11
30.06035734134059
 21
-21.395881810914652
 31
0.0
  0
LINE
  5
B3C
330
17
100
AcDbEntity
  8
0
100
AcDbLine
 10
30.06035734134059
 20
-21.395881810914652
 30
0.0
 11
30.076226530534463
 21
-21.297945988172707
 31
0.0
  0
LINE
  5
B3D
330
17
100
AcDbEntity
  8
0
100
AcDbLine
 10
30.076226530534463
 20
-21.297945988172707
 30
0.0
 11
30.09201866662613
 21
-21.200003763126446
 31
0.0
  0
LINE
  5
B3E
330
17
100
AcDbEntity
  8
0
100
AcDbLine
 10
30.09201866662613
 20
-21.200003763126446
 30
0.0
 11
30.107733500194406
 21
-21.102054760322353
 31
0.0
  0
LINE
  5
B3F
330
17
100
AcDbEntity
  8
0
100
AcDbLine
 10
30.107733500194406
 20
-21.102054760322353
 30
0.0
 11
30.12337136972849
 21
-21.00409493262495
 31
0.0
  0
LINE
  5
B40
330
17
100
AcDbEntity
  8
0
100
AcDbLine
 10
30.12337136972849
 20
-21.00409493262495
 30
0.0
 11
30.138939525728652
 21
-20.90607852641152
 31
0.0
  0
LINE
  5
B41
330
17
100
AcDbEntity
  8
0
100
AcDbLine
 10
30.138939525728652
 20
-20.90607852641152
 30
0.0
 11
30.154440515788167
 21
-20.807991740263816
 31
0.0
  0
LINE
  5
B42
330
17
100
AcDbEntity
  8
0
100
AcDbLine
 10
30.154440515788167
 20
-20.807991740263816
 30
0.0
 11
30.16987475763915
 21
-20.70983431725553
 31
0.0
  0
LINE
  5
B43
330
17
100
AcDbEntity
  8
0
100
AcDbLine
 10
30.16987475763915
 20
-20.70983431725553
 30
0.0
 11
30.185242667066895
 21
-20.611605997756072
 31
0.0
  0
LINE
  5
B44
330
17
100
AcDbEntity
  8
0
100
AcDbLine
 10
30.185242667066895
 20
-20.611605997756072
 30
0.0
 11
30.200544657881856
 21
-20.513306519436846
 31
0.0
  0
LINE
  5
B45
330
17
100
AcDbEntity
  8
0
100
AcDbLine
 10
30.200544657881856
 20
-20.513306519436846
 30
0.0
 11
30.215781141891995
 21
-20.414935617277077
 31
0.0
  0
LINE
  5
B46
330
17
100
AcDbEntity
  8
0
100
AcDbLine
 10
30.215781141891995
 20
-20.414935617277077
 30
0.0
 11
30.230952528874866
 21
-20.316493023569443
 31
0.0
  0
LINE
  5
B47
330
17
100
AcDbEntity
  8
0
100
AcDbLine
 10
30.230952528874866
 20
-20.316493023569443
 30
0.0
 11
30.24605538580856
 21
-20.218003247279906
 31
0.0
  0
LINE
  5
B48
330
17
100
AcDbEntity
  8
0
100
AcDbLine
 10
30.24605538580856
 20
-20.218003247279906
 30
0.0
 11
30.261061084436584
 21
-20.119647180426067
 31
0.0
  0
LINE
  5
B49
330
17
100
AcDbEntity
  8
0
100
AcDbLine
 10
30.261061084436584
 20
-20.119647180426067
 30
0.0
 11
30.275961882766318
 21
-20.02146052177604
 31
0.0
  0
LINE
  5
B4A
330
17
100
AcDbEntity
  8
0
100
AcDbLine
 10
30.275961882766318
 20
-20.02146052177604
 30
0.0
 11
30.290755561458774
 21
-19.92344255576619
 31
0.0
  0
LINE
  5
B4B
330
17
100
AcDbEntity
  8
0
100
AcDbLine
 10
30.290755561458774
 20
-19.92344255576619
 30
0.0
 11
30.305439913452815
 21
-19.825592583288266
 31
0.0
  0
LINE
  5
B4C
330
17
100
AcDbEntity
  8
0
100
AcDbLine
 10
30.305439913452815
 20
-19.825592583288266
 30
0.0
 11
30.320012743986645
 21
-19.727909921980277
 31
0.0
  0
LINE
  5
B4D
330
17
100
AcDbEntity
  8
0
100
AcDbLine
 10
30.320012743986645
 20
-19.727909921980277
 30
0.0
 11
30.334471870619083
 21
-19.630393906510438
 31
0.0
  0
LINE
  5
B4E
330
17
100
AcDbEntity
  8
0
100
AcDbLine
 10
30.334471870619083
 20
-19.630393906510438
 30
0.0
 11
30.348815123250333
 21
-19.533043888853385
 31
0.0
  0
LINE
  5
B4F
330
17
100
AcDbEntity
  8
0
100
AcDbLine
 10
30.348815123250333
 20
-19.533043888853385
 30
0.0
 11
30.36306136063358
 21
-19.43571763958238
 31
0.0
  0
LINE
  5
B50
330
17
100
AcDbEntity
  8
0
100
AcDbLine
 10
30.36306136063358
 20
-19.43571763958238
 30
0.0
 11
30.37731167794245
 21
-19.3377452575159
 31
0.0
  0
LINE
  5
B51
330
17
100
AcDbEntity
  8
0
100
AcDbLine
 10
30.37731167794245
 20
-19.3377452575159
 30
0.0
 11
30.39158590652636
 21
-19.239041392506177
 31
0.0
  0
LINE
  5
B52
330
17
100
AcDbEntity
  8
0
100
AcDbLine
 10
30.39158590652636
 20
-19.239041392506177
 30
0.0
 11
30.405891549528327
 21
-19.13960701279829
 31
0.0
  0
LINE
  5
B53
330
17
100
AcDbEntity
  8
0
100
AcDbLine
 10
30.405891549528327
 20
-19.13960701279829
 30
0.0
 11
30.420236285274157
 21
-19.039443101293816
 31
0.0
  0
LINE
  5
B54
330
17
100
AcDbEntity
  8
0
100
AcDbLine
 10
30.420236285274157
 20
-19.039443101293816
 30
0.0
 11
30.43462796560474
 21
-18.938550658571675
 31
0.0
  0
LINE
  5
B55
330
17
100
AcDbEntity
  8
0
100
AcDbLine
 10
30.43462796560474
 20
-18.938550658571675
 30
0.0
 11
30.44907461410203
 21
-18.836930706099373
 31
0.0
  0
LINE
  5
B56
330
17
100
AcDbEntity
  8
0
100
AcDbLine
 10
30.44907461410203
 20
-18.836930706099373
 30
0.0
 11
30.463584424203717
 21
-18.73458428962927
 31
0.0
  0
LINE
  5
B57
330
17
100
AcDbEntity
  8
0
100
AcDbLine
 10
30.463584424203717
 20
-18.73458428962927
 30
0.0
 11
30.47805683771918
 21
-18.632267162280645
 31
0.0
  0
LINE
  5
B58
330
17
100
AcDbEntity
  8
0
100
AcDbLine
 10
30.47805683771918
 20
-18.632267162280645
 30
0.0
 11
30.49213331031467
 21
-18.532391252221455
 31
0.0
  0
LINE
  5
B59
330
17
100
AcDbEntity
  8
0
100
AcDbLine
 10
30.49213331031467
 20
-18.532391252221455
 30
0.0
 11
30.505758563594476
 21
-18.43513202402048
 31
0.0
  0
LINE
  5
B5A
330
17
100
AcDbEntity
  8
0
100
AcDbLine
 10
30.505758563594476
 20
-18.43513202402048
 30
0.0
 11
30.51890531018909
 21
-18.340484785771697
 31
0.0
  0
LINE
  5
B5B
330
17
100
AcDbEntity
  8
0
100
AcDbLine
 10
30.51890531018909
 20
-18.340484785771697
 30
0.0
 11
30.53154885293496
 21
-18.248445913800776
 31
0.0
  0
LINE
  5
B5C
330
17
100
AcDbEntity
  8
0
100
AcDbLine
 10
30.53154885293496
 20
-18.248445913800776
 30
0.0
 11
30.543667074924286
 21
-18.159012874241228
 31
0.0
  0
LINE
  5
B5D
330
17
100
AcDbEntity
  8
0
100
AcDbLine
 10
30.543667074924286
 20
-18.159012874241228
 30
0.0
 11
30.555240433879547
 21
-18.072184231635347
 31
0.0
  0
LINE
  5
B5E
330
17
100
AcDbEntity
  8
0
100
AcDbLine
 10
30.555240433879547
 20
-18.072184231635347
 30
0.0
 11
30.566251960898384
 21
-17.98795964468263
 31
0.0
  0
LINE
  5
B5F
330
17
100
AcDbEntity
  8
0
100
AcDbLine
 10
30.566251960898384
 20
-17.98795964468263
 30
0.0
 11
30.577182568555195
 21
-17.90253121109987
 31
0.0
  0
LINE
  5
B60
330
17
100
AcDbEntity
  8
0
100
AcDbLine
 10
30.577182568555195
 20
-17.90253121109987
 30
0.0
 11
30.58915291688038
 21
-17.807517207012804
 31
0.0
  0
LINE
  5
B61
330
17
100
AcDbEntity
  8
0
100
AcDbLine
 10
30.58915291688038
 20
-17.807517207012804
 30
0.0
 11
30.60229302757726
 21
-17.702629574828975
 31
0.0
  0
LINE
  5
B62
330
17
100
AcDbEntity
  8
0
100
AcDbLine
 10
30.60229302757726
 20
-17.702629574828975
 30
0.0
 11
30.61673001491775
 21
-17.587891367533494
 31
0.0
  0
LINE
  5
B63
330
17
100
AcDbEntity
  8
0
100
AcDbLine
 10
30.61673001491775
 20
-17.587891367533494
 30
0.0
 11
30.632626228523762
 21
-17.463337603339664
 31
0.0
  0
LINE
  5
B64
330
17
100
AcDbEntity
  8
0
100
AcDbLine
 10
30.632626228523762
 20
-17.463337603339664
 30
0.0
 11
30.650178628280187
 21
-17.329016824055056
 31
0.0
  0
LINE
  5
B65
330
17
100
AcDbEntity
  8
0
100
AcDbLine
 10
30.650178628280187
 20
-17.329016824055056
 30
0.0
 11
30.669617877929824
 21
-17.184993246081014
 31
0.0
  0
LINE
  5
B66
330
17
100
AcDbEntity
  8
0
100
AcDbLine
 10
30.669617877929824
 20
-17.184993246081014
 30
0.0
 11
30.69120710745345
 21
-17.031349460929096
 31
0.0
  0
LINE
  5
B67
330
17
100
AcDbEntity
  8
0
100
AcDbLine
 10
30.69120710745345
 20
-17.031349460929096
 30
0.0
 11
30.713732559712554
 21
-16.877948540218323
 31
0.0
  0
LINE
  5
B68
330
17
100
AcDbEntity
  8
0
100
AcDbLine
 10
30.713732559712554
 20
-16.877948540218323
 30
0.0
 11
30.734787001093487
 21
-16.739464678275148
 31
0.0
  0
LINE
  5
B69
330
17
100
AcDbEntity
  8
0
100
AcDbLine
 10
30.734787001093487
 20
-16.739464678275148
 30
0.0
 11
30.753972699663386
 21
-16.615922645445455
 31
0.0
  0
LINE
  5
B6A
330
17
100
AcDbEntity
  8
0
100
AcDbLine
 10
30.753972699663386
 20
-16.615922645445455
 30
0.0
 11
30.77099700108098
 21
-16.50722984759039
 31
0.0
  0
LINE
  5
B6B
330
17
100
AcDbEntity
  8
0
100
AcDbLine
 10
30.77099700108098
 20
-16.50722984759039
 30
0.0
 11
30.785648762972343
 21
-16.4133295141071
 31
0.0
  0
LINE
  5
B6C
330
17
100
AcDbEntity
  8
0
100
AcDbLine
 10
30.785648762972343
 20
-16.4133295141071
 30
0.0
 11
30.79779696053177
 21
-16.334203215650152
 31
0.0
  0
LINE
  5
B6D
330
17
100
AcDbEntity
  8
0
100
AcDbLine
 10
30.79779696053177
 20
-16.334203215650152
 30
0.0
 11
30.80739030997794
 21
-16.2698711911267
 31
0.0
  0
LINE
  5
B6E
330
17
100
AcDbEntity
  8
0
100
AcDbLine
 10
30.80739030997794
 20
-16.2698711911267
 30
0.0
 11
30.81445791779968
 21
-16.220390520807303
 31
0.0
  0
CIRCLE
  5
B6F
330
17
100
AcDbEntity
  8
0
100
AcDbCircle
 10
-20.00000000000001
 20
-34.64101615137754
 30
0.0
 40
2.75
  0
CIRCLE
  5
B70
330
17
100
AcDbEntity
  8
0
100
AcDbCircle
 10
-10.000000000000002
 20
-17.32050807568877
 30
0.0
 40
16.0
  0
CIRCLE
  5
B71
330
17
100
AcDbEntity
  8
0
100
AcDbCircle
 10
9.999999999999998
 20
-17.32050807568877
 30
0.0
 40
2.75
  0
CIRCLE
  5
B72
330
17
100
AcDbEntity
  8
0
100
AcDbCircle
 10
-20.0
 20
3.552713678800501e-15
 30
0.0
 40
2.75
  0
CIRCLE
  5
B73
330
17
100
AcDbEntity
  8
0
100
AcDbCircle
 10
0.0
 20
0.0
 30
0.0
 40
2.0
  0
ENDSEC
  0
SECTION
  2
OBJECTS
  0
DICTIONARY
  5
A
330
0
100
AcDbDictionary
281
1
  3
ACAD_COLOR
350
B
  3
ACAD_GROUP
350
C
  3
ACAD_LAYOUT
350
D
  3
ACAD_MATERIAL
350
E
  3
ACAD_MLEADERSTYLE
350
F
  3
ACAD_MLINESTYLE
350
10
  3
ACAD_PLOTSETTINGS
350
11
  3
ACAD_PLOTSTYLENAME
350
12
  3
ACAD_SCALELIST
350
14
  3
ACAD_TABLESTYLE
350
15
  3
ACAD_VISUALSTYLE
350
16
  3
EZDXF_META
350
2D
  0
DICTIONARY
  5
B
330
A
100
AcDbDictionary
281
1
  0
DICTIONARY
  5
C
330
A
100
AcDbDictionary
281
1
  0
DICTIONARY
  5
D
330
A
100
AcDbDictionary
281
1
  3
Model
350
1A
  3
Layout1
350
1E
  0
DICTIONARY
  5
E
330
A
100
AcDbDictionary
281
1
  3
ByBlock
350
1F
  3
ByLayer
350
20
  3
Global
350
21
  0
DICTIONARY
  5
F
330
A
100
AcDbDictionary
281
1
  3
Standard
350
2C
  0
DICTIONARY
  5
10
330
A
100
AcDbDictionary
281
1
  3
Standard
350
22
  0
DICTIONARY
  5
11
330
A
100
AcDbDictionary
281
1
  0
ACDBDICTIONARYWDFLT
  5
12
330
A
100
AcDbDictionary
281
1
  3
Normal
350
13
100
AcDbDictionaryWithDefault
340
13
  0
ACDBPLACEHOLDER
  5
13
330
12
  0
DICTIONARY
  5
14
330
A
100
AcDbDictionary
281
1
  0
DICTIONARY
  5
15
330
A
100
AcDbDictionary
281
1
  0
DICTIONARY
  5
16
330
A
100
AcDbDictionary
281
1
  0
LAYOUT
  5
1A
330
D
100
AcDbPlotSettings
  1

  4
A3
  6

 40
7.5
 41
20.0
 42
7.5
 43
20.0
 44
420.0
 45
297.0
 46
0.0
 47
0.0
 48
0.0
 49
0.0
140
0.0
141
0.0
142
1.0
143
1.0
 70
1024
 72
1
 73
0
 74
5
  7

 75
16
 76
0
 77
2
 78
300
147
1.0
148
0.0
149
0.0
100
AcDbLayout
  1
Model
 70
1
 71
0
 10
0.0
 20
0.0
 11
420.0
 21
297.0
 12
0.0
 22
0.0
 32
0.0
 14
1e+20
 24
1e+20
 34
1e+20
 15
-1e+20
 25
-1e+20
 35
-1e+20
146
0.0
 13
0.0
 23
0.0
 33
0.0
 16
1.0
 26
0.0
 36
0.0
 17
0.0
 27
1.0
 37
0.0
 76
1
330
17
  0
LAYOUT
  5
1E
330
D
100
AcDbPlotSettings
  1

  4
A3
  6

 40
7.5
 41
20.0
 42
7.5
 43
20.0
 44
420.0
 45
297.0
 46
0.0
 47
0.0
 48
0.0
 49
0.0
140
0.0
141
0.0
142
1.0
143
1.0
 70
0
 72
1
 73
0
 74
5
  7

 75
16
 76
0
 77
2
 78
300
147
1.0
148
0.0
149
0.0
100
AcDbLayout
  1
Layout1
 70
1
 71
1
 10
0.0
 20
0.0
 11
420.0
 21
297.0
 12
0.0
 22
0.0
 32
0.0
 14
1e+20
 24
1e+20
 34
1e+20
 15
-1e+20
 25
-1e+20
 35
-1e+20
146
0.0
 13
0.0
 23
0.0
 33
0.0
 16
1.0
 26
0.0
 36
0.0
 17
0.0
 27
1.0
 37
0.0
 76
1
330
1B
  0
MATERIAL
  5
1F
102
{ACAD_REACTORS
330
E
102
}
330
E
100
AcDbMaterial
  1
ByBlock
  2

 70
0
 40
1.0
 71
1
 41
1.0
 91
-1023410177
 42
1.0
 72
1
  3

 73
1
 74
1
 75
1
 44
0.5
 73
0
 45
1.0
 46
1.0
 77
1
  4

 78
1
 79
1
170
1
 48
1.0
171
1
  6

172
1
173
1
174
1
140
1.0
141
1.0
175
1
  7

176
1
177
1
178
1
143
1.0
179
1
  8

270
1
271
1
272
1
145
1.0
146
1.0
273
1
  9

274
1
275
1
276
1
 42
1.0
 72
1
  3

 73
1
 74
1
 75
1
 94
63
  0
MATERIAL
  5
20
102
{ACAD_REACTORS
330
E
102
}
330
E
100
AcDbMaterial
  1
ByLayer
  2

 70
0
 40
1.0
 71
1
 41
1.0
 91
-1023410177
 42
1.0
 72
1
  3

 73
1
 74
1
 75
1
 44
0.5
 73
0
 45
1.0
 46
1.0
 77
1
  4

 78
1
 79
1
170
1
 48
1.0
171
1
  6

172
1
173
1
174
1
140
1.0
141
1.0
175
1
  7

176
1
177
1
178
1
143
1.0
179
1
  8

270
1
271
1
272
1
145
1.0
146
1.0
273
1
  9

274
1
275
1
276
1
 42
1.0
 72
1
  3

 73
1
 74
1
 75
1
 94
63
  0
MATERIAL
  5
21
102
{ACAD_REACTORS
330
E
102
}
330
E
100
AcDbMaterial
  1
Global
  2

 70
0
 40
1.0
 71
1
 41
1.0
 91
-1023410177
 42
1.0
 72
1
  3

 73
1
 74
1
 75
1
 44
0.5
 73
0
 45
1.0
 46
1.0
 77
1
  4

 78
1
 79
1
170
1
 48
1.0
171
1
  6

172
1
173
1
174
1
140
1.0
141
1.0
175
1
  7

176
1
177
1
178
1
143
1.0
179
1
  8

270
1
271
1
272
1
145
1.0
146
1.0
273
1
  9

274
1
275
1
276
1
 42
1.0
 72
1
  3

 73
1
 74
1
 75
1
 94
63
  0
MLINESTYLE
  5
22
102
{ACAD_REACTORS
330
10
102
}
330
10
100
AcDbMlineStyle
  2
Standard
 70
0
  3

 62
256
 51
90.0
 52
90.0
 71
2
 49
0.5
 62
256
  6
BYLAYER
 49
-0.5
 62
256
  6
BYLAYER
  0
MLEADERSTYLE
  5
2C
102
{ACAD_REACTORS
330
F
102
}
330
F
100
AcDbMLeaderStyle
179
2
170
2
171
1
172
0
 90
2
 40
0.0
 41
0.0
173
1
 91
-1056964608
 92
-2
290
1
 42
2.0
291
1
 43
8.0
  3
Standard
 44
4.0
300

342
29
174
1
175
1
176
0
178
1
 93
-1056964608
 45
4.0
292
0
297
0
 46
4.0
 94
-1056964608
 47
1.0
 49
1.0
140
1.0
294
1
141
0.0
177
0
142
1.0
295
0
296
0
143
3.75
271
0
272
9
273
9
  0
DICTIONARY
  5
2D
330
A
100
AcDbDictionary
280
1
281
1
  3
CREATED_BY_EZDXF
350
2E
  3
WRITTEN_BY_EZDXF
350
B77
  0
DICTIONARYVAR
  5
2E
330
2D
100
DictionaryVariables
280
0
  1
1.4.2 @ 2000-01-01T00:00:00+00:00
  0
DICTIONARYVAR
  5
B77
330
2D
100
DictionaryVariables
280
0
  1
1.4.2 @ 2000-01-01T00:00:00+00:00
  0
ENDSEC
  0
EOF
